ISO-10303-21;
HEADER;
FILE_DESCRIPTION (( 'STEP AP214' ),
    '1' );
FILE_NAME ('CarriageSupportBracket.STEP',
    '2024-04-22T20:39:52',
    ( '' ),
    ( '' ),
    'SwSTEP 2.0',
    'SolidWorks 2022',
    '' );
FILE_SCHEMA (( 'AUTOMOTIVE_DESIGN' ));
ENDSEC;

DATA;
#1 = ORIENTED_EDGE ( 'NONE', *, *, #508, .F. ) ;
#2 = CARTESIAN_POINT ( 'NONE',  ( 18.23373945817677111, 0.000000000000000000, 8.000000000000007105 ) ) ;
#3 = VERTEX_POINT ( 'NONE', #933 ) ;
#4 = DIRECTION ( 'NONE',  ( 1.000000000000000000, 0.000000000000000000, 0.000000000000000000 ) ) ;
#5 = FACE_BOUND ( 'NONE', #915, .T. ) ;
#6 = ORIENTED_EDGE ( 'NONE', *, *, #1398, .T. ) ;
#7 = DIRECTION ( 'NONE',  ( 0.000000000000000000, 0.000000000000000000, 1.000000000000000000 ) ) ;
#8 = VECTOR ( 'NONE', #1409, 1000.000000000000000 ) ;
#9 = ORIENTED_EDGE ( 'NONE', *, *, #707, .T. ) ;
#10 = DIRECTION ( 'NONE',  ( 1.000000000000000000, 0.000000000000000000, 0.000000000000000000 ) ) ;
#11 = ORIENTED_EDGE ( 'NONE', *, *, #150, .T. ) ;
#12 = VECTOR ( 'NONE', #1191, 1000.000000000000000 ) ;
#13 = EDGE_CURVE ( 'NONE', #602, #1321, #1470, .T. ) ;
#14 = DIRECTION ( 'NONE',  ( 1.000000000000000000, 0.000000000000000000, 0.000000000000000000 ) ) ;
#15 = DIRECTION ( 'NONE',  ( -0.000000000000000000, 0.000000000000000000, -1.000000000000000000 ) ) ;
#16 = CIRCLE ( 'NONE', #1394, 3.700000000000001954 ) ;
#17 = ORIENTED_EDGE ( 'NONE', *, *, #961, .F. ) ;
#18 = LINE ( 'NONE', #612, #690 ) ;
#19 = ORIENTED_EDGE ( 'NONE', *, *, #459, .F. ) ;
#20 = CARTESIAN_POINT ( 'NONE',  ( 12.78373945817676294, 16.74999999999998579, 10.00000000000000888 ) ) ;
#21 = LINE ( 'NONE', #1309, #1521 ) ;
#22 = DIRECTION ( 'NONE',  ( -1.191794754487883104E-16, -1.000000000000000000, 0.000000000000000000 ) ) ;
#23 = EDGE_CURVE ( 'NONE', #1107, #264, #1427, .T. ) ;
#24 = DIRECTION ( 'NONE',  ( 1.000000000000000000, 0.000000000000000000, 0.000000000000000000 ) ) ;
#25 = CARTESIAN_POINT ( 'NONE',  ( 29.81747891635355785, -29.78373945817680379, 8.000000000000007105 ) ) ;
#26 = VERTEX_POINT ( 'NONE', #463 ) ;
#27 = SURFACE_STYLE_USAGE ( .BOTH. , #1087 ) ;
#28 = LINE ( 'NONE', #509, #606 ) ;
#29 = CARTESIAN_POINT ( 'NONE',  ( 20.78373945817676827, 20.00000000000001776, 0.000000000000000000 ) ) ;
#30 = CYLINDRICAL_SURFACE ( 'NONE', #234, 2.550000000000000266 ) ;
#31 = EDGE_CURVE ( 'NONE', #967, #1350, #142, .T. ) ;
#32 = UNCERTAINTY_MEASURE_WITH_UNIT (LENGTH_MEASURE( 1.000000000000000082E-05 ), #862, 'distance_accuracy_value', 'NONE');
#33 = VECTOR ( 'NONE', #1440, 1000.000000000000000 ) ;
#34 = PRESENTATION_STYLE_ASSIGNMENT (( #27 ) ) ;
#35 = ORIENTED_EDGE ( 'NONE', *, *, #980, .F. ) ;
#36 = AXIS2_PLACEMENT_3D ( 'NONE', #1206, #714, #1077 ) ;
#37 = PLANE ( 'NONE',  #1425 ) ;
#38 = VECTOR ( 'NONE', #1357, 1000.000000000000000 ) ;
#39 = DIRECTION ( 'NONE',  ( 1.000000000000000000, 0.000000000000000000, 0.000000000000000000 ) ) ;
#40 = CARTESIAN_POINT ( 'NONE',  ( 23.33373945817676898, -20.00000000000001776, 0.000000000000000000 ) ) ;
#41 = AXIS2_PLACEMENT_3D ( 'NONE', #354, #722, #1205 ) ;
#42 = EDGE_LOOP ( 'NONE', ( #1035, #188 ) ) ;
#43 = FACE_OUTER_BOUND ( 'NONE', #335, .T. ) ;
#44 = AXIS2_PLACEMENT_3D ( 'NONE', #1171, #874, #531 ) ;
#45 = EDGE_CURVE ( 'NONE', #313, #386, #16, .T. ) ;
#46 = DIRECTION ( 'NONE',  ( 0.000000000000000000, -1.000000000000000000, 0.000000000000000000 ) ) ;
#47 = FACE_OUTER_BOUND ( 'NONE', #177, .T. ) ;
#48 = FACE_BOUND ( 'NONE', #1291, .T. ) ;
#49 = EDGE_CURVE ( 'NONE', #1120, #414, #718, .T. ) ;
#50 = ORIENTED_EDGE ( 'NONE', *, *, #425, .F. ) ;
#51 = LINE ( 'NONE', #902, #352 ) ;
#52 = ORIENTED_EDGE ( 'NONE', *, *, #451, .F. ) ;
#53 = CARTESIAN_POINT ( 'NONE',  ( -7.466260541823227292, -32.75000000000000000, 4.000000000000003553 ) ) ;
#54 = SHAPE_DEFINITION_REPRESENTATION ( #953, #171 ) ;
#55 = FACE_OUTER_BOUND ( 'NONE', #209, .T. ) ;
#56 = CARTESIAN_POINT ( 'NONE',  ( 0.000000000000000000, -27.70000000000000284, 4.000000000000003553 ) ) ;
#57 = EDGE_LOOP ( 'NONE', ( #460, #528 ) ) ;
#58 = DIRECTION ( 'NONE',  ( 0.000000000000000000, 0.000000000000000000, -1.000000000000000000 ) ) ;
#59 = ORIENTED_EDGE ( 'NONE', *, *, #396, .F. ) ;
#60 = CARTESIAN_POINT ( 'NONE',  ( 3.283739458176782033, 26.19999999999997442, 8.000000000000007105 ) ) ;
#61 = CARTESIAN_POINT ( 'NONE',  ( -7.466260541823227292, 32.74999999999997158, 0.000000000000000000 ) ) ;
#62 = EDGE_CURVE ( 'NONE', #901, #153, #503, .T. ) ;
#63 = APPLICATION_CONTEXT ( 'automotive_design' ) ;
#64 = EDGE_CURVE ( 'NONE', #1014, #220, #1008, .T. ) ;
#65 = DIRECTION ( 'NONE',  ( -0.000000000000000000, 0.000000000000000000, -1.000000000000000000 ) ) ;
#66 = FACE_BOUND ( 'NONE', #57, .T. ) ;
#67 = ORIENTED_EDGE ( 'NONE', *, *, #320, .F. ) ;
#68 = DIRECTION ( 'NONE',  ( -0.000000000000000000, 0.000000000000000000, -1.000000000000000000 ) ) ;
#69 = AXIS2_PLACEMENT_3D ( 'NONE', #74, #1212, #39 ) ;
#70 = EDGE_LOOP ( 'NONE', ( #380, #373, #1516, #391 ) ) ;
#71 = VECTOR ( 'NONE', #369, 1000.000000000000000 ) ;
#72 = LINE ( 'NONE', #1242, #1300 ) ;
#73 = ADVANCED_FACE ( 'NONE', ( #55 ), #876, .F. ) ;
#74 = CARTESIAN_POINT ( 'NONE',  ( 29.81747891635355785, -29.78373945817680379, 0.000000000000000000 ) ) ;
#75 = LINE ( 'NONE', #277, #608 ) ;
#76 = EDGE_CURVE ( 'NONE', #1047, #327, #1246, .T. ) ;
#77 = VECTOR ( 'NONE', #268, 1000.000000000000000 ) ;
#78 = ORIENTED_EDGE ( 'NONE', *, *, #1426, .F. ) ;
#79 = CARTESIAN_POINT ( 'NONE',  ( 32.78373945817675406, 0.000000000000000000, 8.000000000000007105 ) ) ;
#80 = VERTEX_POINT ( 'NONE', #1109 ) ;
#81 = CARTESIAN_POINT ( 'NONE',  ( 20.78373945817676827, 0.000000000000000000, 8.000000000000007105 ) ) ;
#82 = APPLICATION_PROTOCOL_DEFINITION ( 'draft international standard', 'automotive_design', 1998, #63 ) ;
#83 = FACE_OUTER_BOUND ( 'NONE', #506, .T. ) ;
#84 = ORIENTED_EDGE ( 'NONE', *, *, #652, .T. ) ;
#85 = CARTESIAN_POINT ( 'NONE',  ( -3.216260541823223740, 27.69999999999997442, 4.000000000000003553 ) ) ;
#86 = ADVANCED_FACE ( 'NONE', ( #175 ), #892, .F. ) ;
#87 = VERTEX_POINT ( 'NONE', #1092 ) ;
#88 = CARTESIAN_POINT ( 'NONE',  ( 7.533739458176757608, -16.74999999999998579, 4.000000000000003553 ) ) ;
#89 = VECTOR ( 'NONE', #195, 1000.000000000000000 ) ;
#90 = DIRECTION ( 'NONE',  ( -1.000000000000000000, -1.164879566860808478E-16, 0.000000000000000000 ) ) ;
#91 = EDGE_LOOP ( 'NONE', ( #143, #1190, #1157, #828 ) ) ;
#92 = CIRCLE ( 'NONE', #311, 2.550000000000000266 ) ;
#93 = DIRECTION ( 'NONE',  ( -1.000000000000000000, 0.000000000000000000, 0.000000000000000000 ) ) ;
#94 = EDGE_LOOP ( 'NONE', ( #1467, #1445, #536, #1332 ) ) ;
#95 = DIRECTION ( 'NONE',  ( 1.000000000000000000, 1.164879566860808478E-16, 0.000000000000000000 ) ) ;
#96 = EDGE_CURVE ( 'NONE', #974, #1282, #397, .T. ) ;
#97 = VECTOR ( 'NONE', #15, 1000.000000000000000 ) ;
#98 = CARTESIAN_POINT ( 'NONE',  ( 0.000000000000000000, 0.000000000000000000, 0.000000000000000000 ) ) ;
#99 = DIRECTION ( 'NONE',  ( -0.000000000000000000, 0.000000000000000000, -1.000000000000000000 ) ) ;
#100 = ORIENTED_EDGE ( 'NONE', *, *, #681, .F. ) ;
#101 = DIRECTION ( 'NONE',  ( -1.000000000000000000, -2.339273238500565194E-15, 0.000000000000000000 ) ) ;
#102 = ORIENTED_EDGE ( 'NONE', *, *, #758, .T. ) ;
#103 = CYLINDRICAL_SURFACE ( 'NONE', #767, 3.700000000000001954 ) ;
#104 = ORIENTED_EDGE ( 'NONE', *, *, #1261, .F. ) ;
#105 = DIRECTION ( 'NONE',  ( 1.000000000000000000, -1.191794754487883104E-16, 0.000000000000000000 ) ) ;
#106 = EDGE_CURVE ( 'NONE', #26, #327, #598, .T. ) ;
#107 = CIRCLE ( 'NONE', #965, 1.499999999999996669 ) ;
#108 = DIRECTION ( 'NONE',  ( -1.000000000000000000, 0.000000000000000000, 0.000000000000000000 ) ) ;
#109 = EDGE_CURVE ( 'NONE', #1086, #759, #994, .T. ) ;
#110 = DIRECTION ( 'NONE',  ( -1.000000000000000000, 0.000000000000000000, 0.000000000000000000 ) ) ;
#111 = VECTOR ( 'NONE', #442, 1000.000000000000000 ) ;
#112 = AXIS2_PLACEMENT_3D ( 'NONE', #972, #1446, #1223 ) ;
#113 = ORIENTED_EDGE ( 'NONE', *, *, #1478, .T. ) ;
#114 = DIRECTION ( 'NONE',  ( -1.000000000000000000, 0.000000000000000000, 0.000000000000000000 ) ) ;
#115 = DIRECTION ( 'NONE',  ( 1.000000000000000000, 1.164879566860808478E-16, 0.000000000000000000 ) ) ;
#116 = VECTOR ( 'NONE', #210, 1000.000000000000114 ) ;
#117 = ORIENTED_EDGE ( 'NONE', *, *, #653, .T. ) ;
#118 = CARTESIAN_POINT ( 'NONE',  ( -12.71626054182323173, -16.74999999999998579, 10.00000000000000888 ) ) ;
#119 = ORIENTED_EDGE ( 'NONE', *, *, #905, .T. ) ;
#120 = DIRECTION ( 'NONE',  ( 0.000000000000000000, 0.000000000000000000, 1.000000000000000000 ) ) ;
#121 = PRODUCT_DEFINITION_FORMATION_WITH_SPECIFIED_SOURCE ( 'ANY', '', #868, .NOT_KNOWN. ) ;
#122 = CARTESIAN_POINT ( 'NONE',  ( 29.81747891635355785, 29.78373945817677892, 8.000000000000007105 ) ) ;
#123 = ORIENTED_EDGE ( 'NONE', *, *, #761, .T. ) ;
#124 = CARTESIAN_POINT ( 'NONE',  ( 20.78373945817676827, 20.00000000000001776, 0.000000000000000000 ) ) ;
#125 = EDGE_CURVE ( 'NONE', #602, #645, #510, .T. ) ;
#126 = ORIENTED_EDGE ( 'NONE', *, *, #109, .T. ) ;
#127 = LINE ( 'NONE', #217, #870 ) ;
#128 = AXIS2_PLACEMENT_3D ( 'NONE', #193, #165, #1466 ) ;
#129 = VERTEX_POINT ( 'NONE', #866 ) ;
#130 = DIRECTION ( 'NONE',  ( 0.000000000000000000, 1.000000000000000000, 0.000000000000000000 ) ) ;
#131 = DIRECTION ( 'NONE',  ( -1.191794754487883104E-16, -1.000000000000000000, 0.000000000000000000 ) ) ;
#132 = EDGE_LOOP ( 'NONE', ( #329, #194, #1358, #100 ) ) ;
#133 = CARTESIAN_POINT ( 'NONE',  ( -3.250000000000002665, -26.20000000000000284, 8.000000000000007105 ) ) ;
#134 = AXIS2_PLACEMENT_3D ( 'NONE', #303, #1194, #1448 ) ;
#135 = AXIS2_PLACEMENT_3D ( 'NONE', #574, #693, #228 ) ;
#136 = ORIENTED_EDGE ( 'NONE', *, *, #728, .F. ) ;
#137 = CARTESIAN_POINT ( 'NONE',  ( 32.78373945817675406, 29.78373945817677892, 8.000000000000007105 ) ) ;
#138 = EDGE_LOOP ( 'NONE', ( #1388, #918, #838, #519 ) ) ;
#139 = ADVANCED_FACE ( 'NONE', ( #1344 ), #504, .T. ) ;
#140 = FACE_BOUND ( 'NONE', #682, .T. ) ;
#141 = DIRECTION ( 'NONE',  ( -1.000000000000000000, 1.191794754487883104E-16, 0.000000000000000000 ) ) ;
#142 = CIRCLE ( 'NONE', #1173, 2.550000000000000266 ) ;
#143 = ORIENTED_EDGE ( 'NONE', *, *, #76, .F. ) ;
#144 = DIRECTION ( 'NONE',  ( -1.035655806553318193E-16, -1.000000000000000000, 0.000000000000000000 ) ) ;
#145 = ORIENTED_EDGE ( 'NONE', *, *, #1334, .T. ) ;
#146 = EDGE_CURVE ( 'NONE', #499, #1248, #157, .T. ) ;
#147 = ORIENTED_EDGE ( 'NONE', *, *, #379, .T. ) ;
#148 = VECTOR ( 'NONE', #255, 1000.000000000000000 ) ;
#149 = CARTESIAN_POINT ( 'NONE',  ( 0.000000000000000000, 0.000000000000000000, 4.000000000000003553 ) ) ;
#150 = EDGE_CURVE ( 'NONE', #80, #3, #754, .T. ) ;
#151 = VERTEX_POINT ( 'NONE', #1116 ) ;
#152 = DIRECTION ( 'NONE',  ( -1.000000000000000000, 1.035655806553318193E-16, 0.000000000000000000 ) ) ;
#153 = VERTEX_POINT ( 'NONE', #389 ) ;
#154 = PLANE ( 'NONE',  #112 ) ;
#155 = ORIENTED_EDGE ( 'NONE', *, *, #538, .F. ) ;
#156 = CARTESIAN_POINT ( 'NONE',  ( 20.78373945817676827, 20.00000000000001776, 8.000000000000007105 ) ) ;
#157 = LINE ( 'NONE', #404, #1098 ) ;
#158 = CARTESIAN_POINT ( 'NONE',  ( 3.283739458176782033, 26.19999999999997442, 8.000000000000007105 ) ) ;
#159 = EDGE_CURVE ( 'NONE', #726, #981, #276, .T. ) ;
#160 = EDGE_LOOP ( 'NONE', ( #607, #1434, #943, #126 ) ) ;
#161 = DIRECTION ( 'NONE',  ( -1.000000000000000000, 0.000000000000000000, 0.000000000000000000 ) ) ;
#162 = VERTEX_POINT ( 'NONE', #294 ) ;
#163 = DIRECTION ( 'NONE',  ( 0.000000000000000000, 0.000000000000000000, -1.000000000000000000 ) ) ;
#164 = FACE_OUTER_BOUND ( 'NONE', #1411, .T. ) ;
#165 = DIRECTION ( 'NONE',  ( 0.000000000000000000, 0.000000000000000000, 1.000000000000000000 ) ) ;
#166 = VECTOR ( 'NONE', #486, 1000.000000000000000 ) ;
#167 = ORIENTED_EDGE ( 'NONE', *, *, #700, .T. ) ;
#168 = CARTESIAN_POINT ( 'NONE',  ( 3.250000000000030642, -26.20000000000000284, 8.000000000000007105 ) ) ;
#169 = ADVANCED_FACE ( 'NONE', ( #47 ), #737, .F. ) ;
#170 = VECTOR ( 'NONE', #1462, 1000.000000000000000 ) ;
#171 = ADVANCED_BREP_SHAPE_REPRESENTATION ( 'CarriageSupportBracket', ( #750, #267 ), #1180 ) ;
#172 = EDGE_LOOP ( 'NONE', ( #206, #705, #465, #1330 ) ) ;
#173 = CARTESIAN_POINT ( 'NONE',  ( 20.78373945817676827, -20.00000000000001776, 0.000000000000000000 ) ) ;
#174 = FILL_AREA_STYLE ('',( #1228 ) ) ;
#175 = FACE_OUTER_BOUND ( 'NONE', #132, .T. ) ;
#176 = DIRECTION ( 'NONE',  ( -0.000000000000000000, 0.000000000000000000, -1.000000000000000000 ) ) ;
#177 = EDGE_LOOP ( 'NONE', ( #501, #9, #78, #820 ) ) ;
#178 = CARTESIAN_POINT ( 'NONE',  ( -3.250000000000002665, -26.20000000000000284, 8.000000000000007105 ) ) ;
#179 = ADVANCED_FACE ( 'NONE', ( #164 ), #1001, .F. ) ;
#180 = ORIENTED_EDGE ( 'NONE', *, *, #585, .F. ) ;
#181 = DIRECTION ( 'NONE',  ( 0.7071067811865489050, 0.7071067811865462405, -0.000000000000000000 ) ) ;
#182 = ADVANCED_FACE ( 'NONE', ( #533 ), #1101, .T. ) ;
#183 = CARTESIAN_POINT ( 'NONE',  ( -7.466260541823227292, 32.74999999999997158, 4.000000000000003553 ) ) ;
#184 = CARTESIAN_POINT ( 'NONE',  ( 3.250000000000030642, -26.20000000000000284, 8.000000000000007105 ) ) ;
#185 = CARTESIAN_POINT ( 'NONE',  ( -3.216260541823223740, 27.69999999999997442, 8.000000000000007105 ) ) ;
#186 = EDGE_LOOP ( 'NONE', ( #6, #1404 ) ) ;
#187 = DIRECTION ( 'NONE',  ( 1.000000000000000000, 2.339273238500565194E-15, 0.000000000000000000 ) ) ;
#188 = ORIENTED_EDGE ( 'NONE', *, *, #681, .T. ) ;
#189 = DIRECTION ( 'NONE',  ( -0.000000000000000000, 0.000000000000000000, -1.000000000000000000 ) ) ;
#190 = LINE ( 'NONE', #183, #1449 ) ;
#191 = EDGE_CURVE ( 'NONE', #323, #1120, #1229, .T. ) ;
#192 = DIRECTION ( 'NONE',  ( -0.000000000000000000, 0.000000000000000000, -1.000000000000000000 ) ) ;
#193 = CARTESIAN_POINT ( 'NONE',  ( 20.78373945817676827, 0.000000000000000000, 8.000000000000007105 ) ) ;
#194 = ORIENTED_EDGE ( 'NONE', *, *, #31, .T. ) ;
#195 = DIRECTION ( 'NONE',  ( 1.191794754487883104E-16, 1.000000000000000000, 0.000000000000000000 ) ) ;
#196 = CIRCLE ( 'NONE', #44, 3.700000000000001954 ) ;
#197 = ORIENTED_EDGE ( 'NONE', *, *, #857, .F. ) ;
#198 = AXIS2_PLACEMENT_3D ( 'NONE', #60, #1488, #418 ) ;
#199 = DIRECTION ( 'NONE',  ( -0.000000000000000000, 0.000000000000000000, -1.000000000000000000 ) ) ;
#200 = ADVANCED_FACE ( 'NONE', ( #679 ), #1156, .T. ) ;
#201 = DIRECTION ( 'NONE',  ( 0.000000000000000000, 0.000000000000000000, 1.000000000000000000 ) ) ;
#202 = ORIENTED_EDGE ( 'NONE', *, *, #1154, .T. ) ;
#203 = CARTESIAN_POINT ( 'NONE',  ( 18.23373945817677111, 20.00000000000001776, 0.000000000000000000 ) ) ;
#204 = CARTESIAN_POINT ( 'NONE',  ( 20.78373945817676827, 20.00000000000001776, 8.000000000000007105 ) ) ;
#205 = CARTESIAN_POINT ( 'NONE',  ( -3.216260541823223740, 26.19999999999997442, 8.000000000000007105 ) ) ;
#206 = ORIENTED_EDGE ( 'NONE', *, *, #881, .F. ) ;
#207 = CARTESIAN_POINT ( 'NONE',  ( -20.09626054182323074, 0.000000000000000000, 8.000000000000007105 ) ) ;
#208 = EDGE_CURVE ( 'NONE', #1134, #1248, #774, .T. ) ;
#209 = EDGE_LOOP ( 'NONE', ( #802, #713, #299, #1062 ) ) ;
#210 = DIRECTION ( 'NONE',  ( 0.7071067811865460184, -0.7071067811865489050, 0.000000000000000000 ) ) ;
#211 = CIRCLE ( 'NONE', #1290, 2.550000000000000266 ) ;
#212 = VECTOR ( 'NONE', #683, 1000.000000000000000 ) ;
#213 = EDGE_LOOP ( 'NONE', ( #1113, #729, #1040, #625, #890, #583, #795, #59 ) ) ;
#214 = CIRCLE ( 'NONE', #1249, 3.700000000000001954 ) ;
#215 = CYLINDRICAL_SURFACE ( 'NONE', #1342, 2.550000000000000266 ) ;
#216 = EDGE_LOOP ( 'NONE', ( #408, #928, #830, #1268 ) ) ;
#217 = CARTESIAN_POINT ( 'NONE',  ( -7.466260541823227292, 32.74999999999997158, 4.000000000000003553 ) ) ;
#218 = VECTOR ( 'NONE', #1450, 1000.000000000000000 ) ;
#219 = FACE_OUTER_BOUND ( 'NONE', #826, .T. ) ;
#220 = VERTEX_POINT ( 'NONE', #1508 ) ;
#221 = FACE_BOUND ( 'NONE', #290, .T. ) ;
#222 = VERTEX_POINT ( 'NONE', #912 ) ;
#223 = CARTESIAN_POINT ( 'NONE',  ( 12.78373945817676294, 16.74999999999998579, 0.000000000000000000 ) ) ;
#224 = EDGE_CURVE ( 'NONE', #567, #1453, #1393, .T. ) ;
#225 = ADVANCED_FACE ( 'NONE', ( #219, #339, #1497, #906 ), #437, .F. ) ;
#226 = CYLINDRICAL_SURFACE ( 'NONE', #359, 1.499999999999996225 ) ;
#227 = ORIENTED_EDGE ( 'NONE', *, *, #769, .T. ) ;
#228 = DIRECTION ( 'NONE',  ( -1.000000000000000000, 0.000000000000000000, 0.000000000000000000 ) ) ;
#229 = EDGE_LOOP ( 'NONE', ( #887, #1356 ) ) ;
#230 = CARTESIAN_POINT ( 'NONE',  ( -12.71626054182323173, 0.000000000000000000, 8.000000000000007105 ) ) ;
#231 = DIRECTION ( 'NONE',  ( 1.000000000000000000, 0.000000000000000000, 0.000000000000000000 ) ) ;
#232 = VERTEX_POINT ( 'NONE', #556 ) ;
#233 = CARTESIAN_POINT ( 'NONE',  ( -27.73313027091156613, 27.73313027091164784, 8.000000000000007105 ) ) ;
#234 = AXIS2_PLACEMENT_3D ( 'NONE', #1084, #951, #271 ) ;
#235 = VECTOR ( 'NONE', #749, 1000.000000000000000 ) ;
#236 = EDGE_LOOP ( 'NONE', ( #104, #935, #363, #724 ) ) ;
#237 = LINE ( 'NONE', #584, #656 ) ;
#238 = VECTOR ( 'NONE', #1237, 1000.000000000000000 ) ;
#239 = CARTESIAN_POINT ( 'NONE',  ( 12.78373945817676294, 16.74999999999998579, 8.000000000000007105 ) ) ;
#240 = CIRCLE ( 'NONE', #976, 3.700000000000001954 ) ;
#241 = ADVANCED_FACE ( 'NONE', ( #326 ), #1162, .F. ) ;
#242 = ORIENTED_EDGE ( 'NONE', *, *, #1003, .T. ) ;
#243 = DIRECTION ( 'NONE',  ( -0.000000000000000000, 0.000000000000000000, -1.000000000000000000 ) ) ;
#244 = ORIENTED_EDGE ( 'NONE', *, *, #1039, .F. ) ;
#245 = CARTESIAN_POINT ( 'NONE',  ( -22.71626054182324239, -32.75000000000000000, 0.000000000000000000 ) ) ;
#246 = STYLED_ITEM ( 'NONE', ( #753 ), #171 ) ;
#247 = DIRECTION ( 'NONE',  ( -1.000000000000000000, 0.000000000000000000, 0.000000000000000000 ) ) ;
#248 = LINE ( 'NONE', #462, #454 ) ;
#249 = CARTESIAN_POINT ( 'NONE',  ( -3.216260541823223740, 26.19999999999997442, 8.000000000000007105 ) ) ;
#250 = DIRECTION ( 'NONE',  ( -1.000000000000000000, 0.000000000000000000, 0.000000000000000000 ) ) ;
#251 = ORIENTED_EDGE ( 'NONE', *, *, #809, .T. ) ;
#252 = LINE ( 'NONE', #392, #872 ) ;
#253 = ADVANCED_FACE ( 'NONE', ( #667 ), #1387, .F. ) ;
#254 = ORIENTED_EDGE ( 'NONE', *, *, #298, .T. ) ;
#255 = DIRECTION ( 'NONE',  ( 1.035655806553318193E-16, 1.000000000000000000, 0.000000000000000000 ) ) ;
#256 = CARTESIAN_POINT ( 'NONE',  ( 0.000000000000000000, 32.74999999999997158, 0.000000000000000000 ) ) ;
#257 = EDGE_CURVE ( 'NONE', #232, #559, #1262, .T. ) ;
#258 = ORIENTED_EDGE ( 'NONE', *, *, #1495, .T. ) ;
#259 = CARTESIAN_POINT ( 'NONE',  ( -32.71626054182322463, 22.74999999999999289, 8.000000000000007105 ) ) ;
#260 = ORIENTED_EDGE ( 'NONE', *, *, #1447, .F. ) ;
#261 = CARTESIAN_POINT ( 'NONE',  ( 23.33373945817676898, 3.122849337825748940E-16, 8.000000000000007105 ) ) ;
#262 = DIRECTION ( 'NONE',  ( 1.000000000000000000, 0.000000000000000000, 0.000000000000000000 ) ) ;
#263 = FACE_OUTER_BOUND ( 'NONE', #70, .T. ) ;
#264 = VERTEX_POINT ( 'NONE', #1514 ) ;
#265 = DIRECTION ( 'NONE',  ( -0.000000000000000000, 0.000000000000000000, -1.000000000000000000 ) ) ;
#266 = ADVANCED_FACE ( 'NONE', ( #925 ), #226, .F. ) ;
#267 = AXIS2_PLACEMENT_3D ( 'NONE', #1132, #1360, #781 ) ;
#268 = DIRECTION ( 'NONE',  ( 0.000000000000000000, 0.000000000000000000, 1.000000000000000000 ) ) ;
#269 = ADVANCED_FACE ( 'NONE', ( #1401 ), #1255, .F. ) ;
#270 = ORIENTED_EDGE ( 'NONE', *, *, #678, .T. ) ;
#271 = DIRECTION ( 'NONE',  ( -1.000000000000000000, 0.000000000000000000, 0.000000000000000000 ) ) ;
#272 = ORIENTED_EDGE ( 'NONE', *, *, #653, .F. ) ;
#273 = LINE ( 'NONE', #1339, #1346 ) ;
#274 = ORIENTED_EDGE ( 'NONE', *, *, #96, .F. ) ;
#275 = PLANE ( 'NONE',  #438 ) ;
#276 = LINE ( 'NONE', #643, #1376 ) ;
#277 = CARTESIAN_POINT ( 'NONE',  ( -2.775557561562891351E-14, 27.69999999999997442, 4.000000000000003553 ) ) ;
#278 = EDGE_LOOP ( 'NONE', ( #155, #818, #423, #1487, #1374, #471, #456, #614 ) ) ;
#279 = AXIS2_PLACEMENT_3D ( 'NONE', #133, #7, #979 ) ;
#280 = AXIS2_PLACEMENT_3D ( 'NONE', #79, #513, #58 ) ;
#281 = SURFACE_STYLE_FILL_AREA ( #1331 ) ;
#282 = VERTEX_POINT ( 'NONE', #1045 ) ;
#283 = CARTESIAN_POINT ( 'NONE',  ( -16.39626054182322790, 20.00000000000001776, 0.000000000000000000 ) ) ;
#284 = DIRECTION ( 'NONE',  ( 1.000000000000000000, 1.067522139062644163E-15, 0.000000000000000000 ) ) ;
#285 = VECTOR ( 'NONE', #492, 1000.000000000000000 ) ;
#286 = DIRECTION ( 'NONE',  ( 0.7071067811865462405, -0.7071067811865489050, 0.000000000000000000 ) ) ;
#287 = CARTESIAN_POINT ( 'NONE',  ( 7.533739458176757608, 16.74999999999998579, 0.000000000000000000 ) ) ;
#288 = ADVANCED_FACE ( 'NONE', ( #83 ), #1016, .F. ) ;
#289 = AXIS2_PLACEMENT_3D ( 'NONE', #832, #360, #697 ) ;
#290 = EDGE_LOOP ( 'NONE', ( #421, #1060, #1258, #1072, #480 ) ) ;
#291 = CARTESIAN_POINT ( 'NONE',  ( 7.533739458176757608, 32.74999999999997158, 0.000000000000000000 ) ) ;
#292 = ORIENTED_EDGE ( 'NONE', *, *, #1254, .F. ) ;
#293 = LINE ( 'NONE', #752, #1176 ) ;
#294 = CARTESIAN_POINT ( 'NONE',  ( -12.71626054182323173, 16.74999999999998579, 8.000000000000007105 ) ) ;
#295 = DIRECTION ( 'NONE',  ( -0.000000000000000000, 0.000000000000000000, -1.000000000000000000 ) ) ;
#296 = ORIENTED_EDGE ( 'NONE', *, *, #1280, .F. ) ;
#297 = CARTESIAN_POINT ( 'NONE',  ( -20.09626054182323074, 20.00000000000001776, 8.000000000000007105 ) ) ;
#298 = EDGE_CURVE ( 'NONE', #129, #756, #338, .T. ) ;
#299 = ORIENTED_EDGE ( 'NONE', *, *, #1503, .T. ) ;
#300 = CARTESIAN_POINT ( 'NONE',  ( 20.78373945817676827, 0.000000000000000000, 8.000000000000007105 ) ) ;
#301 = DIRECTION ( 'NONE',  ( 1.191794754487883104E-16, 1.000000000000000000, 0.000000000000000000 ) ) ;
#302 = DIRECTION ( 'NONE',  ( 0.000000000000000000, 0.000000000000000000, -1.000000000000000000 ) ) ;
#303 = CARTESIAN_POINT ( 'NONE',  ( -20.09626054182323074, 0.000000000000000000, 8.000000000000007105 ) ) ;
#304 = ORIENTED_EDGE ( 'NONE', *, *, #1154, .F. ) ;
#305 = DIRECTION ( 'NONE',  ( 1.000000000000000000, 0.000000000000000000, 0.000000000000000000 ) ) ;
#306 = VECTOR ( 'NONE', #1175, 1000.000000000000000 ) ;
#307 = ORIENTED_EDGE ( 'NONE', *, *, #1055, .F. ) ;
#308 = CARTESIAN_POINT ( 'NONE',  ( 18.23373945817677111, 0.000000000000000000, 8.000000000000007105 ) ) ;
#309 = CIRCLE ( 'NONE', #1438, 2.550000000000000266 ) ;
#310 = EDGE_CURVE ( 'NONE', #1304, #87, #932, .T. ) ;
#311 = AXIS2_PLACEMENT_3D ( 'NONE', #844, #596, #10 ) ;
#312 = CARTESIAN_POINT ( 'NONE',  ( 20.78373945817676827, -20.00000000000001776, 8.000000000000007105 ) ) ;
#313 = VERTEX_POINT ( 'NONE', #586 ) ;
#314 = DIRECTION ( 'NONE',  ( -1.000000000000000000, 0.000000000000000000, 0.000000000000000000 ) ) ;
#315 = AXIS2_PLACEMENT_3D ( 'NONE', #249, #950, #262 ) ;
#316 = VERTEX_POINT ( 'NONE', #939 ) ;
#317 = VECTOR ( 'NONE', #1121, 1000.000000000000000 ) ;
#318 = CARTESIAN_POINT ( 'NONE',  ( 18.23373945817677111, -20.00000000000001776, 8.000000000000007105 ) ) ;
#319 = SURFACE_STYLE_USAGE ( .BOTH. , #541 ) ;
#320 = EDGE_CURVE ( 'NONE', #882, #1010, #948, .T. ) ;
#321 = EDGE_LOOP ( 'NONE', ( #671, #1143, #893, #17 ) ) ;
#322 = DIRECTION ( 'NONE',  ( -1.000000000000000000, -5.337610695313254343E-16, 0.000000000000000000 ) ) ;
#323 = VERTEX_POINT ( 'NONE', #744 ) ;
#324 = CARTESIAN_POINT ( 'NONE',  ( 23.33373945817676898, 3.122849337825749926E-16, 8.000000000000007105 ) ) ;
#325 = EDGE_CURVE ( 'NONE', #493, #151, #1415, .T. ) ;
#326 = FACE_OUTER_BOUND ( 'NONE', #371, .T. ) ;
#327 = VERTEX_POINT ( 'NONE', #600 ) ;
#328 = DIRECTION ( 'NONE',  ( 0.000000000000000000, 0.000000000000000000, 1.000000000000000000 ) ) ;
#329 = ORIENTED_EDGE ( 'NONE', *, *, #337, .F. ) ;
#330 = CARTESIAN_POINT ( 'NONE',  ( 7.533739458176757608, 32.74999999999997158, 4.000000000000003553 ) ) ;
#331 = CARTESIAN_POINT ( 'NONE',  ( -3.216260541823223740, 26.19999999999997442, 8.000000000000007105 ) ) ;
#332 = ORIENTED_EDGE ( 'NONE', *, *, #1503, .F. ) ;
#333 = DIRECTION ( 'NONE',  ( 0.000000000000000000, 0.000000000000000000, 1.000000000000000000 ) ) ;
#334 = ADVANCED_FACE ( 'NONE', ( #1522 ), #1075, .F. ) ;
#335 = EDGE_LOOP ( 'NONE', ( #1371, #989, #434, #52 ) ) ;
#336 = DIRECTION ( 'NONE',  ( 0.000000000000000000, 0.000000000000000000, -1.000000000000000000 ) ) ;
#337 = EDGE_CURVE ( 'NONE', #967, #1209, #1059, .T. ) ;
#338 = CIRCLE ( 'NONE', #1225, 2.966260541823209529 ) ;
#339 = FACE_BOUND ( 'NONE', #1421, .T. ) ;
#340 = ADVANCED_FACE ( 'NONE', ( #1414, #5, #468, #592 ), #1187, .F. ) ;
#341 = ORIENTED_EDGE ( 'NONE', *, *, #719, .T. ) ;
#342 = DIRECTION ( 'NONE',  ( -0.000000000000000000, 0.000000000000000000, -1.000000000000000000 ) ) ;
#343 = VECTOR ( 'NONE', #485, 1000.000000000000000 ) ;
#344 = ORIENTED_EDGE ( 'NONE', *, *, #125, .F. ) ;
#345 = CARTESIAN_POINT ( 'NONE',  ( -23.79626054182323003, -20.00000000000001776, 8.000000000000007105 ) ) ;
#346 = ADVANCED_FACE ( 'NONE', ( #1407 ), #824, .T. ) ;
#347 = CARTESIAN_POINT ( 'NONE',  ( 0.000000000000000000, -27.70000000000000284, 8.000000000000007105 ) ) ;
#348 = CARTESIAN_POINT ( 'NONE',  ( -20.09626054182323074, 20.00000000000001776, 8.000000000000007105 ) ) ;
#349 = ORIENTED_EDGE ( 'NONE', *, *, #146, .F. ) ;
#350 = DIRECTION ( 'NONE',  ( -1.000000000000000000, -1.067522139062644163E-15, 0.000000000000000000 ) ) ;
#351 = EDGE_CURVE ( 'NONE', #1363, #1209, #1071, .T. ) ;
#352 = VECTOR ( 'NONE', #1240, 1000.000000000000000 ) ;
#353 = CARTESIAN_POINT ( 'NONE',  ( 20.78373945817676827, 0.000000000000000000, 8.000000000000007105 ) ) ;
#354 = CARTESIAN_POINT ( 'NONE',  ( -3.216260541823223740, 26.19999999999997442, 4.000000000000003553 ) ) ;
#355 = CARTESIAN_POINT ( 'NONE',  ( -20.09626054182323074, 0.000000000000000000, 8.000000000000007105 ) ) ;
#356 = CIRCLE ( 'NONE', #1439, 3.700000000000001954 ) ;
#357 = VERTEX_POINT ( 'NONE', #239 ) ;
#358 = CARTESIAN_POINT ( 'NONE',  ( -3.216260541823223740, 26.19999999999997442, 4.000000000000003553 ) ) ;
#359 = AXIS2_PLACEMENT_3D ( 'NONE', #205, #684, #108 ) ;
#360 = DIRECTION ( 'NONE',  ( 0.000000000000000000, 0.000000000000000000, 1.000000000000000000 ) ) ;
#361 = AXIS2_PLACEMENT_3D ( 'NONE', #1480, #1007, #891 ) ;
#362 = ADVANCED_FACE ( 'NONE', ( #579 ), #1303, .F. ) ;
#363 = ORIENTED_EDGE ( 'NONE', *, *, #924, .T. ) ;
#364 = CARTESIAN_POINT ( 'NONE',  ( 32.78373945817675406, -29.78373945817680379, 8.000000000000007105 ) ) ;
#365 = AXIS2_PLACEMENT_3D ( 'NONE', #124, #588, #1061 ) ;
#366 = ORIENTED_EDGE ( 'NONE', *, *, #889, .F. ) ;
#367 = CARTESIAN_POINT ( 'NONE',  ( 7.533739458176757608, -16.74999999999998579, 0.000000000000000000 ) ) ;
#368 = DIRECTION ( 'NONE',  ( 1.000000000000000000, 0.000000000000000000, 0.000000000000000000 ) ) ;
#369 = DIRECTION ( 'NONE',  ( -0.000000000000000000, 0.000000000000000000, -1.000000000000000000 ) ) ;
#370 = FACE_OUTER_BOUND ( 'NONE', #321, .T. ) ;
#371 = EDGE_LOOP ( 'NONE', ( #676, #1067, #971, #292 ) ) ;
#372 = FACE_OUTER_BOUND ( 'NONE', #1163, .T. ) ;
#373 = ORIENTED_EDGE ( 'NONE', *, *, #1286, .T. ) ;
#374 = CARTESIAN_POINT ( 'NONE',  ( 12.78373945817676294, -16.74999999999998579, 0.000000000000000000 ) ) ;
#375 = EDGE_CURVE ( 'NONE', #1419, #220, #248, .T. ) ;
#376 = ORIENTED_EDGE ( 'NONE', *, *, #1185, .T. ) ;
#377 = VECTOR ( 'NONE', #466, 1000.000000000000000 ) ;
#378 = CARTESIAN_POINT ( 'NONE',  ( -3.250000000000002665, -24.69999999999999929, 4.000000000000003553 ) ) ;
#379 = EDGE_CURVE ( 'NONE', #357, #798, #817, .T. ) ;
#380 = ORIENTED_EDGE ( 'NONE', *, *, #889, .T. ) ;
#381 = LINE ( 'NONE', #856, #33 ) ;
#382 = VECTOR ( 'NONE', #554, 1000.000000000000000 ) ;
#383 = DIRECTION ( 'NONE',  ( 0.000000000000000000, 0.000000000000000000, 1.000000000000000000 ) ) ;
#384 = CYLINDRICAL_SURFACE ( 'NONE', #993, 1.500000000000001554 ) ;
#385 = VERTEX_POINT ( 'NONE', #634 ) ;
#386 = VERTEX_POINT ( 'NONE', #283 ) ;
#387 = AXIS2_PLACEMENT_3D ( 'NONE', #156, #848, #957 ) ;
#388 = CARTESIAN_POINT ( 'NONE',  ( -20.09626054182323074, 0.000000000000000000, 0.000000000000000000 ) ) ;
#389 = CARTESIAN_POINT ( 'NONE',  ( 23.33373945817676898, 20.00000000000001776, 0.000000000000000000 ) ) ;
#390 = DIRECTION ( 'NONE',  ( 0.000000000000000000, 0.000000000000000000, 1.000000000000000000 ) ) ;
#391 = ORIENTED_EDGE ( 'NONE', *, *, #467, .T. ) ;
#392 = CARTESIAN_POINT ( 'NONE',  ( 29.81747891635355785, -32.75000000000000000, 8.000000000000007105 ) ) ;
#393 = ORIENTED_EDGE ( 'NONE', *, *, #938, .F. ) ;
#394 = CARTESIAN_POINT ( 'NONE',  ( 29.81747891635355785, -29.78373945817680379, 8.000000000000007105 ) ) ;
#395 = DIRECTION ( 'NONE',  ( 0.000000000000000000, 0.000000000000000000, 1.000000000000000000 ) ) ;
#396 = EDGE_CURVE ( 'NONE', #1311, #514, #1108, .T. ) ;
#397 = LINE ( 'NONE', #763, #745 ) ;
#398 = CARTESIAN_POINT ( 'NONE',  ( -16.39626054182322790, 20.00000000000001776, 8.000000000000007105 ) ) ;
#399 = ORIENTED_EDGE ( 'NONE', *, *, #208, .F. ) ;
#400 = LINE ( 'NONE', #988, #736 ) ;
#401 = ORIENTED_EDGE ( 'NONE', *, *, #23, .T. ) ;
#402 = DIRECTION ( 'NONE',  ( 1.000000000000000000, 0.000000000000000000, 0.000000000000000000 ) ) ;
#403 = CIRCLE ( 'NONE', #621, 1.499999999999995337 ) ;
#404 = CARTESIAN_POINT ( 'NONE',  ( -32.71626054182322463, 0.000000000000000000, 0.000000000000000000 ) ) ;
#405 = DIRECTION ( 'NONE',  ( 1.000000000000000000, 0.000000000000000000, 0.000000000000000000 ) ) ;
#406 = EDGE_CURVE ( 'NONE', #1107, #1442, #1051, .T. ) ;
#407 = AXIS2_PLACEMENT_3D ( 'NONE', #98, #201, #548 ) ;
#408 = ORIENTED_EDGE ( 'NONE', *, *, #495, .F. ) ;
#409 = CARTESIAN_POINT ( 'NONE',  ( -7.466260541823227292, 32.74999999999997158, 0.000000000000000000 ) ) ;
#410 = DIRECTION ( 'NONE',  ( 1.000000000000000000, 0.000000000000000000, 0.000000000000000000 ) ) ;
#411 = SURFACE_STYLE_FILL_AREA ( #174 ) ;
#412 = DIRECTION ( 'NONE',  ( -1.191794754487883104E-16, -1.000000000000000000, 0.000000000000000000 ) ) ;
#413 = DIRECTION ( 'NONE',  ( -1.000000000000000000, -5.337610695313254343E-16, 0.000000000000000000 ) ) ;
#414 = VERTEX_POINT ( 'NONE', #689 ) ;
#415 = CARTESIAN_POINT ( 'NONE',  ( -22.71626054182321397, 32.74999999999997158, 0.000000000000000000 ) ) ;
#416 = EDGE_CURVE ( 'NONE', #385, #785, #196, .T. ) ;
#417 = EDGE_LOOP ( 'NONE', ( #941, #930 ) ) ;
#418 = DIRECTION ( 'NONE',  ( 1.000000000000000000, 0.000000000000000000, 0.000000000000000000 ) ) ;
#419 = DIRECTION ( 'NONE',  ( -0.000000000000000000, 0.000000000000000000, -1.000000000000000000 ) ) ;
#420 = FACE_BOUND ( 'NONE', #715, .T. ) ;
#421 = ORIENTED_EDGE ( 'NONE', *, *, #619, .T. ) ;
#422 = CARTESIAN_POINT ( 'NONE',  ( 8.326672684688674053E-14, -32.74999999999994316, 8.000000000000007105 ) ) ;
#423 = ORIENTED_EDGE ( 'NONE', *, *, #1136, .F. ) ;
#424 = LINE ( 'NONE', #318, #776 ) ;
#425 = EDGE_CURVE ( 'NONE', #1485, #282, #788, .T. ) ;
#426 = CARTESIAN_POINT ( 'NONE',  ( 3.283739458176754056, 27.69999999999997442, 4.000000000000003553 ) ) ;
#427 = AXIS2_PLACEMENT_3D ( 'NONE', #910, #568, #808 ) ;
#428 = VECTOR ( 'NONE', #699, 1000.000000000000000 ) ;
#429 = AXIS2_PLACEMENT_3D ( 'NONE', #297, #544, #314 ) ;
#430 = EDGE_LOOP ( 'NONE', ( #1020, #807, #254, #376 ) ) ;
#431 = FACE_OUTER_BOUND ( 'NONE', #236, .T. ) ;
#432 = VECTOR ( 'NONE', #1274, 1000.000000000000000 ) ;
#433 = EDGE_CURVE ( 'NONE', #559, #759, #1123, .T. ) ;
#434 = ORIENTED_EDGE ( 'NONE', *, *, #487, .F. ) ;
#435 = CARTESIAN_POINT ( 'NONE',  ( -4.749999999999999112, -26.20000000000000284, 4.000000000000003553 ) ) ;
#436 = EDGE_CURVE ( 'NONE', #1159, #726, #578, .T. ) ;
#437 = PLANE ( 'NONE',  #407 ) ;
#438 = AXIS2_PLACEMENT_3D ( 'NONE', #149, #163, #831 ) ;
#439 = EDGE_LOOP ( 'NONE', ( #843, #1196, #349, #640 ) ) ;
#440 = FACE_OUTER_BOUND ( 'NONE', #430, .T. ) ;
#441 = VERTEX_POINT ( 'NONE', #88 ) ;
#442 = DIRECTION ( 'NONE',  ( 1.000000000000000000, 0.000000000000000000, 0.000000000000000000 ) ) ;
#443 = EDGE_CURVE ( 'NONE', #756, #1097, #1375, .T. ) ;
#444 = ORIENTED_EDGE ( 'NONE', *, *, #1270, .T. ) ;
#445 = LINE ( 'NONE', #1517, #306 ) ;
#446 = ORIENTED_EDGE ( 'NONE', *, *, #1382, .F. ) ;
#447 = LINE ( 'NONE', #1392, #212 ) ;
#448 = DIRECTION ( 'NONE',  ( 0.000000000000000000, 0.000000000000000000, -1.000000000000000000 ) ) ;
#449 = ORIENTED_EDGE ( 'NONE', *, *, #436, .T. ) ;
#450 = CARTESIAN_POINT ( 'NONE',  ( -12.71626054182323173, -16.74999999999998579, 8.000000000000007105 ) ) ;
#451 = EDGE_CURVE ( 'NONE', #1207, #593, #72, .T. ) ;
#452 = ORIENTED_EDGE ( 'NONE', *, *, #1210, .F. ) ;
#453 = CARTESIAN_POINT ( 'NONE',  ( 8.326672684688674053E-14, -32.74999999999994316, 8.000000000000007105 ) ) ;
#454 = VECTOR ( 'NONE', #131, 1000.000000000000000 ) ;
#455 = CARTESIAN_POINT ( 'NONE',  ( 12.78373945817676294, -16.74999999999998579, 10.00000000000000888 ) ) ;
#456 = ORIENTED_EDGE ( 'NONE', *, *, #443, .F. ) ;
#457 = LINE ( 'NONE', #233, #1165 ) ;
#458 = AXIS2_PLACEMENT_3D ( 'NONE', #1317, #966, #247 ) ;
#459 = EDGE_CURVE ( 'NONE', #1350, #1363, #424, .T. ) ;
#460 = ORIENTED_EDGE ( 'NONE', *, *, #792, .F. ) ;
#461 = DIRECTION ( 'NONE',  ( 1.000000000000000000, 0.000000000000000000, 0.000000000000000000 ) ) ;
#462 = CARTESIAN_POINT ( 'NONE',  ( 7.533739458176757608, 32.74999999999997158, 0.000000000000000000 ) ) ;
#463 = CARTESIAN_POINT ( 'NONE',  ( 29.81747891635355785, -32.75000000000000000, 0.000000000000000000 ) ) ;
#464 = DIRECTION ( 'NONE',  ( -0.7071067811865489050, -0.7071067811865462405, -0.000000000000000000 ) ) ;
#465 = ORIENTED_EDGE ( 'NONE', *, *, #191, .T. ) ;
#466 = DIRECTION ( 'NONE',  ( 1.000000000000000000, 5.337610695313253357E-16, 0.000000000000000000 ) ) ;
#467 = EDGE_CURVE ( 'NONE', #80, #645, #1377, .T. ) ;
#468 = FACE_BOUND ( 'NONE', #42, .T. ) ;
#469 = ORIENTED_EDGE ( 'NONE', *, *, #1037, .F. ) ;
#470 = CARTESIAN_POINT ( 'NONE',  ( -12.71626054182323173, 16.74999999999998579, 10.00000000000000888 ) ) ;
#471 = ORIENTED_EDGE ( 'NONE', *, *, #1192, .T. ) ;
#472 = DIRECTION ( 'NONE',  ( 0.000000000000000000, 0.000000000000000000, 1.000000000000000000 ) ) ;
#473 = ORIENTED_EDGE ( 'NONE', *, *, #1316, .T. ) ;
#474 = AXIS2_PLACEMENT_3D ( 'NONE', #1473, #286, #302 ) ;
#475 = LINE ( 'NONE', #494, #148 ) ;
#476 = CARTESIAN_POINT ( 'NONE',  ( 7.533739458176757608, 32.74999999999997158, 4.000000000000003553 ) ) ;
#477 = ORIENTED_EDGE ( 'NONE', *, *, #1296, .T. ) ;
#478 = CARTESIAN_POINT ( 'NONE',  ( 29.81747891635355785, -32.75000000000000000, 8.000000000000007105 ) ) ;
#479 = CIRCLE ( 'NONE', #365, 2.550000000000000266 ) ;
#480 = ORIENTED_EDGE ( 'NONE', *, *, #707, .F. ) ;
#481 = FILL_AREA_STYLE_COLOUR ( '', #741 ) ;
#482 = CIRCLE ( 'NONE', #1204, 2.550000000000000266 ) ;
#483 = EDGE_LOOP ( 'NONE', ( #779, #1069, #1251, #19 ) ) ;
#484 = AXIS2_PLACEMENT_3D ( 'NONE', #1345, #176, #518 ) ;
#485 = DIRECTION ( 'NONE',  ( -0.000000000000000000, 0.000000000000000000, -1.000000000000000000 ) ) ;
#486 = DIRECTION ( 'NONE',  ( 1.000000000000000000, 0.000000000000000000, 0.000000000000000000 ) ) ;
#487 = EDGE_CURVE ( 'NONE', #593, #499, #904, .T. ) ;
#488 = ORIENTED_EDGE ( 'NONE', *, *, #310, .F. ) ;
#489 = DIRECTION ( 'NONE',  ( 0.000000000000000000, 0.000000000000000000, 1.000000000000000000 ) ) ;
#490 = EDGE_CURVE ( 'NONE', #1272, #1207, #896, .T. ) ;
#491 = ORIENTED_EDGE ( 'NONE', *, *, #809, .F. ) ;
#492 = DIRECTION ( 'NONE',  ( -0.000000000000000000, 0.000000000000000000, -1.000000000000000000 ) ) ;
#493 = VERTEX_POINT ( 'NONE', #1114 ) ;
#494 = CARTESIAN_POINT ( 'NONE',  ( 12.78373945817676294, 0.000000000000000000, 8.000000000000007105 ) ) ;
#495 = EDGE_CURVE ( 'NONE', #987, #153, #1381, .T. ) ;
#496 = VECTOR ( 'NONE', #791, 1000.000000000000000 ) ;
#497 = ORIENTED_EDGE ( 'NONE', *, *, #1447, .T. ) ;
#498 = LINE ( 'NONE', #594, #428 ) ;
#499 = VERTEX_POINT ( 'NONE', #672 ) ;
#500 = FACE_OUTER_BOUND ( 'NONE', #530, .T. ) ;
#501 = ORIENTED_EDGE ( 'NONE', *, *, #1082, .T. ) ;
#502 = DIRECTION ( 'NONE',  ( 0.000000000000000000, 0.000000000000000000, 1.000000000000000000 ) ) ;
#503 = CIRCLE ( 'NONE', #800, 2.550000000000000266 ) ;
#504 = PLANE ( 'NONE',  #899 ) ;
#505 = FACE_OUTER_BOUND ( 'NONE', #1239, .T. ) ;
#506 = EDGE_LOOP ( 'NONE', ( #685, #497, #119, #814 ) ) ;
#507 = PLANE ( 'NONE',  #1170 ) ;
#508 = EDGE_CURVE ( 'NONE', #1453, #1419, #1471, .T. ) ;
#509 = CARTESIAN_POINT ( 'NONE',  ( 7.533739458176757608, 32.74999999999997158, 4.000000000000003553 ) ) ;
#510 = LINE ( 'NONE', #1335, #238 ) ;
#511 = DIRECTION ( 'NONE',  ( 0.000000000000000000, 0.000000000000000000, 1.000000000000000000 ) ) ;
#512 = ORIENTED_EDGE ( 'NONE', *, *, #1022, .F. ) ;
#513 = DIRECTION ( 'NONE',  ( 1.000000000000000000, 0.000000000000000000, 0.000000000000000000 ) ) ;
#514 = VERTEX_POINT ( 'NONE', #1147 ) ;
#515 = DIRECTION ( 'NONE',  ( -0.000000000000000000, 0.000000000000000000, -1.000000000000000000 ) ) ;
#516 = EDGE_CURVE ( 'NONE', #386, #313, #240, .T. ) ;
#517 = CARTESIAN_POINT ( 'NONE',  ( 32.78373945817675406, 0.000000000000000000, 0.000000000000000000 ) ) ;
#518 = DIRECTION ( 'NONE',  ( -1.000000000000000000, 0.000000000000000000, 0.000000000000000000 ) ) ;
#519 = ORIENTED_EDGE ( 'NONE', *, *, #1074, .F. ) ;
#520 = FACE_OUTER_BOUND ( 'NONE', #91, .T. ) ;
#521 = EDGE_LOOP ( 'NONE', ( #668, #449, #595, #393 ) ) ;
#522 = CARTESIAN_POINT ( 'NONE',  ( 23.33373945817676898, 20.00000000000001776, 8.000000000000007105 ) ) ;
#523 = DIRECTION ( 'NONE',  ( 1.191794754487883104E-16, 1.000000000000000000, 0.000000000000000000 ) ) ;
#524 = EDGE_CURVE ( 'NONE', #1004, #549, #1021, .T. ) ;
#525 = DIRECTION ( 'NONE',  ( -0.000000000000000000, 0.000000000000000000, -1.000000000000000000 ) ) ;
#526 = DIRECTION ( 'NONE',  ( -0.000000000000000000, 0.000000000000000000, -1.000000000000000000 ) ) ;
#527 = VECTOR ( 'NONE', #635, 1000.000000000000000 ) ;
#528 = ORIENTED_EDGE ( 'NONE', *, *, #555, .F. ) ;
#529 = CARTESIAN_POINT ( 'NONE',  ( -12.71626054182323173, 16.74999999999998579, 0.000000000000000000 ) ) ;
#530 = EDGE_LOOP ( 'NONE', ( #1288, #1518, #1263, #1491, #1479, #117, #270, #717 ) ) ;
#531 = DIRECTION ( 'NONE',  ( 1.000000000000000000, 0.000000000000000000, 0.000000000000000000 ) ) ;
#532 =( LENGTH_UNIT ( ) NAMED_UNIT ( * ) SI_UNIT ( .MILLI., .METRE. ) );
#533 = FACE_OUTER_BOUND ( 'NONE', #439, .T. ) ;
#534 = DIRECTION ( 'NONE',  ( -1.000000000000000000, 0.000000000000000000, 0.000000000000000000 ) ) ;
#535 = ADVANCED_FACE ( 'NONE', ( #1015 ), #1252, .F. ) ;
#536 = ORIENTED_EDGE ( 'NONE', *, *, #1192, .F. ) ;
#537 = CARTESIAN_POINT ( 'NONE',  ( 23.33373945817676898, 20.00000000000001776, 8.000000000000007105 ) ) ;
#538 = EDGE_CURVE ( 'NONE', #740, #129, #1494, .T. ) ;
#539 = ORIENTED_EDGE ( 'NONE', *, *, #96, .T. ) ;
#540 = DIRECTION ( 'NONE',  ( -1.000000000000000000, 0.000000000000000000, 0.000000000000000000 ) ) ;
#541 = SURFACE_SIDE_STYLE ('',( #411 ) ) ;
#542 = AXIS2_PLACEMENT_3D ( 'NONE', #859, #1117, #534 ) ;
#543 = CARTESIAN_POINT ( 'NONE',  ( 2.775557561562891351E-14, -24.69999999999999929, 8.000000000000007105 ) ) ;
#544 = DIRECTION ( 'NONE',  ( -0.000000000000000000, 0.000000000000000000, -1.000000000000000000 ) ) ;
#545 = EDGE_LOOP ( 'NONE', ( #341, #123, #998, #1198 ) ) ;
#546 = CARTESIAN_POINT ( 'NONE',  ( 32.78373945817675406, 0.000000000000000000, 8.000000000000007105 ) ) ;
#547 = AXIS2_PLACEMENT_3D ( 'NONE', #168, #664, #1135 ) ;
#548 = DIRECTION ( 'NONE',  ( 1.000000000000000000, 0.000000000000000000, 0.000000000000000000 ) ) ;
#549 = VERTEX_POINT ( 'NONE', #999 ) ;
#550 = CARTESIAN_POINT ( 'NONE',  ( 20.78373945817676827, -20.00000000000001776, 8.000000000000007105 ) ) ;
#551 = AXIS2_PLACEMENT_3D ( 'NONE', #331, #564, #1133 ) ;
#552 = EDGE_LOOP ( 'NONE', ( #1188, #1193 ) ) ;
#553 = VECTOR ( 'NONE', #540, 1000.000000000000000 ) ;
#554 = DIRECTION ( 'NONE',  ( 0.000000000000000000, -1.000000000000000000, 0.000000000000000000 ) ) ;
#555 = EDGE_CURVE ( 'NONE', #987, #222, #1496, .T. ) ;
#556 = CARTESIAN_POINT ( 'NONE',  ( -4.749999999999999112, -26.20000000000000284, 8.000000000000007105 ) ) ;
#557 = VECTOR ( 'NONE', #301, 1000.000000000000000 ) ;
#558 = VECTOR ( 'NONE', #867, 1000.000000000000000 ) ;
#559 = VERTEX_POINT ( 'NONE', #435 ) ;
#560 = DIRECTION ( 'NONE',  ( 0.000000000000000000, 0.000000000000000000, -1.000000000000000000 ) ) ;
#561 = EDGE_LOOP ( 'NONE', ( #1391, #1104 ) ) ;
#562 = PLANE ( 'NONE',  #1293 ) ;
#563 = EDGE_CURVE ( 'NONE', #1248, #974, #293, .T. ) ;
#564 = DIRECTION ( 'NONE',  ( -0.000000000000000000, 0.000000000000000000, -1.000000000000000000 ) ) ;
#565 = ORIENTED_EDGE ( 'NONE', *, *, #1368, .F. ) ;
#566 = DIRECTION ( 'NONE',  ( 0.000000000000000000, 0.000000000000000000, 1.000000000000000000 ) ) ;
#567 = VERTEX_POINT ( 'NONE', #883 ) ;
#568 = DIRECTION ( 'NONE',  ( 0.000000000000000000, 0.000000000000000000, 1.000000000000000000 ) ) ;
#569 = VECTOR ( 'NONE', #1364, 1000.000000000000000 ) ;
#570 = DIRECTION ( 'NONE',  ( -1.000000000000000000, 0.000000000000000000, 0.000000000000000000 ) ) ;
#571 = CIRCLE ( 'NONE', #773, 2.550000000000000266 ) ;
#572 = EDGE_CURVE ( 'NONE', #1485, #1004, #823, .T. ) ;
#573 = ORIENTED_EDGE ( 'NONE', *, *, #1456, .T. ) ;
#574 = CARTESIAN_POINT ( 'NONE',  ( -3.250000000000002665, -26.20000000000000284, 4.000000000000003553 ) ) ;
#575 = ORIENTED_EDGE ( 'NONE', *, *, #1012, .F. ) ;
#576 = LINE ( 'NONE', #230, #1218 ) ;
#577 = VECTOR ( 'NONE', #1378, 1000.000000000000000 ) ;
#578 = CIRCLE ( 'NONE', #1227, 3.700000000000001954 ) ;
#579 = FACE_OUTER_BOUND ( 'NONE', #771, .T. ) ;
#580 = VERTEX_POINT ( 'NONE', #936 ) ;
#581 = CARTESIAN_POINT ( 'NONE',  ( -3.216260541823223740, 26.19999999999997442, 8.000000000000007105 ) ) ;
#582 =( GEOMETRIC_REPRESENTATION_CONTEXT ( 3 ) GLOBAL_UNCERTAINTY_ASSIGNED_CONTEXT ( ( #970 ) ) GLOBAL_UNIT_ASSIGNED_CONTEXT ( ( #532, #884, #642 ) ) REPRESENTATION_CONTEXT ( 'NONE', 'WORKASPACE' ) );
#583 = ORIENTED_EDGE ( 'NONE', *, *, #451, .T. ) ;
#584 = CARTESIAN_POINT ( 'NONE',  ( 12.78373945817676294, 16.74999999999998579, 0.000000000000000000 ) ) ;
#585 = EDGE_CURVE ( 'NONE', #414, #903, #921, .T. ) ;
#586 = CARTESIAN_POINT ( 'NONE',  ( -23.79626054182323003, 20.00000000000001776, 0.000000000000000000 ) ) ;
#587 = ORIENTED_EDGE ( 'NONE', *, *, #1520, .T. ) ;
#588 = DIRECTION ( 'NONE',  ( 0.000000000000000000, 0.000000000000000000, 1.000000000000000000 ) ) ;
#589 = ORIENTED_EDGE ( 'NONE', *, *, #572, .F. ) ;
#590 = CARTESIAN_POINT ( 'NONE',  ( -32.71626054182322463, -22.74999999999993605, 8.000000000000007105 ) ) ;
#591 = AXIS2_PLACEMENT_3D ( 'NONE', #674, #99, #1150 ) ;
#592 = FACE_OUTER_BOUND ( 'NONE', #633, .T. ) ;
#593 = VERTEX_POINT ( 'NONE', #245 ) ;
#594 = CARTESIAN_POINT ( 'NONE',  ( 32.78373945817675406, 29.78373945817677892, 8.000000000000007105 ) ) ;
#595 = ORIENTED_EDGE ( 'NONE', *, *, #159, .T. ) ;
#596 = DIRECTION ( 'NONE',  ( 0.000000000000000000, 0.000000000000000000, 1.000000000000000000 ) ) ;
#597 = EDGE_CURVE ( 'NONE', #1338, #798, #237, .T. ) ;
#598 = CIRCLE ( 'NONE', #69, 2.966260541823209529 ) ;
#599 = LINE ( 'NONE', #590, #77 ) ;
#600 = CARTESIAN_POINT ( 'NONE',  ( 32.78373945817675406, -29.78373945817680379, 0.000000000000000000 ) ) ;
#601 = ADVANCED_FACE ( 'NONE', ( #931 ), #1178, .F. ) ;
#602 = VERTEX_POINT ( 'NONE', #1279 ) ;
#603 = DIRECTION ( 'NONE',  ( -1.191794754487883104E-16, -1.000000000000000000, 0.000000000000000000 ) ) ;
#604 = ORIENTED_EDGE ( 'NONE', *, *, #980, .T. ) ;
#605 = CARTESIAN_POINT ( 'NONE',  ( -20.09626054182323074, 20.00000000000001776, 8.000000000000007105 ) ) ;
#606 = VECTOR ( 'NONE', #984, 1000.000000000000000 ) ;
#607 = ORIENTED_EDGE ( 'NONE', *, *, #619, .F. ) ;
#608 = VECTOR ( 'NONE', #413, 1000.000000000000000 ) ;
#609 = DIRECTION ( 'NONE',  ( 1.000000000000000000, 0.000000000000000000, 0.000000000000000000 ) ) ;
#610 = EDGE_CURVE ( 'NONE', #805, #1338, #1405, .T. ) ;
#611 = CARTESIAN_POINT ( 'NONE',  ( -3.250000000000002665, -27.70000000000000284, 8.000000000000007105 ) ) ;
#612 = CARTESIAN_POINT ( 'NONE',  ( 12.78373945817676294, -16.74999999999998579, 4.000000000000003553 ) ) ;
#613 = UNCERTAINTY_MEASURE_WITH_UNIT (LENGTH_MEASURE( 1.000000000000000082E-05 ), #1000, 'distance_accuracy_value', 'NONE');
#614 = ORIENTED_EDGE ( 'NONE', *, *, #298, .F. ) ;
#615 = CARTESIAN_POINT ( 'NONE',  ( -22.71626054182321397, 32.74999999999997158, 8.000000000000007105 ) ) ;
#616 = DIRECTION ( 'NONE',  ( -0.000000000000000000, 0.000000000000000000, -1.000000000000000000 ) ) ;
#617 = DIRECTION ( 'NONE',  ( -1.000000000000000000, 1.191794754487883104E-16, 0.000000000000000000 ) ) ;
#618 = CARTESIAN_POINT ( 'NONE',  ( 7.533739458176757608, 32.74999999999997158, 4.000000000000003553 ) ) ;
#619 = EDGE_CURVE ( 'NONE', #1166, #759, #1152, .T. ) ;
#620 = ORIENTED_EDGE ( 'NONE', *, *, #1456, .F. ) ;
#621 = AXIS2_PLACEMENT_3D ( 'NONE', #1043, #336, #1160 ) ;
#622 = DIRECTION ( 'NONE',  ( 0.000000000000000000, 0.000000000000000000, 1.000000000000000000 ) ) ;
#623 = CIRCLE ( 'NONE', #1490, 2.966260541823209529 ) ;
#624 = VECTOR ( 'NONE', #187, 1000.000000000000000 ) ;
#625 = ORIENTED_EDGE ( 'NONE', *, *, #783, .F. ) ;
#626 = LINE ( 'NONE', #727, #1337 ) ;
#627 = VECTOR ( 'NONE', #95, 1000.000000000000000 ) ;
#628 = DIRECTION ( 'NONE',  ( -5.337610695313254343E-16, 1.000000000000000000, 0.000000000000000000 ) ) ;
#629 = LINE ( 'NONE', #398, #851 ) ;
#630 = ORIENTED_EDGE ( 'NONE', *, *, #678, .F. ) ;
#631 = CARTESIAN_POINT ( 'NONE',  ( 12.78373945817676294, 16.74999999999998579, 0.000000000000000000 ) ) ;
#632 = EDGE_CURVE ( 'NONE', #981, #1348, #356, .T. ) ;
#633 = EDGE_LOOP ( 'NONE', ( #1222, #1032, #1, #777, #1183, #1006, #1076, #1151, #1241, #1127 ) ) ;
#634 = CARTESIAN_POINT ( 'NONE',  ( -16.39626054182322790, 20.00000000000001776, 8.000000000000007105 ) ) ;
#635 = DIRECTION ( 'NONE',  ( 0.000000000000000000, -1.000000000000000000, 0.000000000000000000 ) ) ;
#636 = CARTESIAN_POINT ( 'NONE',  ( -7.466260541823227292, 32.74999999999997158, 0.000000000000000000 ) ) ;
#637 = EDGE_CURVE ( 'NONE', #323, #80, #1036, .T. ) ;
#638 = EDGE_LOOP ( 'NONE', ( #1224, #1149, #136, #565 ) ) ;
#639 = DIRECTION ( 'NONE',  ( 1.035655806553318193E-16, 1.000000000000000000, 0.000000000000000000 ) ) ;
#640 = ORIENTED_EDGE ( 'NONE', *, *, #1429, .T. ) ;
#641 = DIRECTION ( 'NONE',  ( 1.000000000000000000, 0.000000000000000000, 0.000000000000000000 ) ) ;
#642 =( NAMED_UNIT ( * ) SI_UNIT ( $, .STERADIAN. ) SOLID_ANGLE_UNIT ( ) );
#643 = CARTESIAN_POINT ( 'NONE',  ( -23.79626054182323003, -20.00000000000001776, 8.000000000000007105 ) ) ;
#644 = FACE_OUTER_BOUND ( 'NONE', #278, .T. ) ;
#645 = VERTEX_POINT ( 'NONE', #1412 ) ;
#646 = VECTOR ( 'NONE', #333, 1000.000000000000000 ) ;
#647 = LINE ( 'NONE', #1011, #1094 ) ;
#648 = ORIENTED_EDGE ( 'NONE', *, *, #1201, .T. ) ;
#649 = VECTOR ( 'NONE', #603, 1000.000000000000000 ) ;
#650 = DIRECTION ( 'NONE',  ( -0.000000000000000000, 0.000000000000000000, -1.000000000000000000 ) ) ;
#651 = LINE ( 'NONE', #61, #557 ) ;
#652 = EDGE_CURVE ( 'NONE', #441, #1014, #1273, .T. ) ;
#653 = EDGE_CURVE ( 'NONE', #162, #1493, #702, .T. ) ;
#654 = CARTESIAN_POINT ( 'NONE',  ( -7.466260541823227292, 32.74999999999997158, 4.000000000000003553 ) ) ;
#655 = FACE_BOUND ( 'NONE', #552, .T. ) ;
#656 = VECTOR ( 'NONE', #695, 1000.000000000000000 ) ;
#657 = ORIENTED_EDGE ( 'NONE', *, *, #878, .F. ) ;
#658 = CARTESIAN_POINT ( 'NONE',  ( -23.79626054182323003, -20.00000000000001776, 0.000000000000000000 ) ) ;
#659 = ORIENTED_EDGE ( 'NONE', *, *, #406, .F. ) ;
#660 = DIRECTION ( 'NONE',  ( -1.000000000000000000, 0.000000000000000000, 0.000000000000000000 ) ) ;
#661 = VECTOR ( 'NONE', #526, 1000.000000000000000 ) ;
#662 = PRODUCT_RELATED_PRODUCT_CATEGORY ( 'part', '', ( #868 ) ) ;
#663 = EDGE_LOOP ( 'NONE', ( #1306, #731, #1396, #863 ) ) ;
#664 = DIRECTION ( 'NONE',  ( 0.000000000000000000, 0.000000000000000000, 1.000000000000000000 ) ) ;
#665 = ORIENTED_EDGE ( 'NONE', *, *, #1334, .F. ) ;
#666 = CARTESIAN_POINT ( 'NONE',  ( 12.78373945817676294, -16.74999999999998579, 0.000000000000000000 ) ) ;
#667 = FACE_OUTER_BOUND ( 'NONE', #160, .T. ) ;
#668 = ORIENTED_EDGE ( 'NONE', *, *, #758, .F. ) ;
#669 = DIRECTION ( 'NONE',  ( 1.000000000000000000, 0.000000000000000000, 0.000000000000000000 ) ) ;
#670 = EDGE_CURVE ( 'NONE', #1304, #1282, #127, .T. ) ;
#671 = ORIENTED_EDGE ( 'NONE', *, *, #792, .T. ) ;
#672 = CARTESIAN_POINT ( 'NONE',  ( -32.71626054182322463, -22.74999999999993605, 0.000000000000000000 ) ) ;
#673 = DIRECTION ( 'NONE',  ( -0.000000000000000000, 0.000000000000000000, -1.000000000000000000 ) ) ;
#674 = CARTESIAN_POINT ( 'NONE',  ( 29.81747891635355785, 29.78373945817677892, 8.000000000000007105 ) ) ;
#675 = AXIS2_PLACEMENT_3D ( 'NONE', #1038, #784, #90 ) ;
#676 = ORIENTED_EDGE ( 'NONE', *, *, #13, .T. ) ;
#677 = DIRECTION ( 'NONE',  ( 0.000000000000000000, 0.000000000000000000, -1.000000000000000000 ) ) ;
#678 = EDGE_CURVE ( 'NONE', #1493, #316, #1502, .T. ) ;
#679 = FACE_OUTER_BOUND ( 'NONE', #787, .T. ) ;
#680 = DIRECTION ( 'NONE',  ( 0.000000000000000000, 0.000000000000000000, 1.000000000000000000 ) ) ;
#681 = EDGE_CURVE ( 'NONE', #1209, #1363, #1168, .T. ) ;
#682 = EDGE_LOOP ( 'NONE', ( #473, #180, #1366, #751, #1177 ) ) ;
#683 = DIRECTION ( 'NONE',  ( -0.000000000000000000, 0.000000000000000000, -1.000000000000000000 ) ) ;
#684 = DIRECTION ( 'NONE',  ( -0.000000000000000000, 0.000000000000000000, -1.000000000000000000 ) ) ;
#685 = ORIENTED_EDGE ( 'NONE', *, *, #1203, .F. ) ;
#686 = CARTESIAN_POINT ( 'NONE',  ( 3.250000000000030642, -24.69999999999999929, 8.000000000000007105 ) ) ;
#687 = ORIENTED_EDGE ( 'NONE', *, *, #487, .T. ) ;
#688 = DIRECTION ( 'NONE',  ( -1.035655806553318193E-16, -1.000000000000000000, 0.000000000000000000 ) ) ;
#689 = CARTESIAN_POINT ( 'NONE',  ( -4.716260541823220187, 26.19999999999997442, 4.000000000000003553 ) ) ;
#690 = VECTOR ( 'NONE', #723, 1000.000000000000000 ) ;
#691 = CIRCLE ( 'NONE', #547, 1.499999999999995337 ) ;
#692 = ADVANCED_FACE ( 'NONE', ( #1386 ), #562, .F. ) ;
#693 = DIRECTION ( 'NONE',  ( 0.000000000000000000, 0.000000000000000000, -1.000000000000000000 ) ) ;
#694 = ORIENTED_EDGE ( 'NONE', *, *, #508, .T. ) ;
#695 = DIRECTION ( 'NONE',  ( 1.000000000000000000, 0.000000000000000000, 0.000000000000000000 ) ) ;
#696 = AXIS2_PLACEMENT_3D ( 'NONE', #985, #1457, #746 ) ;
#697 = DIRECTION ( 'NONE',  ( 1.000000000000000000, 0.000000000000000000, 0.000000000000000000 ) ) ;
#698 = VERTEX_POINT ( 'NONE', #916 ) ;
#699 = DIRECTION ( 'NONE',  ( -0.000000000000000000, 0.000000000000000000, -1.000000000000000000 ) ) ;
#700 = EDGE_CURVE ( 'NONE', #129, #1010, #447, .T. ) ;
#701 = ORIENTED_EDGE ( 'NONE', *, *, #857, .T. ) ;
#702 = LINE ( 'NONE', #1184, #770 ) ;
#703 = CARTESIAN_POINT ( 'NONE',  ( 20.78373945817676827, 0.000000000000000000, 0.000000000000000000 ) ) ;
#704 = DIRECTION ( 'NONE',  ( -0.000000000000000000, -0.000000000000000000, -1.000000000000000000 ) ) ;
#705 = ORIENTED_EDGE ( 'NONE', *, *, #1037, .T. ) ;
#706 = DIRECTION ( 'NONE',  ( -0.000000000000000000, 0.000000000000000000, -1.000000000000000000 ) ) ;
#707 = EDGE_CURVE ( 'NONE', #1166, #1042, #403, .T. ) ;
#708 = ORIENTED_EDGE ( 'NONE', *, *, #1145, .F. ) ;
#709 = DIRECTION ( 'NONE',  ( -0.7071067811865490160, -0.7071067811865461294, 0.000000000000000000 ) ) ;
#710 = ORIENTED_EDGE ( 'NONE', *, *, #1022, .T. ) ;
#711 = CARTESIAN_POINT ( 'NONE',  ( -12.71626054182323173, 16.74999999999998579, 0.000000000000000000 ) ) ;
#712 = CARTESIAN_POINT ( 'NONE',  ( -20.09626054182323074, 0.000000000000000000, 0.000000000000000000 ) ) ;
#713 = ORIENTED_EDGE ( 'NONE', *, *, #396, .T. ) ;
#714 = DIRECTION ( 'NONE',  ( -0.000000000000000000, -0.000000000000000000, -1.000000000000000000 ) ) ;
#715 = EDGE_LOOP ( 'NONE', ( #946, #1029 ) ) ;
#716 =( NAMED_UNIT ( * ) SI_UNIT ( $, .STERADIAN. ) SOLID_ANGLE_UNIT ( ) );
#717 = ORIENTED_EDGE ( 'NONE', *, *, #1074, .T. ) ;
#718 = CIRCLE ( 'NONE', #41, 1.499999999999996225 ) ;
#719 = EDGE_CURVE ( 'NONE', #805, #766, #1512, .T. ) ;
#720 = CLOSED_SHELL ( 'NONE', ( #1313, #362, #1161, #825, #1064, #1090, #269, #241, #1124, #139, #266, #169, #1406, #920, #253, #949, #340, #1115, #200, #182, #601, #346, #845, #1221, #1475, #1390, #535, #86, #927, #1347, #225, #179, #837, #739, #810, #1172, #1437, #992, #73, #692, #288, #334, #1395 ) ) ;
#721 = LINE ( 'NONE', #1211, #343 ) ;
#722 = DIRECTION ( 'NONE',  ( 0.000000000000000000, 0.000000000000000000, -1.000000000000000000 ) ) ;
#723 = DIRECTION ( 'NONE',  ( 1.000000000000000000, 0.000000000000000000, 0.000000000000000000 ) ) ;
#724 = ORIENTED_EDGE ( 'NONE', *, *, #516, .F. ) ;
#725 = DIRECTION ( 'NONE',  ( 1.000000000000000000, 0.000000000000000000, 0.000000000000000000 ) ) ;
#726 = VERTEX_POINT ( 'NONE', #345 ) ;
#727 = CARTESIAN_POINT ( 'NONE',  ( 8.326672684688674053E-14, -32.74999999999994316, 0.000000000000000000 ) ) ;
#728 = EDGE_CURVE ( 'NONE', #162, #1118, #576, .T. ) ;
#729 = ORIENTED_EDGE ( 'NONE', *, *, #64, .T. ) ;
#730 = CARTESIAN_POINT ( 'NONE',  ( 8.326672684688674053E-14, -32.74999999999994316, 0.000000000000000000 ) ) ;
#731 = ORIENTED_EDGE ( 'NONE', *, *, #1261, .T. ) ;
#732 = CARTESIAN_POINT ( 'NONE',  ( -20.09626054182323074, -20.00000000000001776, 8.000000000000007105 ) ) ;
#733 = ORIENTED_EDGE ( 'NONE', *, *, #632, .F. ) ;
#734 = PLANE ( 'NONE',  #782 ) ;
#735 = CIRCLE ( 'NONE', #279, 1.499999999999996003 ) ;
#736 = VECTOR ( 'NONE', #68, 1000.000000000000000 ) ;
#737 = CYLINDRICAL_SURFACE ( 'NONE', #1253, 1.499999999999995337 ) ;
#738 = LINE ( 'NONE', #56, #558 ) ;
#739 = ADVANCED_FACE ( 'NONE', ( #1050 ), #1519, .F. ) ;
#740 = VERTEX_POINT ( 'NONE', #615 ) ;
#741 = COLOUR_RGB ( '',1.000000000000000000, 0.9372549019607843146, 0.1372549019607843257 ) ;
#742 = MECHANICAL_DESIGN_GEOMETRIC_PRESENTATION_REPRESENTATION (  '', ( #1271 ), #1441 ) ;
#743 = ORIENTED_EDGE ( 'NONE', *, *, #538, .T. ) ;
#744 = CARTESIAN_POINT ( 'NONE',  ( -3.216260541823223740, 24.69999999999997087, 8.000000000000007105 ) ) ;
#745 = VECTOR ( 'NONE', #1369, 1000.000000000000000 ) ;
#746 = DIRECTION ( 'NONE',  ( 0.000000000000000000, 0.000000000000000000, 1.000000000000000000 ) ) ;
#747 = CARTESIAN_POINT ( 'NONE',  ( -16.39626054182322790, -20.00000000000001776, 0.000000000000000000 ) ) ;
#748 = ORIENTED_EDGE ( 'NONE', *, *, #375, .T. ) ;
#749 = DIRECTION ( 'NONE',  ( -1.035655806553318193E-16, -1.000000000000000000, 0.000000000000000000 ) ) ;
#750 = MANIFOLD_SOLID_BREP ( 'Cut-Extrude2', #720 ) ;
#751 = ORIENTED_EDGE ( 'NONE', *, *, #1270, .F. ) ;
#752 = CARTESIAN_POINT ( 'NONE',  ( -32.71626054182322463, 22.74999999999999289, 0.000000000000000000 ) ) ;
#753 = PRESENTATION_STYLE_ASSIGNMENT (( #319 ) ) ;
#754 = LINE ( 'NONE', #1354, #218 ) ;
#755 = LINE ( 'NONE', #764, #1137 ) ;
#756 = VERTEX_POINT ( 'NONE', #137 ) ;
#757 = DIRECTION ( 'NONE',  ( -1.191794754487883104E-16, -1.000000000000000000, 0.000000000000000000 ) ) ;
#758 = EDGE_CURVE ( 'NONE', #1159, #1348, #1436, .T. ) ;
#759 = VERTEX_POINT ( 'NONE', #378 ) ;
#760 = DIRECTION ( 'NONE',  ( 0.000000000000000000, 0.000000000000000000, 1.000000000000000000 ) ) ;
#761 = EDGE_CURVE ( 'NONE', #766, #1304, #963, .T. ) ;
#762 = LINE ( 'NONE', #1023, #854 ) ;
#763 = CARTESIAN_POINT ( 'NONE',  ( 0.000000000000000000, 32.74999999999997158, 0.000000000000000000 ) ) ;
#764 = CARTESIAN_POINT ( 'NONE',  ( 0.000000000000000000, 24.69999999999997087, 4.000000000000003553 ) ) ;
#765 = VECTOR ( 'NONE', #1504, 1000.000000000000000 ) ;
#766 = VERTEX_POINT ( 'NONE', #1199 ) ;
#767 = AXIS2_PLACEMENT_3D ( 'NONE', #348, #1144, #93 ) ;
#768 = CYLINDRICAL_SURFACE ( 'NONE', #1464, 1.499999999999996225 ) ;
#769 = EDGE_CURVE ( 'NONE', #1014, #1311, #273, .T. ) ;
#770 = VECTOR ( 'NONE', #1285, 1000.000000000000000 ) ;
#771 = EDGE_LOOP ( 'NONE', ( #145, #1399, #491, #1469 ) ) ;
#772 = DIRECTION ( 'NONE',  ( 0.000000000000000000, 0.000000000000000000, -1.000000000000000000 ) ) ;
#773 = AXIS2_PLACEMENT_3D ( 'NONE', #1322, #472, #725 ) ;
#774 = LINE ( 'NONE', #1031, #945 ) ;
#775 = AXIS2_PLACEMENT_3D ( 'NONE', #312, #192, #1125 ) ;
#776 = VECTOR ( 'NONE', #650, 1000.000000000000000 ) ;
#777 = ORIENTED_EDGE ( 'NONE', *, *, #898, .F. ) ;
#778 = LINE ( 'NONE', #1105, #897 ) ;
#779 = ORIENTED_EDGE ( 'NONE', *, *, #1106, .T. ) ;
#780 = CARTESIAN_POINT ( 'NONE',  ( -20.09626054182323074, 20.00000000000001776, 0.000000000000000000 ) ) ;
#781 = DIRECTION ( 'NONE',  ( 1.000000000000000000, 0.000000000000000000, 0.000000000000000000 ) ) ;
#782 = AXIS2_PLACEMENT_3D ( 'NONE', #1100, #130, #947 ) ;
#783 = EDGE_CURVE ( 'NONE', #1129, #26, #252, .T. ) ;
#784 = DIRECTION ( 'NONE',  ( -1.164879566860808478E-16, 1.000000000000000000, 0.000000000000000000 ) ) ;
#785 = VERTEX_POINT ( 'NONE', #1307 ) ;
#786 = CYLINDRICAL_SURFACE ( 'NONE', #429, 3.700000000000001954 ) ;
#787 = EDGE_LOOP ( 'NONE', ( #260, #488, #1146, #274, #710, #743, #167, #67 ) ) ;
#788 = LINE ( 'NONE', #324, #170 ) ;
#789 = DIRECTION ( 'NONE',  ( -1.067522139062644163E-15, 1.000000000000000000, 0.000000000000000000 ) ) ;
#790 = EDGE_LOOP ( 'NONE', ( #657, #659, #708, #296, #258 ) ) ;
#791 = DIRECTION ( 'NONE',  ( -0.000000000000000000, 0.000000000000000000, -1.000000000000000000 ) ) ;
#792 = EDGE_CURVE ( 'NONE', #222, #987, #92, .T. ) ;
#793 = VECTOR ( 'NONE', #1189, 1000.000000000000000 ) ;
#794 = CIRCLE ( 'NONE', #135, 1.499999999999996225 ) ;
#795 = ORIENTED_EDGE ( 'NONE', *, *, #1142, .T. ) ;
#796 = DIRECTION ( 'NONE',  ( -2.339273238500565194E-15, 1.000000000000000000, 0.000000000000000000 ) ) ;
#797 = DIRECTION ( 'NONE',  ( -1.000000000000000000, -1.067522139062644163E-15, 0.000000000000000000 ) ) ;
#798 = VERTEX_POINT ( 'NONE', #1208 ) ;
#799 = LINE ( 'NONE', #1277, #765 ) ;
#800 = AXIS2_PLACEMENT_3D ( 'NONE', #29, #383, #849 ) ;
#801 = EDGE_CURVE ( 'NONE', #785, #385, #214, .T. ) ;
#802 = ORIENTED_EDGE ( 'NONE', *, *, #1520, .F. ) ;
#803 = DIRECTION ( 'NONE',  ( -1.191794754487883104E-16, -1.000000000000000000, 0.000000000000000000 ) ) ;
#804 = CARTESIAN_POINT ( 'NONE',  ( -4.749999999999999112, -26.20000000000000284, 8.000000000000007105 ) ) ;
#805 = VERTEX_POINT ( 'NONE', #1096 ) ;
#806 = DIRECTION ( 'NONE',  ( -1.000000000000000000, 0.000000000000000000, 0.000000000000000000 ) ) ;
#807 = ORIENTED_EDGE ( 'NONE', *, *, #700, .F. ) ;
#808 = DIRECTION ( 'NONE',  ( 1.000000000000000000, 0.000000000000000000, 0.000000000000000000 ) ) ;
#809 = EDGE_CURVE ( 'NONE', #549, #282, #571, .T. ) ;
#810 = ADVANCED_FACE ( 'NONE', ( #500 ), #154, .F. ) ;
#811 = DIRECTION ( 'NONE',  ( 1.000000000000000000, 0.000000000000000000, 0.000000000000000000 ) ) ;
#812 = EDGE_LOOP ( 'NONE', ( #1080, #477, #873, #1111 ) ) ;
#813 = FACE_OUTER_BOUND ( 'NONE', #1026, .T. ) ;
#814 = ORIENTED_EDGE ( 'NONE', *, *, #610, .F. ) ;
#815 = DIRECTION ( 'NONE',  ( 0.000000000000000000, 0.000000000000000000, -1.000000000000000000 ) ) ;
#816 = VECTOR ( 'NONE', #1400, 1000.000000000000000 ) ;
#817 = LINE ( 'NONE', #1066, #1275 ) ;
#818 = ORIENTED_EDGE ( 'NONE', *, *, #1039, .T. ) ;
#819 = CYLINDRICAL_SURFACE ( 'NONE', #1499, 2.550000000000000266 ) ;
#820 = ORIENTED_EDGE ( 'NONE', *, *, #878, .T. ) ;
#821 = CARTESIAN_POINT ( 'NONE',  ( 2.775557561562891351E-14, -24.69999999999999929, 4.000000000000003553 ) ) ;
#822 = AXIS2_PLACEMENT_3D ( 'NONE', #1489, #1179, #1310 ) ;
#823 = CIRCLE ( 'NONE', #1025, 2.550000000000000266 ) ;
#824 = CYLINDRICAL_SURFACE ( 'NONE', #1320, 2.966260541823213082 ) ;
#825 = ADVANCED_FACE ( 'NONE', ( #944 ), #1420, .F. ) ;
#826 = EDGE_LOOP ( 'NONE', ( #539, #1511, #630, #197, #452, #332, #1078, #687, #1416, #841 ) ) ;
#827 = DIRECTION ( 'NONE',  ( -0.000000000000000000, 0.000000000000000000, -1.000000000000000000 ) ) ;
#828 = ORIENTED_EDGE ( 'NONE', *, *, #1243, .T. ) ;
#829 = DIRECTION ( 'NONE',  ( -1.000000000000000000, 0.000000000000000000, 0.000000000000000000 ) ) ;
#830 = ORIENTED_EDGE ( 'NONE', *, *, #961, .T. ) ;
#831 = DIRECTION ( 'NONE',  ( -1.000000000000000000, 0.000000000000000000, 0.000000000000000000 ) ) ;
#832 = CARTESIAN_POINT ( 'NONE',  ( 0.000000000000000000, 0.000000000000000000, 0.000000000000000000 ) ) ;
#833 = DIRECTION ( 'NONE',  ( 0.000000000000000000, 0.000000000000000000, 1.000000000000000000 ) ) ;
#834 = CARTESIAN_POINT ( 'NONE',  ( 3.250000000000030642, -24.69999999999999929, 4.000000000000003553 ) ) ;
#835 = ORIENTED_EDGE ( 'NONE', *, *, #1028, .T. ) ;
#836 = CARTESIAN_POINT ( 'NONE',  ( -16.39626054182322790, -20.00000000000001776, 8.000000000000007105 ) ) ;
#837 = ADVANCED_FACE ( 'NONE', ( #43 ), #507, .T. ) ;
#838 = ORIENTED_EDGE ( 'NONE', *, *, #761, .F. ) ;
#839 = CARTESIAN_POINT ( 'NONE',  ( 18.23373945817677111, -20.00000000000001776, 0.000000000000000000 ) ) ;
#840 = VECTOR ( 'NONE', #842, 1000.000000000000000 ) ;
#841 = ORIENTED_EDGE ( 'NONE', *, *, #563, .T. ) ;
#842 = DIRECTION ( 'NONE',  ( -1.000000000000000000, 0.000000000000000000, 0.000000000000000000 ) ) ;
#843 = ORIENTED_EDGE ( 'NONE', *, *, #1136, .T. ) ;
#844 = CARTESIAN_POINT ( 'NONE',  ( 20.78373945817676827, 20.00000000000001776, 8.000000000000007105 ) ) ;
#845 = ADVANCED_FACE ( 'NONE', ( #431 ), #786, .F. ) ;
#846 = VECTOR ( 'NONE', #515, 1000.000000000000000 ) ;
#847 = AXIS2_PLACEMENT_3D ( 'NONE', #453, #796, #101 ) ;
#848 = DIRECTION ( 'NONE',  ( -0.000000000000000000, 0.000000000000000000, -1.000000000000000000 ) ) ;
#849 = DIRECTION ( 'NONE',  ( 1.000000000000000000, 0.000000000000000000, 0.000000000000000000 ) ) ;
#850 = LINE ( 'NONE', #1451, #1463 ) ;
#851 = VECTOR ( 'NONE', #295, 1000.000000000000000 ) ;
#852 = EDGE_LOOP ( 'NONE', ( #1314, #147, #922, #913 ) ) ;
#853 = DIRECTION ( 'NONE',  ( 1.000000000000000000, 0.000000000000000000, 0.000000000000000000 ) ) ;
#854 = VECTOR ( 'NONE', #284, 1000.000000000000000 ) ;
#855 = EDGE_LOOP ( 'NONE', ( #11, #444, #1138, #895 ) ) ;
#856 = CARTESIAN_POINT ( 'NONE',  ( 0.000000000000000000, 16.74999999999998579, 8.000000000000007105 ) ) ;
#857 = EDGE_CURVE ( 'NONE', #1498, #1493, #1349, .T. ) ;
#858 = CARTESIAN_POINT ( 'NONE',  ( 7.533739458176757608, -32.75000000000000000, 4.000000000000003553 ) ) ;
#859 = CARTESIAN_POINT ( 'NONE',  ( 3.283739458176782033, 26.19999999999997442, 4.000000000000003553 ) ) ;
#860 = ORIENTED_EDGE ( 'NONE', *, *, #1398, .F. ) ;
#861 = CIRCLE ( 'NONE', #128, 2.550000000000000266 ) ;
#862 =( LENGTH_UNIT ( ) NAMED_UNIT ( * ) SI_UNIT ( .MILLI., .METRE. ) );
#863 = ORIENTED_EDGE ( 'NONE', *, *, #924, .F. ) ;
#864 = DIRECTION ( 'NONE',  ( 0.000000000000000000, 0.000000000000000000, 1.000000000000000000 ) ) ;
#865 = DIRECTION ( 'NONE',  ( 1.000000000000000000, 0.000000000000000000, 0.000000000000000000 ) ) ;
#866 = CARTESIAN_POINT ( 'NONE',  ( 29.81747891635355785, 32.74999999999997158, 8.000000000000007105 ) ) ;
#867 = DIRECTION ( 'NONE',  ( -1.000000000000000000, 0.000000000000000000, 0.000000000000000000 ) ) ;
#868 = PRODUCT ( 'CarriageSupportBracket', 'CarriageSupportBracket', '', ( #1343 ) ) ;
#869 = ORIENTED_EDGE ( 'NONE', *, *, #257, .F. ) ;
#870 = VECTOR ( 'NONE', #1030, 1000.000000000000000 ) ;
#871 = DIRECTION ( 'NONE',  ( -5.337610695313254343E-16, 1.000000000000000000, 0.000000000000000000 ) ) ;
#872 = VECTOR ( 'NONE', #265, 1000.000000000000000 ) ;
#873 = ORIENTED_EDGE ( 'NONE', *, *, #23, .F. ) ;
#874 = DIRECTION ( 'NONE',  ( 0.000000000000000000, 0.000000000000000000, 1.000000000000000000 ) ) ;
#875 = AXIS2_PLACEMENT_3D ( 'NONE', #1141, #673, #570 ) ;
#876 = PLANE ( 'NONE',  #1046 ) ;
#877 = CARTESIAN_POINT ( 'NONE',  ( -22.64626054182323145, 0.000000000000000000, 8.000000000000007105 ) ) ;
#878 = EDGE_CURVE ( 'NONE', #1442, #983, #691, .T. ) ;
#879 = EDGE_LOOP ( 'NONE', ( #1505, #366, #344, #909 ) ) ;
#880 = CARTESIAN_POINT ( 'NONE',  ( -4.716260541823220187, 26.19999999999997442, 8.000000000000007105 ) ) ;
#881 = EDGE_CURVE ( 'NONE', #1321, #414, #888, .T. ) ;
#882 = VERTEX_POINT ( 'NONE', #291 ) ;
#883 = CARTESIAN_POINT ( 'NONE',  ( 12.78373945817676294, -16.74999999999998579, 8.000000000000007105 ) ) ;
#884 =( NAMED_UNIT ( * ) PLANE_ANGLE_UNIT ( ) SI_UNIT ( $, .RADIAN. ) );
#885 = CARTESIAN_POINT ( 'NONE',  ( 0.000000000000000000, 24.69999999999997087, 8.000000000000007105 ) ) ;
#886 = FACE_BOUND ( 'NONE', #1383, .T. ) ;
#887 = ORIENTED_EDGE ( 'NONE', *, *, #1106, .F. ) ;
#888 = LINE ( 'NONE', #880, #38 ) ;
#889 = EDGE_CURVE ( 'NONE', #645, #1501, #778, .T. ) ;
#890 = ORIENTED_EDGE ( 'NONE', *, *, #911, .F. ) ;
#891 = DIRECTION ( 'NONE',  ( -1.000000000000000000, 0.000000000000000000, 0.000000000000000000 ) ) ;
#892 = CYLINDRICAL_SURFACE ( 'NONE', #775, 2.550000000000000266 ) ;
#893 = ORIENTED_EDGE ( 'NONE', *, *, #62, .F. ) ;
#894 = DIRECTION ( 'NONE',  ( -0.000000000000000000, 0.000000000000000000, -1.000000000000000000 ) ) ;
#895 = ORIENTED_EDGE ( 'NONE', *, *, #637, .T. ) ;
#896 = LINE ( 'NONE', #1139, #116 ) ;
#897 = VECTOR ( 'NONE', #894, 1000.000000000000000 ) ;
#898 = EDGE_CURVE ( 'NONE', #798, #1453, #1486, .T. ) ;
#899 = AXIS2_PLACEMENT_3D ( 'NONE', #885, #628, #1361 ) ;
#900 = VECTOR ( 'NONE', #189, 1000.000000000000000 ) ;
#901 = VERTEX_POINT ( 'NONE', #203 ) ;
#902 = CARTESIAN_POINT ( 'NONE',  ( -23.79626054182323003, 20.00000000000001776, 8.000000000000007105 ) ) ;
#903 = VERTEX_POINT ( 'NONE', #85 ) ;
#904 = LINE ( 'NONE', #1367, #1099 ) ;
#905 = EDGE_CURVE ( 'NONE', #882, #1338, #647, .T. ) ;
#906 = FACE_BOUND ( 'NONE', #417, .T. ) ;
#907 = ORIENTED_EDGE ( 'NONE', *, *, #572, .T. ) ;
#908 = CYLINDRICAL_SURFACE ( 'NONE', #591, 2.966260541823213082 ) ;
#909 = ORIENTED_EDGE ( 'NONE', *, *, #1254, .T. ) ;
#910 = CARTESIAN_POINT ( 'NONE',  ( 20.78373945817676827, -20.00000000000001776, 0.000000000000000000 ) ) ;
#911 = EDGE_CURVE ( 'NONE', #1207, #1129, #1112, .T. ) ;
#912 = CARTESIAN_POINT ( 'NONE',  ( 18.23373945817677111, 20.00000000000001776, 8.000000000000007105 ) ) ;
#913 = ORIENTED_EDGE ( 'NONE', *, *, #224, .F. ) ;
#914 = LINE ( 'NONE', #1389, #646 ) ;
#915 = EDGE_LOOP ( 'NONE', ( #251, #113 ) ) ;
#916 = CARTESIAN_POINT ( 'NONE',  ( -7.466260541823227292, -16.74999999999998579, 0.000000000000000000 ) ) ;
#917 = VECTOR ( 'NONE', #1481, 1000.000000000000000 ) ;
#918 = ORIENTED_EDGE ( 'NONE', *, *, #670, .F. ) ;
#919 = FACE_OUTER_BOUND ( 'NONE', #1301, .T. ) ;
#920 = ADVANCED_FACE ( 'NONE', ( #1005 ), #768, .F. ) ;
#921 = CIRCLE ( 'NONE', #1323, 1.499999999999996225 ) ;
#922 = ORIENTED_EDGE ( 'NONE', *, *, #898, .T. ) ;
#923 = CARTESIAN_POINT ( 'NONE',  ( 12.78373945817676294, 16.74999999999998579, 4.000000000000003553 ) ) ;
#924 = EDGE_CURVE ( 'NONE', #785, #313, #51, .T. ) ;
#925 = FACE_OUTER_BOUND ( 'NONE', #172, .T. ) ;
#926 = COLOUR_RGB ( '',1.000000000000000000, 0.9372549019607843146, 0.1372549019607843257 ) ;
#927 = ADVANCED_FACE ( 'NONE', ( #520 ), #1492, .T. ) ;
#928 = ORIENTED_EDGE ( 'NONE', *, *, #555, .T. ) ;
#929 = LINE ( 'NONE', #686, #8 ) ;
#930 = ORIENTED_EDGE ( 'NONE', *, *, #516, .T. ) ;
#931 = FACE_OUTER_BOUND ( 'NONE', #213, .T. ) ;
#932 = LINE ( 'NONE', #476, #166 ) ;
#933 = CARTESIAN_POINT ( 'NONE',  ( 3.283739458176782033, 24.69999999999997087, 4.000000000000003553 ) ) ;
#934 = CARTESIAN_POINT ( 'NONE',  ( 3.250000000000030642, -27.70000000000000284, 4.000000000000003553 ) ) ;
#935 = ORIENTED_EDGE ( 'NONE', *, *, #416, .T. ) ;
#936 = CARTESIAN_POINT ( 'NONE',  ( -17.54626054182323003, 3.122849337825748940E-16, 8.000000000000007105 ) ) ;
#937 = AXIS2_PLACEMENT_3D ( 'NONE', #1510, #560, #806 ) ;
#938 = EDGE_CURVE ( 'NONE', #1348, #981, #1216, .T. ) ;
#939 = CARTESIAN_POINT ( 'NONE',  ( -7.466260541823227292, 16.74999999999998579, 0.000000000000000000 ) ) ;
#940 = PRESENTATION_LAYER_ASSIGNMENT (  '', '', ( #1271 ) ) ;
#941 = ORIENTED_EDGE ( 'NONE', *, *, #45, .T. ) ;
#942 = PLANE ( 'NONE',  #1294 ) ;
#943 = ORIENTED_EDGE ( 'NONE', *, *, #1495, .F. ) ;
#944 = FACE_OUTER_BOUND ( 'NONE', #1214, .T. ) ;
#945 = VECTOR ( 'NONE', #448, 1000.000000000000000 ) ;
#946 = ORIENTED_EDGE ( 'NONE', *, *, #1085, .F. ) ;
#947 = DIRECTION ( 'NONE',  ( 0.000000000000000000, 0.000000000000000000, 1.000000000000000000 ) ) ;
#948 = LINE ( 'NONE', #256, #1122 ) ;
#949 = ADVANCED_FACE ( 'NONE', ( #1373 ), #1379, .F. ) ;
#950 = DIRECTION ( 'NONE',  ( 0.000000000000000000, 0.000000000000000000, 1.000000000000000000 ) ) ;
#951 = DIRECTION ( 'NONE',  ( -0.000000000000000000, 0.000000000000000000, -1.000000000000000000 ) ) ;
#952 = AXIS2_PLACEMENT_3D ( 'NONE', #703, #1423, #14 ) ;
#953 = PRODUCT_DEFINITION_SHAPE ( 'NONE', 'NONE',  #1507 ) ;
#954 = EDGE_LOOP ( 'NONE', ( #665, #589 ) ) ;
#955 = DIRECTION ( 'NONE',  ( 1.000000000000000000, -1.035655806553318193E-16, 0.000000000000000000 ) ) ;
#956 = ORIENTED_EDGE ( 'NONE', *, *, #64, .F. ) ;
#957 = DIRECTION ( 'NONE',  ( -1.000000000000000000, 0.000000000000000000, 0.000000000000000000 ) ) ;
#958 = DIRECTION ( 'NONE',  ( -0.000000000000000000, 0.000000000000000000, -1.000000000000000000 ) ) ;
#959 = CARTESIAN_POINT ( 'NONE',  ( -20.09626054182323074, 20.00000000000001776, 0.000000000000000000 ) ) ;
#960 = CARTESIAN_POINT ( 'NONE',  ( 0.000000000000000000, -16.74999999999998579, 8.000000000000007105 ) ) ;
#961 = EDGE_CURVE ( 'NONE', #222, #901, #400, .T. ) ;
#962 = ORIENTED_EDGE ( 'NONE', *, *, #1382, .T. ) ;
#963 = LINE ( 'NONE', #1063, #12 ) ;
#964 = ORIENTED_EDGE ( 'NONE', *, *, #938, .T. ) ;
#965 = AXIS2_PLACEMENT_3D ( 'NONE', #581, #328, #1054 ) ;
#966 = DIRECTION ( 'NONE',  ( -0.000000000000000000, 0.000000000000000000, -1.000000000000000000 ) ) ;
#967 = VERTEX_POINT ( 'NONE', #1477 ) ;
#968 = DIRECTION ( 'NONE',  ( 1.000000000000000000, 0.000000000000000000, 0.000000000000000000 ) ) ;
#969 = AXIS2_PLACEMENT_3D ( 'NONE', #732, #1215, #161 ) ;
#970 = UNCERTAINTY_MEASURE_WITH_UNIT (LENGTH_MEASURE( 1.000000000000000082E-05 ), #532, 'distance_accuracy_value', 'NONE');
#971 = ORIENTED_EDGE ( 'NONE', *, *, #585, .T. ) ;
#972 = CARTESIAN_POINT ( 'NONE',  ( 12.78373945817676294, 16.74999999999998579, 10.00000000000000888 ) ) ;
#973 = EDGE_CURVE ( 'NONE', #316, #1282, #1468, .T. ) ;
#974 = VERTEX_POINT ( 'NONE', #415 ) ;
#975 = VECTOR ( 'NONE', #419, 1000.000000000000000 ) ;
#976 = AXIS2_PLACEMENT_3D ( 'NONE', #780, #1352, #402 ) ;
#977 = CARTESIAN_POINT ( 'NONE',  ( 12.78373945817676294, -16.74999999999998579, 10.00000000000000888 ) ) ;
#978 = DIRECTION ( 'NONE',  ( 0.000000000000000000, 1.000000000000000000, 0.000000000000000000 ) ) ;
#979 = DIRECTION ( 'NONE',  ( 1.000000000000000000, 0.000000000000000000, 0.000000000000000000 ) ) ;
#980 = EDGE_CURVE ( 'NONE', #1419, #441, #1257, .T. ) ;
#981 = VERTEX_POINT ( 'NONE', #658 ) ;
#982 = CARTESIAN_POINT ( 'NONE',  ( -22.71626054182324239, -32.75000000000000000, 8.000000000000007105 ) ) ;
#983 = VERTEX_POINT ( 'NONE', #1128 ) ;
#984 = DIRECTION ( 'NONE',  ( -0.000000000000000000, 0.000000000000000000, -1.000000000000000000 ) ) ;
#985 = CARTESIAN_POINT ( 'NONE',  ( -32.71626054182322463, 0.000000000000000000, 8.000000000000007105 ) ) ;
#986 = FACE_BOUND ( 'NONE', #790, .T. ) ;
#987 = VERTEX_POINT ( 'NONE', #537 ) ;
#988 = CARTESIAN_POINT ( 'NONE',  ( 18.23373945817677111, 20.00000000000001776, 8.000000000000007105 ) ) ;
#989 = ORIENTED_EDGE ( 'NONE', *, *, #1429, .F. ) ;
#990 = DIRECTION ( 'NONE',  ( 1.000000000000000000, 0.000000000000000000, 0.000000000000000000 ) ) ;
#991 = APPLICATION_PROTOCOL_DEFINITION ( 'draft international standard', 'automotive_design', 1998, #1034 ) ;
#992 = ADVANCED_FACE ( 'NONE', ( #221, #919 ), #1269, .T. ) ;
#993 = AXIS2_PLACEMENT_3D ( 'NONE', #158, #706, #250 ) ;
#994 = LINE ( 'NONE', #1465, #975 ) ;
#995 = FACE_BOUND ( 'NONE', #954, .T. ) ;
#996 = ORIENTED_EDGE ( 'NONE', *, *, #325, .F. ) ;
#997 = CARTESIAN_POINT ( 'NONE',  ( -2.775557561562891351E-14, 27.69999999999997442, 8.000000000000007105 ) ) ;
#998 = ORIENTED_EDGE ( 'NONE', *, *, #310, .T. ) ;
#999 = CARTESIAN_POINT ( 'NONE',  ( 18.23373945817677111, 0.000000000000000000, 0.000000000000000000 ) ) ;
#1000 =( LENGTH_UNIT ( ) NAMED_UNIT ( * ) SI_UNIT ( .MILLI., .METRE. ) );
#1001 = PLANE ( 'NONE',  #474 ) ;
#1002 = DIRECTION ( 'NONE',  ( -1.000000000000000000, -5.337610695313254343E-16, 0.000000000000000000 ) ) ;
#1003 = EDGE_CURVE ( 'NONE', #264, #559, #794, .T. ) ;
#1004 = VERTEX_POINT ( 'NONE', #2 ) ;
#1005 = FACE_OUTER_BOUND ( 'NONE', #1298, .T. ) ;
#1006 = ORIENTED_EDGE ( 'NONE', *, *, #905, .F. ) ;
#1007 = DIRECTION ( 'NONE',  ( 0.000000000000000000, 0.000000000000000000, -1.000000000000000000 ) ) ;
#1008 = LINE ( 'NONE', #858, #917 ) ;
#1009 = FACE_BOUND ( 'NONE', #229, .T. ) ;
#1010 = VERTEX_POINT ( 'NONE', #1033 ) ;
#1011 = CARTESIAN_POINT ( 'NONE',  ( 7.533739458176757608, 32.74999999999997158, 0.000000000000000000 ) ) ;
#1012 = EDGE_CURVE ( 'NONE', #1118, #1498, #1289, .T. ) ;
#1013 = CIRCLE ( 'NONE', #542, 1.500000000000001554 ) ;
#1014 = VERTEX_POINT ( 'NONE', #1397 ) ;
#1015 = FACE_OUTER_BOUND ( 'NONE', #1340, .T. ) ;
#1016 = PLANE ( 'NONE',  #822 ) ;
#1017 = ORIENTED_EDGE ( 'NONE', *, *, #1353, .T. ) ;
#1018 = DIRECTION ( 'NONE',  ( -0.000000000000000000, 0.000000000000000000, -1.000000000000000000 ) ) ;
#1019 = VECTOR ( 'NONE', #803, 1000.000000000000000 ) ;
#1020 = ORIENTED_EDGE ( 'NONE', *, *, #1155, .F. ) ;
#1021 = LINE ( 'NONE', #308, #317 ) ;
#1022 = EDGE_CURVE ( 'NONE', #974, #740, #799, .T. ) ;
#1023 = CARTESIAN_POINT ( 'NONE',  ( 2.775557561562891351E-14, -24.69999999999999929, 8.000000000000007105 ) ) ;
#1024 = AXIS2_PLACEMENT_3D ( 'NONE', #712, #1287, #990 ) ;
#1025 = AXIS2_PLACEMENT_3D ( 'NONE', #300, #760, #461 ) ;
#1026 = EDGE_LOOP ( 'NONE', ( #1284, #1231, #860, #446 ) ) ;
#1027 = DIRECTION ( 'NONE',  ( 1.000000000000000000, 0.000000000000000000, 0.000000000000000000 ) ) ;
#1028 = EDGE_CURVE ( 'NONE', #1049, #698, #445, .T. ) ;
#1029 = ORIENTED_EDGE ( 'NONE', *, *, #1353, .F. ) ;
#1030 = DIRECTION ( 'NONE',  ( -0.000000000000000000, 0.000000000000000000, -1.000000000000000000 ) ) ;
#1031 = CARTESIAN_POINT ( 'NONE',  ( -32.71626054182322463, 22.74999999999999289, 8.000000000000007105 ) ) ;
#1032 = ORIENTED_EDGE ( 'NONE', *, *, #375, .F. ) ;
#1033 = CARTESIAN_POINT ( 'NONE',  ( 29.81747891635355785, 32.74999999999997158, 0.000000000000000000 ) ) ;
#1034 = APPLICATION_CONTEXT ( 'automotive_design' ) ;
#1035 = ORIENTED_EDGE ( 'NONE', *, *, #351, .T. ) ;
#1036 = LINE ( 'NONE', #1167, #377 ) ;
#1037 = EDGE_CURVE ( 'NONE', #1321, #323, #107, .T. ) ;
#1038 = CARTESIAN_POINT ( 'NONE',  ( 0.000000000000000000, 32.74999999999997158, 8.000000000000007105 ) ) ;
#1039 = EDGE_CURVE ( 'NONE', #740, #1134, #457, .T. ) ;
#1040 = ORIENTED_EDGE ( 'NONE', *, *, #1365, .T. ) ;
#1041 = DIRECTION ( 'NONE',  ( -0.000000000000000000, 0.000000000000000000, -1.000000000000000000 ) ) ;
#1042 = VERTEX_POINT ( 'NONE', #934 ) ;
#1043 = CARTESIAN_POINT ( 'NONE',  ( 3.250000000000030642, -26.20000000000000284, 4.000000000000003553 ) ) ;
#1044 = VECTOR ( 'NONE', #968, 1000.000000000000000 ) ;
#1045 = CARTESIAN_POINT ( 'NONE',  ( 23.33373945817676898, 3.122849337825748940E-16, 0.000000000000000000 ) ) ;
#1046 = AXIS2_PLACEMENT_3D ( 'NONE', #654, #617, #412 ) ;
#1047 = VERTEX_POINT ( 'NONE', #1283 ) ;
#1048 = LINE ( 'NONE', #1264, #496 ) ;
#1049 = VERTEX_POINT ( 'NONE', #1164 ) ;
#1050 = FACE_OUTER_BOUND ( 'NONE', #852, .T. ) ;
#1051 = LINE ( 'NONE', #347, #1200 ) ;
#1052 = CIRCLE ( 'NONE', #1130, 3.700000000000001954 ) ;
#1053 = ORIENTED_EDGE ( 'NONE', *, *, #652, .F. ) ;
#1054 = DIRECTION ( 'NONE',  ( 1.000000000000000000, 0.000000000000000000, 0.000000000000000000 ) ) ;
#1055 = EDGE_CURVE ( 'NONE', #580, #493, #1048, .T. ) ;
#1056 = ORIENTED_EDGE ( 'NONE', *, *, #159, .F. ) ;
#1057 = CARTESIAN_POINT ( 'NONE',  ( -20.09626054182323074, -20.00000000000001776, 0.000000000000000000 ) ) ;
#1058 = CIRCLE ( 'NONE', #1484, 1.499999999999996003 ) ;
#1059 = LINE ( 'NONE', #1295, #97 ) ;
#1060 = ORIENTED_EDGE ( 'NONE', *, *, #433, .F. ) ;
#1061 = DIRECTION ( 'NONE',  ( 1.000000000000000000, 0.000000000000000000, 0.000000000000000000 ) ) ;
#1062 = ORIENTED_EDGE ( 'NONE', *, *, #1028, .F. ) ;
#1063 = CARTESIAN_POINT ( 'NONE',  ( -7.466260541823227292, 32.74999999999997158, 4.000000000000003553 ) ) ;
#1064 = ADVANCED_FACE ( 'NONE', ( #813 ), #215, .F. ) ;
#1065 = CYLINDRICAL_SURFACE ( 'NONE', #458, 3.700000000000001954 ) ;
#1066 = CARTESIAN_POINT ( 'NONE',  ( 12.78373945817676294, 16.74999999999998579, 10.00000000000000888 ) ) ;
#1067 = ORIENTED_EDGE ( 'NONE', *, *, #881, .T. ) ;
#1068 = LINE ( 'NONE', #730, #793 ) ;
#1069 = ORIENTED_EDGE ( 'NONE', *, *, #337, .T. ) ;
#1070 = DIRECTION ( 'NONE',  ( 0.000000000000000000, 0.000000000000000000, 1.000000000000000000 ) ) ;
#1071 = CIRCLE ( 'NONE', #1351, 2.550000000000000266 ) ;
#1072 = ORIENTED_EDGE ( 'NONE', *, *, #1296, .F. ) ;
#1073 = CARTESIAN_POINT ( 'NONE',  ( 3.250000000000030642, -27.70000000000000284, 8.000000000000007105 ) ) ;
#1074 = EDGE_CURVE ( 'NONE', #316, #766, #914, .T. ) ;
#1075 = PLANE ( 'NONE',  #1444 ) ;
#1076 = ORIENTED_EDGE ( 'NONE', *, *, #320, .T. ) ;
#1077 = DIRECTION ( 'NONE',  ( 1.000000000000000000, 0.000000000000000000, 0.000000000000000000 ) ) ;
#1078 = ORIENTED_EDGE ( 'NONE', *, *, #1142, .F. ) ;
#1079 = DIRECTION ( 'NONE',  ( 1.035655806553318193E-16, 1.000000000000000000, 0.000000000000000000 ) ) ;
#1080 = ORIENTED_EDGE ( 'NONE', *, *, #1426, .T. ) ;
#1081 = DIRECTION ( 'NONE',  ( 0.000000000000000000, 0.000000000000000000, -1.000000000000000000 ) ) ;
#1082 = EDGE_CURVE ( 'NONE', #983, #1166, #929, .T. ) ;
#1083 = CARTESIAN_POINT ( 'NONE',  ( 20.78373945817676827, -20.00000000000001776, 8.000000000000007105 ) ) ;
#1084 = CARTESIAN_POINT ( 'NONE',  ( 20.78373945817676827, 20.00000000000001776, 8.000000000000007105 ) ) ;
#1085 = EDGE_CURVE ( 'NONE', #1278, #580, #309, .T. ) ;
#1086 = VERTEX_POINT ( 'NONE', #1158 ) ;
#1087 = SURFACE_SIDE_STYLE ('',( #281 ) ) ;
#1088 = ORIENTED_EDGE ( 'NONE', *, *, #524, .T. ) ;
#1089 = FACE_OUTER_BOUND ( 'NONE', #545, .T. ) ;
#1090 = ADVANCED_FACE ( 'NONE', ( #1403 ), #103, .F. ) ;
#1091 = VECTOR ( 'NONE', #350, 1000.000000000000000 ) ;
#1092 = CARTESIAN_POINT ( 'NONE',  ( 7.533739458176757608, 32.74999999999997158, 4.000000000000003553 ) ) ;
#1093 = CARTESIAN_POINT ( 'NONE',  ( -22.71626054182324239, -32.75000000000000000, 8.000000000000007105 ) ) ;
#1094 = VECTOR ( 'NONE', #757, 1000.000000000000000 ) ;
#1095 = EDGE_LOOP ( 'NONE', ( #1461, #1256, #701, #272 ) ) ;
#1096 = CARTESIAN_POINT ( 'NONE',  ( 7.533739458176757608, 16.74999999999998579, 4.000000000000003553 ) ) ;
#1097 = VERTEX_POINT ( 'NONE', #1384 ) ;
#1098 = VECTOR ( 'NONE', #978, 1000.000000000000000 ) ;
#1099 = VECTOR ( 'NONE', #1131, 1000.000000000000114 ) ;
#1100 = CARTESIAN_POINT ( 'NONE',  ( 0.000000000000000000, -27.70000000000000284, 8.000000000000007105 ) ) ;
#1101 = PLANE ( 'NONE',  #696 ) ;
#1102 = FACE_BOUND ( 'NONE', #638, .T. ) ;
#1103 = AXIS2_PLACEMENT_3D ( 'NONE', #1355, #511, #1247 ) ;
#1104 = ORIENTED_EDGE ( 'NONE', *, *, #1234, .T. ) ;
#1105 = CARTESIAN_POINT ( 'NONE',  ( 3.283739458176754056, 27.69999999999997442, 8.000000000000007105 ) ) ;
#1106 = EDGE_CURVE ( 'NONE', #1350, #967, #211, .T. ) ;
#1107 = VERTEX_POINT ( 'NONE', #1500 ) ;
#1108 = LINE ( 'NONE', #53, #846 ) ;
#1109 = CARTESIAN_POINT ( 'NONE',  ( 3.283739458176782033, 24.69999999999997087, 8.000000000000007105 ) ) ;
#1110 = CARTESIAN_POINT ( 'NONE',  ( -7.466260541823227292, -32.75000000000000000, 4.000000000000003553 ) ) ;
#1111 = ORIENTED_EDGE ( 'NONE', *, *, #406, .T. ) ;
#1112 = LINE ( 'NONE', #422, #624 ) ;
#1113 = ORIENTED_EDGE ( 'NONE', *, *, #769, .F. ) ;
#1114 = CARTESIAN_POINT ( 'NONE',  ( -17.54626054182323003, 3.122849337825748940E-16, 0.000000000000000000 ) ) ;
#1115 = ADVANCED_FACE ( 'NONE', ( #440 ), #908, .T. ) ;
#1116 = CARTESIAN_POINT ( 'NONE',  ( -22.64626054182323145, 0.000000000000000000, 0.000000000000000000 ) ) ;
#1117 = DIRECTION ( 'NONE',  ( 0.000000000000000000, 0.000000000000000000, -1.000000000000000000 ) ) ;
#1118 = VERTEX_POINT ( 'NONE', #450 ) ;
#1119 = DIRECTION ( 'NONE',  ( 0.000000000000000000, 0.000000000000000000, 1.000000000000000000 ) ) ;
#1120 = VERTEX_POINT ( 'NONE', #1312 ) ;
#1121 = DIRECTION ( 'NONE',  ( -0.000000000000000000, 0.000000000000000000, -1.000000000000000000 ) ) ;
#1122 = VECTOR ( 'NONE', #115, 1000.000000000000000 ) ;
#1123 = CIRCLE ( 'NONE', #361, 1.499999999999996225 ) ;
#1124 = ADVANCED_FACE ( 'NONE', ( #263 ), #384, .F. ) ;
#1125 = DIRECTION ( 'NONE',  ( -1.000000000000000000, 0.000000000000000000, 0.000000000000000000 ) ) ;
#1126 = CARTESIAN_POINT ( 'NONE',  ( -7.466260541823227292, 32.74999999999997158, 4.000000000000003553 ) ) ;
#1127 = ORIENTED_EDGE ( 'NONE', *, *, #106, .F. ) ;
#1128 = CARTESIAN_POINT ( 'NONE',  ( 3.250000000000030642, -24.69999999999999929, 8.000000000000007105 ) ) ;
#1129 = VERTEX_POINT ( 'NONE', #478 ) ;
#1130 = AXIS2_PLACEMENT_3D ( 'NONE', #1455, #395, #865 ) ;
#1131 = DIRECTION ( 'NONE',  ( -0.7071067811865460184, 0.7071067811865489050, 0.000000000000000000 ) ) ;
#1132 = CARTESIAN_POINT ( 'NONE',  ( 0.000000000000000000, 0.000000000000000000, 0.000000000000000000 ) ) ;
#1133 = DIRECTION ( 'NONE',  ( -1.000000000000000000, 0.000000000000000000, 0.000000000000000000 ) ) ;
#1134 = VERTEX_POINT ( 'NONE', #259 ) ;
#1135 = DIRECTION ( 'NONE',  ( 1.000000000000000000, 0.000000000000000000, 0.000000000000000000 ) ) ;
#1136 = EDGE_CURVE ( 'NONE', #1272, #1134, #850, .T. ) ;
#1137 = VECTOR ( 'NONE', #1002, 1000.000000000000000 ) ;
#1138 = ORIENTED_EDGE ( 'NONE', *, *, #191, .F. ) ;
#1139 = CARTESIAN_POINT ( 'NONE',  ( -27.73313027091164784, -27.73313027091156613, 8.000000000000007105 ) ) ;
#1140 =( NAMED_UNIT ( * ) PLANE_ANGLE_UNIT ( ) SI_UNIT ( $, .RADIAN. ) );
#1141 = CARTESIAN_POINT ( 'NONE',  ( -3.250000000000002665, -26.20000000000000284, 8.000000000000007105 ) ) ;
#1142 = EDGE_CURVE ( 'NONE', #593, #514, #1068, .T. ) ;
#1143 = ORIENTED_EDGE ( 'NONE', *, *, #495, .T. ) ;
#1144 = DIRECTION ( 'NONE',  ( -0.000000000000000000, 0.000000000000000000, -1.000000000000000000 ) ) ;
#1145 = EDGE_CURVE ( 'NONE', #232, #1107, #735, .T. ) ;
#1146 = ORIENTED_EDGE ( 'NONE', *, *, #670, .T. ) ;
#1147 = CARTESIAN_POINT ( 'NONE',  ( -7.466260541823227292, -32.75000000000000000, 0.000000000000000000 ) ) ;
#1148 = VECTOR ( 'NONE', #1281, 1000.000000000000000 ) ;
#1149 = ORIENTED_EDGE ( 'NONE', *, *, #1201, .F. ) ;
#1150 = DIRECTION ( 'NONE',  ( -1.000000000000000000, 0.000000000000000000, 0.000000000000000000 ) ) ;
#1151 = ORIENTED_EDGE ( 'NONE', *, *, #1155, .T. ) ;
#1152 = LINE ( 'NONE', #821, #1091 ) ;
#1153 = VECTOR ( 'NONE', #827, 1000.000000000000000 ) ;
#1154 = EDGE_CURVE ( 'NONE', #1049, #441, #18, .T. ) ;
#1155 = EDGE_CURVE ( 'NONE', #1010, #1047, #1169, .T. ) ;
#1156 = PLANE ( 'NONE',  #675 ) ;
#1157 = ORIENTED_EDGE ( 'NONE', *, *, #443, .T. ) ;
#1158 = CARTESIAN_POINT ( 'NONE',  ( -3.250000000000002665, -24.69999999999999929, 8.000000000000007105 ) ) ;
#1159 = VERTEX_POINT ( 'NONE', #1428 ) ;
#1160 = DIRECTION ( 'NONE',  ( -1.000000000000000000, 0.000000000000000000, 0.000000000000000000 ) ) ;
#1161 = ADVANCED_FACE ( 'NONE', ( #370 ), #30, .F. ) ;
#1162 = CYLINDRICAL_SURFACE ( 'NONE', #551, 1.499999999999996225 ) ;
#1163 = EDGE_LOOP ( 'NONE', ( #694, #604, #304, #835, #1430, #575, #648, #1276 ) ) ;
#1164 = CARTESIAN_POINT ( 'NONE',  ( -7.466260541823227292, -16.74999999999998579, 4.000000000000003553 ) ) ;
#1165 = VECTOR ( 'NONE', #464, 1000.000000000000000 ) ;
#1166 = VERTEX_POINT ( 'NONE', #834 ) ;
#1167 = CARTESIAN_POINT ( 'NONE',  ( 0.000000000000000000, 24.69999999999997087, 8.000000000000007105 ) ) ;
#1168 = CIRCLE ( 'NONE', #427, 2.550000000000000266 ) ;
#1169 = CIRCLE ( 'NONE', #36, 2.966260541823209529 ) ;
#1170 = AXIS2_PLACEMENT_3D ( 'NONE', #982, #709, #1070 ) ;
#1171 = CARTESIAN_POINT ( 'NONE',  ( -20.09626054182323074, 20.00000000000001776, 8.000000000000007105 ) ) ;
#1172 = ADVANCED_FACE ( 'NONE', ( #1197 ), #942, .F. ) ;
#1173 = AXIS2_PLACEMENT_3D ( 'NONE', #1083, #833, #24 ) ;
#1174 = ORIENTED_EDGE ( 'NONE', *, *, #632, .T. ) ;
#1175 = DIRECTION ( 'NONE',  ( 0.000000000000000000, 0.000000000000000000, -1.000000000000000000 ) ) ;
#1176 = VECTOR ( 'NONE', #181, 1000.000000000000000 ) ;
#1177 = ORIENTED_EDGE ( 'NONE', *, *, #1286, .F. ) ;
#1178 = PLANE ( 'NONE',  #847 ) ;
#1179 = DIRECTION ( 'NONE',  ( 1.000000000000000000, -1.191794754487883104E-16, 0.000000000000000000 ) ) ;
#1180 =( GEOMETRIC_REPRESENTATION_CONTEXT ( 3 ) GLOBAL_UNCERTAINTY_ASSIGNED_CONTEXT ( ( #613 ) ) GLOBAL_UNIT_ASSIGNED_CONTEXT ( ( #1000, #1140, #1472 ) ) REPRESENTATION_CONTEXT ( 'NONE', 'WORKASPACE' ) );
#1181 = EDGE_LOOP ( 'NONE', ( #1308, #1385, #1402, #1380 ) ) ;
#1182 = DIRECTION ( 'NONE',  ( -1.000000000000000000, 0.000000000000000000, 0.000000000000000000 ) ) ;
#1183 = ORIENTED_EDGE ( 'NONE', *, *, #597, .F. ) ;
#1184 = CARTESIAN_POINT ( 'NONE',  ( -12.71626054182323173, 16.74999999999998579, 10.00000000000000888 ) ) ;
#1185 = EDGE_CURVE ( 'NONE', #756, #1047, #498, .T. ) ;
#1186 = CARTESIAN_POINT ( 'NONE',  ( 12.78373945817676294, -16.74999999999998579, 0.000000000000000000 ) ) ;
#1187 = PLANE ( 'NONE',  #289 ) ;
#1188 = ORIENTED_EDGE ( 'NONE', *, *, #801, .F. ) ;
#1189 = DIRECTION ( 'NONE',  ( 1.000000000000000000, 2.339273238500565194E-15, 0.000000000000000000 ) ) ;
#1190 = ORIENTED_EDGE ( 'NONE', *, *, #1185, .F. ) ;
#1191 = DIRECTION ( 'NONE',  ( 1.191794754487883104E-16, 1.000000000000000000, 0.000000000000000000 ) ) ;
#1192 = EDGE_CURVE ( 'NONE', #1129, #1097, #623, .T. ) ;
#1193 = ORIENTED_EDGE ( 'NONE', *, *, #416, .F. ) ;
#1194 = DIRECTION ( 'NONE',  ( 0.000000000000000000, 0.000000000000000000, 1.000000000000000000 ) ) ;
#1195 = CARTESIAN_POINT ( 'NONE',  ( -7.466260541823227292, 32.74999999999997158, 4.000000000000003553 ) ) ;
#1196 = ORIENTED_EDGE ( 'NONE', *, *, #208, .T. ) ;
#1197 = FACE_OUTER_BOUND ( 'NONE', #1095, .T. ) ;
#1198 = ORIENTED_EDGE ( 'NONE', *, *, #1203, .T. ) ;
#1199 = CARTESIAN_POINT ( 'NONE',  ( -7.466260541823227292, 16.74999999999998579, 4.000000000000003553 ) ) ;
#1200 = VECTOR ( 'NONE', #811, 1000.000000000000000 ) ;
#1201 = EDGE_CURVE ( 'NONE', #1118, #567, #1213, .T. ) ;
#1202 = FACE_OUTER_BOUND ( 'NONE', #216, .T. ) ;
#1203 = EDGE_CURVE ( 'NONE', #87, #805, #1443, .T. ) ;
#1204 = AXIS2_PLACEMENT_3D ( 'NONE', #388, #502, #609 ) ;
#1205 = DIRECTION ( 'NONE',  ( -1.000000000000000000, 0.000000000000000000, 0.000000000000000000 ) ) ;
#1206 = CARTESIAN_POINT ( 'NONE',  ( 29.81747891635355785, 29.78373945817677892, 0.000000000000000000 ) ) ;
#1207 = VERTEX_POINT ( 'NONE', #1093 ) ;
#1208 = CARTESIAN_POINT ( 'NONE',  ( 12.78373945817676294, 16.74999999999998579, 0.000000000000000000 ) ) ;
#1209 = VERTEX_POINT ( 'NONE', #40 ) ;
#1210 = EDGE_CURVE ( 'NONE', #698, #1498, #1433, .T. ) ;
#1211 = CARTESIAN_POINT ( 'NONE',  ( -22.64626054182323145, 0.000000000000000000, 8.000000000000007105 ) ) ;
#1212 = DIRECTION ( 'NONE',  ( 0.000000000000000000, 0.000000000000000000, 1.000000000000000000 ) ) ;
#1213 = LINE ( 'NONE', #960, #1044 ) ;
#1214 = EDGE_LOOP ( 'NONE', ( #573, #102, #733, #1056 ) ) ;
#1215 = DIRECTION ( 'NONE',  ( -0.000000000000000000, 0.000000000000000000, -1.000000000000000000 ) ) ;
#1216 = CIRCLE ( 'NONE', #1410, 3.700000000000001954 ) ;
#1217 = CYLINDRICAL_SURFACE ( 'NONE', #387, 2.550000000000000266 ) ;
#1218 = VECTOR ( 'NONE', #688, 1000.000000000000000 ) ;
#1219 = DIRECTION ( 'NONE',  ( -1.000000000000000000, 0.000000000000000000, 0.000000000000000000 ) ) ;
#1220 = CARTESIAN_POINT ( 'NONE',  ( -4.716260541823220187, 26.19999999999997442, 8.000000000000007105 ) ) ;
#1221 = ADVANCED_FACE ( 'NONE', ( #505 ), #819, .F. ) ;
#1222 = ORIENTED_EDGE ( 'NONE', *, *, #1365, .F. ) ;
#1223 = DIRECTION ( 'NONE',  ( 0.000000000000000000, 0.000000000000000000, 1.000000000000000000 ) ) ;
#1224 = ORIENTED_EDGE ( 'NONE', *, *, #1482, .F. ) ;
#1225 = AXIS2_PLACEMENT_3D ( 'NONE', #122, #704, #368 ) ;
#1226 = DIRECTION ( 'NONE',  ( -0.000000000000000000, 0.000000000000000000, -1.000000000000000000 ) ) ;
#1227 = AXIS2_PLACEMENT_3D ( 'NONE', #1266, #1359, #641 ) ;
#1228 = FILL_AREA_STYLE_COLOUR ( '', #926 ) ;
#1229 = LINE ( 'NONE', #1267, #577 ) ;
#1230 = LINE ( 'NONE', #185, #661 ) ;
#1231 = ORIENTED_EDGE ( 'NONE', *, *, #1055, .T. ) ;
#1232 = DIRECTION ( 'NONE',  ( -1.000000000000000000, 0.000000000000000000, 0.000000000000000000 ) ) ;
#1233 = PRESENTATION_LAYER_ASSIGNMENT (  '', '', ( #246 ) ) ;
#1234 = EDGE_CURVE ( 'NONE', #153, #901, #479, .T. ) ;
#1235 = ORIENTED_EDGE ( 'NONE', *, *, #467, .F. ) ;
#1236 = DIRECTION ( 'NONE',  ( 0.000000000000000000, 0.000000000000000000, 1.000000000000000000 ) ) ;
#1237 = DIRECTION ( 'NONE',  ( 1.000000000000000000, 5.337610695313253357E-16, 0.000000000000000000 ) ) ;
#1238 = CARTESIAN_POINT ( 'NONE',  ( -32.71626054182322463, -22.74999999999993605, 8.000000000000007105 ) ) ;
#1239 = EDGE_LOOP ( 'NONE', ( #307, #1017, #962, #996 ) ) ;
#1240 = DIRECTION ( 'NONE',  ( -0.000000000000000000, 0.000000000000000000, -1.000000000000000000 ) ) ;
#1241 = ORIENTED_EDGE ( 'NONE', *, *, #76, .T. ) ;
#1242 = CARTESIAN_POINT ( 'NONE',  ( -22.71626054182324239, -32.75000000000000000, 0.000000000000000000 ) ) ;
#1243 = EDGE_CURVE ( 'NONE', #1097, #327, #1417, .T. ) ;
#1244 = CARTESIAN_POINT ( 'NONE',  ( -12.71626054182323173, -16.74999999999998579, 0.000000000000000000 ) ) ;
#1245 = AXIS2_PLACEMENT_3D ( 'NONE', #997, #871, #322 ) ;
#1246 = LINE ( 'NONE', #517, #527 ) ;
#1247 = DIRECTION ( 'NONE',  ( 1.000000000000000000, 0.000000000000000000, 0.000000000000000000 ) ) ;
#1248 = VERTEX_POINT ( 'NONE', #1305 ) ;
#1249 = AXIS2_PLACEMENT_3D ( 'NONE', #605, #622, #853 ) ;
#1250 = CARTESIAN_POINT ( 'NONE',  ( 7.533739458176757608, -16.74999999999998579, 10.00000000000000888 ) ) ;
#1251 = ORIENTED_EDGE ( 'NONE', *, *, #351, .F. ) ;
#1252 = CYLINDRICAL_SURFACE ( 'NONE', #1515, 2.550000000000000266 ) ;
#1253 = AXIS2_PLACEMENT_3D ( 'NONE', #184, #525, #1219 ) ;
#1254 = EDGE_CURVE ( 'NONE', #602, #903, #1230, .T. ) ;
#1255 = CYLINDRICAL_SURFACE ( 'NONE', #875, 1.499999999999996225 ) ;
#1256 = ORIENTED_EDGE ( 'NONE', *, *, #1012, .T. ) ;
#1257 = LINE ( 'NONE', #1250, #569 ) ;
#1258 = ORIENTED_EDGE ( 'NONE', *, *, #1003, .F. ) ;
#1259 = MECHANICAL_DESIGN_GEOMETRIC_PRESENTATION_REPRESENTATION (  '', ( #246 ), #582 ) ;
#1260 = CARTESIAN_POINT ( 'NONE',  ( 0.000000000000000000, 32.74999999999997158, 8.000000000000007105 ) ) ;
#1261 = EDGE_CURVE ( 'NONE', #385, #386, #629, .T. ) ;
#1262 = LINE ( 'NONE', #804, #1148 ) ;
#1263 = ORIENTED_EDGE ( 'NONE', *, *, #597, .T. ) ;
#1264 = CARTESIAN_POINT ( 'NONE',  ( -17.54626054182323003, 3.122849337825749926E-16, 8.000000000000007105 ) ) ;
#1265 = ORIENTED_EDGE ( 'NONE', *, *, #125, .T. ) ;
#1266 = CARTESIAN_POINT ( 'NONE',  ( -20.09626054182323074, -20.00000000000001776, 8.000000000000007105 ) ) ;
#1267 = CARTESIAN_POINT ( 'NONE',  ( -3.216260541823223740, 24.69999999999997087, 8.000000000000007105 ) ) ;
#1268 = ORIENTED_EDGE ( 'NONE', *, *, #1234, .F. ) ;
#1269 = PLANE ( 'NONE',  #937 ) ;
#1270 = EDGE_CURVE ( 'NONE', #3, #1120, #755, .T. ) ;
#1271 = STYLED_ITEM ( 'NONE', ( #34 ), #750 ) ;
#1272 = VERTEX_POINT ( 'NONE', #1238 ) ;
#1273 = LINE ( 'NONE', #1302, #1019 ) ;
#1274 = DIRECTION ( 'NONE',  ( -0.000000000000000000, 0.000000000000000000, -1.000000000000000000 ) ) ;
#1275 = VECTOR ( 'NONE', #1341, 1000.000000000000000 ) ;
#1276 = ORIENTED_EDGE ( 'NONE', *, *, #224, .T. ) ;
#1277 = CARTESIAN_POINT ( 'NONE',  ( -22.71626054182321397, 32.74999999999997158, 8.000000000000007105 ) ) ;
#1278 = VERTEX_POINT ( 'NONE', #877 ) ;
#1279 = CARTESIAN_POINT ( 'NONE',  ( -3.216260541823223740, 27.69999999999997442, 8.000000000000007105 ) ) ;
#1280 = EDGE_CURVE ( 'NONE', #1086, #232, #1058, .T. ) ;
#1281 = DIRECTION ( 'NONE',  ( -0.000000000000000000, 0.000000000000000000, -1.000000000000000000 ) ) ;
#1282 = VERTEX_POINT ( 'NONE', #636 ) ;
#1283 = CARTESIAN_POINT ( 'NONE',  ( 32.78373945817675406, 29.78373945817677892, 0.000000000000000000 ) ) ;
#1284 = ORIENTED_EDGE ( 'NONE', *, *, #1085, .T. ) ;
#1285 = DIRECTION ( 'NONE',  ( -0.000000000000000000, 0.000000000000000000, -1.000000000000000000 ) ) ;
#1286 = EDGE_CURVE ( 'NONE', #1501, #3, #1013, .T. ) ;
#1287 = DIRECTION ( 'NONE',  ( 0.000000000000000000, 0.000000000000000000, 1.000000000000000000 ) ) ;
#1288 = ORIENTED_EDGE ( 'NONE', *, *, #719, .F. ) ;
#1289 = LINE ( 'NONE', #118, #1435 ) ;
#1290 = AXIS2_PLACEMENT_3D ( 'NONE', #550, #566, #1027 ) ;
#1291 = EDGE_LOOP ( 'NONE', ( #1235, #1476, #469, #1327, #1265 ) ) ;
#1292 = CARTESIAN_POINT ( 'NONE',  ( 7.533739458176757608, 16.74999999999998579, 10.00000000000000888 ) ) ;
#1293 = AXIS2_PLACEMENT_3D ( 'NONE', #330, #105, #1506 ) ;
#1294 = AXIS2_PLACEMENT_3D ( 'NONE', #470, #152, #144 ) ;
#1295 = CARTESIAN_POINT ( 'NONE',  ( 23.33373945817676898, -20.00000000000001776, 8.000000000000007105 ) ) ;
#1296 = EDGE_CURVE ( 'NONE', #1042, #264, #738, .T. ) ;
#1297 = AXIS2_PLACEMENT_3D ( 'NONE', #543, #789, #797 ) ;
#1298 = EDGE_LOOP ( 'NONE', ( #869, #1324, #401, #242 ) ) ;
#1299 = CARTESIAN_POINT ( 'NONE',  ( -20.09626054182323074, 0.000000000000000000, 8.000000000000007105 ) ) ;
#1300 = VECTOR ( 'NONE', #772, 1000.000000000000000 ) ;
#1301 = EDGE_LOOP ( 'NONE', ( #202, #84, #227, #587 ) ) ;
#1302 = CARTESIAN_POINT ( 'NONE',  ( 7.533739458176757608, 32.74999999999997158, 4.000000000000003553 ) ) ;
#1303 = CYLINDRICAL_SURFACE ( 'NONE', #1513, 2.550000000000000266 ) ;
#1304 = VERTEX_POINT ( 'NONE', #1126 ) ;
#1305 = CARTESIAN_POINT ( 'NONE',  ( -32.71626054182322463, 22.74999999999999289, 0.000000000000000000 ) ) ;
#1306 = ORIENTED_EDGE ( 'NONE', *, *, #801, .T. ) ;
#1307 = CARTESIAN_POINT ( 'NONE',  ( -23.79626054182323003, 20.00000000000001776, 8.000000000000007105 ) ) ;
#1308 = ORIENTED_EDGE ( 'NONE', *, *, #1280, .T. ) ;
#1309 = CARTESIAN_POINT ( 'NONE',  ( 3.250000000000030642, -27.70000000000000284, 8.000000000000007105 ) ) ;
#1310 = DIRECTION ( 'NONE',  ( 1.191794754487883104E-16, 1.000000000000000000, 0.000000000000000000 ) ) ;
#1311 = VERTEX_POINT ( 'NONE', #1110 ) ;
#1312 = CARTESIAN_POINT ( 'NONE',  ( -3.216260541823223740, 24.69999999999997087, 4.000000000000003553 ) ) ;
#1313 = ADVANCED_FACE ( 'NONE', ( #1483 ), #1336, .F. ) ;
#1314 = ORIENTED_EDGE ( 'NONE', *, *, #1482, .T. ) ;
#1315 =( NAMED_UNIT ( * ) PLANE_ANGLE_UNIT ( ) SI_UNIT ( $, .RADIAN. ) );
#1316 = EDGE_CURVE ( 'NONE', #1501, #903, #75, .T. ) ;
#1317 = CARTESIAN_POINT ( 'NONE',  ( -20.09626054182323074, -20.00000000000001776, 8.000000000000007105 ) ) ;
#1318 = DIRECTION ( 'NONE',  ( 1.000000000000000000, 0.000000000000000000, 0.000000000000000000 ) ) ;
#1319 = DIRECTION ( 'NONE',  ( 1.000000000000000000, 0.000000000000000000, 0.000000000000000000 ) ) ;
#1320 = AXIS2_PLACEMENT_3D ( 'NONE', #394, #958, #1454 ) ;
#1321 = VERTEX_POINT ( 'NONE', #1220 ) ;
#1322 = CARTESIAN_POINT ( 'NONE',  ( 20.78373945817676827, 0.000000000000000000, 0.000000000000000000 ) ) ;
#1323 = AXIS2_PLACEMENT_3D ( 'NONE', #358, #815, #114 ) ;
#1324 = ORIENTED_EDGE ( 'NONE', *, *, #1145, .T. ) ;
#1325 = FACE_OUTER_BOUND ( 'NONE', #812, .T. ) ;
#1326 = CIRCLE ( 'NONE', #952, 2.550000000000000266 ) ;
#1327 = ORIENTED_EDGE ( 'NONE', *, *, #13, .F. ) ;
#1328 = DIRECTION ( 'NONE',  ( 0.000000000000000000, 1.000000000000000000, 0.000000000000000000 ) ) ;
#1329 = PRODUCT_DEFINITION_CONTEXT ( 'detailed design', #63, 'design' ) ;
#1330 = ORIENTED_EDGE ( 'NONE', *, *, #49, .T. ) ;
#1331 = FILL_AREA_STYLE ('',( #481 ) ) ;
#1332 = ORIENTED_EDGE ( 'NONE', *, *, #783, .T. ) ;
#1333 = DIRECTION ( 'NONE',  ( 1.000000000000000000, 2.339273238500565194E-15, 0.000000000000000000 ) ) ;
#1334 = EDGE_CURVE ( 'NONE', #1004, #1485, #861, .T. ) ;
#1335 = CARTESIAN_POINT ( 'NONE',  ( -2.775557561562891351E-14, 27.69999999999997442, 8.000000000000007105 ) ) ;
#1336 = CYLINDRICAL_SURFACE ( 'NONE', #484, 2.550000000000000266 ) ;
#1337 = VECTOR ( 'NONE', #1333, 1000.000000000000000 ) ;
#1338 = VERTEX_POINT ( 'NONE', #287 ) ;
#1339 = CARTESIAN_POINT ( 'NONE',  ( 7.533739458176757608, -32.75000000000000000, 4.000000000000003553 ) ) ;
#1340 = EDGE_LOOP ( 'NONE', ( #50, #907, #1088, #1459 ) ) ;
#1341 = DIRECTION ( 'NONE',  ( -0.000000000000000000, 0.000000000000000000, -1.000000000000000000 ) ) ;
#1342 = AXIS2_PLACEMENT_3D ( 'NONE', #207, #1041, #110 ) ;
#1343 = PRODUCT_CONTEXT ( 'NONE', #1034, 'mechanical' ) ;
#1344 = FACE_OUTER_BOUND ( 'NONE', #855, .T. ) ;
#1345 = CARTESIAN_POINT ( 'NONE',  ( 20.78373945817676827, -20.00000000000001776, 8.000000000000007105 ) ) ;
#1346 = VECTOR ( 'NONE', #829, 1000.000000000000000 ) ;
#1347 = ADVANCED_FACE ( 'NONE', ( #1102, #644, #1009, #995, #66, #886, #420, #655, #986, #48 ), #1362, .T. ) ;
#1348 = VERTEX_POINT ( 'NONE', #747 ) ;
#1349 = LINE ( 'NONE', #529, #1372 ) ;
#1350 = VERTEX_POINT ( 'NONE', #1458 ) ;
#1351 = AXIS2_PLACEMENT_3D ( 'NONE', #173, #864, #231 ) ;
#1352 = DIRECTION ( 'NONE',  ( 0.000000000000000000, 0.000000000000000000, 1.000000000000000000 ) ) ;
#1353 = EDGE_CURVE ( 'NONE', #580, #1278, #1422, .T. ) ;
#1354 = CARTESIAN_POINT ( 'NONE',  ( 3.283739458176782033, 24.69999999999997087, 8.000000000000007105 ) ) ;
#1355 = CARTESIAN_POINT ( 'NONE',  ( 0.000000000000000000, 0.000000000000000000, 8.000000000000007105 ) ) ;
#1356 = ORIENTED_EDGE ( 'NONE', *, *, #31, .F. ) ;
#1357 = DIRECTION ( 'NONE',  ( -0.000000000000000000, 0.000000000000000000, -1.000000000000000000 ) ) ;
#1358 = ORIENTED_EDGE ( 'NONE', *, *, #459, .T. ) ;
#1359 = DIRECTION ( 'NONE',  ( 0.000000000000000000, 0.000000000000000000, 1.000000000000000000 ) ) ;
#1360 = DIRECTION ( 'NONE',  ( 0.000000000000000000, 0.000000000000000000, 1.000000000000000000 ) ) ;
#1361 = DIRECTION ( 'NONE',  ( -1.000000000000000000, -5.337610695313254343E-16, 0.000000000000000000 ) ) ;
#1362 = PLANE ( 'NONE',  #1103 ) ;
#1363 = VERTEX_POINT ( 'NONE', #839 ) ;
#1364 = DIRECTION ( 'NONE',  ( 0.000000000000000000, 0.000000000000000000, 1.000000000000000000 ) ) ;
#1365 = EDGE_CURVE ( 'NONE', #220, #26, #626, .T. ) ;
#1366 = ORIENTED_EDGE ( 'NONE', *, *, #49, .F. ) ;
#1367 = CARTESIAN_POINT ( 'NONE',  ( -22.71626054182324239, -32.75000000000000000, 0.000000000000000000 ) ) ;
#1368 = EDGE_CURVE ( 'NONE', #357, #162, #381, .T. ) ;
#1369 = DIRECTION ( 'NONE',  ( 1.000000000000000000, 1.164879566860808478E-16, 0.000000000000000000 ) ) ;
#1370 = VECTOR ( 'NONE', #677, 1000.000000000000000 ) ;
#1371 = ORIENTED_EDGE ( 'NONE', *, *, #490, .F. ) ;
#1372 = VECTOR ( 'NONE', #639, 1000.000000000000000 ) ;
#1373 = FACE_OUTER_BOUND ( 'NONE', #879, .T. ) ;
#1374 = ORIENTED_EDGE ( 'NONE', *, *, #911, .T. ) ;
#1375 = LINE ( 'NONE', #546, #382 ) ;
#1376 = VECTOR ( 'NONE', #65, 1000.000000000000000 ) ;
#1377 = CIRCLE ( 'NONE', #198, 1.500000000000001332 ) ;
#1378 = DIRECTION ( 'NONE',  ( -0.000000000000000000, 0.000000000000000000, -1.000000000000000000 ) ) ;
#1379 = PLANE ( 'NONE',  #1245 ) ;
#1380 = ORIENTED_EDGE ( 'NONE', *, *, #109, .F. ) ;
#1381 = LINE ( 'NONE', #522, #900 ) ;
#1382 = EDGE_CURVE ( 'NONE', #1278, #151, #721, .T. ) ;
#1383 = EDGE_LOOP ( 'NONE', ( #620, #1509 ) ) ;
#1384 = CARTESIAN_POINT ( 'NONE',  ( 32.78373945817675406, -29.78373945817680379, 8.000000000000007105 ) ) ;
#1385 = ORIENTED_EDGE ( 'NONE', *, *, #257, .T. ) ;
#1386 = FACE_OUTER_BOUND ( 'NONE', #1408, .T. ) ;
#1387 = PLANE ( 'NONE',  #1297 ) ;
#1388 = ORIENTED_EDGE ( 'NONE', *, *, #973, .T. ) ;
#1389 = CARTESIAN_POINT ( 'NONE',  ( -7.466260541823227292, 16.74999999999998579, 10.00000000000000888 ) ) ;
#1390 = ADVANCED_FACE ( 'NONE', ( #1202 ), #1217, .F. ) ;
#1391 = ORIENTED_EDGE ( 'NONE', *, *, #62, .T. ) ;
#1392 = CARTESIAN_POINT ( 'NONE',  ( 29.81747891635355785, 32.74999999999997158, 8.000000000000007105 ) ) ;
#1393 = LINE ( 'NONE', #455, #432 ) ;
#1394 = AXIS2_PLACEMENT_3D ( 'NONE', #959, #1432, #1318 ) ;
#1395 = ADVANCED_FACE ( 'NONE', ( #140, #1089 ), #275, .T. ) ;
#1396 = ORIENTED_EDGE ( 'NONE', *, *, #45, .F. ) ;
#1397 = CARTESIAN_POINT ( 'NONE',  ( 7.533739458176757608, -32.75000000000000000, 4.000000000000003553 ) ) ;
#1398 = EDGE_CURVE ( 'NONE', #151, #493, #482, .T. ) ;
#1399 = ORIENTED_EDGE ( 'NONE', *, *, #425, .T. ) ;
#1400 = DIRECTION ( 'NONE',  ( -1.000000000000000000, 0.000000000000000000, 0.000000000000000000 ) ) ;
#1401 = FACE_OUTER_BOUND ( 'NONE', #1181, .T. ) ;
#1402 = ORIENTED_EDGE ( 'NONE', *, *, #433, .T. ) ;
#1403 = FACE_OUTER_BOUND ( 'NONE', #663, .T. ) ;
#1404 = ORIENTED_EDGE ( 'NONE', *, *, #325, .T. ) ;
#1405 = LINE ( 'NONE', #1292, #1370 ) ;
#1406 = ADVANCED_FACE ( 'NONE', ( #1325 ), #734, .T. ) ;
#1407 = FACE_OUTER_BOUND ( 'NONE', #94, .T. ) ;
#1408 = EDGE_LOOP ( 'NONE', ( #748, #956, #1053, #35 ) ) ;
#1409 = DIRECTION ( 'NONE',  ( -0.000000000000000000, 0.000000000000000000, -1.000000000000000000 ) ) ;
#1410 = AXIS2_PLACEMENT_3D ( 'NONE', #1460, #1119, #305 ) ;
#1411 = EDGE_LOOP ( 'NONE', ( #244, #512, #1452, #399 ) ) ;
#1412 = CARTESIAN_POINT ( 'NONE',  ( 3.283739458176754056, 27.69999999999997442, 8.000000000000007105 ) ) ;
#1413 = AXIS2_PLACEMENT_3D ( 'NONE', #20, #955, #1079 ) ;
#1414 = FACE_BOUND ( 'NONE', #561, .T. ) ;
#1415 = CIRCLE ( 'NONE', #1024, 2.550000000000000266 ) ;
#1416 = ORIENTED_EDGE ( 'NONE', *, *, #146, .T. ) ;
#1417 = LINE ( 'NONE', #364, #1153 ) ;
#1418 = AXIS2_PLACEMENT_3D ( 'NONE', #204, #1236, #410 ) ;
#1419 = VERTEX_POINT ( 'NONE', #367 ) ;
#1420 = CYLINDRICAL_SURFACE ( 'NONE', #969, 3.700000000000001954 ) ;
#1421 = EDGE_LOOP ( 'NONE', ( #1174, #964 ) ) ;
#1422 = CIRCLE ( 'NONE', #134, 2.550000000000000266 ) ;
#1423 = DIRECTION ( 'NONE',  ( 0.000000000000000000, 0.000000000000000000, 1.000000000000000000 ) ) ;
#1424 = DIRECTION ( 'NONE',  ( -1.000000000000000000, 0.000000000000000000, 0.000000000000000000 ) ) ;
#1425 = AXIS2_PLACEMENT_3D ( 'NONE', #977, #46, #1081 ) ;
#1426 = EDGE_CURVE ( 'NONE', #1442, #1042, #21, .T. ) ;
#1427 = LINE ( 'NONE', #611, #71 ) ;
#1428 = CARTESIAN_POINT ( 'NONE',  ( -16.39626054182322790, -20.00000000000001776, 8.000000000000007105 ) ) ;
#1429 = EDGE_CURVE ( 'NONE', #499, #1272, #599, .T. ) ;
#1430 = ORIENTED_EDGE ( 'NONE', *, *, #1210, .T. ) ;
#1431 = FACE_OUTER_BOUND ( 'NONE', #521, .T. ) ;
#1432 = DIRECTION ( 'NONE',  ( 0.000000000000000000, 0.000000000000000000, 1.000000000000000000 ) ) ;
#1433 = LINE ( 'NONE', #374, #840 ) ;
#1434 = ORIENTED_EDGE ( 'NONE', *, *, #1082, .F. ) ;
#1435 = VECTOR ( 'NONE', #342, 1000.000000000000000 ) ;
#1436 = LINE ( 'NONE', #836, #285 ) ;
#1437 = ADVANCED_FACE ( 'NONE', ( #372 ), #37, .F. ) ;
#1438 = AXIS2_PLACEMENT_3D ( 'NONE', #355, #680, #669 ) ;
#1439 = AXIS2_PLACEMENT_3D ( 'NONE', #1057, #120, #4 ) ;
#1440 = DIRECTION ( 'NONE',  ( -1.000000000000000000, 0.000000000000000000, 0.000000000000000000 ) ) ;
#1441 =( GEOMETRIC_REPRESENTATION_CONTEXT ( 3 ) GLOBAL_UNCERTAINTY_ASSIGNED_CONTEXT ( ( #32 ) ) GLOBAL_UNIT_ASSIGNED_CONTEXT ( ( #862, #1315, #716 ) ) REPRESENTATION_CONTEXT ( 'NONE', 'WORKASPACE' ) );
#1442 = VERTEX_POINT ( 'NONE', #1073 ) ;
#1443 = LINE ( 'NONE', #618, #649 ) ;
#1444 = AXIS2_PLACEMENT_3D ( 'NONE', #1195, #141, #22 ) ;
#1445 = ORIENTED_EDGE ( 'NONE', *, *, #1243, .F. ) ;
#1446 = DIRECTION ( 'NONE',  ( 0.000000000000000000, 1.000000000000000000, 0.000000000000000000 ) ) ;
#1447 = EDGE_CURVE ( 'NONE', #87, #882, #28, .T. ) ;
#1448 = DIRECTION ( 'NONE',  ( 1.000000000000000000, 0.000000000000000000, 0.000000000000000000 ) ) ;
#1449 = VECTOR ( 'NONE', #523, 1000.000000000000000 ) ;
#1450 = DIRECTION ( 'NONE',  ( -0.000000000000000000, 0.000000000000000000, -1.000000000000000000 ) ) ;
#1451 = CARTESIAN_POINT ( 'NONE',  ( -32.71626054182322463, 0.000000000000000000, 8.000000000000007105 ) ) ;
#1452 = ORIENTED_EDGE ( 'NONE', *, *, #563, .F. ) ;
#1453 = VERTEX_POINT ( 'NONE', #1186 ) ;
#1454 = DIRECTION ( 'NONE',  ( -1.000000000000000000, 0.000000000000000000, 0.000000000000000000 ) ) ;
#1455 = CARTESIAN_POINT ( 'NONE',  ( -20.09626054182323074, -20.00000000000001776, 8.000000000000007105 ) ) ;
#1456 = EDGE_CURVE ( 'NONE', #726, #1159, #1052, .T. ) ;
#1457 = DIRECTION ( 'NONE',  ( -1.000000000000000000, 0.000000000000000000, 0.000000000000000000 ) ) ;
#1458 = CARTESIAN_POINT ( 'NONE',  ( 18.23373945817677111, -20.00000000000001776, 8.000000000000007105 ) ) ;
#1459 = ORIENTED_EDGE ( 'NONE', *, *, #1478, .F. ) ;
#1460 = CARTESIAN_POINT ( 'NONE',  ( -20.09626054182323074, -20.00000000000001776, 0.000000000000000000 ) ) ;
#1461 = ORIENTED_EDGE ( 'NONE', *, *, #728, .T. ) ;
#1462 = DIRECTION ( 'NONE',  ( -0.000000000000000000, 0.000000000000000000, -1.000000000000000000 ) ) ;
#1463 = VECTOR ( 'NONE', #1328, 1000.000000000000000 ) ;
#1464 = AXIS2_PLACEMENT_3D ( 'NONE', #178, #1018, #1232 ) ;
#1465 = CARTESIAN_POINT ( 'NONE',  ( -3.250000000000002665, -24.69999999999999929, 8.000000000000007105 ) ) ;
#1466 = DIRECTION ( 'NONE',  ( 1.000000000000000000, 0.000000000000000000, 0.000000000000000000 ) ) ;
#1467 = ORIENTED_EDGE ( 'NONE', *, *, #106, .T. ) ;
#1468 = LINE ( 'NONE', #409, #89 ) ;
#1469 = ORIENTED_EDGE ( 'NONE', *, *, #524, .F. ) ;
#1470 = CIRCLE ( 'NONE', #315, 1.499999999999996669 ) ;
#1471 = LINE ( 'NONE', #666, #553 ) ;
#1472 =( NAMED_UNIT ( * ) SI_UNIT ( $, .STERADIAN. ) SOLID_ANGLE_UNIT ( ) );
#1473 = CARTESIAN_POINT ( 'NONE',  ( -32.71626054182322463, 22.74999999999999289, 8.000000000000007105 ) ) ;
#1474 = CARTESIAN_POINT ( 'NONE',  ( -3.250000000000002665, -26.20000000000000284, 8.000000000000007105 ) ) ;
#1475 = ADVANCED_FACE ( 'NONE', ( #1431 ), #1065, .F. ) ;
#1476 = ORIENTED_EDGE ( 'NONE', *, *, #637, .F. ) ;
#1477 = CARTESIAN_POINT ( 'NONE',  ( 23.33373945817676898, -20.00000000000001776, 8.000000000000007105 ) ) ;
#1478 = EDGE_CURVE ( 'NONE', #282, #549, #1326, .T. ) ;
#1479 = ORIENTED_EDGE ( 'NONE', *, *, #1368, .T. ) ;
#1480 = CARTESIAN_POINT ( 'NONE',  ( -3.250000000000002665, -26.20000000000000284, 4.000000000000003553 ) ) ;
#1481 = DIRECTION ( 'NONE',  ( -0.000000000000000000, 0.000000000000000000, -1.000000000000000000 ) ) ;
#1482 = EDGE_CURVE ( 'NONE', #567, #357, #475, .T. ) ;
#1483 = FACE_OUTER_BOUND ( 'NONE', #483, .T. ) ;
#1484 = AXIS2_PLACEMENT_3D ( 'NONE', #1474, #390, #405 ) ;
#1485 = VERTEX_POINT ( 'NONE', #261 ) ;
#1486 = LINE ( 'NONE', #631, #235 ) ;
#1487 = ORIENTED_EDGE ( 'NONE', *, *, #490, .T. ) ;
#1488 = DIRECTION ( 'NONE',  ( 0.000000000000000000, 0.000000000000000000, 1.000000000000000000 ) ) ;
#1489 = CARTESIAN_POINT ( 'NONE',  ( 7.533739458176757608, 32.74999999999997158, 4.000000000000003553 ) ) ;
#1490 = AXIS2_PLACEMENT_3D ( 'NONE', #25, #489, #1319 ) ;
#1491 = ORIENTED_EDGE ( 'NONE', *, *, #379, .F. ) ;
#1492 = PLANE ( 'NONE',  #280 ) ;
#1493 = VERTEX_POINT ( 'NONE', #711 ) ;
#1494 = LINE ( 'NONE', #1260, #627 ) ;
#1495 = EDGE_CURVE ( 'NONE', #1086, #983, #762, .T. ) ;
#1496 = CIRCLE ( 'NONE', #1418, 2.550000000000000266 ) ;
#1497 = FACE_BOUND ( 'NONE', #186, .T. ) ;
#1498 = VERTEX_POINT ( 'NONE', #1244 ) ;
#1499 = AXIS2_PLACEMENT_3D ( 'NONE', #1299, #243, #1182 ) ;
#1500 = CARTESIAN_POINT ( 'NONE',  ( -3.250000000000002665, -27.70000000000000284, 8.000000000000007105 ) ) ;
#1501 = VERTEX_POINT ( 'NONE', #426 ) ;
#1502 = LINE ( 'NONE', #223, #111 ) ;
#1503 = EDGE_CURVE ( 'NONE', #514, #698, #651, .T. ) ;
#1504 = DIRECTION ( 'NONE',  ( 0.000000000000000000, 0.000000000000000000, 1.000000000000000000 ) ) ;
#1505 = ORIENTED_EDGE ( 'NONE', *, *, #1316, .F. ) ;
#1506 = DIRECTION ( 'NONE',  ( 1.191794754487883104E-16, 1.000000000000000000, 0.000000000000000000 ) ) ;
#1507 = PRODUCT_DEFINITION ( 'UNKNOWN', '', #121, #1329 ) ;
#1508 = CARTESIAN_POINT ( 'NONE',  ( 7.533739458176757608, -32.75000000000000000, 0.000000000000000000 ) ) ;
#1509 = ORIENTED_EDGE ( 'NONE', *, *, #436, .F. ) ;
#1510 = CARTESIAN_POINT ( 'NONE',  ( 0.000000000000000000, 0.000000000000000000, 4.000000000000003553 ) ) ;
#1511 = ORIENTED_EDGE ( 'NONE', *, *, #973, .F. ) ;
#1512 = LINE ( 'NONE', #923, #816 ) ;
#1513 = AXIS2_PLACEMENT_3D ( 'NONE', #353, #1226, #1424 ) ;
#1514 = CARTESIAN_POINT ( 'NONE',  ( -3.250000000000002665, -27.70000000000000284, 4.000000000000003553 ) ) ;
#1515 = AXIS2_PLACEMENT_3D ( 'NONE', #81, #199, #660 ) ;
#1516 = ORIENTED_EDGE ( 'NONE', *, *, #150, .F. ) ;
#1517 = CARTESIAN_POINT ( 'NONE',  ( -7.466260541823227292, -16.74999999999998579, 10.00000000000000888 ) ) ;
#1518 = ORIENTED_EDGE ( 'NONE', *, *, #610, .T. ) ;
#1519 = PLANE ( 'NONE',  #1413 ) ;
#1520 = EDGE_CURVE ( 'NONE', #1311, #1049, #190, .T. ) ;
#1521 = VECTOR ( 'NONE', #616, 1000.000000000000000 ) ;
#1522 = FACE_OUTER_BOUND ( 'NONE', #138, .T. ) ;
ENDSEC;
END-ISO-10303-21;
