ISO-10303-21;
HEADER;
FILE_DESCRIPTION (( 'STEP AP214' ),
    '1' );
FILE_NAME ('MotorMount.STEP',
    '2024-04-22T20:18:48',
    ( '' ),
    ( '' ),
    'SwSTEP 2.0',
    'SolidWorks 2022',
    '' );
FILE_SCHEMA (( 'AUTOMOTIVE_DESIGN' ));
ENDSEC;

DATA;
#1 = AXIS2_PLACEMENT_3D ( 'NONE', #2600, #2634, #969 ) ;
#2 = ORIENTED_EDGE ( 'NONE', *, *, #500, .F. ) ;
#3 = CIRCLE ( 'NONE', #2423, 2.049999999999999822 ) ;
#4 = CARTESIAN_POINT ( 'NONE',  ( -29.80000000000000071, -33.38501884962746402, 30.00000000000002132 ) ) ;
#5 = ORIENTED_EDGE ( 'NONE', *, *, #1727, .F. ) ;
#6 = DIRECTION ( 'NONE',  ( -1.000000000000000000, -1.156482317317871725E-16, 0.000000000000000000 ) ) ;
#8 = CARTESIAN_POINT ( 'NONE',  ( -20.19999999999999929, -33.38501884962746402, 10.00000000000003020 ) ) ;
#7 = VECTOR ( 'NONE', #3281, 1000.000000000000000 ) ;
#9 = DIRECTION ( 'NONE',  ( -0.000000000000000000, 1.000000000000000000, -0.000000000000000000 ) ) ;
#10 = CARTESIAN_POINT ( 'NONE',  ( -18.70000000000000995, -33.38501884962746402, 10.00000000000003020 ) ) ;
#11 = AXIS2_PLACEMENT_3D ( 'NONE', #1397, #1654, #1692 ) ;
#12 = FACE_OUTER_BOUND ( 'NONE', #3000, .T. ) ;
#13 = CONICAL_SURFACE ( 'NONE', #1915, 4.049999999999977618, 0.7853981633974445042 ) ;
#14 = EDGE_CURVE ( 'NONE', #1809, #947, #1712, .T. ) ;
#15 = ORIENTED_EDGE ( 'NONE', *, *, #1704, .F. ) ;
#16 = FACE_OUTER_BOUND ( 'NONE', #1126, .T. ) ;
#17 = DIRECTION ( 'NONE',  ( 0.000000000000000000, 0.000000000000000000, 1.000000000000000000 ) ) ;
#18 = DIRECTION ( 'NONE',  ( 0.000000000000000000, 0.000000000000000000, -1.000000000000000000 ) ) ;
#19 = CIRCLE ( 'NONE', #527, 2.550000000000006928 ) ;
#20 = ORIENTED_EDGE ( 'NONE', *, *, #2188, .F. ) ;
#21 = AXIS2_PLACEMENT_3D ( 'NONE', #243, #1362, #2708 ) ;
#22 = VERTEX_POINT ( 'NONE', #2226 ) ;
#23 = CARTESIAN_POINT ( 'NONE',  ( -20.19999999999999929, -33.38501884962746402, 44.05000000000001137 ) ) ;
#24 = AXIS2_PLACEMENT_3D ( 'NONE', #2701, #3562, #767 ) ;
#25 = ADVANCED_FACE ( 'NONE', ( #1950, #580, #1680, #3340, #2787, #305 ), #3079, .F. ) ;
#26 = ORIENTED_EDGE ( 'NONE', *, *, #2735, .F. ) ;
#27 = LINE ( 'NONE', #1124, #3470 ) ;
#28 = ORIENTED_EDGE ( 'NONE', *, *, #2623, .T. ) ;
#29 = FACE_OUTER_BOUND ( 'NONE', #202, .T. ) ;
#30 = DIRECTION ( 'NONE',  ( 0.000000000000000000, 0.000000000000000000, 1.000000000000000000 ) ) ;
#31 = FACE_BOUND ( 'NONE', #459, .T. ) ;
#32 = CARTESIAN_POINT ( 'NONE',  ( -18.70000000000000639, -30.83501884962746331, 20.00000000000002487 ) ) ;
#33 = EDGE_CURVE ( 'NONE', #1464, #3413, #2632, .T. ) ;
#34 = EDGE_LOOP ( 'NONE', ( #1058, #90, #1702, #3032, #1745 ) ) ;
#35 = DIRECTION ( 'NONE',  ( -1.000000000000000000, 0.000000000000000000, 0.000000000000000000 ) ) ;
#36 = FACE_BOUND ( 'NONE', #228, .T. ) ;
#37 = CARTESIAN_POINT ( 'NONE',  ( 17.55000000000000426, -7.985018849627476101, 73.99999999999991473 ) ) ;
#38 = VERTEX_POINT ( 'NONE', #311 ) ;
#39 = ORIENTED_EDGE ( 'NONE', *, *, #2027, .F. ) ;
#40 = CARTESIAN_POINT ( 'NONE',  ( -20.20000000000001350, 25.51498115037249903, 70.00000000000000000 ) ) ;
#41 = EDGE_CURVE ( 'NONE', #595, #42, #2454, .T. ) ;
#42 = VERTEX_POINT ( 'NONE', #1706 ) ;
#43 = CIRCLE ( 'NONE', #1881, 2.549999999999989608 ) ;
#44 = DIRECTION ( 'NONE',  ( 1.000000000000000000, 0.000000000000000000, 0.000000000000000000 ) ) ;
#45 = CARTESIAN_POINT ( 'NONE',  ( -15.49999999999999645, 23.01498115037252390, 73.99999999999991473 ) ) ;
#46 = AXIS2_PLACEMENT_3D ( 'NONE', #139, #1766, #967 ) ;
#47 = ORIENTED_EDGE ( 'NONE', *, *, #143, .F. ) ;
#48 = COLOUR_RGB ( '',0.7921568627450980005, 0.8196078431372548767, 0.9333333333333333481 ) ;
#49 = CYLINDRICAL_SURFACE ( 'NONE', #3019, 2.549999999999996714 ) ;
#50 = DIRECTION ( 'NONE',  ( 0.000000000000000000, 0.000000000000000000, -1.000000000000000000 ) ) ;
#51 = ADVANCED_FACE ( 'NONE', ( #2539 ), #2272, .F. ) ;
#52 = DIRECTION ( 'NONE',  ( 1.000000000000000000, 1.734723475976805862E-16, -0.000000000000000000 ) ) ;
#53 = DIRECTION ( 'NONE',  ( -1.000000000000000000, -0.000000000000000000, -0.000000000000000000 ) ) ;
#54 = ORIENTED_EDGE ( 'NONE', *, *, #2389, .T. ) ;
#55 = CARTESIAN_POINT ( 'NONE',  ( 9.371890508914830252E-13, -14.88501884962748001, 40.00000000000000000 ) ) ;
#56 = DIRECTION ( 'NONE',  ( 0.000000000000000000, 0.000000000000000000, 1.000000000000000000 ) ) ;
#57 = CIRCLE ( 'NONE', #2648, 2.549999999999989608 ) ;
#58 = CARTESIAN_POINT ( 'NONE',  ( 18.70000000000002771, -33.38501884962745692, 40.00000000000001421 ) ) ;
#59 = ORIENTED_EDGE ( 'NONE', *, *, #1009, .F. ) ;
#60 = EDGE_CURVE ( 'NONE', #2322, #1705, #2251, .T. ) ;
#61 = ORIENTED_EDGE ( 'NONE', *, *, #2736, .F. ) ;
#62 = CARTESIAN_POINT ( 'NONE',  ( 8.330569341257628013E-13, -14.88501884962747290, 32.55000000000000426 ) ) ;
#63 = EDGE_CURVE ( 'NONE', #2969, #381, #27, .T. ) ;
#64 = ORIENTED_EDGE ( 'NONE', *, *, #2897, .F. ) ;
#65 = EDGE_CURVE ( 'NONE', #1082, #247, #414, .T. ) ;
#66 = DIRECTION ( 'NONE',  ( -0.000000000000000000, 0.000000000000000000, 1.000000000000000000 ) ) ;
#67 = CYLINDRICAL_SURFACE ( 'NONE', #3489, 2.550000000000006928 ) ;
#68 = VERTEX_POINT ( 'NONE', #3062 ) ;
#69 = AXIS2_PLACEMENT_3D ( 'NONE', #3458, #2108, #738 ) ;
#70 = CYLINDRICAL_SURFACE ( 'NONE', #1568, 2.550000000000003819 ) ;
#71 = CARTESIAN_POINT ( 'NONE',  ( -29.80000000000000071, -35.93501884962746118, 50.00000000000000711 ) ) ;
#72 = FACE_BOUND ( 'NONE', #3083, .T. ) ;
#73 = DIRECTION ( 'NONE',  ( 1.000000000000000000, 1.156482317317871725E-16, -0.000000000000000000 ) ) ;
#74 = ADVANCED_FACE ( 'NONE', ( #587 ), #2136, .F. ) ;
#75 = EDGE_CURVE ( 'NONE', #1944, #1469, #1458, .T. ) ;
#76 = ORIENTED_EDGE ( 'NONE', *, *, #367, .F. ) ;
#77 = VECTOR ( 'NONE', #2182, 1000.000000000000000 ) ;
#78 = CARTESIAN_POINT ( 'NONE',  ( -10.19999999999999751, 0.000000000000000000, 70.00000000000000000 ) ) ;
#79 = CIRCLE ( 'NONE', #1453, 3.050000000000094413 ) ;
#80 = AXIS2_PLACEMENT_3D ( 'NONE', #2344, #3444, #1112 ) ;
#81 = ORIENTED_EDGE ( 'NONE', *, *, #2780, .F. ) ;
#82 = VECTOR ( 'NONE', #1848, 1000.000000000000000 ) ;
#83 = CIRCLE ( 'NONE', #415, 2.549999999999996714 ) ;
#84 = ORIENTED_EDGE ( 'NONE', *, *, #1113, .F. ) ;
#85 = PRESENTATION_STYLE_ASSIGNMENT (( #2061 ) ) ;
#86 = DIRECTION ( 'NONE',  ( -1.000000000000000000, 0.000000000000000000, 0.000000000000000000 ) ) ;
#87 = EDGE_LOOP ( 'NONE', ( #1235, #606, #2077, #2460, #2050 ) ) ;
#88 = DIRECTION ( 'NONE',  ( 0.000000000000000000, 1.000000000000000000, 0.000000000000000000 ) ) ;
#89 = DIRECTION ( 'NONE',  ( 1.000000000000000000, 0.000000000000000000, 0.000000000000000000 ) ) ;
#90 = ORIENTED_EDGE ( 'NONE', *, *, #282, .F. ) ;
#91 = AXIS2_PLACEMENT_3D ( 'NONE', #1669, #3027, #548 ) ;
#92 = CARTESIAN_POINT ( 'NONE',  ( 18.70000000000002771, -35.93501884962746118, 40.00000000000001421 ) ) ;
#93 = LINE ( 'NONE', #840, #731 ) ;
#94 = DIRECTION ( 'NONE',  ( 0.000000000000000000, 0.000000000000000000, 1.000000000000000000 ) ) ;
#95 = CARTESIAN_POINT ( 'NONE',  ( -18.70000000000000995, -33.38501884962746402, 52.55000000000000426 ) ) ;
#96 = ORIENTED_EDGE ( 'NONE', *, *, #686, .F. ) ;
#97 = DIRECTION ( 'NONE',  ( 0.7071067811865511255, 0.000000000000000000, 0.7071067811865440200 ) ) ;
#98 = EDGE_LOOP ( 'NONE', ( #2412, #2192, #2115, #2954, #2592, #1969 ) ) ;
#99 = AXIS2_PLACEMENT_3D ( 'NONE', #1553, #152, #483 ) ;
#100 = ORIENTED_EDGE ( 'NONE', *, *, #2802, .F. ) ;
#101 = AXIS2_PLACEMENT_3D ( 'NONE', #55, #2242, #1991 ) ;
#102 = AXIS2_PLACEMENT_3D ( 'NONE', #1414, #1128, #3068 ) ;
#103 = EDGE_LOOP ( 'NONE', ( #3232, #920, #2724, #1892 ) ) ;
#104 = CARTESIAN_POINT ( 'NONE',  ( 16.20000000000000639, -13.38501884962747113, 70.00000000000000000 ) ) ;
#105 = CARTESIAN_POINT ( 'NONE',  ( 18.70000000000002061, -33.38501884962745692, 30.00000000000002132 ) ) ;
#106 = VERTEX_POINT ( 'NONE', #2121 ) ;
#107 = EDGE_CURVE ( 'NONE', #1078, #2767, #1296, .T. ) ;
#108 = LINE ( 'NONE', #1199, #3521 ) ;
#109 = AXIS2_PLACEMENT_3D ( 'NONE', #1750, #73, #1475 ) ;
#110 = CARTESIAN_POINT ( 'NONE',  ( 16.20000000000000639, -13.38501884962747113, 0.000000000000000000 ) ) ;
#111 = ADVANCED_FACE ( 'NONE', ( #2968 ), #2903, .F. ) ;
#112 = EDGE_LOOP ( 'NONE', ( #3121, #216 ) ) ;
#113 = AXIS2_PLACEMENT_3D ( 'NONE', #2514, #2206, #1407 ) ;
#114 = DIRECTION ( 'NONE',  ( -0.7071067811865502373, 8.659560562354902043E-17, -0.7071067811865449082 ) ) ;
#115 = EDGE_CURVE ( 'NONE', #2155, #2675, #1312, .T. ) ;
#116 = CARTESIAN_POINT ( 'NONE',  ( 15.50000000000000355, 23.01498115037252390, 70.00000000000000000 ) ) ;
#117 = EDGE_LOOP ( 'NONE', ( #383, #1281, #730, #1880, #829 ) ) ;
#118 = DIRECTION ( 'NONE',  ( 1.000000000000000000, 0.000000000000000000, 0.000000000000000000 ) ) ;
#119 = CIRCLE ( 'NONE', #2594, 3.050000000000094413 ) ;
#120 = VERTEX_POINT ( 'NONE', #2953 ) ;
#121 = DIRECTION ( 'NONE',  ( 0.000000000000000000, 1.000000000000000000, 0.000000000000000000 ) ) ;
#122 = ORIENTED_EDGE ( 'NONE', *, *, #547, .T. ) ;
#123 = CARTESIAN_POINT ( 'NONE',  ( 18.70000000000002061, -33.38501884962745692, 50.00000000000000711 ) ) ;
#124 = DIRECTION ( 'NONE',  ( 0.000000000000000000, 0.000000000000000000, -1.000000000000000000 ) ) ;
#125 = AXIS2_PLACEMENT_3D ( 'NONE', #704, #1317, #970 ) ;
#126 = VERTEX_POINT ( 'NONE', #3386 ) ;
#127 = DIRECTION ( 'NONE',  ( 0.000000000000000000, 1.000000000000000000, 0.000000000000000000 ) ) ;
#128 = AXIS2_PLACEMENT_3D ( 'NONE', #1261, #981, #696 ) ;
#129 = LINE ( 'NONE', #706, #1270 ) ;
#130 = EDGE_CURVE ( 'NONE', #3508, #2754, #2580, .T. ) ;
#131 = ORIENTED_EDGE ( 'NONE', *, *, #2596, .F. ) ;
#132 = AXIS2_PLACEMENT_3D ( 'NONE', #190, #1784, #154 ) ;
#133 = EDGE_LOOP ( 'NONE', ( #3514, #1425, #1380, #348, #687 ) ) ;
#134 = FACE_BOUND ( 'NONE', #1518, .T. ) ;
#135 = EDGE_CURVE ( 'NONE', #2155, #2084, #894, .T. ) ;
#136 = ORIENTED_EDGE ( 'NONE', *, *, #2363, .F. ) ;
#137 = CARTESIAN_POINT ( 'NONE',  ( 20.20000000000000284, -33.38501884962745692, 34.04999999999999716 ) ) ;
#138 = DIRECTION ( 'NONE',  ( 1.000000000000000000, 1.156482317317871725E-16, -0.000000000000000000 ) ) ;
#139 = CARTESIAN_POINT ( 'NONE',  ( 20.20000000000000284, -33.38501884962745692, 60.00000000000000711 ) ) ;
#140 = CIRCLE ( 'NONE', #1811, 4.049999999999977618 ) ;
#141 = ORIENTED_EDGE ( 'NONE', *, *, #1678, .T. ) ;
#142 = CARTESIAN_POINT ( 'NONE',  ( 16.20000000000000639, -13.38501884962747113, 0.000000000000000000 ) ) ;
#143 = EDGE_CURVE ( 'NONE', #1469, #1944, #2653, .T. ) ;
#144 = LINE ( 'NONE', #2110, #3185 ) ;
#145 = ORIENTED_EDGE ( 'NONE', *, *, #907, .T. ) ;
#146 = VERTEX_POINT ( 'NONE', #1876 ) ;
#147 = CARTESIAN_POINT ( 'NONE',  ( 18.70000000000002061, -33.38501884962745692, 50.00000000000000711 ) ) ;
#148 = EDGE_CURVE ( 'NONE', #3398, #1556, #497, .T. ) ;
#149 = AXIS2_PLACEMENT_3D ( 'NONE', #116, #3359, #1995 ) ;
#150 = ORIENTED_EDGE ( 'NONE', *, *, #3342, .F. ) ;
#151 = DIRECTION ( 'NONE',  ( -0.000000000000000000, -0.000000000000000000, -1.000000000000000000 ) ) ;
#152 = DIRECTION ( 'NONE',  ( 0.000000000000000000, 1.000000000000000000, 0.000000000000000000 ) ) ;
#153 = ORIENTED_EDGE ( 'NONE', *, *, #2188, .T. ) ;
#154 = DIRECTION ( 'NONE',  ( 0.000000000000000000, 0.000000000000000000, -1.000000000000000000 ) ) ;
#155 = EDGE_CURVE ( 'NONE', #1500, #3327, #465, .T. ) ;
#156 = CIRCLE ( 'NONE', #1484, 2.549999999999996714 ) ;
#157 = DIRECTION ( 'NONE',  ( 0.000000000000000000, 0.000000000000000000, -1.000000000000000000 ) ) ;
#158 = CARTESIAN_POINT ( 'NONE',  ( 18.70000000000002061, -33.38501884962745692, 12.55000000000002736 ) ) ;
#159 = LINE ( 'NONE', #1805, #1455 ) ;
#160 = AXIS2_PLACEMENT_3D ( 'NONE', #3023, #540, #1914 ) ;
#161 = ORIENTED_EDGE ( 'NONE', *, *, #2657, .F. ) ;
#162 = PRODUCT ( 'MotorMount', 'MotorMount', '', ( #1773 ) ) ;
#163 = ORIENTED_EDGE ( 'NONE', *, *, #1139, .T. ) ;
#164 = DIRECTION ( 'NONE',  ( -0.7071067811865511255, 8.659560562354977232E-17, 0.7071067811865440200 ) ) ;
#165 = EDGE_CURVE ( 'NONE', #1742, #2624, #3403, .T. ) ;
#166 = ORIENTED_EDGE ( 'NONE', *, *, #2590, .T. ) ;
#167 = LINE ( 'NONE', #403, #2948 ) ;
#168 = CARTESIAN_POINT ( 'NONE',  ( 15.50000000000000355, -7.985018849627476101, 70.00000000000000000 ) ) ;
#169 = EDGE_LOOP ( 'NONE', ( #76, #2575, #1452, #2190 ) ) ;
#170 = PLANE ( 'NONE',  #3182 ) ;
#171 = FACE_OUTER_BOUND ( 'NONE', #2680, .T. ) ;
#172 = EDGE_CURVE ( 'NONE', #2284, #3430, #2309, .T. ) ;
#173 = CARTESIAN_POINT ( 'NONE',  ( 7.289248173600423754E-13, -63.38501884962746402, 20.00000000000000355 ) ) ;
#174 = DIRECTION ( 'NONE',  ( 1.000000000000000000, 2.312964634635743450E-16, -0.000000000000000000 ) ) ;
#175 = EDGE_CURVE ( 'NONE', #1187, #2808, #1841, .T. ) ;
#176 = EDGE_CURVE ( 'NONE', #1657, #838, #3488, .T. ) ;
#177 = VERTEX_POINT ( 'NONE', #3234 ) ;
#178 = ORIENTED_EDGE ( 'NONE', *, *, #3502, .F. ) ;
#179 = AXIS2_PLACEMENT_3D ( 'NONE', #3195, #426, #2635 ) ;
#180 = ORIENTED_EDGE ( 'NONE', *, *, #907, .F. ) ;
#181 = CIRCLE ( 'NONE', #1389, 2.549999999999996714 ) ;
#182 = CARTESIAN_POINT ( 'NONE',  ( 10.20000000000000817, -30.83501884962744555, 40.00000000000001421 ) ) ;
#183 = CIRCLE ( 'NONE', #2497, 4.049999999999977618 ) ;
#184 = VERTEX_POINT ( 'NONE', #1292 ) ;
#185 = CIRCLE ( 'NONE', #2041, 4.050000000000005151 ) ;
#186 = CARTESIAN_POINT ( 'NONE',  ( 8.333692190595453494E-13, -23.38501884962747468, 27.45000000000000284 ) ) ;
#187 = CIRCLE ( 'NONE', #1860, 2.550000000000000266 ) ;
#188 = VERTEX_POINT ( 'NONE', #761 ) ;
#189 = EDGE_LOOP ( 'NONE', ( #298, #1307, #633, #2093 ) ) ;
#190 = CARTESIAN_POINT ( 'NONE',  ( 18.70000000000002061, -33.38501884962745692, 10.00000000000003020 ) ) ;
#191 = DIRECTION ( 'NONE',  ( 1.000000000000000000, 1.156482317317871725E-16, -0.000000000000000000 ) ) ;
#192 = DIRECTION ( 'NONE',  ( 1.000000000000000000, 1.156482317317871725E-16, -0.000000000000000000 ) ) ;
#193 = CARTESIAN_POINT ( 'NONE',  ( -18.69999999999997442, -33.38501884962746402, 62.54999999999999716 ) ) ;
#194 = ORIENTED_EDGE ( 'NONE', *, *, #1704, .T. ) ;
#195 = VERTEX_POINT ( 'NONE', #182 ) ;
#196 = DIRECTION ( 'NONE',  ( 0.000000000000000000, 0.000000000000000000, 1.000000000000000000 ) ) ;
#197 = ORIENTED_EDGE ( 'NONE', *, *, #2587, .T. ) ;
#198 = CARTESIAN_POINT ( 'NONE',  ( -20.19999999999999574, -43.38501884962747113, 75.00000000000000000 ) ) ;
#199 = ORIENTED_EDGE ( 'NONE', *, *, #930, .T. ) ;
#200 = EDGE_CURVE ( 'NONE', #1371, #856, #281, .T. ) ;
#201 = CONICAL_SURFACE ( 'NONE', #2232, 4.049999999999977618, 0.7853981633974447263 ) ;
#202 = EDGE_LOOP ( 'NONE', ( #479, #2851, #1955, #1206 ) ) ;
#203 = FACE_OUTER_BOUND ( 'NONE', #1630, .T. ) ;
#204 = CARTESIAN_POINT ( 'NONE',  ( 1.041633452590985999E-12, -23.38501884962747468, 47.45000000000000284 ) ) ;
#205 = CARTESIAN_POINT ( 'NONE',  ( 0.000000000000000000, 0.000000000000000000, 75.00000000000000000 ) ) ;
#206 = DIRECTION ( 'NONE',  ( -0.000000000000000000, 0.000000000000000000, 1.000000000000000000 ) ) ;
#207 = ORIENTED_EDGE ( 'NONE', *, *, #175, .T. ) ;
#208 = AXIS2_PLACEMENT_3D ( 'NONE', #1575, #437, #1018 ) ;
#209 = EDGE_CURVE ( 'NONE', #1061, #3153, #2385, .T. ) ;
#210 = AXIS2_PLACEMENT_3D ( 'NONE', #1148, #903, #882 ) ;
#211 = UNCERTAINTY_MEASURE_WITH_UNIT (LENGTH_MEASURE( 1.000000000000000082E-05 ), #1214, 'distance_accuracy_value', 'NONE');
#212 = ORIENTED_EDGE ( 'NONE', *, *, #1496, .F. ) ;
#213 = EDGE_CURVE ( 'NONE', #2875, #2011, #450, .T. ) ;
#214 = LINE ( 'NONE', #2154, #2239 ) ;
#215 = DIRECTION ( 'NONE',  ( -1.000000000000000000, 0.000000000000000000, 0.000000000000000000 ) ) ;
#216 = ORIENTED_EDGE ( 'NONE', *, *, #1996, .T. ) ;
#217 = CARTESIAN_POINT ( 'NONE',  ( -18.70000000000000639, -33.38501884962746402, 27.45000000000002416 ) ) ;
#218 = CARTESIAN_POINT ( 'NONE',  ( 18.70000000000002771, -33.38501884962745692, 40.00000000000001421 ) ) ;
#219 = DIRECTION ( 'NONE',  ( 0.000000000000000000, 0.000000000000000000, 1.000000000000000000 ) ) ;
#220 = CARTESIAN_POINT ( 'NONE',  ( -18.70000000000000995, -33.38501884962746402, 50.00000000000000711 ) ) ;
#221 = CARTESIAN_POINT ( 'NONE',  ( 8.330569341257628013E-13, -23.38501884962747468, 30.00000000000000355 ) ) ;
#222 = CARTESIAN_POINT ( 'NONE',  ( 17.55000000000000426, -7.985018849627476101, 70.00000000000000000 ) ) ;
#223 = ORIENTED_EDGE ( 'NONE', *, *, #370, .F. ) ;
#224 = CARTESIAN_POINT ( 'NONE',  ( 1.041321167657203249E-12, -23.38501884962747468, 50.00000000000000000 ) ) ;
#225 = LINE ( 'NONE', #3282, #661 ) ;
#226 = ORIENTED_EDGE ( 'NONE', *, *, #971, .F. ) ;
#227 = AXIS2_PLACEMENT_3D ( 'NONE', #1494, #688, #440 ) ;
#228 = EDGE_LOOP ( 'NONE', ( #2792, #1466 ) ) ;
#229 = AXIS2_PLACEMENT_3D ( 'NONE', #881, #1986, #1168 ) ;
#230 = AXIS2_PLACEMENT_3D ( 'NONE', #1301, #2408, #1051 ) ;
#231 = ADVANCED_FACE ( 'NONE', ( #891 ), #638, .F. ) ;
#232 = CARTESIAN_POINT ( 'NONE',  ( -29.80000000000000071, -30.83501884962746331, 10.00000000000003020 ) ) ;
#233 = ORIENTED_EDGE ( 'NONE', *, *, #1004, .T. ) ;
#234 = CIRCLE ( 'NONE', #1394, 2.550000000000001599 ) ;
#235 = CARTESIAN_POINT ( 'NONE',  ( -10.19999999999999751, -43.38501884962747113, 0.000000000000000000 ) ) ;
#236 = CARTESIAN_POINT ( 'NONE',  ( 1.145453284422923675E-12, -14.88501884962748001, 60.00000000000000711 ) ) ;
#237 = FACE_BOUND ( 'NONE', #501, .T. ) ;
#238 = DIRECTION ( 'NONE',  ( 0.000000000000000000, 1.000000000000000000, 0.000000000000000000 ) ) ;
#239 = CARTESIAN_POINT ( 'NONE',  ( -10.19999999999999751, -43.38501884962747113, 75.00000000000000000 ) ) ;
#240 = CARTESIAN_POINT ( 'NONE',  ( 2.448792436563731022E-15, 28.51498115037252390, 75.00000000000000000 ) ) ;
#241 = ORIENTED_EDGE ( 'NONE', *, *, #3455, .T. ) ;
#242 = CARTESIAN_POINT ( 'NONE',  ( 9.371890508914830252E-13, -14.88501884962748001, 40.00000000000000000 ) ) ;
#243 = CARTESIAN_POINT ( 'NONE',  ( 20.20000000000000284, -33.38501884962745692, 30.00000000000002132 ) ) ;
#244 = EDGE_CURVE ( 'NONE', #1608, #2823, #911, .T. ) ;
#245 = ORIENTED_EDGE ( 'NONE', *, *, #3342, .T. ) ;
#246 = AXIS2_PLACEMENT_3D ( 'NONE', #1610, #3545, #507 ) ;
#247 = VERTEX_POINT ( 'NONE', #2015 ) ;
#248 = DIRECTION ( 'NONE',  ( -0.7071067811865521247, 0.000000000000000000, 0.7071067811865430208 ) ) ;
#249 = CARTESIAN_POINT ( 'NONE',  ( 18.70000000000002061, -33.38501884962745692, 30.00000000000002132 ) ) ;
#250 = ADVANCED_FACE ( 'NONE', ( #327 ), #3098, .F. ) ;
#251 = AXIS2_PLACEMENT_3D ( 'NONE', #1744, #588, #1957 ) ;
#252 = ORIENTED_EDGE ( 'NONE', *, *, #817, .F. ) ;
#253 = FACE_OUTER_BOUND ( 'NONE', #1447, .T. ) ;
#254 = AXIS2_PLACEMENT_3D ( 'NONE', #2222, #2782, #1419 ) ;
#255 = DIRECTION ( 'NONE',  ( 1.000000000000000000, 1.156482317317871725E-16, -0.000000000000000000 ) ) ;
#256 = DIRECTION ( 'NONE',  ( 0.000000000000000000, 1.000000000000000000, 0.000000000000000000 ) ) ;
#257 = LINE ( 'NONE', #3297, #962 ) ;
#258 = EDGE_LOOP ( 'NONE', ( #2047, #1573 ) ) ;
#259 = CARTESIAN_POINT ( 'NONE',  ( -17.54999999999999716, -7.985018849627476101, 75.00000000000000000 ) ) ;
#260 = FACE_OUTER_BOUND ( 'NONE', #940, .T. ) ;
#261 = FACE_OUTER_BOUND ( 'NONE', #3306, .T. ) ;
#262 = ORIENTED_EDGE ( 'NONE', *, *, #695, .F. ) ;
#263 = ORIENTED_EDGE ( 'NONE', *, *, #1828, .T. ) ;
#264 = DIRECTION ( 'NONE',  ( 0.000000000000000000, 0.000000000000000000, 1.000000000000000000 ) ) ;
#265 = CONICAL_SURFACE ( 'NONE', #210, 2.549999999999996714, 0.7853981633974485010 ) ;
#266 = VECTOR ( 'NONE', #2553, 1000.000000000000000 ) ;
#267 = ORIENTED_EDGE ( 'NONE', *, *, #3530, .T. ) ;
#268 = DIRECTION ( 'NONE',  ( 1.000000000000000000, 0.000000000000000000, 0.000000000000000000 ) ) ;
#269 = EDGE_LOOP ( 'NONE', ( #2807, #61, #3376, #328 ) ) ;
#270 = COLOUR_RGB ( '',0.7921568627450980005, 0.8196078431372548767, 0.9333333333333333481 ) ;
#271 = DIRECTION ( 'NONE',  ( -0.000000000000000000, -1.000000000000000000, -0.000000000000000000 ) ) ;
#272 = DIRECTION ( 'NONE',  ( -0.000000000000000000, -1.000000000000000000, -0.000000000000000000 ) ) ;
#273 = CARTESIAN_POINT ( 'NONE',  ( 0.000000000000000000, -13.38501884962747113, 70.00000000000000000 ) ) ;
#274 = DIRECTION ( 'NONE',  ( 0.000000000000000000, 1.000000000000000000, 0.000000000000000000 ) ) ;
#275 = DIRECTION ( 'NONE',  ( -0.000000000000000000, -0.000000000000000000, -1.000000000000000000 ) ) ;
#276 = VERTEX_POINT ( 'NONE', #641 ) ;
#277 = DIRECTION ( 'NONE',  ( 1.000000000000000000, 0.000000000000000000, 0.000000000000000000 ) ) ;
#278 = CARTESIAN_POINT ( 'NONE',  ( -3.977111880844011856E-15, -23.38501884962747468, 75.00000000000000000 ) ) ;
#279 = EDGE_CURVE ( 'NONE', #385, #2271, #621, .T. ) ;
#280 = FACE_BOUND ( 'NONE', #342, .T. ) ;
#281 = CIRCLE ( 'NONE', #923, 2.550000000000000266 ) ;
#282 = EDGE_CURVE ( 'NONE', #2184, #68, #1372, .T. ) ;
#283 = VERTEX_POINT ( 'NONE', #62 ) ;
#284 = ORIENTED_EDGE ( 'NONE', *, *, #2927, .F. ) ;
#285 = CARTESIAN_POINT ( 'NONE',  ( -10.19999999999999751, -33.38501884962746402, 20.00000000000002487 ) ) ;
#286 = CONICAL_SURFACE ( 'NONE', #1095, 4.050000000000005151, 0.7853981633974445042 ) ;
#287 = ORIENTED_EDGE ( 'NONE', *, *, #1724, .F. ) ;
#288 = AXIS2_PLACEMENT_3D ( 'NONE', #123, #901, #2325 ) ;
#289 = DIRECTION ( 'NONE',  ( -1.000000000000000000, -1.156482317317871725E-16, 0.000000000000000000 ) ) ;
#290 = EDGE_CURVE ( 'NONE', #337, #978, #119, .T. ) ;
#291 = EDGE_LOOP ( 'NONE', ( #3503, #526, #2312, #1913, #850, #976 ) ) ;
#292 = DIRECTION ( 'NONE',  ( 0.000000000000000000, 1.000000000000000000, 0.000000000000000000 ) ) ;
#294 = CARTESIAN_POINT ( 'NONE',  ( 18.70000000000002771, -33.38501884962745692, 37.45000000000000995 ) ) ;
#293 = VECTOR ( 'NONE', #2618, 1000.000000000000000 ) ;
#295 = PLANE ( 'NONE',  #1685 ) ;
#296 = CIRCLE ( 'NONE', #1566, 2.549999999999996714 ) ;
#297 = DIRECTION ( 'NONE',  ( 1.000000000000000000, 2.312964634635743450E-16, -0.000000000000000000 ) ) ;
#298 = ORIENTED_EDGE ( 'NONE', *, *, #1861, .F. ) ;
#299 = DIRECTION ( 'NONE',  ( 1.000000000000000000, 1.156482317317871725E-16, -0.000000000000000000 ) ) ;
#300 = CYLINDRICAL_SURFACE ( 'NONE', #1329, 2.549999999999989608 ) ;
#301 = DIRECTION ( 'NONE',  ( 0.000000000000000000, 1.000000000000000000, 0.000000000000000000 ) ) ;
#302 = CIRCLE ( 'NONE', #2561, 10.75000000000000000 ) ;
#303 = EDGE_CURVE ( 'NONE', #1140, #2322, #1999, .T. ) ;
#304 = EDGE_LOOP ( 'NONE', ( #3253, #652 ) ) ;
#305 = FACE_OUTER_BOUND ( 'NONE', #3268, .T. ) ;
#306 = AXIS2_PLACEMENT_3D ( 'NONE', #58, #2511, #3358 ) ;
#307 = ORIENTED_EDGE ( 'NONE', *, *, #2517, .F. ) ;
#308 = LINE ( 'NONE', #3082, #1428 ) ;
#309 = AXIS2_PLACEMENT_3D ( 'NONE', #1374, #6, #2442 ) ;
#310 = ORIENTED_EDGE ( 'NONE', *, *, #3380, .T. ) ;
#311 = CARTESIAN_POINT ( 'NONE',  ( 1.041321167657203249E-12, -14.88501884962747290, 52.54999999999999716 ) ) ;
#312 = DIRECTION ( 'NONE',  ( 0.000000000000000000, 0.000000000000000000, -1.000000000000000000 ) ) ;
#313 = VERTEX_POINT ( 'NONE', #1342 ) ;
#314 = CARTESIAN_POINT ( 'NONE',  ( 1.041321167657203249E-12, -13.38501884962747113, 50.00000000000000000 ) ) ;
#315 = CARTESIAN_POINT ( 'NONE',  ( -20.19999999999999929, -33.38501884962746402, 64.05000000000001137 ) ) ;
#316 = DIRECTION ( 'NONE',  ( 0.7071067811865473507, 0.000000000000000000, -0.7071067811865477948 ) ) ;
#317 = FACE_OUTER_BOUND ( 'NONE', #670, .T. ) ;
#318 = EDGE_CURVE ( 'NONE', #1735, #2155, #1614, .T. ) ;
#319 = ORIENTED_EDGE ( 'NONE', *, *, #3236, .T. ) ;
#320 = CARTESIAN_POINT ( 'NONE',  ( 20.20000000000000284, -33.38501884962745692, 10.00000000000003020 ) ) ;
#321 = LINE ( 'NONE', #2864, #3348 ) ;
#322 = CARTESIAN_POINT ( 'NONE',  ( -20.19999999999999929, -33.38501884962746402, 40.00000000000001421 ) ) ;
#323 = VERTEX_POINT ( 'NONE', #222 ) ;
#324 = EDGE_CURVE ( 'NONE', #3327, #2499, #744, .T. ) ;
#325 = VERTEX_POINT ( 'NONE', #3534 ) ;
#326 = DIRECTION ( 'NONE',  ( 0.000000000000000000, 1.000000000000000000, 0.000000000000000000 ) ) ;
#327 = FACE_OUTER_BOUND ( 'NONE', #2045, .T. ) ;
#328 = ORIENTED_EDGE ( 'NONE', *, *, #1230, .F. ) ;
#329 = DIRECTION ( 'NONE',  ( 0.000000000000000000, 0.000000000000000000, -1.000000000000000000 ) ) ;
#330 = AXIS2_PLACEMENT_3D ( 'NONE', #2820, #1169, #651 ) ;
#331 = ADVANCED_FACE ( 'NONE', ( #786 ), #1888, .F. ) ;
#332 = CIRCLE ( 'NONE', #1244, 2.549999999999996714 ) ;
#333 = DIRECTION ( 'NONE',  ( -0.000000000000000000, 0.000000000000000000, 1.000000000000000000 ) ) ;
#334 = CARTESIAN_POINT ( 'NONE',  ( -18.70000000000000639, -33.38501884962746402, 30.00000000000002132 ) ) ;
#335 = EDGE_CURVE ( 'NONE', #1364, #581, #3220, .T. ) ;
#336 = AXIS2_PLACEMENT_3D ( 'NONE', #603, #872, #2768 ) ;
#337 = VERTEX_POINT ( 'NONE', #772 ) ;
#338 = DIRECTION ( 'NONE',  ( 1.700709290173340409E-16, 1.000000000000000000, -0.000000000000000000 ) ) ;
#339 = FACE_OUTER_BOUND ( 'NONE', #3132, .T. ) ;
#340 = CARTESIAN_POINT ( 'NONE',  ( 10.20000000000000817, -33.38501884962745692, 40.00000000000001421 ) ) ;
#341 = CARTESIAN_POINT ( 'NONE',  ( 6.247927005943220505E-13, -63.38501884962746402, 10.00000000000000178 ) ) ;
#342 = EDGE_LOOP ( 'NONE', ( #3024, #1029 ) ) ;
#343 = FACE_OUTER_BOUND ( 'NONE', #2327, .T. ) ;
#344 = AXIS2_PLACEMENT_3D ( 'NONE', #104, #3104, #1725 ) ;
#345 = ORIENTED_EDGE ( 'NONE', *, *, #2669, .F. ) ;
#346 = CARTESIAN_POINT ( 'NONE',  ( -29.80000000000000071, -33.38501884962746402, 50.00000000000000711 ) ) ;
#347 = CARTESIAN_POINT ( 'NONE',  ( -20.20000000000000639, -4.672188561964202282E-15, 0.000000000000000000 ) ) ;
#348 = ORIENTED_EDGE ( 'NONE', *, *, #1113, .T. ) ;
#349 = DIRECTION ( 'NONE',  ( 1.000000000000000000, 0.000000000000000000, 0.000000000000000000 ) ) ;
#350 = CARTESIAN_POINT ( 'NONE',  ( -20.19999999999999929, -33.38501884962746402, 30.00000000000002132 ) ) ;
#351 = ORIENTED_EDGE ( 'NONE', *, *, #387, .F. ) ;
#352 = CIRCLE ( 'NONE', #69, 2.549999999999999822 ) ;
#353 = CARTESIAN_POINT ( 'NONE',  ( 15.50000000000000355, 23.01498115037252390, 73.99999999999991473 ) ) ;
#354 = DIRECTION ( 'NONE',  ( 0.000000000000000000, 1.000000000000000000, 0.000000000000000000 ) ) ;
#355 = DIRECTION ( 'NONE',  ( 1.700709290173340409E-16, 1.000000000000000000, -0.000000000000000000 ) ) ;
#356 = FACE_OUTER_BOUND ( 'NONE', #2533, .T. ) ;
#357 = ORIENTED_EDGE ( 'NONE', *, *, #1856, .F. ) ;
#358 = AXIS2_PLACEMENT_3D ( 'NONE', #1821, #3175, #725 ) ;
#359 = LINE ( 'NONE', #1465, #1791 ) ;
#360 = AXIS2_PLACEMENT_3D ( 'NONE', #3315, #842, #571 ) ;
#361 = VECTOR ( 'NONE', #532, 1000.000000000000000 ) ;
#362 = ORIENTED_EDGE ( 'NONE', *, *, #1309, .F. ) ;
#363 = VECTOR ( 'NONE', #3128, 1000.000000000000000 ) ;
#364 = ORIENTED_EDGE ( 'NONE', *, *, #2122, .F. ) ;
#365 = EDGE_CURVE ( 'NONE', #1005, #2487, #1871, .T. ) ;
#366 = CIRCLE ( 'NONE', #306, 2.550000000000003819 ) ;
#367 = EDGE_CURVE ( 'NONE', #2675, #2271, #492, .T. ) ;
#368 = VERTEX_POINT ( 'NONE', #3263 ) ;
#369 = DIRECTION ( 'NONE',  ( 1.000000000000000000, 0.000000000000000000, 0.000000000000000000 ) ) ;
#370 = EDGE_CURVE ( 'NONE', #1930, #617, #1488, .T. ) ;
#371 = CARTESIAN_POINT ( 'NONE',  ( 18.55000000000009663, -7.985018849627476101, 75.00000000000000000 ) ) ;
#372 = ORIENTED_EDGE ( 'NONE', *, *, #2930, .T. ) ;
#373 = CARTESIAN_POINT ( 'NONE',  ( 13.45000000000000284, 23.01498115037252390, 73.99999999999991473 ) ) ;
#374 = EDGE_CURVE ( 'NONE', #1260, #1752, #2305, .T. ) ;
#375 = DIRECTION ( 'NONE',  ( 1.000000000000000000, 1.156482317317871725E-16, -0.000000000000000000 ) ) ;
#376 = LINE ( 'NONE', #3375, #623 ) ;
#377 = EDGE_LOOP ( 'NONE', ( #2832, #1213, #608, #1972 ) ) ;
#378 = DIRECTION ( 'NONE',  ( -1.000000000000000000, -0.000000000000000000, -0.000000000000000000 ) ) ;
#379 = EDGE_LOOP ( 'NONE', ( #161, #1310, #2198, #2166 ) ) ;
#380 = AXIS2_PLACEMENT_3D ( 'NONE', #3063, #89, #312 ) ;
#381 = VERTEX_POINT ( 'NONE', #137 ) ;
#382 = MANIFOLD_SOLID_BREP ( 'Cut-Extrude4', #618 ) ;
#383 = ORIENTED_EDGE ( 'NONE', *, *, #2686, .F. ) ;
#384 = FACE_OUTER_BOUND ( 'NONE', #673, .T. ) ;
#385 = VERTEX_POINT ( 'NONE', #680 ) ;
#386 = FACE_OUTER_BOUND ( 'NONE', #3341, .T. ) ;
#387 = EDGE_CURVE ( 'NONE', #184, #884, #2470, .T. ) ;
#388 = CIRCLE ( 'NONE', #46, 4.049999999999983835 ) ;
#389 = CARTESIAN_POINT ( 'NONE',  ( 20.20000000000000284, -33.38501884962745692, 40.00000000000001421 ) ) ;
#390 = ORIENTED_EDGE ( 'NONE', *, *, #480, .T. ) ;
#391 = CARTESIAN_POINT ( 'NONE',  ( 6.247927005943220505E-13, -63.38501884962746402, 12.55000000000000249 ) ) ;
#392 = CYLINDRICAL_SURFACE ( 'NONE', #2270, 10.75000000000000000 ) ;
#393 = ORIENTED_EDGE ( 'NONE', *, *, #2152, .T. ) ;
#394 = ORIENTED_EDGE ( 'NONE', *, *, #412, .T. ) ;
#395 = APPLICATION_PROTOCOL_DEFINITION ( 'draft international standard', 'automotive_design', 1998, #1627 ) ;
#396 = VECTOR ( 'NONE', #1056, 1000.000000000000000 ) ;
#397 = EDGE_CURVE ( 'NONE', #2558, #3335, #3276, .T. ) ;
#398 = ORIENTED_EDGE ( 'NONE', *, *, #1212, .T. ) ;
#399 = CARTESIAN_POINT ( 'NONE',  ( 6.247927005943220505E-13, -14.88501884962747290, 10.00000000000000178 ) ) ;
#400 = ORIENTED_EDGE ( 'NONE', *, *, #2363, .T. ) ;
#401 = SURFACE_SIDE_STYLE ('',( #2053 ) ) ;
#402 = ADVANCED_FACE ( 'NONE', ( #927 ), #2852, .F. ) ;
#403 = CARTESIAN_POINT ( 'NONE',  ( -29.80000000000000071, -30.83501884962747042, 60.00000000000000711 ) ) ;
#404 = CARTESIAN_POINT ( 'NONE',  ( -20.20000000000001350, 25.51498115037249903, 70.00000000000000000 ) ) ;
#405 = CIRCLE ( 'NONE', #3288, 2.550000000000003819 ) ;
#406 = ORIENTED_EDGE ( 'NONE', *, *, #2874, .T. ) ;
#407 = CARTESIAN_POINT ( 'NONE',  ( 18.70000000000000995, -33.38501884962745692, 57.45000000000001705 ) ) ;
#408 = CIRCLE ( 'NONE', #874, 4.049999999999998046 ) ;
#409 = DIRECTION ( 'NONE',  ( -0.000000000000000000, -0.000000000000000000, -1.000000000000000000 ) ) ;
#410 = ORIENTED_EDGE ( 'NONE', *, *, #2029, .F. ) ;
#411 = LINE ( 'NONE', #1207, #1661 ) ;
#412 = EDGE_CURVE ( 'NONE', #884, #184, #1434, .T. ) ;
#413 = VECTOR ( 'NONE', #2156, 1000.000000000000000 ) ;
#414 = CIRCLE ( 'NONE', #3017, 4.050000000000005151 ) ;
#415 = AXIS2_PLACEMENT_3D ( 'NONE', #220, #3174, #2361 ) ;
#416 = ORIENTED_EDGE ( 'NONE', *, *, #2162, .F. ) ;
#417 = DIRECTION ( 'NONE',  ( -0.000000000000000000, -0.000000000000000000, -1.000000000000000000 ) ) ;
#418 = EDGE_CURVE ( 'NONE', #3465, #2084, #895, .T. ) ;
#419 = ORIENTED_EDGE ( 'NONE', *, *, #3076, .F. ) ;
#420 = FILL_AREA_STYLE_COLOUR ( '', #270 ) ;
#421 = DIRECTION ( 'NONE',  ( -0.000000000000000000, 1.000000000000000000, -0.000000000000000000 ) ) ;
#422 = CARTESIAN_POINT ( 'NONE',  ( -20.19999999999999929, -33.38501884962746402, 10.00000000000003020 ) ) ;
#423 = AXIS2_PLACEMENT_3D ( 'NONE', #543, #1333, #1919 ) ;
#424 = ORIENTED_EDGE ( 'NONE', *, *, #2208, .F. ) ;
#425 = DIRECTION ( 'NONE',  ( 0.000000000000000000, -0.000000000000000000, -1.000000000000000000 ) ) ;
#426 = DIRECTION ( 'NONE',  ( -1.000000000000000000, -0.000000000000000000, -0.000000000000000000 ) ) ;
#427 = DIRECTION ( 'NONE',  ( 0.000000000000000000, 0.000000000000000000, 1.000000000000000000 ) ) ;
#428 = FACE_OUTER_BOUND ( 'NONE', #3216, .T. ) ;
#429 = ORIENTED_EDGE ( 'NONE', *, *, #3254, .F. ) ;
#430 = ORIENTED_EDGE ( 'NONE', *, *, #480, .F. ) ;
#431 = EDGE_CURVE ( 'NONE', #2532, #926, #645, .T. ) ;
#432 = VECTOR ( 'NONE', #2519, 1000.000000000000000 ) ;
#433 = ORIENTED_EDGE ( 'NONE', *, *, #2507, .F. ) ;
#434 = DIRECTION ( 'NONE',  ( -1.000000000000000000, 0.000000000000000000, 0.000000000000000000 ) ) ;
#435 = ORIENTED_EDGE ( 'NONE', *, *, #165, .T. ) ;
#436 = CARTESIAN_POINT ( 'NONE',  ( 9.371890508914830252E-13, -14.88501884962748001, 42.55000000000000426 ) ) ;
#437 = DIRECTION ( 'NONE',  ( -0.000000000000000000, -0.000000000000000000, -1.000000000000000000 ) ) ;
#438 = EDGE_CURVE ( 'NONE', #3430, #2284, #798, .T. ) ;
#439 = ORIENTED_EDGE ( 'NONE', *, *, #3486, .T. ) ;
#440 = DIRECTION ( 'NONE',  ( 0.000000000000000000, 1.000000000000000000, 0.000000000000000000 ) ) ;
#441 = CIRCLE ( 'NONE', #2642, 2.549999999999996714 ) ;
#442 = CARTESIAN_POINT ( 'NONE',  ( -20.19999999999999929, -33.38501884962746402, 24.05000000000000071 ) ) ;
#443 = CARTESIAN_POINT ( 'NONE',  ( -18.70000000000000639, -33.38501884962746402, 20.00000000000002487 ) ) ;
#444 = DIRECTION ( 'NONE',  ( -1.000000000000000000, 0.000000000000000000, 0.000000000000000000 ) ) ;
#445 = CIRCLE ( 'NONE', #1832, 2.550000000000000266 ) ;
#446 = EDGE_LOOP ( 'NONE', ( #1406, #262, #3550, #2013, #2572 ) ) ;
#447 = VERTEX_POINT ( 'NONE', #1470 ) ;
#448 = ORIENTED_EDGE ( 'NONE', *, *, #3438, .T. ) ;
#449 = ORIENTED_EDGE ( 'NONE', *, *, #1233, .T. ) ;
#450 = CIRCLE ( 'NONE', #1734, 2.550000000000000266 ) ;
#451 = CARTESIAN_POINT ( 'NONE',  ( 1.145453284422923675E-12, -23.38501884962747468, 60.00000000000000711 ) ) ;
#452 = VERTEX_POINT ( 'NONE', #2273 ) ;
#453 = VERTEX_POINT ( 'NONE', #1501 ) ;
#454 = LINE ( 'NONE', #407, #3408 ) ;
#455 = DIRECTION ( 'NONE',  ( 1.000000000000000000, 0.000000000000000000, 0.000000000000000000 ) ) ;
#456 = DIRECTION ( 'NONE',  ( 0.000000000000000000, 0.000000000000000000, 1.000000000000000000 ) ) ;
#457 = LINE ( 'NONE', #1495, #1451 ) ;
#458 = CIRCLE ( 'NONE', #1968, 2.549999999999999822 ) ;
#459 = EDGE_LOOP ( 'NONE', ( #560, #1258 ) ) ;
#460 = VECTOR ( 'NONE', #191, 1000.000000000000000 ) ;
#461 = ORIENTED_EDGE ( 'NONE', *, *, #2209, .F. ) ;
#462 = CONICAL_SURFACE ( 'NONE', #1104, 4.049999999999977618, 0.7853981633974447263 ) ;
#463 = VECTOR ( 'NONE', #417, 1000.000000000000000 ) ;
#464 = EDGE_CURVE ( 'NONE', #2227, #1442, #1449, .T. ) ;
#465 = LINE ( 'NONE', #2132, #1086 ) ;
#466 = CIRCLE ( 'NONE', #710, 2.549999999999989608 ) ;
#467 = ORIENTED_EDGE ( 'NONE', *, *, #1584, .T. ) ;
#468 = AXIS2_PLACEMENT_3D ( 'NONE', #314, #1690, #2798 ) ;
#469 = FACE_OUTER_BOUND ( 'NONE', #2698, .T. ) ;
#470 = DIRECTION ( 'NONE',  ( -0.000000000000000000, -0.000000000000000000, -1.000000000000000000 ) ) ;
#471 = AXIS2_PLACEMENT_3D ( 'NONE', #1618, #2643, #1076 ) ;
#472 = ORIENTED_EDGE ( 'NONE', *, *, #929, .F. ) ;
#473 = ADVANCED_FACE ( 'NONE', ( #384 ), #624, .F. ) ;
#474 = CARTESIAN_POINT ( 'NONE',  ( -20.19999999999999929, -33.38501884962746402, 54.04999999999999005 ) ) ;
#475 = CARTESIAN_POINT ( 'NONE',  ( 18.70000000000000995, -33.38501884962745692, 57.45000000000001705 ) ) ;
#476 = FACE_BOUND ( 'NONE', #112, .T. ) ;
#477 = CIRCLE ( 'NONE', #423, 2.549999999999998490 ) ;
#478 = CARTESIAN_POINT ( 'NONE',  ( -20.19999999999999929, -33.38501884962746402, 60.00000000000000711 ) ) ;
#479 = ORIENTED_EDGE ( 'NONE', *, *, #209, .F. ) ;
#480 = EDGE_CURVE ( 'NONE', #2487, #1020, #2068, .T. ) ;
#481 = ORIENTED_EDGE ( 'NONE', *, *, #1369, .F. ) ;
#482 = DIRECTION ( 'NONE',  ( 0.000000000000000000, 1.000000000000000000, 0.000000000000000000 ) ) ;
#483 = DIRECTION ( 'NONE',  ( 0.000000000000000000, 0.000000000000000000, 1.000000000000000000 ) ) ;
#484 = CARTESIAN_POINT ( 'NONE',  ( 13.45000000000000284, -7.985018849627476101, 75.00000000000000000 ) ) ;
#485 = EDGE_LOOP ( 'NONE', ( #1772, #2225, #2551, #1679, #564 ) ) ;
#486 = CARTESIAN_POINT ( 'NONE',  ( 17.55000000000000426, 23.01498115037252390, 73.99999999999991473 ) ) ;
#487 = EDGE_CURVE ( 'NONE', #856, #1371, #1254, .T. ) ;
#488 = DIRECTION ( 'NONE',  ( 1.000000000000000000, 0.000000000000000000, 0.000000000000000000 ) ) ;
#489 = CARTESIAN_POINT ( 'NONE',  ( -18.69999999999998863, -33.38501884962746402, 40.00000000000001421 ) ) ;
#490 = CARTESIAN_POINT ( 'NONE',  ( -20.19999999999999929, -33.38501884962746402, 45.95000000000003126 ) ) ;
#491 = LINE ( 'NONE', #2160, #2085 ) ;
#492 = LINE ( 'NONE', #2705, #396 ) ;
#493 = ORIENTED_EDGE ( 'NONE', *, *, #2710, .T. ) ;
#494 = DIRECTION ( 'NONE',  ( -0.000000000000000000, 0.000000000000000000, 1.000000000000000000 ) ) ;
#495 = DIRECTION ( 'NONE',  ( 1.000000000000000000, 1.156482317317871725E-16, -0.000000000000000000 ) ) ;
#496 = VECTOR ( 'NONE', #2500, 1000.000000000000000 ) ;
#497 = LINE ( 'NONE', #3251, #3283 ) ;
#498 = AXIS2_PLACEMENT_3D ( 'NONE', #2841, #594, #573 ) ;
#499 = VERTEX_POINT ( 'NONE', #1179 ) ;
#500 = EDGE_CURVE ( 'NONE', #120, #1472, #1548, .T. ) ;
#501 = EDGE_LOOP ( 'NONE', ( #3223, #2579 ) ) ;
#502 = AXIS2_PLACEMENT_3D ( 'NONE', #2261, #830, #1906 ) ;
#503 = DIRECTION ( 'NONE',  ( 1.000000000000000000, 1.156482317317871725E-16, -0.000000000000000000 ) ) ;
#504 = ORIENTED_EDGE ( 'NONE', *, *, #2664, .T. ) ;
#505 = EDGE_CURVE ( 'NONE', #889, #3036, #1729, .T. ) ;
#506 = CARTESIAN_POINT ( 'NONE',  ( 10.20000000000000817, -30.83501884962745621, 20.00000000000002487 ) ) ;
#507 = DIRECTION ( 'NONE',  ( 0.000000000000000000, 0.000000000000000000, -1.000000000000000000 ) ) ;
#508 = CARTESIAN_POINT ( 'NONE',  ( 1.145949266376578465E-12, -13.38501884962747113, 55.94999999999998863 ) ) ;
#509 = CARTESIAN_POINT ( 'NONE',  ( -10.19999999999999751, -35.93501884962746118, 30.00000000000002132 ) ) ;
#510 = FACE_OUTER_BOUND ( 'NONE', #3421, .T. ) ;
#511 = DIRECTION ( 'NONE',  ( -0.000000000000000000, -0.000000000000000000, -1.000000000000000000 ) ) ;
#512 = ORIENTED_EDGE ( 'NONE', *, *, #1313, .T. ) ;
#513 = CARTESIAN_POINT ( 'NONE',  ( 8.330569341257628013E-13, -63.38501884962746402, 32.55000000000000426 ) ) ;
#514 = DIRECTION ( 'NONE',  ( 0.000000000000000000, 0.000000000000000000, 1.000000000000000000 ) ) ;
#515 = ORIENTED_EDGE ( 'NONE', *, *, #2169, .F. ) ;
#516 = CIRCLE ( 'NONE', #2197, 2.550000000000000266 ) ;
#517 = EDGE_CURVE ( 'NONE', #2945, #1464, #57, .T. ) ;
#518 = ORIENTED_EDGE ( 'NONE', *, *, #3431, .T. ) ;
#519 = DIRECTION ( 'NONE',  ( 0.000000000000000000, 0.000000000000000000, -1.000000000000000000 ) ) ;
#520 = AXIS2_PLACEMENT_3D ( 'NONE', #2716, #2139, #3240 ) ;
#521 = VECTOR ( 'NONE', #825, 1000.000000000000000 ) ;
#522 = CARTESIAN_POINT ( 'NONE',  ( 20.20000000000000284, -33.38501884962745692, 50.00000000000000711 ) ) ;
#523 = VECTOR ( 'NONE', #2196, 1000.000000000000000 ) ;
#524 = ADVANCED_FACE ( 'NONE', ( #3419, #944, #3152, #678, #2885, #134, #1227 ), #2743, .F. ) ;
#525 = VECTOR ( 'NONE', #2421, 1000.000000000000000 ) ;
#526 = ORIENTED_EDGE ( 'NONE', *, *, #1938, .T. ) ;
#527 = AXIS2_PLACEMENT_3D ( 'NONE', #1454, #2522, #861 ) ;
#528 = CARTESIAN_POINT ( 'NONE',  ( 10.20000000000000817, -35.93501884962745407, 30.00000000000002132 ) ) ;
#529 = DIRECTION ( 'NONE',  ( 0.000000000000000000, 1.000000000000000000, 0.000000000000000000 ) ) ;
#530 = CYLINDRICAL_SURFACE ( 'NONE', #1513, 2.549999999999989608 ) ;
#531 = CONICAL_SURFACE ( 'NONE', #942, 2.550000000000000266, 0.7853981633974496113 ) ;
#532 = DIRECTION ( 'NONE',  ( 0.000000000000000000, 0.000000000000000000, 1.000000000000000000 ) ) ;
#533 = EDGE_LOOP ( 'NONE', ( #2431, #1756, #100, #774 ) ) ;
#534 = CARTESIAN_POINT ( 'NONE',  ( -20.20000000000001350, 25.51498115037249903, 70.00000000000000000 ) ) ;
#535 = DIRECTION ( 'NONE',  ( -0.000000000000000000, 1.000000000000000000, -0.000000000000000000 ) ) ;
#536 = CYLINDRICAL_SURFACE ( 'NONE', #2666, 2.549999999999996714 ) ;
#537 = ORIENTED_EDGE ( 'NONE', *, *, #787, .F. ) ;
#538 = AXIS2_PLACEMENT_3D ( 'NONE', #236, #292, #2989 ) ;
#539 = ORIENTED_EDGE ( 'NONE', *, *, #2246, .F. ) ;
#540 = DIRECTION ( 'NONE',  ( 1.000000000000000000, 0.000000000000000000, 0.000000000000000000 ) ) ;
#541 = EDGE_CURVE ( 'NONE', #3381, #3043, #3033, .T. ) ;
#542 = ORIENTED_EDGE ( 'NONE', *, *, #1031, .F. ) ;
#543 = CARTESIAN_POINT ( 'NONE',  ( -18.70000000000000995, -33.38501884962746402, 10.00000000000003020 ) ) ;
#544 = AXIS2_PLACEMENT_3D ( 'NONE', #334, #1450, #2076 ) ;
#545 = ORIENTED_EDGE ( 'NONE', *, *, #1794, .F. ) ;
#546 = EDGE_CURVE ( 'NONE', #2364, #556, #3120, .T. ) ;
#547 = EDGE_CURVE ( 'NONE', #2230, #1842, #3073, .T. ) ;
#548 = DIRECTION ( 'NONE',  ( -1.000000000000000000, 0.000000000000000000, 0.000000000000000000 ) ) ;
#549 = EDGE_CURVE ( 'NONE', #647, #3405, #3099, .T. ) ;
#550 = AXIS2_PLACEMENT_3D ( 'NONE', #3319, #2504, #50 ) ;
#551 = FACE_OUTER_BOUND ( 'NONE', #1196, .T. ) ;
#552 = AXIS2_PLACEMENT_3D ( 'NONE', #3037, #66, #44 ) ;
#553 = CARTESIAN_POINT ( 'NONE',  ( -18.55000000000008953, 23.01498115037252390, 75.00000000000000000 ) ) ;
#554 = DIRECTION ( 'NONE',  ( 8.659560562354943952E-17, 0.7071067811865465735, -0.7071067811865484609 ) ) ;
#555 = CIRCLE ( 'NONE', #2581, 2.549999999999996714 ) ;
#556 = VERTEX_POINT ( 'NONE', #3356 ) ;
#557 = CARTESIAN_POINT ( 'NONE',  ( -17.19999999999997797, 28.51498115037252390, 70.00000000000000000 ) ) ;
#558 = LINE ( 'NONE', #278, #1683 ) ;
#559 = DIRECTION ( 'NONE',  ( 0.000000000000000000, 0.000000000000000000, -1.000000000000000000 ) ) ;
#560 = ORIENTED_EDGE ( 'NONE', *, *, #438, .T. ) ;
#561 = ORIENTED_EDGE ( 'NONE', *, *, #3201, .F. ) ;
#562 = FACE_OUTER_BOUND ( 'NONE', #672, .T. ) ;
#563 = CIRCLE ( 'NONE', #2586, 2.549999999999996714 ) ;
#564 = ORIENTED_EDGE ( 'NONE', *, *, #165, .F. ) ;
#565 = DIRECTION ( 'NONE',  ( -0.000000000000000000, 1.000000000000000000, -0.000000000000000000 ) ) ;
#566 = ORIENTED_EDGE ( 'NONE', *, *, #2699, .F. ) ;
#567 = PRESENTATION_LAYER_ASSIGNMENT (  '', '', ( #1839 ) ) ;
#568 = CARTESIAN_POINT ( 'NONE',  ( -18.70000000000000639, -30.83501884962746331, 30.00000000000002132 ) ) ;
#569 = ADVANCED_FACE ( 'NONE', ( #1946 ), #1822, .F. ) ;
#570 = CARTESIAN_POINT ( 'NONE',  ( 18.70000000000002061, -33.38501884962745692, 10.00000000000003020 ) ) ;
#571 = DIRECTION ( 'NONE',  ( 0.000000000000000000, 1.000000000000000000, 0.000000000000000000 ) ) ;
#572 = CARTESIAN_POINT ( 'NONE',  ( -29.80000000000000071, -33.38501884962746402, 30.00000000000002132 ) ) ;
#573 = DIRECTION ( 'NONE',  ( 0.000000000000000000, 0.000000000000000000, -1.000000000000000000 ) ) ;
#574 = ORIENTED_EDGE ( 'NONE', *, *, #2122, .T. ) ;
#575 = FACE_OUTER_BOUND ( 'NONE', #1825, .T. ) ;
#576 = FACE_OUTER_BOUND ( 'NONE', #2929, .T. ) ;
#577 = FACE_OUTER_BOUND ( 'NONE', #3362, .T. ) ;
#578 = ORIENTED_EDGE ( 'NONE', *, *, #851, .T. ) ;
#579 = ADVANCED_FACE ( 'NONE', ( #1675 ), #2922, .F. ) ;
#580 = FACE_BOUND ( 'NONE', #1623, .T. ) ;
#581 = VERTEX_POINT ( 'NONE', #1926 ) ;
#582 = CARTESIAN_POINT ( 'NONE',  ( 18.70000000000002061, -33.38501884962745692, 50.00000000000000711 ) ) ;
#583 = AXIS2_PLACEMENT_3D ( 'NONE', #986, #2671, #455 ) ;
#584 = VERTEX_POINT ( 'NONE', #1658 ) ;
#585 = ADVANCED_FACE ( 'NONE', ( #575 ), #867, .F. ) ;
#586 = VECTOR ( 'NONE', #421, 1000.000000000000000 ) ;
#587 = FACE_OUTER_BOUND ( 'NONE', #3284, .T. ) ;
#588 = DIRECTION ( 'NONE',  ( 1.000000000000000000, 1.156482317317871725E-16, -0.000000000000000000 ) ) ;
#589 = ORIENTED_EDGE ( 'NONE', *, *, #712, .T. ) ;
#590 = LINE ( 'NONE', #373, #2498 ) ;
#591 = DIRECTION ( 'NONE',  ( 1.000000000000000000, 1.734723475976805862E-16, -0.000000000000000000 ) ) ;
#592 = DIRECTION ( 'NONE',  ( 0.000000000000000000, 0.000000000000000000, 1.000000000000000000 ) ) ;
#593 = VECTOR ( 'NONE', #1345, 1000.000000000000000 ) ;
#594 = DIRECTION ( 'NONE',  ( 1.000000000000000000, 0.000000000000000000, 0.000000000000000000 ) ) ;
#595 = VERTEX_POINT ( 'NONE', #885 ) ;
#596 = CARTESIAN_POINT ( 'NONE',  ( -20.20000000000000639, -4.672188561964202282E-15, 70.00000000000000000 ) ) ;
#597 = FACE_OUTER_BOUND ( 'NONE', #1171, .T. ) ;
#598 = CARTESIAN_POINT ( 'NONE',  ( 8.330569341257628013E-13, -14.88501884962747290, 32.55000000000000426 ) ) ;
#599 = ORIENTED_EDGE ( 'NONE', *, *, #2995, .T. ) ;
#600 = AXIS2_PLACEMENT_3D ( 'NONE', #1993, #616, #849 ) ;
#601 = EDGE_CURVE ( 'NONE', #581, #1364, #614, .T. ) ;
#602 = ORIENTED_EDGE ( 'NONE', *, *, #2098, .F. ) ;
#603 = CARTESIAN_POINT ( 'NONE',  ( -18.69999999999997442, -33.38501884962746402, 60.00000000000000711 ) ) ;
#604 = EDGE_CURVE ( 'NONE', #1371, #2655, #1132, .T. ) ;
#605 = CIRCLE ( 'NONE', #2502, 2.549999999999998490 ) ;
#606 = ORIENTED_EDGE ( 'NONE', *, *, #3448, .T. ) ;
#607 = DIRECTION ( 'NONE',  ( 0.000000000000000000, 1.000000000000000000, 0.000000000000000000 ) ) ;
#608 = ORIENTED_EDGE ( 'NONE', *, *, #2542, .F. ) ;
#609 = CARTESIAN_POINT ( 'NONE',  ( 8.330569341257628013E-13, -23.38501884962747468, 32.55000000000000426 ) ) ;
#610 = CARTESIAN_POINT ( 'NONE',  ( -10.75000000002553158, 7.514981150371358609, 70.00000000000000000 ) ) ;
#611 = DIRECTION ( 'NONE',  ( 0.000000000000000000, 1.000000000000000000, 0.000000000000000000 ) ) ;
#612 = CARTESIAN_POINT ( 'NONE',  ( 18.70000000000002061, -33.38501884962745692, 20.00000000000002487 ) ) ;
#613 = ORIENTED_EDGE ( 'NONE', *, *, #172, .F. ) ;
#614 = CIRCLE ( 'NONE', #2005, 2.549999999999999822 ) ;
#615 = LINE ( 'NONE', #1133, #2134 ) ;
#616 = DIRECTION ( 'NONE',  ( -1.000000000000000000, -0.000000000000000000, -0.000000000000000000 ) ) ;
#617 = VERTEX_POINT ( 'NONE', #1965 ) ;
#618 = CLOSED_SHELL ( 'NONE', ( #2950, #1221, #1764, #231, #1530, #1781, #1195, #250, #74, #2062, #2566, #111, #1642, #51, #3126, #1065, #2097, #675, #3192, #1719, #2627, #2935, #2981, #3485, #2515, #2336, #2520, #1667, #1824, #1482, #3520, #3291, #2714, #1521, #1759, #1155, #3326, #1952, #815, #2458, #1581, #2133, #2888, #3464, #1144, #1686, #1877, #524, #2630, #2471, #1192, #2130, #1027, #3096, #2692, #2619, #1330, #1284, #585, #3330, #2552, #2250, #1462, #2611, #1847, #2791, #3566, #1335, #1125, #841, #3556, #331, #3154, #3221, #3267, #3298, #3424, #743, #896, #2439, #2293, #2811, #662, #1970, #1257, #579, #3484, #569, #2258, #946, #473, #2660, #25, #3383, #1937, #402, #3150, #1985, #1562, #2766, #632, #2997, #1754, #2320, #3162, #1012 ) ) ;
#619 = EDGE_LOOP ( 'NONE', ( #1198, #252, #1925, #1668 ) ) ;
#620 =( NAMED_UNIT ( * ) PLANE_ANGLE_UNIT ( ) SI_UNIT ( $, .RADIAN. ) );
#621 = LINE ( 'NONE', #347, #1549 ) ;
#622 = VERTEX_POINT ( 'NONE', #557 ) ;
#623 = VECTOR ( 'NONE', #844, 1000.000000000000000 ) ;
#624 = PLANE ( 'NONE',  #344 ) ;
#625 = DIRECTION ( 'NONE',  ( 0.000000000000000000, 1.000000000000000000, 0.000000000000000000 ) ) ;
#626 = AXIS2_PLACEMENT_3D ( 'NONE', #2749, #1973, #814 ) ;
#627 = ORIENTED_EDGE ( 'NONE', *, *, #2343, .T. ) ;
#628 = DIRECTION ( 'NONE',  ( 0.000000000000000000, 0.000000000000000000, -1.000000000000000000 ) ) ;
#629 = DIRECTION ( 'NONE',  ( -0.7071067811865501263, 8.659560562354902043E-17, -0.7071067811865450192 ) ) ;
#630 = CARTESIAN_POINT ( 'NONE',  ( 8.330569341257628013E-13, -63.38501884962746402, 30.00000000000000355 ) ) ;
#631 = DIRECTION ( 'NONE',  ( 0.000000000000000000, 0.000000000000000000, 1.000000000000000000 ) ) ;
#632 = ADVANCED_FACE ( 'NONE', ( #3015 ), #2488, .T. ) ;
#633 = ORIENTED_EDGE ( 'NONE', *, *, #107, .T. ) ;
#634 = DIRECTION ( 'NONE',  ( 1.000000000000000000, 0.000000000000000000, 0.000000000000000000 ) ) ;
#635 = AXIS2_PLACEMENT_3D ( 'NONE', #2319, #2304, #121 ) ;
#636 = EDGE_CURVE ( 'NONE', #1467, #1583, #2804, .T. ) ;
#637 = ORIENTED_EDGE ( 'NONE', *, *, #1996, .F. ) ;
#638 = CONICAL_SURFACE ( 'NONE', #2943, 2.049999999999999822, 0.7853981633974533860 ) ;
#639 = EDGE_LOOP ( 'NONE', ( #2, #84 ) ) ;
#640 =( NAMED_UNIT ( * ) SI_UNIT ( $, .STERADIAN. ) SOLID_ANGLE_UNIT ( ) );
#641 = CARTESIAN_POINT ( 'NONE',  ( -18.69999999999998863, -30.83501884962745265, 40.00000000000001421 ) ) ;
#642 = EDGE_CURVE ( 'NONE', #2172, #1187, #3568, .T. ) ;
#643 = ORIENTED_EDGE ( 'NONE', *, *, #2086, .F. ) ;
#644 = DIRECTION ( 'NONE',  ( 1.000000000000000000, 0.000000000000000000, 0.000000000000000000 ) ) ;
#645 = LINE ( 'NONE', #1778, #2536 ) ;
#646 = DIRECTION ( 'NONE',  ( -0.000000000000000000, -0.000000000000000000, -1.000000000000000000 ) ) ;
#647 = VERTEX_POINT ( 'NONE', #2761 ) ;
#648 = AXIS2_PLACEMENT_3D ( 'NONE', #1303, #3511, #2805 ) ;
#649 = LINE ( 'NONE', #1747, #3361 ) ;
#650 = DIRECTION ( 'NONE',  ( 0.000000000000000000, 0.000000000000000000, -1.000000000000000000 ) ) ;
#651 = DIRECTION ( 'NONE',  ( 0.000000000000000000, 1.000000000000000000, 0.000000000000000000 ) ) ;
#652 = ORIENTED_EDGE ( 'NONE', *, *, #2098, .T. ) ;
#653 = AXIS2_PLACEMENT_3D ( 'NONE', #2391, #3224, #127 ) ;
#654 = CARTESIAN_POINT ( 'NONE',  ( -20.19999999999999929, -33.38501884962746402, 40.00000000000001421 ) ) ;
#655 = CIRCLE ( 'NONE', #3238, 2.550000000000003819 ) ;
#656 = AXIS2_PLACEMENT_3D ( 'NONE', #1596, #2993, #755 ) ;
#657 = VERTEX_POINT ( 'NONE', #1115 ) ;
#658 = CIRCLE ( 'NONE', #1916, 2.049999999999999822 ) ;
#659 = ORIENTED_EDGE ( 'NONE', *, *, #1048, .F. ) ;
#660 = CYLINDRICAL_SURFACE ( 'NONE', #3217, 2.549999999999996714 ) ;
#661 = VECTOR ( 'NONE', #164, 1000.000000000000000 ) ;
#662 = ADVANCED_FACE ( 'NONE', ( #16 ), #2111, .F. ) ;
#663 = ORIENTED_EDGE ( 'NONE', *, *, #3004, .F. ) ;
#664 = CARTESIAN_POINT ( 'NONE',  ( 15.50000000000000355, -7.985018849627476101, 75.00000000000000000 ) ) ;
#665 = CIRCLE ( 'NONE', #2677, 2.550000000000001599 ) ;
#666 = ORIENTED_EDGE ( 'NONE', *, *, #3125, .F. ) ;
#667 = LINE ( 'NONE', #2840, #1041 ) ;
#668 = DIRECTION ( 'NONE',  ( -1.000000000000000000, 8.587739980083206135E-17, 0.000000000000000000 ) ) ;
#669 = EDGE_CURVE ( 'NONE', #188, #146, #1646, .T. ) ;
#670 = EDGE_LOOP ( 'NONE', ( #2773, #467, #990, #518, #866 ) ) ;
#671 = CARTESIAN_POINT ( 'NONE',  ( -20.19999999999999929, -33.38501884962746402, 25.95000000000004192 ) ) ;
#672 = EDGE_LOOP ( 'NONE', ( #1014, #735, #3378, #1300, #1158 ) ) ;
#673 = EDGE_LOOP ( 'NONE', ( #59, #3462, #429, #890 ) ) ;
#674 = APPLICATION_PROTOCOL_DEFINITION ( 'draft international standard', 'automotive_design', 1998, #3364 ) ;
#675 = ADVANCED_FACE ( 'NONE', ( #1961 ), #2398, .F. ) ;
#676 = VECTOR ( 'NONE', #1731, 1000.000000000000000 ) ;
#677 = ORIENTED_EDGE ( 'NONE', *, *, #2447, .F. ) ;
#678 = FACE_BOUND ( 'NONE', #1786, .T. ) ;
#679 = ORIENTED_EDGE ( 'NONE', *, *, #1898, .T. ) ;
#680 = CARTESIAN_POINT ( 'NONE',  ( -20.20000000000000284, -17.38501884962748179, 0.000000000000000000 ) ) ;
#681 = VECTOR ( 'NONE', #2081, 1000.000000000000000 ) ;
#682 = LINE ( 'NONE', #2889, #937 ) ;
#683 = AXIS2_PLACEMENT_3D ( 'NONE', #3092, #1459, #1130 ) ;
#684 = DIRECTION ( 'NONE',  ( 8.587739980083206135E-17, 1.000000000000000000, -0.000000000000000000 ) ) ;
#685 =( GEOMETRIC_REPRESENTATION_CONTEXT ( 3 ) GLOBAL_UNCERTAINTY_ASSIGNED_CONTEXT ( ( #1621 ) ) GLOBAL_UNIT_ASSIGNED_CONTEXT ( ( #910, #2589, #640 ) ) REPRESENTATION_CONTEXT ( 'NONE', 'WORKASPACE' ) );
#686 = EDGE_CURVE ( 'NONE', #721, #1433, #2799, .T. ) ;
#687 = ORIENTED_EDGE ( 'NONE', *, *, #2033, .F. ) ;
#688 = DIRECTION ( 'NONE',  ( 1.000000000000000000, 1.156482317317871725E-16, -0.000000000000000000 ) ) ;
#689 = DIRECTION ( 'NONE',  ( 0.000000000000000000, 0.000000000000000000, -1.000000000000000000 ) ) ;
#690 = ORIENTED_EDGE ( 'NONE', *, *, #1812, .F. ) ;
#691 = DIRECTION ( 'NONE',  ( 8.659560562354943952E-17, 0.7071067811865465735, -0.7071067811865484609 ) ) ;
#692 = EDGE_LOOP ( 'NONE', ( #2947, #3409 ) ) ;
#693 = DIRECTION ( 'NONE',  ( 0.000000000000000000, 0.000000000000000000, -1.000000000000000000 ) ) ;
#694 = VERTEX_POINT ( 'NONE', #900 ) ;
#695 = EDGE_CURVE ( 'NONE', #1500, #1674, #1770, .T. ) ;
#696 = DIRECTION ( 'NONE',  ( 1.000000000000000000, 0.000000000000000000, 0.000000000000000000 ) ) ;
#697 = DIRECTION ( 'NONE',  ( -0.000000000000000000, 1.000000000000000000, -0.000000000000000000 ) ) ;
#698 = DIRECTION ( 'NONE',  ( -0.7071067811865502373, 8.659560562354902043E-17, -0.7071067811865449082 ) ) ;
#699 = CONICAL_SURFACE ( 'NONE', #125, 2.049999999999999822, 0.7853981633974533860 ) ;
#700 = ORIENTED_EDGE ( 'NONE', *, *, #1259, .T. ) ;
#701 = EDGE_CURVE ( 'NONE', #1467, #3427, #3041, .T. ) ;
#702 = FACE_OUTER_BOUND ( 'NONE', #748, .T. ) ;
#703 = EDGE_CURVE ( 'NONE', #2945, #247, #2235, .T. ) ;
#704 = CARTESIAN_POINT ( 'NONE',  ( -15.49999999999999645, 23.01498115037252390, 73.99999999999991473 ) ) ;
#705 = FACE_BOUND ( 'NONE', #1964, .T. ) ;
#706 = CARTESIAN_POINT ( 'NONE',  ( -13.44999999999999751, -7.985018849627476101, 73.99999999999991473 ) ) ;
#707 = VECTOR ( 'NONE', #3551, 1000.000000000000000 ) ;
#708 = ORIENTED_EDGE ( 'NONE', *, *, #200, .T. ) ;
#709 = EDGE_LOOP ( 'NONE', ( #2373, #3198, #2663, #1365, #3151 ) ) ;
#710 = AXIS2_PLACEMENT_3D ( 'NONE', #1546, #2654, #689 ) ;
#711 = DIRECTION ( 'NONE',  ( 0.7071067811865473507, 0.000000000000000000, -0.7071067811865477948 ) ) ;
#712 = EDGE_CURVE ( 'NONE', #1114, #2808, #2523, .T. ) ;
#713 = CIRCLE ( 'NONE', #1461, 10.75000000000000000 ) ;
#714 = EDGE_CURVE ( 'NONE', #3039, #3335, #2278, .T. ) ;
#715 = VERTEX_POINT ( 'NONE', #880 ) ;
#716 = CARTESIAN_POINT ( 'NONE',  ( -15.49999999999999645, -7.985018849627476101, 73.99999999999991473 ) ) ;
#717 = ORIENTED_EDGE ( 'NONE', *, *, #3122, .T. ) ;
#718 = DIRECTION ( 'NONE',  ( 0.000000000000000000, 0.7071067811865453523, 0.7071067811865496822 ) ) ;
#719 = CARTESIAN_POINT ( 'NONE',  ( 1.407490575186294501, 1.407490575186289838, 70.00000000000000000 ) ) ;
#720 = AXIS2_PLACEMENT_3D ( 'NONE', #249, #2985, #3255 ) ;
#721 = VERTEX_POINT ( 'NONE', #1456 ) ;
#722 = DIRECTION ( 'NONE',  ( 0.000000000000000000, 0.000000000000000000, 1.000000000000000000 ) ) ;
#723 = CARTESIAN_POINT ( 'NONE',  ( -29.80000000000000071, -33.38501884962746402, 20.00000000000002487 ) ) ;
#724 = DIRECTION ( 'NONE',  ( 0.000000000000000000, 1.000000000000000000, 0.000000000000000000 ) ) ;
#725 = DIRECTION ( 'NONE',  ( 1.000000000000000000, 0.000000000000000000, 0.000000000000000000 ) ) ;
#726 = VERTEX_POINT ( 'NONE', #610 ) ;
#727 = ORIENTED_EDGE ( 'NONE', *, *, #2995, .F. ) ;
#728 = AXIS2_PLACEMENT_3D ( 'NONE', #1808, #1726, #625 ) ;
#729 = ORIENTED_EDGE ( 'NONE', *, *, #130, .F. ) ;
#730 = ORIENTED_EDGE ( 'NONE', *, *, #3502, .T. ) ;
#731 = VECTOR ( 'NONE', #1940, 1000.000000000000114 ) ;
#732 = ORIENTED_EDGE ( 'NONE', *, *, #1463, .T. ) ;
#733 = CARTESIAN_POINT ( 'NONE',  ( 17.55000000000000426, 23.01498115037252390, 70.00000000000000000 ) ) ;
#734 = EDGE_LOOP ( 'NONE', ( #166, #2691, #122, #1616, #1951 ) ) ;
#735 = ORIENTED_EDGE ( 'NONE', *, *, #2517, .T. ) ;
#736 = FACE_OUTER_BOUND ( 'NONE', #2388, .T. ) ;
#737 = AXIS2_PLACEMENT_3D ( 'NONE', #1613, #206, #1305 ) ;
#738 = DIRECTION ( 'NONE',  ( -1.000000000000000000, 0.000000000000000000, 0.000000000000000000 ) ) ;
#739 = DIRECTION ( 'NONE',  ( 0.000000000000000000, 0.000000000000000000, -1.000000000000000000 ) ) ;
#740 = CARTESIAN_POINT ( 'NONE',  ( -20.19999999999999929, -33.38501884962746402, 20.00000000000002487 ) ) ;
#741 = ORIENTED_EDGE ( 'NONE', *, *, #318, .T. ) ;
#742 = EDGE_CURVE ( 'NONE', #617, #3043, #1670, .T. ) ;
#743 = ADVANCED_FACE ( 'NONE', ( #339 ), #201, .F. ) ;
#744 = CIRCLE ( 'NONE', #1201, 2.549999999999998490 ) ;
#745 = VERTEX_POINT ( 'NONE', #2817 ) ;
#746 = DIRECTION ( 'NONE',  ( 1.000000000000000000, 0.000000000000000000, 0.000000000000000000 ) ) ;
#747 = EDGE_CURVE ( 'NONE', #1467, #978, #1691, .T. ) ;
#748 = EDGE_LOOP ( 'NONE', ( #908, #3106, #3561, #2760, #141 ) ) ;
#749 = AXIS2_PLACEMENT_3D ( 'NONE', #2401, #746, #3218 ) ;
#750 = DIRECTION ( 'NONE',  ( 0.000000000000000000, -0.000000000000000000, 1.000000000000000000 ) ) ;
#751 = ORIENTED_EDGE ( 'NONE', *, *, #2179, .T. ) ;
#752 = CARTESIAN_POINT ( 'NONE',  ( 18.70000000000000995, -33.38501884962745692, 62.54999999999999716 ) ) ;
#753 = CARTESIAN_POINT ( 'NONE',  ( -13.44999999999999751, 23.01498115037252390, 73.99999999999991473 ) ) ;
#754 = CARTESIAN_POINT ( 'NONE',  ( 18.70000000000002061, -33.38501884962745692, 22.55000000000002203 ) ) ;
#755 = DIRECTION ( 'NONE',  ( 0.000000000000000000, 0.000000000000000000, -1.000000000000000000 ) ) ;
#756 = AXIS2_PLACEMENT_3D ( 'NONE', #654, #378, #1753 ) ;
#757 = EDGE_LOOP ( 'NONE', ( #1334, #2938, #992, #1279 ) ) ;
#758 = ORIENTED_EDGE ( 'NONE', *, *, #365, .T. ) ;
#759 = AXIS2_PLACEMENT_3D ( 'NONE', #242, #2489, #3016 ) ;
#760 = CIRCLE ( 'NONE', #1911, 2.549999999999989608 ) ;
#761 = CARTESIAN_POINT ( 'NONE',  ( 7.294207993136970641E-13, -13.38501884962747113, 15.94999999999999929 ) ) ;
#762 = LINE ( 'NONE', #719, #792 ) ;
#763 = CARTESIAN_POINT ( 'NONE',  ( 1.145453284422923675E-12, -13.38501884962747113, 60.00000000000000711 ) ) ;
#764 = VECTOR ( 'NONE', #2703, 1000.000000000000114 ) ;
#765 = ORIENTED_EDGE ( 'NONE', *, *, #865, .F. ) ;
#766 = DIRECTION ( 'NONE',  ( -0.000000000000000000, -0.000000000000000000, -1.000000000000000000 ) ) ;
#767 = DIRECTION ( 'NONE',  ( 0.000000000000000000, 0.000000000000000000, 1.000000000000000000 ) ) ;
#768 = DIRECTION ( 'NONE',  ( 0.000000000000000000, 1.000000000000000000, 0.000000000000000000 ) ) ;
#769 = DIRECTION ( 'NONE',  ( -0.000000000000000000, 0.000000000000000000, 1.000000000000000000 ) ) ;
#770 = CIRCLE ( 'NONE', #2797, 4.050000000000005151 ) ;
#771 = CARTESIAN_POINT ( 'NONE',  ( 10.20000000000000817, -33.38501884962745692, 30.00000000000002132 ) ) ;
#772 = CARTESIAN_POINT ( 'NONE',  ( -12.44999999999990159, -7.985018849627476101, 75.00000000000000000 ) ) ;
#773 = EDGE_CURVE ( 'NONE', #1020, #2845, #93, .T. ) ;
#774 = ORIENTED_EDGE ( 'NONE', *, *, #778, .F. ) ;
#775 = CARTESIAN_POINT ( 'NONE',  ( -15.49999999999999645, -7.985018849627476101, 73.99999999999991473 ) ) ;
#776 = CYLINDRICAL_SURFACE ( 'NONE', #1918, 2.049999999999999822 ) ;
#777 = VERTEX_POINT ( 'NONE', #3314 ) ;
#778 = EDGE_CURVE ( 'NONE', #856, #1123, #2838, .T. ) ;
#779 = CARTESIAN_POINT ( 'NONE',  ( -20.19999999999999929, -33.38501884962746402, 50.00000000000000711 ) ) ;
#780 = ORIENTED_EDGE ( 'NONE', *, *, #3486, .F. ) ;
#781 = LINE ( 'NONE', #2700, #2430 ) ;
#782 = CARTESIAN_POINT ( 'NONE',  ( 13.45000000000000284, 23.01498115037252390, 75.00000000000000000 ) ) ;
#783 = DIRECTION ( 'NONE',  ( -0.000000000000000000, -0.000000000000000000, -1.000000000000000000 ) ) ;
#784 = DIRECTION ( 'NONE',  ( 0.000000000000000000, 0.000000000000000000, -1.000000000000000000 ) ) ;
#785 = FACE_OUTER_BOUND ( 'NONE', #533, .T. ) ;
#786 = FACE_OUTER_BOUND ( 'NONE', #87, .T. ) ;
#787 = EDGE_CURVE ( 'NONE', #1493, #3318, #1190, .T. ) ;
#788 = VERTEX_POINT ( 'NONE', #1108 ) ;
#789 = AXIS2_PLACEMENT_3D ( 'NONE', #2616, #684, #668 ) ;
#790 = CARTESIAN_POINT ( 'NONE',  ( 10.20000000000000817, -35.93501884962746118, 40.00000000000001421 ) ) ;
#791 = CARTESIAN_POINT ( 'NONE',  ( 20.20000000000000284, -33.38501884962745692, 30.00000000000002132 ) ) ;
#792 = VECTOR ( 'NONE', #2135, 1000.000000000000000 ) ;
#793 = AXIS2_PLACEMENT_3D ( 'NONE', #2809, #2456, #326 ) ;
#794 = ORIENTED_EDGE ( 'NONE', *, *, #1584, .F. ) ;
#795 = VERTEX_POINT ( 'NONE', #1396 ) ;
#796 = CARTESIAN_POINT ( 'NONE',  ( 7.289248173600423754E-13, -14.88501884962747290, 20.00000000000000355 ) ) ;
#797 = EDGE_CURVE ( 'NONE', #2499, #447, #1650, .T. ) ;
#798 = CIRCLE ( 'NONE', #975, 4.050000000000008704 ) ;
#799 = FACE_OUTER_BOUND ( 'NONE', #3567, .T. ) ;
#800 = ORIENTED_EDGE ( 'NONE', *, *, #1077, .T. ) ;
#801 = FACE_BOUND ( 'NONE', #692, .T. ) ;
#802 = FACE_OUTER_BOUND ( 'NONE', #3543, .T. ) ;
#803 = FACE_OUTER_BOUND ( 'NONE', #1163, .T. ) ;
#804 = CARTESIAN_POINT ( 'NONE',  ( -29.80000000000000071, -30.83501884962746331, 20.00000000000002487 ) ) ;
#805 = EDGE_CURVE ( 'NONE', #926, #2969, #555, .T. ) ;
#806 = ORIENTED_EDGE ( 'NONE', *, *, #1165, .F. ) ;
#807 = EDGE_CURVE ( 'NONE', #3078, #833, #1478, .T. ) ;
#808 = DIRECTION ( 'NONE',  ( 8.659560562354943952E-17, 0.7071067811865465735, -0.7071067811865484609 ) ) ;
#809 = CARTESIAN_POINT ( 'NONE',  ( 7.292371022938250245E-13, -14.88501884962747290, 17.45000000000000284 ) ) ;
#810 = LINE ( 'NONE', #1810, #593 ) ;
#811 = ORIENTED_EDGE ( 'NONE', *, *, #290, .T. ) ;
#812 = CONICAL_SURFACE ( 'NONE', #3231, 2.549999999999996714, 0.7853981633974485010 ) ;
#813 = ORIENTED_EDGE ( 'NONE', *, *, #1183, .F. ) ;
#814 = DIRECTION ( 'NONE',  ( 0.000000000000000000, 0.000000000000000000, 1.000000000000000000 ) ) ;
#815 = ADVANCED_FACE ( 'NONE', ( #1471 ), #1688, .F. ) ;
#816 = EDGE_CURVE ( 'NONE', #1674, #1500, #1013, .T. ) ;
#817 = EDGE_CURVE ( 'NONE', #106, #1556, #1707, .T. ) ;
#818 = AXIS2_PLACEMENT_3D ( 'NONE', #2674, #2913, #3481 ) ;
#819 = ORIENTED_EDGE ( 'NONE', *, *, #3558, .F. ) ;
#820 = AXIS2_PLACEMENT_3D ( 'NONE', #2039, #1184, #1711 ) ;
#821 = CARTESIAN_POINT ( 'NONE',  ( 13.45000000000000284, -7.985018849627476101, 73.99999999999991473 ) ) ;
#822 = AXIS2_PLACEMENT_3D ( 'NONE', #771, #2219, #1055 ) ;
#823 = ORIENTED_EDGE ( 'NONE', *, *, #431, .T. ) ;
#824 = DIRECTION ( 'NONE',  ( 0.000000000000000000, 1.000000000000000000, 0.000000000000000000 ) ) ;
#825 = DIRECTION ( 'NONE',  ( 1.000000000000000000, 1.156482317317871725E-16, -0.000000000000000000 ) ) ;
#826 = FACE_OUTER_BOUND ( 'NONE', #1297, .T. ) ;
#827 = AXIS2_PLACEMENT_3D ( 'NONE', #2351, #495, #3166 ) ;
#828 = CARTESIAN_POINT ( 'NONE',  ( 15.50000000000000355, 23.01498115037252390, 75.00000000000000000 ) ) ;
#829 = ORIENTED_EDGE ( 'NONE', *, *, #365, .F. ) ;
#830 = DIRECTION ( 'NONE',  ( 1.000000000000000000, 2.312964634635743450E-16, -0.000000000000000000 ) ) ;
#831 = CARTESIAN_POINT ( 'NONE',  ( 20.20000000000000284, -17.38501884962747823, 70.00000000000000000 ) ) ;
#832 = DIRECTION ( 'NONE',  ( 1.000000000000000000, 0.000000000000000000, -0.000000000000000000 ) ) ;
#833 = VERTEX_POINT ( 'NONE', #2577 ) ;
#834 = EDGE_LOOP ( 'NONE', ( #2855, #2962, #708, #2205 ) ) ;
#835 = CARTESIAN_POINT ( 'NONE',  ( -29.80000000000000071, -30.83501884962746331, 20.00000000000002487 ) ) ;
#836 = ORIENTED_EDGE ( 'NONE', *, *, #2027, .T. ) ;
#837 = DIRECTION ( 'NONE',  ( 0.000000000000000000, 1.000000000000000000, 0.000000000000000000 ) ) ;
#838 = VERTEX_POINT ( 'NONE', #2835 ) ;
#839 = CARTESIAN_POINT ( 'NONE',  ( -10.19999999999999751, -30.83501884962746331, 20.00000000000002487 ) ) ;
#840 = CARTESIAN_POINT ( 'NONE',  ( 18.70000000000002061, -33.38501884962745692, 52.55000000000000426 ) ) ;
#841 = ADVANCED_FACE ( 'NONE', ( #1239 ), #67, .F. ) ;
#842 = DIRECTION ( 'NONE',  ( 1.000000000000000000, 1.734723475976805862E-16, -0.000000000000000000 ) ) ;
#843 = DIRECTION ( 'NONE',  ( -1.000000000000000000, -0.000000000000000000, -0.000000000000000000 ) ) ;
#844 = DIRECTION ( 'NONE',  ( 1.000000000000000000, 1.156482317317871725E-16, -0.000000000000000000 ) ) ;
#845 = VECTOR ( 'NONE', #3090, 1000.000000000000000 ) ;
#846 = ORIENTED_EDGE ( 'NONE', *, *, #546, .T. ) ;
#847 = DIRECTION ( 'NONE',  ( -1.000000000000000000, -1.156482317317871725E-16, 0.000000000000000000 ) ) ;
#848 = LINE ( 'NONE', #1617, #1974 ) ;
#849 = DIRECTION ( 'NONE',  ( 0.000000000000000000, 0.000000000000000000, -1.000000000000000000 ) ) ;
#850 = ORIENTED_EDGE ( 'NONE', *, *, #279, .T. ) ;
#851 = EDGE_CURVE ( 'NONE', #2742, #1291, #1161, .T. ) ;
#852 = VERTEX_POINT ( 'NONE', #977 ) ;
#853 = DIRECTION ( 'NONE',  ( -1.000000000000000000, -0.000000000000000000, -0.000000000000000000 ) ) ;
#854 = CONICAL_SURFACE ( 'NONE', #2753, 4.049999999999998046, 0.7853981633974418397 ) ;
#855 = MECHANICAL_DESIGN_GEOMETRIC_PRESENTATION_REPRESENTATION (  '', ( #1486 ), #685 ) ;
#856 = VERTEX_POINT ( 'NONE', #2346 ) ;
#857 = DIRECTION ( 'NONE',  ( 1.000000000000000000, 2.312964634635743450E-16, -0.000000000000000000 ) ) ;
#858 = EDGE_CURVE ( 'NONE', #1191, #2734, #2392, .T. ) ;
#859 = ORIENTED_EDGE ( 'NONE', *, *, #1831, .F. ) ;
#860 = VECTOR ( 'NONE', #2904, 1000.000000000000000 ) ;
#861 = DIRECTION ( 'NONE',  ( 0.000000000000000000, 1.000000000000000000, 0.000000000000000000 ) ) ;
#862 = CARTESIAN_POINT ( 'NONE',  ( -20.19999999999999929, -33.38501884962746402, 5.950000000000051692 ) ) ;
#863 = DIRECTION ( 'NONE',  ( -1.000000000000000000, -0.000000000000000000, -0.000000000000000000 ) ) ;
#864 = CARTESIAN_POINT ( 'NONE',  ( -2.553166011942664682E-11, 7.514981150371358609, 70.00000000000000000 ) ) ;
#865 = EDGE_CURVE ( 'NONE', #2754, #2266, #3180, .T. ) ;
#866 = ORIENTED_EDGE ( 'NONE', *, *, #3045, .F. ) ;
#867 = CYLINDRICAL_SURFACE ( 'NONE', #254, 2.550000000000000266 ) ;
#868 = DIRECTION ( 'NONE',  ( -0.7071067811865479058, -0.7071067811865470176, 0.000000000000000000 ) ) ;
#869 = LINE ( 'NONE', #3075, #2044 ) ;
#870 = ORIENTED_EDGE ( 'NONE', *, *, #1794, .T. ) ;
#871 = ORIENTED_EDGE ( 'NONE', *, *, #2664, .F. ) ;
#872 = DIRECTION ( 'NONE',  ( -1.000000000000000000, -0.000000000000000000, -0.000000000000000000 ) ) ;
#873 = ORIENTED_EDGE ( 'NONE', *, *, #2686, .T. ) ;
#874 = AXIS2_PLACEMENT_3D ( 'NONE', #2972, #2651, #2072 ) ;
#875 = DIRECTION ( 'NONE',  ( -0.000000000000000000, 0.000000000000000000, -1.000000000000000000 ) ) ;
#876 = CARTESIAN_POINT ( 'NONE',  ( -29.80000000000000071, -33.38501884962746402, 40.00000000000001421 ) ) ;
#877 = ORIENTED_EDGE ( 'NONE', *, *, #2491, .T. ) ;
#878 = DIRECTION ( 'NONE',  ( -0.7071067811865511255, 8.659560562354977232E-17, 0.7071067811865440200 ) ) ;
#880 = CARTESIAN_POINT ( 'NONE',  ( 20.19999999999999574, 25.51498115037255232, 70.00000000000000000 ) ) ;
#879 = VECTOR ( 'NONE', #766, 1000.000000000000000 ) ;
#881 = CARTESIAN_POINT ( 'NONE',  ( 10.19999999999999929, 1.769417945496341659E-15, 70.00000000000000000 ) ) ;
#882 = DIRECTION ( 'NONE',  ( 0.000000000000000000, 0.000000000000000000, -1.000000000000000000 ) ) ;
#883 = AXIS2_PLACEMENT_3D ( 'NONE', #205, #769, #1286 ) ;
#884 = VERTEX_POINT ( 'NONE', #371 ) ;
#885 = CARTESIAN_POINT ( 'NONE',  ( -17.54999999999999716, 23.01498115037252390, 70.00000000000000000 ) ) ;
#886 = CARTESIAN_POINT ( 'NONE',  ( 6.247927005943220505E-13, -63.38501884962746402, 10.00000000000000178 ) ) ;
#887 = CARTESIAN_POINT ( 'NONE',  ( 20.19999999999999929, 2.336094280982100352E-15, 70.00000000000000000 ) ) ;
#888 = EDGE_CURVE ( 'NONE', #2163, #1737, #2448, .T. ) ;
#889 = VERTEX_POINT ( 'NONE', #3105 ) ;
#890 = ORIENTED_EDGE ( 'NONE', *, *, #1829, .F. ) ;
#891 = FACE_OUTER_BOUND ( 'NONE', #1175, .T. ) ;
#892 = CIRCLE ( 'NONE', #720, 2.549999999999996714 ) ;
#893 = ORIENTED_EDGE ( 'NONE', *, *, #2732, .T. ) ;
#894 = LINE ( 'NONE', #2538, #2291 ) ;
#895 = LINE ( 'NONE', #3123, #3451 ) ;
#896 = ADVANCED_FACE ( 'NONE', ( #2018 ), #1932, .F. ) ;
#897 = DIRECTION ( 'NONE',  ( 1.000000000000000000, 2.312964634635743450E-16, -0.000000000000000000 ) ) ;
#898 = ORIENTED_EDGE ( 'NONE', *, *, #642, .F. ) ;
#899 = CARTESIAN_POINT ( 'NONE',  ( 9.371890508914830252E-13, -63.38501884962746402, 40.00000000000000000 ) ) ;
#900 = CARTESIAN_POINT ( 'NONE',  ( 13.45000000000000284, 23.01498115037252390, 73.99999999999991473 ) ) ;
#901 = DIRECTION ( 'NONE',  ( 1.000000000000000000, 0.000000000000000000, 0.000000000000000000 ) ) ;
#902 = VECTOR ( 'NONE', #2275, 1000.000000000000114 ) ;
#903 = DIRECTION ( 'NONE',  ( 1.000000000000000000, 0.000000000000000000, 0.000000000000000000 ) ) ;
#904 = ORIENTED_EDGE ( 'NONE', *, *, #2556, .T. ) ;
#905 = VECTOR ( 'NONE', #2467, 1000.000000000000000 ) ;
#906 = DIRECTION ( 'NONE',  ( -0.000000000000000000, 1.000000000000000000, -0.000000000000000000 ) ) ;
#907 = EDGE_CURVE ( 'NONE', #38, #1604, #1411, .T. ) ;
#908 = ORIENTED_EDGE ( 'NONE', *, *, #851, .F. ) ;
#909 = EDGE_LOOP ( 'NONE', ( #1897, #574 ) ) ;
#910 =( LENGTH_UNIT ( ) NAMED_UNIT ( * ) SI_UNIT ( .MILLI., .METRE. ) );
#911 = LINE ( 'NONE', #2829, #2189 ) ;
#912 = ORIENTED_EDGE ( 'NONE', *, *, #3254, .T. ) ;
#913 = VECTOR ( 'NONE', #1399, 1000.000000000000000 ) ;
#914 = CARTESIAN_POINT ( 'NONE',  ( -18.69999999999997442, -33.38501884962746402, 60.00000000000000711 ) ) ;
#915 = CARTESIAN_POINT ( 'NONE',  ( 20.20000000000000284, -43.38501884962747113, 70.00000000000000000 ) ) ;
#916 = EDGE_LOOP ( 'NONE', ( #1306, #2690, #1346, #1439 ) ) ;
#917 = DIRECTION ( 'NONE',  ( 1.000000000000000000, 1.156482317317871725E-16, -0.000000000000000000 ) ) ;
#918 = CARTESIAN_POINT ( 'NONE',  ( 10.20000000000000284, -23.38501884962747823, 0.000000000000000000 ) ) ;
#919 = LINE ( 'NONE', #2022, #3501 ) ;
#920 = ORIENTED_EDGE ( 'NONE', *, *, #209, .T. ) ;
#921 = FACE_OUTER_BOUND ( 'NONE', #2659, .T. ) ;
#922 = ORIENTED_EDGE ( 'NONE', *, *, #367, .T. ) ;
#923 = AXIS2_PLACEMENT_3D ( 'NONE', #1278, #1015, #1571 ) ;
#924 = ORIENTED_EDGE ( 'NONE', *, *, #2069, .F. ) ;
#925 = FACE_OUTER_BOUND ( 'NONE', #3490, .T. ) ;
#926 = VERTEX_POINT ( 'NONE', #2540 ) ;
#927 = FACE_OUTER_BOUND ( 'NONE', #189, .T. ) ;
#928 = VECTOR ( 'NONE', #114, 1000.000000000000114 ) ;
#929 = EDGE_CURVE ( 'NONE', #1493, #2298, #1142, .T. ) ;
#930 = EDGE_CURVE ( 'NONE', #1705, #715, #1180, .T. ) ;
#931 = VERTEX_POINT ( 'NONE', #2290 ) ;
#932 = CARTESIAN_POINT ( 'NONE',  ( -20.19999999999999929, -33.38501884962746402, 35.95000000000001705 ) ) ;
#933 = DIRECTION ( 'NONE',  ( 0.000000000000000000, 0.000000000000000000, -1.000000000000000000 ) ) ;
#934 = VERTEX_POINT ( 'NONE', #198 ) ;
#935 = VECTOR ( 'NONE', #3528, 1000.000000000000000 ) ;
#936 = DIRECTION ( 'NONE',  ( 1.000000000000000000, 1.156482317317871725E-16, -0.000000000000000000 ) ) ;
#937 = VECTOR ( 'NONE', #375, 1000.000000000000000 ) ;
#938 = EDGE_CURVE ( 'NONE', #1487, #22, #1349, .T. ) ;
#939 = ORIENTED_EDGE ( 'NONE', *, *, #1323, .T. ) ;
#940 = EDGE_LOOP ( 'NONE', ( #663, #3061, #1026, #1582 ) ) ;
#941 = DIRECTION ( 'NONE',  ( 1.000000000000000000, 1.156482317317871725E-16, -0.000000000000000000 ) ) ;
#942 = AXIS2_PLACEMENT_3D ( 'NONE', #1252, #2091, #1268 ) ;
#943 = ORIENTED_EDGE ( 'NONE', *, *, #2507, .T. ) ;
#944 = FACE_BOUND ( 'NONE', #3322, .T. ) ;
#945 = AXIS2_PLACEMENT_3D ( 'NONE', #3292, #1939, #3259 ) ;
#946 = ADVANCED_FACE ( 'NONE', ( #3235 ), #1645, .F. ) ;
#947 = VERTEX_POINT ( 'NONE', #733 ) ;
#948 =( NAMED_UNIT ( * ) SI_UNIT ( $, .STERADIAN. ) SOLID_ANGLE_UNIT ( ) );
#949 = DIRECTION ( 'NONE',  ( 1.000000000000000000, 1.156482317317871725E-16, -0.000000000000000000 ) ) ;
#950 = DIRECTION ( 'NONE',  ( -1.000000000000000000, -1.156482317317871725E-16, 0.000000000000000000 ) ) ;
#951 = VERTEX_POINT ( 'NONE', #1047 ) ;
#952 = DIRECTION ( 'NONE',  ( 0.000000000000000000, -0.000000000000000000, 1.000000000000000000 ) ) ;
#953 = EDGE_CURVE ( 'NONE', #106, #2633, #2387, .T. ) ;
#954 = CARTESIAN_POINT ( 'NONE',  ( -20.19999999999999929, -33.38501884962746402, 20.00000000000002487 ) ) ;
#955 = ORIENTED_EDGE ( 'NONE', *, *, #3101, .T. ) ;
#956 = SURFACE_STYLE_FILL_AREA ( #2267 ) ;
#957 = EDGE_CURVE ( 'NONE', #1078, #1714, #2107, .T. ) ;
#958 = ORIENTED_EDGE ( 'NONE', *, *, #2416, .T. ) ;
#959 = CARTESIAN_POINT ( 'NONE',  ( -29.80000000000000071, -33.38501884962746402, 50.00000000000000711 ) ) ;
#960 = DIRECTION ( 'NONE',  ( 0.000000000000000000, 0.000000000000000000, 1.000000000000000000 ) ) ;
#961 = VERTEX_POINT ( 'NONE', #2404 ) ;
#962 = VECTOR ( 'NONE', #3565, 1000.000000000000000 ) ;
#963 = EDGE_CURVE ( 'NONE', #556, #3476, #1424, .T. ) ;
#964 = AXIS2_PLACEMENT_3D ( 'NONE', #2420, #2355, #982 ) ;
#965 = DIRECTION ( 'NONE',  ( 0.000000000000000000, 0.000000000000000000, -1.000000000000000000 ) ) ;
#966 = CIRCLE ( 'NONE', #2403, 4.049999999999977618 ) ;
#967 = DIRECTION ( 'NONE',  ( 0.000000000000000000, 1.000000000000000000, 0.000000000000000000 ) ) ;
#968 = ORIENTED_EDGE ( 'NONE', *, *, #2897, .T. ) ;
#969 = DIRECTION ( 'NONE',  ( 0.000000000000000000, 0.000000000000000000, -1.000000000000000000 ) ) ;
#970 = DIRECTION ( 'NONE',  ( 1.000000000000000000, 0.000000000000000000, 0.000000000000000000 ) ) ;
#971 = EDGE_CURVE ( 'NONE', #1020, #1442, #332, .T. ) ;
#972 = FACE_OUTER_BOUND ( 'NONE', #757, .T. ) ;
#973 = CARTESIAN_POINT ( 'NONE',  ( 9.375013358252655734E-13, -14.88501884962748001, 37.44999999999999574 ) ) ;
#974 = EDGE_CURVE ( 'NONE', #3335, #2558, #1775, .T. ) ;
#975 = AXIS2_PLACEMENT_3D ( 'NONE', #1743, #1197, #960 ) ;
#976 = ORIENTED_EDGE ( 'NONE', *, *, #2731, .F. ) ;
#977 = CARTESIAN_POINT ( 'NONE',  ( -18.69999999999997442, -35.93501884962745407, 60.00000000000000711 ) ) ;
#978 = VERTEX_POINT ( 'NONE', #2681 ) ;
#979 = CARTESIAN_POINT ( 'NONE',  ( -20.19999999999999929, -33.38501884962746402, 44.05000000000001137 ) ) ;
#980 = ORIENTED_EDGE ( 'NONE', *, *, #1066, .F. ) ;
#981 = DIRECTION ( 'NONE',  ( -0.000000000000000000, 0.000000000000000000, 1.000000000000000000 ) ) ;
#982 = DIRECTION ( 'NONE',  ( 0.000000000000000000, 0.000000000000000000, -1.000000000000000000 ) ) ;
#983 = CONICAL_SURFACE ( 'NONE', #179, 4.049999999999977618, 0.7853981633974447263 ) ;
#984 = ORIENTED_EDGE ( 'NONE', *, *, #1572, .F. ) ;
#985 = DIRECTION ( 'NONE',  ( -0.000000000000000000, 1.000000000000000000, -0.000000000000000000 ) ) ;
#986 = CARTESIAN_POINT ( 'NONE',  ( -15.49999999999999645, 23.01498115037252390, 75.00000000000000000 ) ) ;
#987 = LINE ( 'NONE', #158, #764 ) ;
#988 = DIRECTION ( 'NONE',  ( -0.000000000000000000, -0.000000000000000000, -1.000000000000000000 ) ) ;
#989 = AXIS2_PLACEMENT_3D ( 'NONE', #3228, #2127, #3161 ) ;
#990 = ORIENTED_EDGE ( 'NONE', *, *, #2088, .T. ) ;
#991 = AXIS2_PLACEMENT_3D ( 'NONE', #1069, #3294, #2990 ) ;
#992 = ORIENTED_EDGE ( 'NONE', *, *, #438, .F. ) ;
#993 = AXIS2_PLACEMENT_3D ( 'NONE', #2465, #2143, #1924 ) ;
#994 = AXIS2_PLACEMENT_3D ( 'NONE', #3085, #1141, #2518 ) ;
#995 = AXIS2_PLACEMENT_3D ( 'NONE', #1054, #3277, #2427 ) ;
#996 = EDGE_LOOP ( 'NONE', ( #2099, #1541 ) ) ;
#997 = AXIS2_PLACEMENT_3D ( 'NONE', #1908, #2433, #3250 ) ;
#998 = ORIENTED_EDGE ( 'NONE', *, *, #3380, .F. ) ;
#999 = EDGE_CURVE ( 'NONE', #788, #1294, #43, .T. ) ;
#1000 = LINE ( 'NONE', #2066, #1850 ) ;
#1001 = DIRECTION ( 'NONE',  ( 1.000000000000000000, 0.000000000000000000, 0.000000000000000000 ) ) ;
#1002 = CIRCLE ( 'NONE', #309, 4.049999999999977618 ) ;
#1003 = ORIENTED_EDGE ( 'NONE', *, *, #2330, .F. ) ;
#1004 = EDGE_CURVE ( 'NONE', #2767, #323, #1298, .T. ) ;
#1005 = VERTEX_POINT ( 'NONE', #1525 ) ;
#1006 = DIRECTION ( 'NONE',  ( 0.000000000000000000, -0.000000000000000000, -1.000000000000000000 ) ) ;
#1007 = DIRECTION ( 'NONE',  ( 1.000000000000000000, 1.734723475976805862E-16, -0.000000000000000000 ) ) ;
#1008 = DIRECTION ( 'NONE',  ( 0.000000000000000000, 0.000000000000000000, -1.000000000000000000 ) ) ;
#1009 = EDGE_CURVE ( 'NONE', #2823, #2101, #762, .T. ) ;
#1010 = LINE ( 'NONE', #973, #2038 ) ;
#1011 = ORIENTED_EDGE ( 'NONE', *, *, #2839, .T. ) ;
#1012 = ADVANCED_FACE ( 'NONE', ( #469 ), #1864, .F. ) ;
#1013 = CIRCLE ( 'NONE', #728, 2.549999999999996714 ) ;
#1014 = ORIENTED_EDGE ( 'NONE', *, *, #2220, .F. ) ;
#1015 = DIRECTION ( 'NONE',  ( 0.000000000000000000, 1.000000000000000000, 0.000000000000000000 ) ) ;
#1016 = AXIS2_PLACEMENT_3D ( 'NONE', #2216, #591, #354 ) ;
#1017 = ORIENTED_EDGE ( 'NONE', *, *, #2049, .F. ) ;
#1018 = DIRECTION ( 'NONE',  ( -1.000000000000000000, 0.000000000000000000, 0.000000000000000000 ) ) ;
#1019 = DIRECTION ( 'NONE',  ( 0.000000000000000000, 0.000000000000000000, 1.000000000000000000 ) ) ;
#1020 = VERTEX_POINT ( 'NONE', #2967 ) ;
#1021 = LINE ( 'NONE', #1542, #3066 ) ;
#1022 = CIRCLE ( 'NONE', #3271, 10.75000000000000000 ) ;
#1023 = CARTESIAN_POINT ( 'NONE',  ( 20.20000000000000284, -33.38501884962745692, 15.95000000000004725 ) ) ;
#1024 = LINE ( 'NONE', #2958, #2434 ) ;
#1025 = CARTESIAN_POINT ( 'NONE',  ( -2.553166011942664682E-11, 7.514981150371358609, 80.00000000000000000 ) ) ;
#1026 = ORIENTED_EDGE ( 'NONE', *, *, #930, .F. ) ;
#1027 = ADVANCED_FACE ( 'NONE', ( #2629 ), #1586, .F. ) ;
#1028 = AXIS2_PLACEMENT_3D ( 'NONE', #2144, #3549, #1072 ) ;
#1029 = ORIENTED_EDGE ( 'NONE', *, *, #1788, .T. ) ;
#1030 = CARTESIAN_POINT ( 'NONE',  ( 20.20000000000000284, -33.38501884962745692, 40.00000000000001421 ) ) ;
#1031 = EDGE_CURVE ( 'NONE', #1487, #1522, #214, .T. ) ;
#1032 = DIRECTION ( 'NONE',  ( 1.000000000000000000, 0.000000000000000000, 0.000000000000000000 ) ) ;
#1033 = ORIENTED_EDGE ( 'NONE', *, *, #3558, .T. ) ;
#1034 = FACE_OUTER_BOUND ( 'NONE', #2276, .T. ) ;
#1035 = DIRECTION ( 'NONE',  ( 0.000000000000000000, 0.000000000000000000, -1.000000000000000000 ) ) ;
#1036 = CARTESIAN_POINT ( 'NONE',  ( -20.19999999999999929, -33.38501884962746402, 30.00000000000002132 ) ) ;
#1037 = DIRECTION ( 'NONE',  ( 0.000000000000000000, 0.000000000000000000, 1.000000000000000000 ) ) ;
#1038 = AXIS2_PLACEMENT_3D ( 'NONE', #1402, #1006, #1801 ) ;
#1039 = VERTEX_POINT ( 'NONE', #1246 ) ;
#1040 = CARTESIAN_POINT ( 'NONE',  ( 20.20000000000000284, -33.38501884962745692, 35.95000000000003837 ) ) ;
#1041 = VECTOR ( 'NONE', #2021, 1000.000000000000000 ) ;
#1042 = DIRECTION ( 'NONE',  ( -0.000000000000000000, -0.000000000000000000, -1.000000000000000000 ) ) ;
#1043 = EDGE_CURVE ( 'NONE', #2882, #1944, #3454, .T. ) ;
#1044 = VERTEX_POINT ( 'NONE', #3190 ) ;
#1045 = CIRCLE ( 'NONE', #3077, 2.549999999999996714 ) ;
#1046 = VECTOR ( 'NONE', #2739, 1000.000000000000000 ) ;
#1047 = CARTESIAN_POINT ( 'NONE',  ( -12.44999999999990159, 23.01498115037252390, 75.00000000000000000 ) ) ;
#1048 = EDGE_CURVE ( 'NONE', #2163, #42, #1815, .T. ) ;
#1049 = VECTOR ( 'NONE', #2973, 1000.000000000000000 ) ;
#1050 = ORIENTED_EDGE ( 'NONE', *, *, #2096, .F. ) ;
#1051 = DIRECTION ( 'NONE',  ( 0.000000000000000000, 0.000000000000000000, 1.000000000000000000 ) ) ;
#1052 = CARTESIAN_POINT ( 'NONE',  ( 6.247927005943220505E-13, -14.88501884962747290, 10.00000000000000178 ) ) ;
#1053 = LINE ( 'NONE', #2505, #1046 ) ;
#1054 = CARTESIAN_POINT ( 'NONE',  ( -29.80000000000000071, -33.38501884962746402, 40.00000000000001421 ) ) ;
#1055 = DIRECTION ( 'NONE',  ( 0.000000000000000000, 1.000000000000000000, 0.000000000000000000 ) ) ;
#1056 = DIRECTION ( 'NONE',  ( -1.000000000000000000, 0.000000000000000000, 0.000000000000000000 ) ) ;
#1057 = EDGE_CURVE ( 'NONE', #934, #3165, #2370, .T. ) ;
#1058 = ORIENTED_EDGE ( 'NONE', *, *, #2556, .F. ) ;
#1059 = CARTESIAN_POINT ( 'NONE',  ( 0.000000000000000000, -43.38501884962747113, 75.00000000000000000 ) ) ;
#1060 = DIRECTION ( 'NONE',  ( 0.000000000000000000, 0.000000000000000000, -1.000000000000000000 ) ) ;
#1061 = VERTEX_POINT ( 'NONE', #186 ) ;
#1062 = ORIENTED_EDGE ( 'NONE', *, *, #3188, .F. ) ;
#1063 = DIRECTION ( 'NONE',  ( 1.000000000000000000, 1.156482317317871725E-16, -0.000000000000000000 ) ) ;
#1064 = CARTESIAN_POINT ( 'NONE',  ( 6.247927005943220505E-13, -13.38501884962747113, 14.05000000000000782 ) ) ;
#1065 = ADVANCED_FACE ( 'NONE', ( #2119 ), #3160, .F. ) ;
#1066 = EDGE_CURVE ( 'NONE', #1291, #1114, #3443, .T. ) ;
#1067 = VERTEX_POINT ( 'NONE', #3560 ) ;
#1068 = CARTESIAN_POINT ( 'NONE',  ( 15.50000000000000355, 23.01498115037252390, 75.00000000000000000 ) ) ;
#1069 = CARTESIAN_POINT ( 'NONE',  ( -18.70000000000000995, -33.38501884962746402, 50.00000000000000711 ) ) ;
#1070 = CARTESIAN_POINT ( 'NONE',  ( 15.50000000000000355, -7.985018849627476101, 73.99999999999991473 ) ) ;
#1071 = CARTESIAN_POINT ( 'NONE',  ( -18.70000000000000995, -33.38501884962746402, 7.450000000000031264 ) ) ;
#1072 = DIRECTION ( 'NONE',  ( 0.000000000000000000, 1.000000000000000000, 0.000000000000000000 ) ) ;
#1073 = EDGE_LOOP ( 'NONE', ( #1689, #1588 ) ) ;
#1074 = CIRCLE ( 'NONE', #3110, 2.550000000000003819 ) ;
#1075 = CARTESIAN_POINT ( 'NONE',  ( 1.041633452590985999E-12, -14.88501884962747290, 47.45000000000000284 ) ) ;
#1076 = DIRECTION ( 'NONE',  ( 1.000000000000000000, 0.000000000000000000, 0.000000000000000000 ) ) ;
#1077 = EDGE_CURVE ( 'NONE', #1067, #3446, #1879, .T. ) ;
#1078 = VERTEX_POINT ( 'NONE', #821 ) ;
#1079 = PRODUCT_DEFINITION_CONTEXT ( 'detailed design', #1627, 'design' ) ;
#1080 = EDGE_LOOP ( 'NONE', ( #1598, #2345, #1878, #81 ) ) ;
#1081 = CARTESIAN_POINT ( 'NONE',  ( -18.69999999999997442, -33.38501884962746402, 57.45000000000001705 ) ) ;
#1082 = VERTEX_POINT ( 'NONE', #1084 ) ;
#1083 = AXIS2_PLACEMENT_3D ( 'NONE', #399, #88, #1485 ) ;
#1084 = CARTESIAN_POINT ( 'NONE',  ( -20.19999999999999929, -33.38501884962746402, 55.95000000000000284 ) ) ;
#1085 = EDGE_LOOP ( 'NONE', ( #512, #3439, #3087, #1975 ) ) ;
#1086 = VECTOR ( 'NONE', #1585, 1000.000000000000000 ) ;
#1087 = CARTESIAN_POINT ( 'NONE',  ( 20.20000000000000284, -33.38501884962745692, 44.04999999999999005 ) ) ;
#1088 = LINE ( 'NONE', #2194, #1976 ) ;
#1089 = DIRECTION ( 'NONE',  ( 0.000000000000000000, 0.000000000000000000, -1.000000000000000000 ) ) ;
#1090 = CYLINDRICAL_SURFACE ( 'NONE', #1777, 2.049999999999999822 ) ;
#1091 = ORIENTED_EDGE ( 'NONE', *, *, #1700, .T. ) ;
#1092 = CARTESIAN_POINT ( 'NONE',  ( 18.70000000000002771, -33.38501884962745692, 42.55000000000001847 ) ) ;
#1093 = DIRECTION ( 'NONE',  ( 0.000000000000000000, 1.000000000000000000, 0.000000000000000000 ) ) ;
#1094 = FACE_BOUND ( 'NONE', #3047, .T. ) ;
#1095 = AXIS2_PLACEMENT_3D ( 'NONE', #1420, #2876, #56 ) ;
#1096 = VERTEX_POINT ( 'NONE', #3272 ) ;
#1097 = CONICAL_SURFACE ( 'NONE', #288, 2.549999999999996714, 0.7853981633974476129 ) ;
#1098 = ORIENTED_EDGE ( 'NONE', *, *, #3042, .F. ) ;
#1099 = DIRECTION ( 'NONE',  ( 0.000000000000000000, 1.000000000000000000, 0.000000000000000000 ) ) ;
#1100 = CIRCLE ( 'NONE', #2718, 2.549999999999998046 ) ;
#1101 = EDGE_CURVE ( 'NONE', #2624, #926, #892, .T. ) ;
#1102 = ORIENTED_EDGE ( 'NONE', *, *, #115, .F. ) ;
#1103 = CYLINDRICAL_SURFACE ( 'NONE', #3369, 2.550000000000003819 ) ;
#1104 = AXIS2_PLACEMENT_3D ( 'NONE', #1561, #2878, #3197 ) ;
#1105 = ORIENTED_EDGE ( 'NONE', *, *, #669, .T. ) ;
#1106 = AXIS2_PLACEMENT_3D ( 'NONE', #572, #1655, #274 ) ;
#1107 = DIRECTION ( 'NONE',  ( 0.000000000000000000, 1.000000000000000000, 0.000000000000000000 ) ) ;
#1108 = CARTESIAN_POINT ( 'NONE',  ( -10.19999999999999751, -30.83501884962747042, 60.00000000000000711 ) ) ;
#1109 = DIRECTION ( 'NONE',  ( 1.000000000000000000, 0.000000000000000000, 0.000000000000000000 ) ) ;
#1110 = DIRECTION ( 'NONE',  ( -0.000000000000000000, -1.000000000000000000, -0.000000000000000000 ) ) ;
#1111 = CONICAL_SURFACE ( 'NONE', #471, 2.049999999999999822, 0.7853981633974533860 ) ;
#1112 = DIRECTION ( 'NONE',  ( 0.000000000000000000, 1.000000000000000000, 0.000000000000000000 ) ) ;
#1113 = EDGE_CURVE ( 'NONE', #1472, #120, #1994, .T. ) ;
#1114 = VERTEX_POINT ( 'NONE', #1352 ) ;
#1115 = CARTESIAN_POINT ( 'NONE',  ( 18.70000000000002061, -30.83501884962745621, 20.00000000000002487 ) ) ;
#1116 = DIRECTION ( 'NONE',  ( -0.000000000000000000, -1.000000000000000000, -0.000000000000000000 ) ) ;
#1117 = CARTESIAN_POINT ( 'NONE',  ( 9.371890508914830252E-13, -23.38501884962747468, 42.55000000000000426 ) ) ;
#1118 = VECTOR ( 'NONE', #1653, 1000.000000000000000 ) ;
#1119 = ORIENTED_EDGE ( 'NONE', *, *, #2289, .F. ) ;
#1120 = ORIENTED_EDGE ( 'NONE', *, *, #3076, .T. ) ;
#1121 = DIRECTION ( 'NONE',  ( 0.000000000000000000, 0.000000000000000000, 1.000000000000000000 ) ) ;
#1122 = EDGE_CURVE ( 'NONE', #1039, #3177, #140, .T. ) ;
#1123 = VERTEX_POINT ( 'NONE', #1064 ) ;
#1124 = CARTESIAN_POINT ( 'NONE',  ( 18.70000000000002061, -33.38501884962745692, 32.55000000000001847 ) ) ;
#1125 = ADVANCED_FACE ( 'NONE', ( #3289 ), #1629, .F. ) ;
#1126 = EDGE_LOOP ( 'NONE', ( #1240, #430, #357, #955, #1273 ) ) ;
#1127 = DIRECTION ( 'NONE',  ( 1.000000000000000000, 1.734723475976805862E-16, -0.000000000000000000 ) ) ;
#1128 = DIRECTION ( 'NONE',  ( 1.000000000000000000, 0.000000000000000000, 0.000000000000000000 ) ) ;
#1129 = CARTESIAN_POINT ( 'NONE',  ( 10.20000000000000817, -33.38501884962745692, 20.00000000000002487 ) ) ;
#1130 = DIRECTION ( 'NONE',  ( 0.000000000000000000, 0.000000000000000000, 1.000000000000000000 ) ) ;
#1131 = ORIENTED_EDGE ( 'NONE', *, *, #1572, .T. ) ;
#1132 = LINE ( 'NONE', #3280, #1350 ) ;
#1133 = CARTESIAN_POINT ( 'NONE',  ( 17.55000000000000426, -7.985018849627476101, 73.99999999999991473 ) ) ;
#1134 = DIRECTION ( 'NONE',  ( 0.7071067811865479058, 0.000000000000000000, -0.7071067811865470176 ) ) ;
#1135 = VERTEX_POINT ( 'NONE', #2170 ) ;
#1136 = VECTOR ( 'NONE', #1001, 1000.000000000000000 ) ;
#1137 = ORIENTED_EDGE ( 'NONE', *, *, #547, .F. ) ;
#1138 = DIRECTION ( 'NONE',  ( 0.7071067811865479058, 0.7071067811865470176, 0.000000000000000000 ) ) ;
#1139 = EDGE_CURVE ( 'NONE', #1067, #3039, #477, .T. ) ;
#1140 = VERTEX_POINT ( 'NONE', #1607 ) ;
#1141 = DIRECTION ( 'NONE',  ( 0.000000000000000000, 1.000000000000000000, 0.000000000000000000 ) ) ;
#1142 = LINE ( 'NONE', #2854, #902 ) ;
#1143 = ORIENTED_EDGE ( 'NONE', *, *, #3230, .F. ) ;
#1144 = ADVANCED_FACE ( 'NONE', ( #799 ), #1103, .F. ) ;
#1145 = CARTESIAN_POINT ( 'NONE',  ( 6.247927005943220505E-13, -23.38501884962747468, 12.55000000000000249 ) ) ;
#1146 = CARTESIAN_POINT ( 'NONE',  ( -1.407490575186226112, 1.407490575186230775, 70.00000000000000000 ) ) ;
#1147 = FACE_BOUND ( 'NONE', #2894, .T. ) ;
#1148 = CARTESIAN_POINT ( 'NONE',  ( 18.70000000000002061, -33.38501884962745692, 30.00000000000002132 ) ) ;
#1149 = ORIENTED_EDGE ( 'NONE', *, *, #2861, .F. ) ;
#1150 = DIRECTION ( 'NONE',  ( 0.000000000000000000, 1.000000000000000000, 0.000000000000000000 ) ) ;
#1151 = CARTESIAN_POINT ( 'NONE',  ( 7.292371022938250245E-13, -63.38501884962746402, 17.45000000000000284 ) ) ;
#1152 = CARTESIAN_POINT ( 'NONE',  ( -29.80000000000000071, -33.38501884962746402, 60.00000000000000711 ) ) ;
#1153 = ORIENTED_EDGE ( 'NONE', *, *, #2606, .F. ) ;
#1154 = ORIENTED_EDGE ( 'NONE', *, *, #60, .T. ) ;
#1155 = ADVANCED_FACE ( 'NONE', ( #1370 ), #1649, .F. ) ;
#1156 = CARTESIAN_POINT ( 'NONE',  ( -15.49999999999999645, -7.985018849627476101, 75.00000000000000000 ) ) ;
#1157 = VECTOR ( 'NONE', #2328, 1000.000000000000114 ) ;
#1158 = ORIENTED_EDGE ( 'NONE', *, *, #3360, .F. ) ;
#1159 = DIRECTION ( 'NONE',  ( 1.000000000000000000, -1.700709290173340409E-16, 0.000000000000000000 ) ) ;
#1160 = DIRECTION ( 'NONE',  ( 0.000000000000000000, -0.000000000000000000, -1.000000000000000000 ) ) ;
#1161 = LINE ( 'NONE', #2814, #2574 ) ;
#1162 = CONICAL_SURFACE ( 'NONE', #132, 2.549999999999998490, 0.7853981633974476129 ) ;
#1163 = EDGE_LOOP ( 'NONE', ( #1003, #904, #448, #846, #1997 ) ) ;
#1164 = FACE_OUTER_BOUND ( 'NONE', #1255, .T. ) ;
#1165 = EDGE_CURVE ( 'NONE', #1096, #1067, #605, .T. ) ;
#1167 = DIRECTION ( 'NONE',  ( -1.000000000000000000, -0.000000000000000000, -0.000000000000000000 ) ) ;
#1166 = AXIS2_PLACEMENT_3D ( 'NONE', #1514, #3499, #2620 ) ;
#1168 = DIRECTION ( 'NONE',  ( -1.734723475976805862E-16, 1.000000000000000000, 0.000000000000000000 ) ) ;
#1169 = DIRECTION ( 'NONE',  ( 1.000000000000000000, 1.156482317317871725E-16, -0.000000000000000000 ) ) ;
#1170 = CIRCLE ( 'NONE', #2853, 2.549999999999998490 ) ;
#1171 = EDGE_LOOP ( 'NONE', ( #1102, #3449, #780, #398 ) ) ;
#1172 = CARTESIAN_POINT ( 'NONE',  ( 18.70000000000002061, -30.83501884962745621, 50.00000000000000711 ) ) ;
#1173 = ORIENTED_EDGE ( 'NONE', *, *, #3084, .F. ) ;
#1174 = EDGE_CURVE ( 'NONE', #1044, #2845, #2332, .T. ) ;
#1175 = EDGE_LOOP ( 'NONE', ( #1526, #1547, #1681, #1834 ) ) ;
#1176 = DIRECTION ( 'NONE',  ( 0.000000000000000000, 1.000000000000000000, 0.000000000000000000 ) ) ;
#1177 = AXIS2_PLACEMENT_3D ( 'NONE', #2775, #2755, #488 ) ;
#1178 = VERTEX_POINT ( 'NONE', #2193 ) ;
#1179 = CARTESIAN_POINT ( 'NONE',  ( 10.74999999997446665, 7.514981150371359497, 75.00000000000000000 ) ) ;
#1180 = LINE ( 'NONE', #2252, #2918 ) ;
#1181 = ORIENTED_EDGE ( 'NONE', *, *, #1563, .T. ) ;
#1182 = DIRECTION ( 'NONE',  ( 0.000000000000000000, 0.000000000000000000, 1.000000000000000000 ) ) ;
#1183 = EDGE_CURVE ( 'NONE', #1005, #2227, #2283, .T. ) ;
#1184 = DIRECTION ( 'NONE',  ( -1.000000000000000000, -0.000000000000000000, -0.000000000000000000 ) ) ;
#1185 = VECTOR ( 'NONE', #711, 1000.000000000000000 ) ;
#1186 = FACE_OUTER_BOUND ( 'NONE', #2333, .T. ) ;
#1187 = VERTEX_POINT ( 'NONE', #1087 ) ;
#1188 = VECTOR ( 'NONE', #2199, 999.9999999999998863 ) ;
#1189 = PLANE ( 'NONE',  #2896 ) ;
#1190 = CIRCLE ( 'NONE', #3209, 2.549999999999996714 ) ;
#1191 = VERTEX_POINT ( 'NONE', #568 ) ;
#1192 = ADVANCED_FACE ( 'NONE', ( #3274, #3313, #2481, #801, #2461, #2737, #3048 ), #1883, .F. ) ;
#1193 = ORIENTED_EDGE ( 'NONE', *, *, #3045, .T. ) ;
#1194 = EDGE_CURVE ( 'NONE', #1842, #3136, #2153, .T. ) ;
#1195 = ADVANCED_FACE ( 'NONE', ( #1899 ), #3008, .F. ) ;
#1196 = EDGE_LOOP ( 'NONE', ( #2812, #3014, #2112, #3142 ) ) ;
#1197 = DIRECTION ( 'NONE',  ( -0.000000000000000000, -1.000000000000000000, -0.000000000000000000 ) ) ;
#1198 = ORIENTED_EDGE ( 'NONE', *, *, #148, .T. ) ;
#1199 = CARTESIAN_POINT ( 'NONE',  ( -29.80000000000000071, -35.93501884962746118, 30.00000000000002132 ) ) ;
#1200 = DIRECTION ( 'NONE',  ( 0.000000000000000000, 0.000000000000000000, 1.000000000000000000 ) ) ;
#1201 = AXIS2_PLACEMENT_3D ( 'NONE', #1320, #2446, #2429 ) ;
#1202 = ORIENTED_EDGE ( 'NONE', *, *, #1446, .F. ) ;
#1203 = LINE ( 'NONE', #1151, #2661 ) ;
#1204 = ORIENTED_EDGE ( 'NONE', *, *, #1379, .F. ) ;
#1205 = VECTOR ( 'NONE', #2662, 1000.000000000000000 ) ;
#1206 = ORIENTED_EDGE ( 'NONE', *, *, #2259, .T. ) ;
#1207 = CARTESIAN_POINT ( 'NONE',  ( -20.19999999999999929, -33.38501884962746402, 35.95000000000001705 ) ) ;
#1208 = EDGE_CURVE ( 'NONE', #22, #1487, #1574, .T. ) ;
#1209 = ORIENTED_EDGE ( 'NONE', *, *, #2069, .T. ) ;
#1210 = DIRECTION ( 'NONE',  ( 0.000000000000000000, 0.000000000000000000, -1.000000000000000000 ) ) ;
#1211 = CIRCLE ( 'NONE', #3178, 2.549999999999989608 ) ;
#1212 = EDGE_CURVE ( 'NONE', #3165, #2675, #1337, .T. ) ;
#1213 = ORIENTED_EDGE ( 'NONE', *, *, #1373, .T. ) ;
#1214 =( LENGTH_UNIT ( ) NAMED_UNIT ( * ) SI_UNIT ( .MILLI., .METRE. ) );
#1215 = AXIS2_PLACEMENT_3D ( 'NONE', #723, #2393, #1819 ) ;
#1216 = CARTESIAN_POINT ( 'NONE',  ( 20.20000000000000284, -33.38501884962745692, 20.00000000000002487 ) ) ;
#1217 = DIRECTION ( 'NONE',  ( -1.000000000000000000, -0.000000000000000000, -0.000000000000000000 ) ) ;
#1218 = EDGE_LOOP ( 'NONE', ( #233, #3203 ) ) ;
#1219 = CONICAL_SURFACE ( 'NONE', #3237, 2.550000000000003819, 0.7853981633974492782 ) ;
#1220 = PLANE ( 'NONE',  #2610 ) ;
#1221 = ADVANCED_FACE ( 'NONE', ( #1867 ), #3540, .F. ) ;
#1222 = DIRECTION ( 'NONE',  ( 0.7071067811865511255, 0.000000000000000000, 0.7071067811865440200 ) ) ;
#1223 = ORIENTED_EDGE ( 'NONE', *, *, #1978, .T. ) ;
#1224 = DIRECTION ( 'NONE',  ( 1.000000000000000000, 1.156482317317871725E-16, -0.000000000000000000 ) ) ;
#1225 = VECTOR ( 'NONE', #1698, 1000.000000000000000 ) ;
#1226 = ORIENTED_EDGE ( 'NONE', *, *, #3431, .F. ) ;
#1227 = FACE_OUTER_BOUND ( 'NONE', #291, .T. ) ;
#1228 = AXIS2_PLACEMENT_3D ( 'NONE', #1068, #1921, #2157 ) ;
#1229 = ORIENTED_EDGE ( 'NONE', *, *, #3179, .T. ) ;
#1230 = EDGE_CURVE ( 'NONE', #584, #2909, #1634, .T. ) ;
#1231 = DIRECTION ( 'NONE',  ( 0.000000000000000000, 0.000000000000000000, -1.000000000000000000 ) ) ;
#1232 = CARTESIAN_POINT ( 'NONE',  ( 10.20000000000000817, -30.83501884962746331, 60.00000000000000711 ) ) ;
#1233 = EDGE_CURVE ( 'NONE', #2882, #1522, #2100, .T. ) ;
#1234 = LINE ( 'NONE', #3156, #2347 ) ;
#1235 = ORIENTED_EDGE ( 'NONE', *, *, #1606, .F. ) ;
#1236 = DIRECTION ( 'NONE',  ( 1.000000000000000000, 1.156482317317871725E-16, -0.000000000000000000 ) ) ;
#1237 = CARTESIAN_POINT ( 'NONE',  ( 20.20000000000000284, -33.38501884962745692, 55.95000000000001705 ) ) ;
#1238 = ORIENTED_EDGE ( 'NONE', *, *, #541, .F. ) ;
#1239 = FACE_OUTER_BOUND ( 'NONE', #2867, .T. ) ;
#1240 = ORIENTED_EDGE ( 'NONE', *, *, #773, .F. ) ;
#1241 = CARTESIAN_POINT ( 'NONE',  ( -15.49999999999999645, 23.01498115037252390, 75.00000000000000000 ) ) ;
#1242 = ORIENTED_EDGE ( 'NONE', *, *, #1807, .F. ) ;
#1243 = AXIS2_PLACEMENT_3D ( 'NONE', #389, #3437, #2067 ) ;
#1244 = AXIS2_PLACEMENT_3D ( 'NONE', #1280, #2921, #3491 ) ;
#1245 = DIRECTION ( 'NONE',  ( 1.000000000000000000, 0.000000000000000000, 0.000000000000000000 ) ) ;
#1246 = CARTESIAN_POINT ( 'NONE',  ( -20.19999999999999929, -33.38501884962746402, 54.04999999999999005 ) ) ;
#1247 = VECTOR ( 'NONE', #691, 1000.000000000000000 ) ;
#1248 = PRODUCT_DEFINITION_FORMATION_WITH_SPECIFIED_SOURCE ( 'ANY', '', #162, .NOT_KNOWN. ) ;
#1249 = ORIENTED_EDGE ( 'NONE', *, *, #2024, .F. ) ;
#1250 = FACE_OUTER_BOUND ( 'NONE', #169, .T. ) ;
#1251 = DIRECTION ( 'NONE',  ( -1.000000000000000000, -0.000000000000000000, -0.000000000000000000 ) ) ;
#1252 = CARTESIAN_POINT ( 'NONE',  ( 8.330569341257628013E-13, -14.88501884962747290, 30.00000000000000355 ) ) ;
#1253 = DIRECTION ( 'NONE',  ( 0.000000000000000000, 0.000000000000000000, 1.000000000000000000 ) ) ;
#1254 = CIRCLE ( 'NONE', #1083, 2.550000000000000266 ) ;
#1255 = EDGE_LOOP ( 'NONE', ( #2245, #2527, #2939, #1193, #3385 ) ) ;
#1256 = VECTOR ( 'NONE', #2949, 1000.000000000000000 ) ;
#1257 = ADVANCED_FACE ( 'NONE', ( #253 ), #2214, .F. ) ;
#1258 = ORIENTED_EDGE ( 'NONE', *, *, #172, .T. ) ;
#1259 = EDGE_CURVE ( 'NONE', #3405, #647, #1002, .T. ) ;
#1260 = VERTEX_POINT ( 'NONE', #839 ) ;
#1261 = CARTESIAN_POINT ( 'NONE',  ( -2.553166011942664682E-11, 7.514981150371358609, 75.00000000000000000 ) ) ;
#1262 = DIRECTION ( 'NONE',  ( -0.000000000000000000, -0.000000000000000000, -1.000000000000000000 ) ) ;
#1263 = VERTEX_POINT ( 'NONE', #528 ) ;
#1264 = EDGE_CURVE ( 'NONE', #1720, #3176, #665, .T. ) ;
#1265 = ORIENTED_EDGE ( 'NONE', *, *, #2259, .F. ) ;
#1266 = DIRECTION ( 'NONE',  ( 0.000000000000000000, -1.000000000000000000, 0.000000000000000000 ) ) ;
#1267 = CARTESIAN_POINT ( 'NONE',  ( 8.330569341257628013E-13, -14.88501884962747290, 30.00000000000000355 ) ) ;
#1268 = DIRECTION ( 'NONE',  ( 0.000000000000000000, 0.000000000000000000, 1.000000000000000000 ) ) ;
#1269 = DIRECTION ( 'NONE',  ( 0.000000000000000000, 1.000000000000000000, 0.000000000000000000 ) ) ;
#1270 = VECTOR ( 'NONE', #1222, 1000.000000000000000 ) ;
#1271 = ORIENTED_EDGE ( 'NONE', *, *, #703, .T. ) ;
#1272 = VECTOR ( 'NONE', #9, 1000.000000000000000 ) ;
#1273 = ORIENTED_EDGE ( 'NONE', *, *, #2419, .F. ) ;
#1274 = CIRCLE ( 'NONE', #2849, 2.549999999999999822 ) ;
#1275 = AXIS2_PLACEMENT_3D ( 'NONE', #1070, #2218, #1340 ) ;
#1276 = ORIENTED_EDGE ( 'NONE', *, *, #1651, .T. ) ;
#1277 = CIRCLE ( 'NONE', #600, 2.549999999999996714 ) ;
#1278 = CARTESIAN_POINT ( 'NONE',  ( 6.247927005943220505E-13, -14.88501884962747290, 10.00000000000000178 ) ) ;
#1279 = ORIENTED_EDGE ( 'NONE', *, *, #1717, .F. ) ;
#1280 = CARTESIAN_POINT ( 'NONE',  ( 18.70000000000002061, -33.38501884962745692, 50.00000000000000711 ) ) ;
#1281 = ORIENTED_EDGE ( 'NONE', *, *, #464, .T. ) ;
#1282 = ORIENTED_EDGE ( 'NONE', *, *, #282, .T. ) ;
#1283 = LINE ( 'NONE', #391, #293 ) ;
#1284 = ADVANCED_FACE ( 'NONE', ( #29 ), #3241, .F. ) ;
#1285 = LINE ( 'NONE', #2125, #460 ) ;
#1286 = DIRECTION ( 'NONE',  ( 1.000000000000000000, 0.000000000000000000, 0.000000000000000000 ) ) ;
#1287 = DIRECTION ( 'NONE',  ( 8.659560562354959975E-17, 0.7071067811865453523, -0.7071067811865496822 ) ) ;
#1288 = EDGE_LOOP ( 'NONE', ( #307, #2508, #3434, #627, #984 ) ) ;
#1289 = EDGE_CURVE ( 'NONE', #126, #2172, #1699, .T. ) ;
#1290 = EDGE_CURVE ( 'NONE', #694, #1809, #3529, .T. ) ;
#1291 = VERTEX_POINT ( 'NONE', #92 ) ;
#1292 = CARTESIAN_POINT ( 'NONE',  ( 12.44999999999990870, -7.985018849627476101, 75.00000000000000000 ) ) ;
#1293 = VECTOR ( 'NONE', #3332, 1000.000000000000114 ) ;
#1294 = VERTEX_POINT ( 'NONE', #1413 ) ;
#1295 = DIRECTION ( 'NONE',  ( 1.700709290173340409E-16, 1.000000000000000000, -0.000000000000000000 ) ) ;
#1296 = LINE ( 'NONE', #484, #82 ) ;
#1297 = EDGE_LOOP ( 'NONE', ( #2796, #870, #3117, #677 ) ) ;
#1298 = CIRCLE ( 'NONE', #2694, 2.049999999999999822 ) ;
#1299 = EDGE_CURVE ( 'NONE', #146, #188, #770, .T. ) ;
#1300 = ORIENTED_EDGE ( 'NONE', *, *, #2343, .F. ) ;
#1301 = CARTESIAN_POINT ( 'NONE',  ( 1.145453284422923675E-12, -63.38501884962746402, 60.00000000000000711 ) ) ;
#1302 = AXIS2_PLACEMENT_3D ( 'NONE', #478, #2689, #1341 ) ;
#1303 = CARTESIAN_POINT ( 'NONE',  ( 7.289248173600423754E-13, -23.38501884962747468, 20.00000000000000355 ) ) ;
#1304 = CARTESIAN_POINT ( 'NONE',  ( 20.20000000000000284, -43.38501884962747113, 0.000000000000000000 ) ) ;
#1305 = DIRECTION ( 'NONE',  ( 1.000000000000000000, 0.000000000000000000, 0.000000000000000000 ) ) ;
#1306 = ORIENTED_EDGE ( 'NONE', *, *, #1429, .F. ) ;
#1307 = ORIENTED_EDGE ( 'NONE', *, *, #1448, .T. ) ;
#1308 = FACE_OUTER_BOUND ( 'NONE', #1767, .T. ) ;
#1309 = EDGE_CURVE ( 'NONE', #1096, #2558, #1435, .T. ) ;
#1310 = ORIENTED_EDGE ( 'NONE', *, *, #1264, .F. ) ;
#1311 = DIRECTION ( 'NONE',  ( 0.000000000000000000, 0.000000000000000000, 1.000000000000000000 ) ) ;
#1312 = LINE ( 'NONE', #3524, #525 ) ;
#1313 = EDGE_CURVE ( 'NONE', #694, #931, #658, .T. ) ;
#1314 = ORIENTED_EDGE ( 'NONE', *, *, #2961, .T. ) ;
#1315 = CARTESIAN_POINT ( 'NONE',  ( 9.371890508914830252E-13, -13.38501884962747113, 40.00000000000000000 ) ) ;
#1316 = DIRECTION ( 'NONE',  ( 1.000000000000000000, 0.000000000000000000, 0.000000000000000000 ) ) ;
#1317 = DIRECTION ( 'NONE',  ( 0.000000000000000000, 0.000000000000000000, 1.000000000000000000 ) ) ;
#1318 = CYLINDRICAL_SURFACE ( 'NONE', #3474, 2.550000000000000266 ) ;
#1319 = CARTESIAN_POINT ( 'NONE',  ( 6.247927005943220505E-13, -14.88501884962747290, 10.00000000000000178 ) ) ;
#1320 = CARTESIAN_POINT ( 'NONE',  ( 18.70000000000002061, -33.38501884962745692, 10.00000000000003020 ) ) ;
#1321 = ORIENTED_EDGE ( 'NONE', *, *, #176, .T. ) ;
#1322 = DIRECTION ( 'NONE',  ( 1.700709290173340409E-16, 1.000000000000000000, -0.000000000000000000 ) ) ;
#1323 = EDGE_CURVE ( 'NONE', #195, #2742, #19, .T. ) ;
#1324 = AXIS2_PLACEMENT_3D ( 'NONE', #3155, #355, #3091 ) ;
#1325 = CARTESIAN_POINT ( 'NONE',  ( -15.49999999999999645, -7.985018849627476101, 70.00000000000000000 ) ) ;
#1326 = CIRCLE ( 'NONE', #2785, 4.050000000000005151 ) ;
#1327 = ORIENTED_EDGE ( 'NONE', *, *, #1290, .T. ) ;
#1328 = ORIENTED_EDGE ( 'NONE', *, *, #2399, .F. ) ;
#1329 = AXIS2_PLACEMENT_3D ( 'NONE', #3569, #2450, #1093 ) ;
#1330 = ADVANCED_FACE ( 'NONE', ( #3349 ), #70, .F. ) ;
#1331 = AXIS2_PLACEMENT_3D ( 'NONE', #1587, #2697, #2405 ) ;
#1332 = AXIS2_PLACEMENT_3D ( 'NONE', #3243, #1545, #2394 ) ;
#1333 = DIRECTION ( 'NONE',  ( -1.000000000000000000, -0.000000000000000000, -0.000000000000000000 ) ) ;
#1334 = ORIENTED_EDGE ( 'NONE', *, *, #1640, .F. ) ;
#1335 = ADVANCED_FACE ( 'NONE', ( #1164 ), #49, .F. ) ;
#1336 = LINE ( 'NONE', #2441, #879 ) ;
#1337 = LINE ( 'NONE', #2717, #1118 ) ;
#1338 = EDGE_CURVE ( 'NONE', #1608, #1556, #2837, .T. ) ;
#1339 = FACE_BOUND ( 'NONE', #3053, .T. ) ;
#1340 = DIRECTION ( 'NONE',  ( 1.000000000000000000, 0.000000000000000000, 0.000000000000000000 ) ) ;
#1341 = DIRECTION ( 'NONE',  ( 0.000000000000000000, 0.000000000000000000, 1.000000000000000000 ) ) ;
#1342 = CARTESIAN_POINT ( 'NONE',  ( -18.69999999999998863, -33.38501884962746402, 37.45000000000000995 ) ) ;
#1343 = ORIENTED_EDGE ( 'NONE', *, *, #2472, .T. ) ;
#1344 = CARTESIAN_POINT ( 'NONE',  ( -17.54999999999999716, 23.01498115037252390, 75.00000000000000000 ) ) ;
#1345 = DIRECTION ( 'NONE',  ( 0.000000000000000000, 0.7071067811865453523, 0.7071067811865496822 ) ) ;
#1346 = ORIENTED_EDGE ( 'NONE', *, *, #1874, .T. ) ;
#1347 = ORIENTED_EDGE ( 'NONE', *, *, #2086, .T. ) ;
#1348 = CARTESIAN_POINT ( 'NONE',  ( -20.19999999999999929, -33.38501884962746402, 30.00000000000002132 ) ) ;
#1349 = CIRCLE ( 'NONE', #2286, 2.550000000000001599 ) ;
#1350 = VECTOR ( 'NONE', #808, 1000.000000000000000 ) ;
#1351 = AXIS2_PLACEMENT_3D ( 'NONE', #2813, #333, #1410 ) ;
#1352 = CARTESIAN_POINT ( 'NONE',  ( 18.70000000000002771, -33.38501884962745692, 37.45000000000000995 ) ) ;
#1353 = ORIENTED_EDGE ( 'NONE', *, *, #2033, .T. ) ;
#1354 = DIRECTION ( 'NONE',  ( 0.000000000000000000, 1.000000000000000000, 0.000000000000000000 ) ) ;
#1355 = FACE_OUTER_BOUND ( 'NONE', #2104, .T. ) ;
#1356 = CARTESIAN_POINT ( 'NONE',  ( 1.145453284422923675E-12, -14.88501884962748001, 62.55000000000001137 ) ) ;
#1357 = CARTESIAN_POINT ( 'NONE',  ( 18.70000000000002061, -33.38501884962745692, 47.45000000000000995 ) ) ;
#1358 = ORIENTED_EDGE ( 'NONE', *, *, #3404, .T. ) ;
#1359 = CIRCLE ( 'NONE', #2640, 2.549999999999996714 ) ;
#1360 = DIRECTION ( 'NONE',  ( 0.000000000000000000, 1.000000000000000000, 0.000000000000000000 ) ) ;
#1361 = CARTESIAN_POINT ( 'NONE',  ( 17.20000000000003482, 28.51498115037252390, 75.00000000000000000 ) ) ;
#1362 = DIRECTION ( 'NONE',  ( -1.000000000000000000, -1.156482317317871725E-16, 0.000000000000000000 ) ) ;
#1363 = CIRCLE ( 'NONE', #160, 2.549999999999989608 ) ;
#1364 = VERTEX_POINT ( 'NONE', #1145 ) ;
#1365 = ORIENTED_EDGE ( 'NONE', *, *, #1987, .T. ) ;
#1366 = CARTESIAN_POINT ( 'NONE',  ( -20.19999999999999929, -33.38501884962746402, 20.00000000000002487 ) ) ;
#1367 = AXIS2_PLACEMENT_3D ( 'NONE', #1523, #1160, #2035 ) ;
#1368 = ORIENTED_EDGE ( 'NONE', *, *, #2850, .F. ) ;
#1369 = EDGE_CURVE ( 'NONE', #3413, #1082, #649, .T. ) ;
#1370 = FACE_OUTER_BOUND ( 'NONE', #3310, .T. ) ;
#1371 = VERTEX_POINT ( 'NONE', #3107 ) ;
#1372 = CIRCLE ( 'NONE', #2023, 2.549999999999989608 ) ;
#1373 = EDGE_CURVE ( 'NONE', #694, #1783, #590, .T. ) ;
#1374 = CARTESIAN_POINT ( 'NONE',  ( 20.20000000000000284, -33.38501884962745692, 10.00000000000003020 ) ) ;
#1375 = DIRECTION ( 'NONE',  ( 1.000000000000000000, 1.156482317317871725E-16, -0.000000000000000000 ) ) ;
#1376 = CARTESIAN_POINT ( 'NONE',  ( -15.49999999999999645, -7.985018849627476101, 75.00000000000000000 ) ) ;
#1377 = CARTESIAN_POINT ( 'NONE',  ( 1.041321167657203249E-12, -13.38501884962747113, 50.00000000000000000 ) ) ;
#1378 = LINE ( 'NONE', #804, #2375 ) ;
#1379 = EDGE_CURVE ( 'NONE', #1647, #726, #713, .T. ) ;
#1380 = ORIENTED_EDGE ( 'NONE', *, *, #1903, .T. ) ;
#1381 = CARTESIAN_POINT ( 'NONE',  ( 18.70000000000000995, -33.38501884962745692, 60.00000000000000711 ) ) ;
#1382 = DIRECTION ( 'NONE',  ( 1.000000000000000000, 2.312964634635743450E-16, -0.000000000000000000 ) ) ;
#1383 = FACE_BOUND ( 'NONE', #3461, .T. ) ;
#1384 = AXIS2_PLACEMENT_3D ( 'NONE', #3440, #2924, #722 ) ;
#1385 = ORIENTED_EDGE ( 'NONE', *, *, #1299, .F. ) ;
#1386 = VECTOR ( 'NONE', #151, 1000.000000000000000 ) ;
#1387 = ORIENTED_EDGE ( 'NONE', *, *, #3003, .T. ) ;
#1388 = FACE_OUTER_BOUND ( 'NONE', #2349, .T. ) ;
#1389 = AXIS2_PLACEMENT_3D ( 'NONE', #2071, #2892, #1510 ) ;
#1390 = ORIENTED_EDGE ( 'NONE', *, *, #604, .F. ) ;
#1391 = AXIS2_PLACEMENT_3D ( 'NONE', #1376, #2757, #1962 ) ;
#1392 = DIRECTION ( 'NONE',  ( 0.000000000000000000, 0.000000000000000000, -1.000000000000000000 ) ) ;
#1393 = VERTEX_POINT ( 'NONE', #1959 ) ;
#1394 = AXIS2_PLACEMENT_3D ( 'NONE', #2816, #338, #2992 ) ;
#1395 = CARTESIAN_POINT ( 'NONE',  ( 9.371890508914830252E-13, -23.38501884962747468, 40.00000000000000000 ) ) ;
#1396 = CARTESIAN_POINT ( 'NONE',  ( -18.69999999999998863, -33.38501884962746402, 42.55000000000001847 ) ) ;
#1397 = CARTESIAN_POINT ( 'NONE',  ( 18.70000000000000995, -33.38501884962745692, 60.00000000000000711 ) ) ;
#1398 = AXIS2_PLACEMENT_3D ( 'NONE', #1036, #1837, #724 ) ;
#1399 = DIRECTION ( 'NONE',  ( 0.7071067811865463515, -0.7071067811865487940, 0.000000000000000000 ) ) ;
#1400 = ORIENTED_EDGE ( 'NONE', *, *, #742, .T. ) ;
#1401 = DIRECTION ( 'NONE',  ( 0.000000000000000000, 0.000000000000000000, -1.000000000000000000 ) ) ;
#1402 = CARTESIAN_POINT ( 'NONE',  ( 15.50000000000000355, 23.01498115037252390, 75.00000000000000000 ) ) ;
#1403 = CARTESIAN_POINT ( 'NONE',  ( 10.20000000000000817, -35.93501884962745407, 10.00000000000003020 ) ) ;
#1404 = AXIS2_PLACEMENT_3D ( 'NONE', #1592, #271, #2173 ) ;
#1405 = ORIENTED_EDGE ( 'NONE', *, *, #2860, .T. ) ;
#1406 = ORIENTED_EDGE ( 'NONE', *, *, #2152, .F. ) ;
#1407 = DIRECTION ( 'NONE',  ( 0.000000000000000000, 0.000000000000000000, 1.000000000000000000 ) ) ;
#1408 = EDGE_CURVE ( 'NONE', #1604, #1135, #3471, .T. ) ;
#1409 = EDGE_LOOP ( 'NONE', ( #3135, #393, #3312, #1276, #3257 ) ) ;
#1410 = DIRECTION ( 'NONE',  ( 1.000000000000000000, 0.000000000000000000, 0.000000000000000000 ) ) ;
#1411 = LINE ( 'NONE', #3124, #432 ) ;
#1412 = ORIENTED_EDGE ( 'NONE', *, *, #2435, .F. ) ;
#1413 = CARTESIAN_POINT ( 'NONE',  ( -10.19999999999999751, -35.93501884962745407, 60.00000000000000711 ) ) ;
#1414 = CARTESIAN_POINT ( 'NONE',  ( 18.70000000000002771, -33.38501884962745692, 40.00000000000001421 ) ) ;
#1415 = FACE_BOUND ( 'NONE', #2919, .T. ) ;
#1416 = DIRECTION ( 'NONE',  ( 0.000000000000000000, 0.000000000000000000, 1.000000000000000000 ) ) ;
#1417 = EDGE_CURVE ( 'NONE', #499, #745, #302, .T. ) ;
#1418 = EDGE_LOOP ( 'NONE', ( #794, #310, #727, #472, #666 ) ) ;
#1419 = DIRECTION ( 'NONE',  ( 0.000000000000000000, 0.000000000000000000, 1.000000000000000000 ) ) ;
#1420 = CARTESIAN_POINT ( 'NONE',  ( -20.19999999999999929, -33.38501884962746402, 60.00000000000000711 ) ) ;
#1421 = PLANE ( 'NONE',  #3537 ) ;
#1422 = VERTEX_POINT ( 'NONE', #609 ) ;
#1423 = AXIS2_PLACEMENT_3D ( 'NONE', #2040, #1782, #933 ) ;
#1424 = CIRCLE ( 'NONE', #964, 2.549999999999989608 ) ;
#1425 = ORIENTED_EDGE ( 'NONE', *, *, #2220, .T. ) ;
#1426 = CARTESIAN_POINT ( 'NONE',  ( 10.20000000000000284, -23.38501884962747823, 75.00000000000000000 ) ) ;
#1427 = DIRECTION ( 'NONE',  ( 2.312964634635742957E-16, -1.000000000000000000, 0.000000000000000000 ) ) ;
#1428 = VECTOR ( 'NONE', #1099, 1000.000000000000000 ) ;
#1429 = EDGE_CURVE ( 'NONE', #3176, #1720, #234, .T. ) ;
#1430 = EDGE_LOOP ( 'NONE', ( #3307, #1763 ) ) ;
#1431 = DIRECTION ( 'NONE',  ( 0.000000000000000000, 0.000000000000000000, -1.000000000000000000 ) ) ;
#1432 = DIRECTION ( 'NONE',  ( 0.000000000000000000, 0.000000000000000000, 1.000000000000000000 ) ) ;
#1433 = VERTEX_POINT ( 'NONE', #3532 ) ;
#1434 = CIRCLE ( 'NONE', #1603, 3.050000000000094413 ) ;
#1435 = LINE ( 'NONE', #2294, #3252 ) ;
#1436 = CARTESIAN_POINT ( 'NONE',  ( -18.70000000000000639, -33.38501884962746402, 20.00000000000002487 ) ) ;
#1437 = DIRECTION ( 'NONE',  ( 0.000000000000000000, 1.000000000000000000, 0.000000000000000000 ) ) ;
#1438 = DIRECTION ( 'NONE',  ( -0.000000000000000000, 1.000000000000000000, -0.000000000000000000 ) ) ;
#1439 = ORIENTED_EDGE ( 'NONE', *, *, #2966, .F. ) ;
#1440 = FACE_BOUND ( 'NONE', #2473, .T. ) ;
#1441 = VERTEX_POINT ( 'NONE', #553 ) ;
#1442 = VERTEX_POINT ( 'NONE', #1923 ) ;
#1443 = DIRECTION ( 'NONE',  ( -0.7071067811865521247, 8.659560562354877391E-17, -0.7071067811865430208 ) ) ;
#1444 = DIRECTION ( 'NONE',  ( -0.000000000000000000, -0.000000000000000000, -1.000000000000000000 ) ) ;
#1445 = AXIS2_PLACEMENT_3D ( 'NONE', #886, #1715, #2262 ) ;
#1446 = EDGE_CURVE ( 'NONE', #1114, #126, #2727, .T. ) ;
#1447 = EDGE_LOOP ( 'NONE', ( #1390, #3572, #2474, #1242 ) ) ;
#1448 = EDGE_CURVE ( 'NONE', #1714, #1078, #2673, .T. ) ;
#1449 = LINE ( 'NONE', #2003, #1893 ) ;
#1450 = DIRECTION ( 'NONE',  ( -1.000000000000000000, -0.000000000000000000, -0.000000000000000000 ) ) ;
#1451 = VECTOR ( 'NONE', #2944, 1000.000000000000000 ) ;
#1452 = ORIENTED_EDGE ( 'NONE', *, *, #1057, .F. ) ;
#1453 = AXIS2_PLACEMENT_3D ( 'NONE', #2719, #3028, #1109 ) ;
#1454 = CARTESIAN_POINT ( 'NONE',  ( 10.20000000000000817, -33.38501884962745692, 40.00000000000001421 ) ) ;
#1456 = CARTESIAN_POINT ( 'NONE',  ( -18.70000000000000995, -35.93501884962746118, 50.00000000000000711 ) ) ;
#1455 = VECTOR ( 'NONE', #988, 1000.000000000000000 ) ;
#1457 = DIRECTION ( 'NONE',  ( -0.000000000000000000, 1.000000000000000000, -0.000000000000000000 ) ) ;
#1458 = CIRCLE ( 'NONE', #2090, 4.050000000000018474 ) ;
#1459 = DIRECTION ( 'NONE',  ( -1.000000000000000000, -0.000000000000000000, -0.000000000000000000 ) ) ;
#1460 = EDGE_CURVE ( 'NONE', #1135, #1604, #185, .T. ) ;
#1461 = AXIS2_PLACEMENT_3D ( 'NONE', #2234, #628, #3331 ) ;
#1462 = ADVANCED_FACE ( 'NONE', ( #2720 ), #2484, .F. ) ;
#1463 = EDGE_CURVE ( 'NONE', #3039, #1657, #1170, .T. ) ;
#1464 = VERTEX_POINT ( 'NONE', #3261 ) ;
#1465 = CARTESIAN_POINT ( 'NONE',  ( -22.85749057518624738, 22.85749057518627581, 75.00000000000000000 ) ) ;
#1466 = ORIENTED_EDGE ( 'NONE', *, *, #1563, .F. ) ;
#1467 = VERTEX_POINT ( 'NONE', #1942 ) ;
#1468 = CARTESIAN_POINT ( 'NONE',  ( 20.19999999999999574, 25.51498115037255232, 70.00000000000000000 ) ) ;
#1469 = VERTEX_POINT ( 'NONE', #3051 ) ;
#1470 = CARTESIAN_POINT ( 'NONE',  ( 18.70000000000002061, -35.93501884962745407, 10.00000000000003020 ) ) ;
#1471 = FACE_OUTER_BOUND ( 'NONE', #1409, .T. ) ;
#1472 = VERTEX_POINT ( 'NONE', #509 ) ;
#1473 = CARTESIAN_POINT ( 'NONE',  ( -29.80000000000000071, -33.38501884962746402, 20.00000000000002487 ) ) ;
#1474 = CARTESIAN_POINT ( 'NONE',  ( -20.19999999999999929, -33.38501884962746402, 20.00000000000002487 ) ) ;
#1475 = DIRECTION ( 'NONE',  ( 0.000000000000000000, 1.000000000000000000, 0.000000000000000000 ) ) ;
#1476 = EDGE_LOOP ( 'NONE', ( #1282, #2649 ) ) ;
#1477 = DIRECTION ( 'NONE',  ( 1.000000000000000000, 0.000000000000000000, 0.000000000000000000 ) ) ;
#1478 = CIRCLE ( 'NONE', #3495, 4.049999999999977618 ) ;
#1479 = ORIENTED_EDGE ( 'NONE', *, *, #1535, .F. ) ;
#1480 = EDGE_LOOP ( 'NONE', ( #1098, #1265, #3149, #613 ) ) ;
#1481 = DIRECTION ( 'NONE',  ( 0.000000000000000000, 1.000000000000000000, 0.000000000000000000 ) ) ;
#1482 = ADVANCED_FACE ( 'NONE', ( #1612 ), #1672, .F. ) ;
#1483 = ORIENTED_EDGE ( 'NONE', *, *, #3507, .F. ) ;
#1484 = AXIS2_PLACEMENT_3D ( 'NONE', #2238, #2546, #631 ) ;
#1485 = DIRECTION ( 'NONE',  ( 0.000000000000000000, 0.000000000000000000, 1.000000000000000000 ) ) ;
#1486 = STYLED_ITEM ( 'NONE', ( #85 ), #2868 ) ;
#1487 = VERTEX_POINT ( 'NONE', #2159 ) ;
#1488 = LINE ( 'NONE', #1504, #860 ) ;
#1489 = EDGE_CURVE ( 'NONE', #1757, #1433, #3304, .T. ) ;
#1490 = CARTESIAN_POINT ( 'NONE',  ( 1.041633452590985999E-12, -63.38501884962746402, 47.45000000000000284 ) ) ;
#1491 = CARTESIAN_POINT ( 'NONE',  ( 20.20000000000000284, -33.38501884962745692, 14.05000000000000782 ) ) ;
#1492 = MECHANICAL_DESIGN_GEOMETRIC_PRESENTATION_REPRESENTATION (  '', ( #1839 ), #3057 ) ;
#1493 = VERTEX_POINT ( 'NONE', #3564 ) ;
#1494 = CARTESIAN_POINT ( 'NONE',  ( -29.80000000000000071, -33.38501884962746402, 10.00000000000003020 ) ) ;
#1495 = CARTESIAN_POINT ( 'NONE',  ( 7.289248173600423754E-13, -63.38501884962746402, 22.55000000000000426 ) ) ;
#1496 = EDGE_CURVE ( 'NONE', #1522, #2882, #1804, .T. ) ;
#1497 = ORIENTED_EDGE ( 'NONE', *, *, #3477, .T. ) ;
#1498 = ORIENTED_EDGE ( 'NONE', *, *, #2802, .T. ) ;
#1499 = EDGE_CURVE ( 'NONE', #42, #595, #3420, .T. ) ;
#1500 = VERTEX_POINT ( 'NONE', #2176 ) ;
#1501 = CARTESIAN_POINT ( 'NONE',  ( -13.44999999999999751, -7.985018849627476101, 70.00000000000000000 ) ) ;
#1502 = CIRCLE ( 'NONE', #3463, 2.549999999999996714 ) ;
#1503 = ORIENTED_EDGE ( 'NONE', *, *, #865, .T. ) ;
#1504 = CARTESIAN_POINT ( 'NONE',  ( -16.19999999999997797, -13.38501884962747113, 70.00000000000000000 ) ) ;
#1505 = CIRCLE ( 'NONE', #2032, 2.549999999999998490 ) ;
#1506 = CARTESIAN_POINT ( 'NONE',  ( 17.55000000000000426, 23.01498115037252390, 75.00000000000000000 ) ) ;
#1507 = LINE ( 'NONE', #3407, #1537 ) ;
#1508 = ORIENTED_EDGE ( 'NONE', *, *, #2229, .T. ) ;
#1509 = AXIS2_PLACEMENT_3D ( 'NONE', #1315, #1116, #17 ) ;
#1510 = DIRECTION ( 'NONE',  ( 0.000000000000000000, 0.000000000000000000, 1.000000000000000000 ) ) ;
#1511 = CIRCLE ( 'NONE', #991, 2.549999999999996714 ) ;
#1512 = PRODUCT_RELATED_PRODUCT_CATEGORY ( 'part', '', ( #162 ) ) ;
#1513 = AXIS2_PLACEMENT_3D ( 'NONE', #1633, #2740, #256 ) ;
#1514 = CARTESIAN_POINT ( 'NONE',  ( -18.69999999999998863, -33.38501884962746402, 40.00000000000001421 ) ) ;
#1515 = ORIENTED_EDGE ( 'NONE', *, *, #2096, .T. ) ;
#1516 =( NAMED_UNIT ( * ) SI_UNIT ( $, .STERADIAN. ) SOLID_ANGLE_UNIT ( ) );
#1517 = AXIS2_PLACEMENT_3D ( 'NONE', #716, #514, #2999 ) ;
#1518 = EDGE_LOOP ( 'NONE', ( #1565, #3365 ) ) ;
#1519 = CARTESIAN_POINT ( 'NONE',  ( 9.371890508914830252E-13, -14.88501884962748001, 40.00000000000000000 ) ) ;
#1520 = AXIS2_PLACEMENT_3D ( 'NONE', #2215, #1127, #824 ) ;
#1521 = ADVANCED_FACE ( 'NONE', ( #803 ), #530, .F. ) ;
#1522 = VERTEX_POINT ( 'NONE', #1356 ) ;
#1523 = CARTESIAN_POINT ( 'NONE',  ( 15.50000000000000355, -7.985018849627476101, 75.00000000000000000 ) ) ;
#1524 = CARTESIAN_POINT ( 'NONE',  ( -18.70000000000000639, -33.38501884962746402, 30.00000000000002132 ) ) ;
#1525 = CARTESIAN_POINT ( 'NONE',  ( 10.20000000000000817, -30.83501884962745621, 50.00000000000000711 ) ) ;
#1526 = ORIENTED_EDGE ( 'NONE', *, *, #701, .F. ) ;
#1527 = CARTESIAN_POINT ( 'NONE',  ( 20.19999999999999574, 25.51498115037255232, 75.00000000000000000 ) ) ;
#1528 = CYLINDRICAL_SURFACE ( 'NONE', #1215, 2.549999999999996714 ) ;
#1529 = DIRECTION ( 'NONE',  ( 1.000000000000000000, 0.000000000000000000, -0.000000000000000000 ) ) ;
#1530 = ADVANCED_FACE ( 'NONE', ( #826 ), #3527, .F. ) ;
#1531 = CARTESIAN_POINT ( 'NONE',  ( 9.371890508914830252E-13, -63.38501884962746402, 42.55000000000000426 ) ) ;
#1532 = ORIENTED_EDGE ( 'NONE', *, *, #1369, .T. ) ;
#1533 = ORIENTED_EDGE ( 'NONE', *, *, #669, .F. ) ;
#1534 = CARTESIAN_POINT ( 'NONE',  ( 12.44999999999990870, 23.01498115037252390, 75.00000000000000000 ) ) ;
#1535 = EDGE_CURVE ( 'NONE', #447, #1844, #1626, .T. ) ;
#1536 = ORIENTED_EDGE ( 'NONE', *, *, #279, .F. ) ;
#1537 = VECTOR ( 'NONE', #2908, 1000.000000000000000 ) ;
#1538 = DIRECTION ( 'NONE',  ( 1.000000000000000000, 1.156482317317871725E-16, -0.000000000000000000 ) ) ;
#1539 = CARTESIAN_POINT ( 'NONE',  ( -13.44999999999999751, 23.01498115037252390, 75.00000000000000000 ) ) ;
#1540 = AXIS2_PLACEMENT_3D ( 'NONE', #1366, #2475, #264 ) ;
#1541 = ORIENTED_EDGE ( 'NONE', *, *, #3115, .T. ) ;
#1542 = CARTESIAN_POINT ( 'NONE',  ( -29.80000000000000071, -35.93501884962745407, 60.00000000000000711 ) ) ;
#1543 = EDGE_CURVE ( 'NONE', #3214, #3139, #83, .T. ) ;
#1544 = CARTESIAN_POINT ( 'NONE',  ( -18.69999999999998863, -35.93501884962746828, 40.00000000000001421 ) ) ;
#1545 = DIRECTION ( 'NONE',  ( 0.000000000000000000, 0.000000000000000000, 1.000000000000000000 ) ) ;
#1546 = CARTESIAN_POINT ( 'NONE',  ( -18.69999999999997442, -33.38501884962746402, 60.00000000000000711 ) ) ;
#1547 = ORIENTED_EDGE ( 'NONE', *, *, #747, .T. ) ;
#1548 = CIRCLE ( 'NONE', #2185, 2.549999999999996714 ) ;
#1549 = VECTOR ( 'NONE', #1427, 1000.000000000000000 ) ;
#1550 = ORIENTED_EDGE ( 'NONE', *, *, #2491, .F. ) ;
#1551 = CARTESIAN_POINT ( 'NONE',  ( -29.80000000000000071, -35.93501884962746118, 10.00000000000003020 ) ) ;
#1552 = EDGE_LOOP ( 'NONE', ( #5, #2870 ) ) ;
#1553 = CARTESIAN_POINT ( 'NONE',  ( 1.145453284422923675E-12, -14.88501884962748001, 60.00000000000000711 ) ) ;
#1554 = ORIENTED_EDGE ( 'NONE', *, *, #1031, .T. ) ;
#1555 = AXIS2_PLACEMENT_3D ( 'NONE', #1216, #2568, #1437 ) ;
#1556 = VERTEX_POINT ( 'NONE', #1304 ) ;
#1557 = CYLINDRICAL_SURFACE ( 'NONE', #2145, 2.549999999999996714 ) ;
#1558 = LINE ( 'NONE', #753, #2316 ) ;
#1559 = EDGE_CURVE ( 'NONE', #581, #1371, #1024, .T. ) ;
#1560 = CARTESIAN_POINT ( 'NONE',  ( 10.74999999997446665, 7.514981150371359497, 70.00000000000000000 ) ) ;
#1561 = CARTESIAN_POINT ( 'NONE',  ( -20.19999999999999929, -33.38501884962746402, 10.00000000000003020 ) ) ;
#1562 = ADVANCED_FACE ( 'NONE', ( #705, #2142, #2912, #476, #3226, #1579 ), #2688, .T. ) ;
#1563 = EDGE_CURVE ( 'NONE', #1294, #788, #2905, .T. ) ;
#1564 = CIRCLE ( 'NONE', #2555, 4.050000000000005151 ) ;
#1565 = ORIENTED_EDGE ( 'NONE', *, *, #397, .T. ) ;
#1566 = AXIS2_PLACEMENT_3D ( 'NONE', #1129, #2237, #3333 ) ;
#1567 = CONICAL_SURFACE ( 'NONE', #3046, 2.550000000000000266, 0.7853981633974496113 ) ;
#1568 = AXIS2_PLACEMENT_3D ( 'NONE', #899, #2565, #1182 ) ;
#1569 = ORIENTED_EDGE ( 'NONE', *, *, #387, .T. ) ;
#1570 = CIRCLE ( 'NONE', #1628, 2.549999999999998490 ) ;
#1571 = DIRECTION ( 'NONE',  ( 0.000000000000000000, 0.000000000000000000, 1.000000000000000000 ) ) ;
#1572 = EDGE_CURVE ( 'NONE', #833, #3078, #2094, .T. ) ;
#1573 = ORIENTED_EDGE ( 'NONE', *, *, #1499, .T. ) ;
#1574 = CIRCLE ( 'NONE', #91, 2.550000000000001599 ) ;
#1575 = CARTESIAN_POINT ( 'NONE',  ( -2.553166011942664682E-11, 7.514981150371358609, 80.00000000000000000 ) ) ;
#1576 = ORIENTED_EDGE ( 'NONE', *, *, #2883, .T. ) ;
#1577 = DIRECTION ( 'NONE',  ( 1.000000000000000000, 1.734723475976805862E-16, -0.000000000000000000 ) ) ;
#1578 = CARTESIAN_POINT ( 'NONE',  ( -18.70000000000000995, -33.38501884962746402, 50.00000000000000711 ) ) ;
#1579 = FACE_OUTER_BOUND ( 'NONE', #2453, .T. ) ;
#1580 = CARTESIAN_POINT ( 'NONE',  ( -20.19999999999999929, -33.38501884962746402, 34.04999999999999716 ) ) ;
#1581 = ADVANCED_FACE ( 'NONE', ( #2126 ), #1318, .F. ) ;
#1582 = ORIENTED_EDGE ( 'NONE', *, *, #60, .F. ) ;
#1583 = VERTEX_POINT ( 'NONE', #1869 ) ;
#1584 = EDGE_CURVE ( 'NONE', #3432, #2357, #2329, .T. ) ;
#1585 = DIRECTION ( 'NONE',  ( 1.000000000000000000, 1.156482317317871725E-16, -0.000000000000000000 ) ) ;
#1586 = PLANE ( 'NONE',  #2983 ) ;
#1587 = CARTESIAN_POINT ( 'NONE',  ( 9.371890508914830252E-13, -14.88501884962748001, 40.00000000000000000 ) ) ;
#1588 = ORIENTED_EDGE ( 'NONE', *, *, #601, .T. ) ;
#1589 = EDGE_CURVE ( 'NONE', #2706, #1728, #1820, .T. ) ;
#1590 = AXIS2_PLACEMENT_3D ( 'NONE', #2733, #268, #1392 ) ;
#1591 = DIRECTION ( 'NONE',  ( 0.7071067811865511255, 0.000000000000000000, 0.7071067811865440200 ) ) ;
#1592 = CARTESIAN_POINT ( 'NONE',  ( 9.371890508914830252E-13, -13.38501884962747113, 40.00000000000000000 ) ) ;
#1593 = CONICAL_SURFACE ( 'NONE', #683, 4.049999999999977618, 0.7853981633974447263 ) ;
#1594 = DIRECTION ( 'NONE',  ( 1.000000000000000000, 0.000000000000000000, 0.000000000000000000 ) ) ;
#1595 = CARTESIAN_POINT ( 'NONE',  ( 8.330569341257628013E-13, -14.88501884962747290, 30.00000000000000355 ) ) ;
#1596 = CARTESIAN_POINT ( 'NONE',  ( -18.70000000000000639, -33.38501884962746402, 20.00000000000002487 ) ) ;
#1597 = CARTESIAN_POINT ( 'NONE',  ( 6.247927005943220505E-13, -23.38501884962747468, 10.00000000000000178 ) ) ;
#1598 = ORIENTED_EDGE ( 'NONE', *, *, #2399, .T. ) ;
#1599 = EDGE_CURVE ( 'NONE', #2638, #3177, #2652, .T. ) ;
#1600 = DIRECTION ( 'NONE',  ( 1.000000000000000000, 0.000000000000000000, 0.000000000000000000 ) ) ;
#1601 = FACE_OUTER_BOUND ( 'NONE', #117, .T. ) ;
#1602 = ORIENTED_EDGE ( 'NONE', *, *, #500, .T. ) ;
#1603 = AXIS2_PLACEMENT_3D ( 'NONE', #664, #2051, #349 ) ;
#1604 = VERTEX_POINT ( 'NONE', #2378 ) ;
#1605 = EDGE_CURVE ( 'NONE', #2499, #3405, #987, .T. ) ;
#1606 = EDGE_CURVE ( 'NONE', #852, #1294, #2926, .T. ) ;
#1607 = CARTESIAN_POINT ( 'NONE',  ( -17.19999999999997797, 28.51498115037252390, 75.00000000000000000 ) ) ;
#1608 = VERTEX_POINT ( 'NONE', #2672 ) ;
#1609 = CARTESIAN_POINT ( 'NONE',  ( 2.448792436563731022E-15, 28.51498115037252390, 70.00000000000000000 ) ) ;
#1610 = CARTESIAN_POINT ( 'NONE',  ( -10.19999999999999751, -33.38501884962746402, 40.00000000000001421 ) ) ;
#1611 = CARTESIAN_POINT ( 'NONE',  ( -18.70000000000000995, -33.38501884962746402, 10.00000000000003020 ) ) ;
#1612 = FACE_OUTER_BOUND ( 'NONE', #734, .T. ) ;
#1613 = CARTESIAN_POINT ( 'NONE',  ( 15.50000000000000355, -7.985018849627476101, 70.00000000000000000 ) ) ;
#1614 = LINE ( 'NONE', #2722, #2764 ) ;
#1615 = CIRCLE ( 'NONE', #1, 2.550000000000003819 ) ;
#1616 = ORIENTED_EDGE ( 'NONE', *, *, #1194, .T. ) ;
#1617 = CARTESIAN_POINT ( 'NONE',  ( 20.19999999999999929, 2.336094280982100352E-15, 70.00000000000000000 ) ) ;
#1618 = CARTESIAN_POINT ( 'NONE',  ( -15.49999999999999645, 23.01498115037252390, 73.99999999999991473 ) ) ;
#1619 = VECTOR ( 'NONE', #1591, 1000.000000000000000 ) ;
#1620 = ORIENTED_EDGE ( 'NONE', *, *, #2179, .F. ) ;
#1621 = UNCERTAINTY_MEASURE_WITH_UNIT (LENGTH_MEASURE( 1.000000000000000082E-05 ), #910, 'distance_accuracy_value', 'NONE');
#1622 = AXIS2_PLACEMENT_3D ( 'NONE', #1611, #863, #2777 ) ;
#1623 = EDGE_LOOP ( 'NONE', ( #2709, #1011 ) ) ;
#1624 = DIRECTION ( 'NONE',  ( 1.000000000000000000, 0.000000000000000000, -0.000000000000000000 ) ) ;
#1625 = CIRCLE ( 'NONE', #80, 2.549999999999996714 ) ;
#1626 = CIRCLE ( 'NONE', #1979, 2.549999999999998490 ) ;
#1627 = APPLICATION_CONTEXT ( 'automotive_design' ) ;
#1628 = AXIS2_PLACEMENT_3D ( 'NONE', #3303, #832, #559 ) ;
#1629 = CYLINDRICAL_SURFACE ( 'NONE', #2914, 2.549999999999996714 ) ;
#1630 = EDGE_LOOP ( 'NONE', ( #461, #2550, #1554, #3207 ) ) ;
#1631 = DIRECTION ( 'NONE',  ( -1.000000000000000000, 0.000000000000000000, 0.000000000000000000 ) ) ;
#1632 = CARTESIAN_POINT ( 'NONE',  ( -16.19999999999997797, -13.38501884962747113, 0.000000000000000000 ) ) ;
#1633 = CARTESIAN_POINT ( 'NONE',  ( -29.80000000000000071, -33.38501884962746402, 60.00000000000000711 ) ) ;
#1634 = CIRCLE ( 'NONE', #1404, 4.050000000000018474 ) ;
#1635 = DIRECTION ( 'NONE',  ( 0.000000000000000000, 1.000000000000000000, 0.000000000000000000 ) ) ;
#1636 = ORIENTED_EDGE ( 'NONE', *, *, #1233, .F. ) ;
#1637 = DIRECTION ( 'NONE',  ( 0.000000000000000000, 0.000000000000000000, 1.000000000000000000 ) ) ;
#1638 = DIRECTION ( 'NONE',  ( 0.000000000000000000, 1.000000000000000000, 0.000000000000000000 ) ) ;
#1639 = CARTESIAN_POINT ( 'NONE',  ( -29.80000000000000071, -33.38501884962746402, 50.00000000000000711 ) ) ;
#1640 = EDGE_CURVE ( 'NONE', #3153, #283, #187, .T. ) ;
#1641 = ORIENTED_EDGE ( 'NONE', *, *, #1009, .T. ) ;
#1642 = ADVANCED_FACE ( 'NONE', ( #972 ), #531, .F. ) ;
#1643 = ORIENTED_EDGE ( 'NONE', *, *, #2000, .T. ) ;
#1644 = CARTESIAN_POINT ( 'NONE',  ( -13.44999999999999751, -7.985018849627476101, 73.99999999999991473 ) ) ;
#1645 = CONICAL_SURFACE ( 'NONE', #99, 2.550000000000003819, 0.7853981633974513876 ) ;
#1646 = CIRCLE ( 'NONE', #2578, 4.050000000000005151 ) ;
#1647 = VERTEX_POINT ( 'NONE', #1560 ) ;
#1648 = AXIS2_PLACEMENT_3D ( 'NONE', #1723, #644, #329 ) ;
#1649 = CYLINDRICAL_SURFACE ( 'NONE', #3199, 2.550000000000006928 ) ;
#1650 = CIRCLE ( 'NONE', #1935, 2.549999999999998490 ) ;
#1651 = EDGE_CURVE ( 'NONE', #1844, #3327, #3021, .T. ) ;
#1652 = ORIENTED_EDGE ( 'NONE', *, *, #1289, .F. ) ;
#1653 = DIRECTION ( 'NONE',  ( -0.000000000000000000, -0.000000000000000000, -1.000000000000000000 ) ) ;
#1654 = DIRECTION ( 'NONE',  ( 1.000000000000000000, 0.000000000000000000, 0.000000000000000000 ) ) ;
#1655 = DIRECTION ( 'NONE',  ( 1.000000000000000000, 1.156482317317871725E-16, -0.000000000000000000 ) ) ;
#1656 = LINE ( 'NONE', #1357, #3013 ) ;
#1657 = VERTEX_POINT ( 'NONE', #2109 ) ;
#1658 = CARTESIAN_POINT ( 'NONE',  ( 9.376850328451376130E-13, -13.38501884962747113, 35.94999999999998153 ) ) ;
#1659 = DIRECTION ( 'NONE',  ( 1.000000000000000000, -1.700709290173340409E-16, 0.000000000000000000 ) ) ;
#1660 = FACE_OUTER_BOUND ( 'NONE', #1917, .T. ) ;
#1661 = VECTOR ( 'NONE', #1443, 1000.000000000000000 ) ;
#1662 = ORIENTED_EDGE ( 'NONE', *, *, #816, .T. ) ;
#1663 = EDGE_LOOP ( 'NONE', ( #1062, #2964, #1826, #180 ) ) ;
#1664 = CARTESIAN_POINT ( 'NONE',  ( 8.330569341257628013E-13, -13.38501884962747113, 34.05000000000001137 ) ) ;
#1665 = ORIENTED_EDGE ( 'NONE', *, *, #1589, .F. ) ;
#1666 = DIRECTION ( 'NONE',  ( 0.000000000000000000, 0.000000000000000000, -1.000000000000000000 ) ) ;
#1667 = ADVANCED_FACE ( 'NONE', ( #2763 ), #2531, .F. ) ;
#1668 = ORIENTED_EDGE ( 'NONE', *, *, #2976, .T. ) ;
#1669 = CARTESIAN_POINT ( 'NONE',  ( 1.145453284422923675E-12, -23.38501884962747468, 60.00000000000000711 ) ) ;
#1670 = LINE ( 'NONE', #1146, #3325 ) ;
#1671 = CARTESIAN_POINT ( 'NONE',  ( 7.289248173600423754E-13, -14.88501884962747290, 22.55000000000000426 ) ) ;
#1672 = CYLINDRICAL_SURFACE ( 'NONE', #995, 2.550000000000006928 ) ;
#1673 = CARTESIAN_POINT ( 'NONE',  ( -20.19999999999999929, -33.38501884962746402, 45.95000000000003126 ) ) ;
#1674 = VERTEX_POINT ( 'NONE', #1403 ) ;
#1675 = FACE_OUTER_BOUND ( 'NONE', #2996, .T. ) ;
#1676 = DIRECTION ( 'NONE',  ( 0.000000000000000000, 0.000000000000000000, -1.000000000000000000 ) ) ;
#1677 = DIRECTION ( 'NONE',  ( -1.156482317317871725E-16, 1.000000000000000000, 0.000000000000000000 ) ) ;
#1678 = EDGE_CURVE ( 'NONE', #2172, #1291, #366, .T. ) ;
#1679 = ORIENTED_EDGE ( 'NONE', *, *, #1987, .F. ) ;
#1680 = FACE_BOUND ( 'NONE', #1218, .T. ) ;
#1681 = ORIENTED_EDGE ( 'NONE', *, *, #290, .F. ) ;
#1682 = CARTESIAN_POINT ( 'NONE',  ( 18.70000000000002061, -35.93501884962745407, 20.00000000000002487 ) ) ;
#1683 = VECTOR ( 'NONE', #1659, 1000.000000000000000 ) ;
#1684 = ORIENTED_EDGE ( 'NONE', *, *, #2029, .T. ) ;
#1685 = AXIS2_PLACEMENT_3D ( 'NONE', #273, #529, #3563 ) ;
#1686 = ADVANCED_FACE ( 'NONE', ( #3095, #2826, #280, #1967, #1094, #1383, #2263 ), #1421, .T. ) ;
#1687 = CARTESIAN_POINT ( 'NONE',  ( -18.69999999999997442, -33.38501884962746402, 60.00000000000000711 ) ) ;
#1688 = CYLINDRICAL_SURFACE ( 'NONE', #251, 2.549999999999996714 ) ;
#1689 = ORIENTED_EDGE ( 'NONE', *, *, #335, .T. ) ;
#1690 = DIRECTION ( 'NONE',  ( -0.000000000000000000, -1.000000000000000000, -0.000000000000000000 ) ) ;
#1691 = LINE ( 'NONE', #2544, #676 ) ;
#1692 = DIRECTION ( 'NONE',  ( 0.000000000000000000, 0.000000000000000000, -1.000000000000000000 ) ) ;
#1693 = CIRCLE ( 'NONE', #1755, 4.049999999999977618 ) ;
#1694 = CYLINDRICAL_SURFACE ( 'NONE', #109, 2.549999999999996714 ) ;
#1695 = EDGE_LOOP ( 'NONE', ( #3264, #2105, #2477, #15, #1479 ) ) ;
#1696 = DIRECTION ( 'NONE',  ( -0.7071067811865471286, 0.7071067811865480168, 0.000000000000000000 ) ) ;
#1697 = FACE_OUTER_BOUND ( 'NONE', #2417, .T. ) ;
#1698 = DIRECTION ( 'NONE',  ( 0.000000000000000000, 0.7071067811865465735, 0.7071067811865484609 ) ) ;
#1699 = CIRCLE ( 'NONE', #2046, 2.550000000000003819 ) ;
#1700 = EDGE_CURVE ( 'NONE', #1910, #1191, #1277, .T. ) ;
#1701 = ORIENTED_EDGE ( 'NONE', *, *, #2771, .F. ) ;
#1702 = ORIENTED_EDGE ( 'NONE', *, *, #3256, .T. ) ;
#1703 = LINE ( 'NONE', #835, #3113 ) ;
#1704 = EDGE_CURVE ( 'NONE', #1844, #647, #869, .T. ) ;
#1705 = VERTEX_POINT ( 'NONE', #2490 ) ;
#1706 = CARTESIAN_POINT ( 'NONE',  ( -13.44999999999999751, 23.01498115037252390, 70.00000000000000000 ) ) ;
#1707 = LINE ( 'NONE', #915, #3031 ) ;
#1708 = VERTEX_POINT ( 'NONE', #1716 ) ;
#1709 = DIRECTION ( 'NONE',  ( -0.7071067811865501263, 0.000000000000000000, 0.7071067811865450192 ) ) ;
#1710 = DIRECTION ( 'NONE',  ( -0.7071067811865487940, -0.7071067811865463515, 0.000000000000000000 ) ) ;
#1711 = DIRECTION ( 'NONE',  ( 0.000000000000000000, 0.000000000000000000, -1.000000000000000000 ) ) ;
#1712 = CIRCLE ( 'NONE', #149, 2.049999999999999822 ) ;
#1713 = CARTESIAN_POINT ( 'NONE',  ( -20.19999999999999929, -33.38501884962746402, 50.00000000000000711 ) ) ;
#1714 = VERTEX_POINT ( 'NONE', #37 ) ;
#1715 = DIRECTION ( 'NONE',  ( -0.000000000000000000, 1.000000000000000000, -0.000000000000000000 ) ) ;
#1716 = CARTESIAN_POINT ( 'NONE',  ( -20.20000000000001350, 25.51498115037249903, 75.00000000000000000 ) ) ;
#1717 = EDGE_CURVE ( 'NONE', #283, #3430, #3035, .T. ) ;
#1718 = AXIS2_PLACEMENT_3D ( 'NONE', #3513, #1037, #3244 ) ;
#1719 = ADVANCED_FACE ( 'NONE', ( #1660 ), #2211, .F. ) ;
#1720 = VERTEX_POINT ( 'NONE', #1117 ) ;
#1721 = CARTESIAN_POINT ( 'NONE',  ( 15.50000000000000355, -7.985018849627476101, 75.00000000000000000 ) ) ;
#1722 = EDGE_LOOP ( 'NONE', ( #2891, #3279 ) ) ;
#1723 = CARTESIAN_POINT ( 'NONE',  ( 18.70000000000002061, -33.38501884962745692, 20.00000000000002487 ) ) ;
#1724 = EDGE_CURVE ( 'NONE', #1806, #2064, #2382, .T. ) ;
#1725 = DIRECTION ( 'NONE',  ( -0.000000000000000000, 0.000000000000000000, -1.000000000000000000 ) ) ;
#1726 = DIRECTION ( 'NONE',  ( 1.000000000000000000, 1.734723475976805862E-16, -0.000000000000000000 ) ) ;
#1727 = EDGE_CURVE ( 'NONE', #3446, #838, #1570, .T. ) ;
#1728 = VERTEX_POINT ( 'NONE', #1928 ) ;
#1729 = CIRCLE ( 'NONE', #635, 4.049999999999983835 ) ;
#1730 = DIRECTION ( 'NONE',  ( -0.000000000000000000, -0.000000000000000000, -1.000000000000000000 ) ) ;
#1731 = DIRECTION ( 'NONE',  ( -0.7071067811865511255, 8.659560562354977232E-17, 0.7071067811865440200 ) ) ;
#1732 = DIRECTION ( 'NONE',  ( 1.000000000000000000, 0.000000000000000000, 0.000000000000000000 ) ) ;
#1733 = FACE_OUTER_BOUND ( 'NONE', #3229, .T. ) ;
#1734 = AXIS2_PLACEMENT_3D ( 'NONE', #2679, #1176, #2846 ) ;
#1735 = VERTEX_POINT ( 'NONE', #2224 ) ;
#1736 = CARTESIAN_POINT ( 'NONE',  ( 18.70000000000002061, -33.38501884962745692, 12.55000000000002736 ) ) ;
#1737 = VERTEX_POINT ( 'NONE', #3321 ) ;
#1738 = ORIENTED_EDGE ( 'NONE', *, *, #1379, .T. ) ;
#1739 = FACE_OUTER_BOUND ( 'NONE', #2865, .T. ) ;
#1740 = DIRECTION ( 'NONE',  ( 1.000000000000000000, 1.734723475976805862E-16, -0.000000000000000000 ) ) ;
#1741 = CONICAL_SURFACE ( 'NONE', #2418, 2.549999999999996714, 0.7853981633974485010 ) ;
#1742 = VERTEX_POINT ( 'NONE', #1948 ) ;
#1743 = CARTESIAN_POINT ( 'NONE',  ( 8.330569341257628013E-13, -13.38501884962747113, 30.00000000000000355 ) ) ;
#1744 = CARTESIAN_POINT ( 'NONE',  ( -29.80000000000000071, -33.38501884962746402, 10.00000000000003020 ) ) ;
#1745 = ORIENTED_EDGE ( 'NONE', *, *, #1831, .T. ) ;
#1746 = VECTOR ( 'NONE', #1732, 1000.000000000000000 ) ;
#1747 = CARTESIAN_POINT ( 'NONE',  ( -20.19999999999999929, -33.38501884962746402, 55.95000000000000284 ) ) ;
#1748 = CIRCLE ( 'NONE', #656, 2.549999999999996714 ) ;
#1749 = DIRECTION ( 'NONE',  ( 0.000000000000000000, 1.000000000000000000, 0.000000000000000000 ) ) ;
#1750 = CARTESIAN_POINT ( 'NONE',  ( -29.80000000000000071, -33.38501884962746402, 30.00000000000002132 ) ) ;
#1751 = AXIS2_PLACEMENT_3D ( 'NONE', #3295, #238, #3010 ) ;
#1752 = VERTEX_POINT ( 'NONE', #3056 ) ;
#1753 = DIRECTION ( 'NONE',  ( 0.000000000000000000, 0.000000000000000000, 1.000000000000000000 ) ) ;
#1754 = ADVANCED_FACE ( 'NONE', ( #577 ), #2676, .F. ) ;
#1755 = AXIS2_PLACEMENT_3D ( 'NONE', #791, #2726, #2917 ) ;
#1756 = ORIENTED_EDGE ( 'NONE', *, *, #604, .T. ) ;
#1757 = VERTEX_POINT ( 'NONE', #2979 ) ;
#1758 = DIRECTION ( 'NONE',  ( 0.000000000000000000, 0.000000000000000000, 1.000000000000000000 ) ) ;
#1759 = ADVANCED_FACE ( 'NONE', ( #1601 ), #2469, .F. ) ;
#1760 = ORIENTED_EDGE ( 'NONE', *, *, #1678, .F. ) ;
#1761 = DIRECTION ( 'NONE',  ( 1.000000000000000000, 1.156482317317871725E-16, -0.000000000000000000 ) ) ;
#1762 = EDGE_CURVE ( 'NONE', #452, #381, #1693, .T. ) ;
#1763 = ORIENTED_EDGE ( 'NONE', *, *, #1194, .F. ) ;
#1764 = ADVANCED_FACE ( 'NONE', ( #3450 ), #1111, .F. ) ;
#1765 = LINE ( 'NONE', #2858, #3071 ) ;
#1766 = DIRECTION ( 'NONE',  ( -1.000000000000000000, -1.156482317317871725E-16, 0.000000000000000000 ) ) ;
#1767 = EDGE_LOOP ( 'NONE', ( #2253, #3186, #1958, #241, #643 ) ) ;
#1768 = DIRECTION ( 'NONE',  ( -0.000000000000000000, 0.000000000000000000, -1.000000000000000000 ) ) ;
#1770 = CIRCLE ( 'NONE', #1016, 2.549999999999996714 ) ;
#1769 = FACE_OUTER_BOUND ( 'NONE', #916, .T. ) ;
#1771 = ORIENTED_EDGE ( 'NONE', *, *, #2447, .T. ) ;
#1772 = ORIENTED_EDGE ( 'NONE', *, *, #2883, .F. ) ;
#1773 = PRODUCT_CONTEXT ( 'NONE', #3364, 'mechanical' ) ;
#1774 = UNCERTAINTY_MEASURE_WITH_UNIT (LENGTH_MEASURE( 1.000000000000000082E-05 ), #2048, 'distance_accuracy_value', 'NONE');
#1775 = CIRCLE ( 'NONE', #2821, 4.049999999999977618 ) ;
#1776 = ORIENTED_EDGE ( 'NONE', *, *, #3417, .T. ) ;
#1777 = AXIS2_PLACEMENT_3D ( 'NONE', #828, #275, #2445 ) ;
#1778 = CARTESIAN_POINT ( 'NONE',  ( -29.80000000000000071, -30.83501884962746331, 30.00000000000002132 ) ) ;
#1779 = ORIENTED_EDGE ( 'NONE', *, *, #1606, .T. ) ;
#1780 = FACE_OUTER_BOUND ( 'NONE', #2034, .T. ) ;
#1781 = ADVANCED_FACE ( 'NONE', ( #3517 ), #776, .F. ) ;
#1782 = DIRECTION ( 'NONE',  ( -1.000000000000000000, -0.000000000000000000, -0.000000000000000000 ) ) ;
#1783 = VERTEX_POINT ( 'NONE', #1534 ) ;
#1784 = DIRECTION ( 'NONE',  ( 1.000000000000000000, 0.000000000000000000, 0.000000000000000000 ) ) ;
#1785 = CARTESIAN_POINT ( 'NONE',  ( 15.50000000000000355, -7.985018849627476101, 73.99999999999991473 ) ) ;
#1786 = EDGE_LOOP ( 'NONE', ( #3329, #1131 ) ) ;
#1787 = LINE ( 'NONE', #1468, #266 ) ;
#1788 = EDGE_CURVE ( 'NONE', #381, #452, #3191, .T. ) ;
#1789 = EDGE_LOOP ( 'NONE', ( #1358, #207 ) ) ;
#1790 = LINE ( 'NONE', #2900, #463 ) ;
#1791 = VECTOR ( 'NONE', #868, 1000.000000000000114 ) ;
#1792 = ORIENTED_EDGE ( 'NONE', *, *, #2435, .T. ) ;
#1793 = VECTOR ( 'NONE', #718, 1000.000000000000000 ) ;
#1794 = EDGE_CURVE ( 'NONE', #1078, #184, #225, .T. ) ;
#1795 = CARTESIAN_POINT ( 'NONE',  ( 18.70000000000002771, -33.38501884962745692, 42.55000000000001847 ) ) ;
#1796 = DIRECTION ( 'NONE',  ( 1.000000000000000000, 2.312964634635743450E-16, -0.000000000000000000 ) ) ;
#1797 = CIRCLE ( 'NONE', #1509, 4.050000000000018474 ) ;
#1798 = CARTESIAN_POINT ( 'NONE',  ( 20.20000000000000284, -33.38501884962745692, 20.00000000000002487 ) ) ;
#1799 = ORIENTED_EDGE ( 'NONE', *, *, #2861, .T. ) ;
#1800 = VECTOR ( 'NONE', #2637, 1000.000000000000000 ) ;
#1801 = DIRECTION ( 'NONE',  ( 1.000000000000000000, 0.000000000000000000, 0.000000000000000000 ) ) ;
#1802 = CARTESIAN_POINT ( 'NONE',  ( 17.20000000000003482, 28.51498115037252390, 75.00000000000000000 ) ) ;
#1803 = DIRECTION ( 'NONE',  ( -0.000000000000000000, 1.000000000000000000, -0.000000000000000000 ) ) ;
#1804 = CIRCLE ( 'NONE', #1751, 2.550000000000003819 ) ;
#1805 = CARTESIAN_POINT ( 'NONE',  ( 10.20000000000000107, -43.38501884962747113, 70.00000000000000000 ) ) ;
#1806 = VERTEX_POINT ( 'NONE', #979 ) ;
#1807 = EDGE_CURVE ( 'NONE', #2655, #1123, #2564, .T. ) ;
#1808 = CARTESIAN_POINT ( 'NONE',  ( 10.20000000000000817, -33.38501884962745692, 10.00000000000003020 ) ) ;
#1809 = VERTEX_POINT ( 'NONE', #2078 ) ;
#1810 = CARTESIAN_POINT ( 'NONE',  ( 1.145453284422923675E-12, -14.88501884962748001, 62.55000000000001137 ) ) ;
#1811 = AXIS2_PLACEMENT_3D ( 'NONE', #779, #2772, #2478 ) ;
#1812 = EDGE_CURVE ( 'NONE', #1522, #1469, #810, .T. ) ;
#1813 = EDGE_LOOP ( 'NONE', ( #545, #2455, #1771, #351 ) ) ;
#1814 = LINE ( 'NONE', #2339, #2317 ) ;
#1815 = LINE ( 'NONE', #1539, #2348 ) ;
#1816 = ORIENTED_EDGE ( 'NONE', *, *, #418, .T. ) ;
#1817 = CARTESIAN_POINT ( 'NONE',  ( 1.041321167657203249E-12, -63.38501884962746402, 50.00000000000000000 ) ) ;
#1818 = AXIS2_PLACEMENT_3D ( 'NONE', #45, #1432, #3388 ) ;
#1819 = DIRECTION ( 'NONE',  ( 0.000000000000000000, 1.000000000000000000, 0.000000000000000000 ) ) ;
#1820 = LINE ( 'NONE', #754, #1049 ) ;
#1821 = CARTESIAN_POINT ( 'NONE',  ( 15.50000000000000355, 23.01498115037252390, 75.00000000000000000 ) ) ;
#1822 = CONICAL_SURFACE ( 'NONE', #101, 2.550000000000003819, 0.7853981633974513876 ) ;
#1823 = ORIENTED_EDGE ( 'NONE', *, *, #929, .T. ) ;
#1824 = ADVANCED_FACE ( 'NONE', ( #1308 ), #1875, .F. ) ;
#1825 = EDGE_LOOP ( 'NONE', ( #1550, #3344, #968, #2879 ) ) ;
#1826 = ORIENTED_EDGE ( 'NONE', *, *, #1408, .F. ) ;
#1827 = ORIENTED_EDGE ( 'NONE', *, *, #3516, .T. ) ;
#1828 = EDGE_CURVE ( 'NONE', #453, #1583, #2037, .T. ) ;
#1829 = EDGE_CURVE ( 'NONE', #2101, #2570, #2625, .T. ) ;
#1830 = CARTESIAN_POINT ( 'NONE',  ( -10.19999999999999751, -33.38501884962746402, 60.00000000000000711 ) ) ;
#1831 = EDGE_CURVE ( 'NONE', #3476, #1178, #760, .T. ) ;
#1832 = AXIS2_PLACEMENT_3D ( 'NONE', #796, #1895, #3270 ) ;
#1833 = ORIENTED_EDGE ( 'NONE', *, *, #2313, .F. ) ;
#1834 = ORIENTED_EDGE ( 'NONE', *, *, #2930, .F. ) ;
#1835 = FACE_OUTER_BOUND ( 'NONE', #1663, .T. ) ;
#1836 = FACE_OUTER_BOUND ( 'NONE', #709, .T. ) ;
#1837 = DIRECTION ( 'NONE',  ( 1.000000000000000000, 2.312964634635743450E-16, -0.000000000000000000 ) ) ;
#1838 = CARTESIAN_POINT ( 'NONE',  ( 18.70000000000002061, -33.38501884962745692, 32.55000000000001847 ) ) ;
#1839 = STYLED_ITEM ( 'NONE', ( #3435 ), #382 ) ;
#1840 = ORIENTED_EDGE ( 'NONE', *, *, #2898, .F. ) ;
#1841 = CIRCLE ( 'NONE', #2476, 4.049999999999983835 ) ;
#1842 = VERTEX_POINT ( 'NONE', #2165 ) ;
#1843 = DIRECTION ( 'NONE',  ( -1.000000000000000000, -1.156482317317871725E-16, 0.000000000000000000 ) ) ;
#1844 = VERTEX_POINT ( 'NONE', #2183 ) ;
#1845 = AXIS2_PLACEMENT_3D ( 'NONE', #3337, #2026, #2825 ) ;
#1846 = DIRECTION ( 'NONE',  ( 1.000000000000000000, 0.000000000000000000, -0.000000000000000000 ) ) ;
#1847 = ADVANCED_FACE ( 'NONE', ( #261 ), #536, .F. ) ;
#1848 = DIRECTION ( 'NONE',  ( -0.000000000000000000, -0.000000000000000000, -1.000000000000000000 ) ) ;
#1849 = ORIENTED_EDGE ( 'NONE', *, *, #3246, .F. ) ;
#1850 = VECTOR ( 'NONE', #1538, 1000.000000000000000 ) ;
#1851 = CYLINDRICAL_SURFACE ( 'NONE', #227, 2.549999999999996714 ) ;
#1852 = DIRECTION ( 'NONE',  ( 0.7071067811865511255, 0.000000000000000000, 0.7071067811865440200 ) ) ;
#1853 = DIRECTION ( 'NONE',  ( 0.000000000000000000, 0.000000000000000000, -1.000000000000000000 ) ) ;
#1854 = DIRECTION ( 'NONE',  ( 1.000000000000000000, 1.156482317317871725E-16, -0.000000000000000000 ) ) ;
#1855 = VECTOR ( 'NONE', #3034, 1000.000000000000000 ) ;
#1856 = EDGE_CURVE ( 'NONE', #3554, #2487, #2148, .T. ) ;
#1857 = ORIENTED_EDGE ( 'NONE', *, *, #773, .T. ) ;
#1858 = AXIS2_PLACEMENT_3D ( 'NONE', #1922, #783, #2463 ) ;
#1859 = EDGE_LOOP ( 'NONE', ( #3418, #2030, #3001, #3058, #836 ) ) ;
#1860 = AXIS2_PLACEMENT_3D ( 'NONE', #1595, #3442, #456 ) ;
#1861 = EDGE_CURVE ( 'NONE', #1714, #323, #1790, .T. ) ;
#1862 = CARTESIAN_POINT ( 'NONE',  ( 8.330569341257628013E-13, -13.38501884962747113, 30.00000000000000355 ) ) ;
#1863 = VECTOR ( 'NONE', #1730, 1000.000000000000000 ) ;
#1864 = CYLINDRICAL_SURFACE ( 'NONE', #208, 10.75000000000000000 ) ;
#1865 = ORIENTED_EDGE ( 'NONE', *, *, #712, .F. ) ;
#1866 = LINE ( 'NONE', #486, #1619 ) ;
#1867 = FACE_OUTER_BOUND ( 'NONE', #377, .T. ) ;
#1868 = DIRECTION ( 'NONE',  ( 0.000000000000000000, 0.000000000000000000, -1.000000000000000000 ) ) ;
#1869 = CARTESIAN_POINT ( 'NONE',  ( -17.54999999999999716, -7.985018849627476101, 70.00000000000000000 ) ) ;
#1870 = DIRECTION ( 'NONE',  ( 1.700709290173340409E-16, 1.000000000000000000, -0.000000000000000000 ) ) ;
#1871 = LINE ( 'NONE', #2975, #1954 ) ;
#1872 = EDGE_LOOP ( 'NONE', ( #1050, #2563, #823, #2400, #1576 ) ) ;
#1873 = LINE ( 'NONE', #1075, #707 ) ;
#1874 = EDGE_CURVE ( 'NONE', #1905, #2386, #655, .T. ) ;
#1875 = CYLINDRICAL_SURFACE ( 'NONE', #2788, 2.549999999999996714 ) ;
#1876 = CARTESIAN_POINT ( 'NONE',  ( 7.289248173600423754E-13, -13.38501884962747113, 24.05000000000000782 ) ) ;
#1877 = ADVANCED_FACE ( 'NONE', ( #3531, #1339, #31, #2443, #1900, #237, #802 ), #295, .T. ) ;
#1878 = ORIENTED_EDGE ( 'NONE', *, *, #41, .F. ) ;
#1879 = LINE ( 'NONE', #232, #496 ) ;
#1880 = ORIENTED_EDGE ( 'NONE', *, *, #1856, .T. ) ;
#1881 = AXIS2_PLACEMENT_3D ( 'NONE', #1830, #1846, #2937 ) ;
#1882 = LINE ( 'NONE', #474, #2371 ) ;
#1883 = PLANE ( 'NONE',  #945 ) ;
#1884 = CIRCLE ( 'NONE', #2120, 2.549999999999996714 ) ;
#1885 = DIRECTION ( 'NONE',  ( 0.000000000000000000, 1.000000000000000000, 0.000000000000000000 ) ) ;
#1886 = DIRECTION ( 'NONE',  ( -0.000000000000000000, 0.000000000000000000, 1.000000000000000000 ) ) ;
#1887 = PLANE ( 'NONE',  #993 ) ;
#1888 = CYLINDRICAL_SURFACE ( 'NONE', #1028, 2.549999999999989608 ) ;
#1889 = ORIENTED_EDGE ( 'NONE', *, *, #1724, .T. ) ;
#1890 = CARTESIAN_POINT ( 'NONE',  ( 18.70000000000002771, -33.38501884962745692, 40.00000000000001421 ) ) ;
#1891 = DIRECTION ( 'NONE',  ( 1.000000000000000000, 1.156482317317871725E-16, -0.000000000000000000 ) ) ;
#1892 = ORIENTED_EDGE ( 'NONE', *, *, #2822, .F. ) ;
#1893 = VECTOR ( 'NONE', #2869, 1000.000000000000000 ) ;
#1894 = EDGE_LOOP ( 'NONE', ( #1833, #2150, #2203, #345, #3026 ) ) ;
#1895 = DIRECTION ( 'NONE',  ( 0.000000000000000000, 1.000000000000000000, 0.000000000000000000 ) ) ;
#1896 = CARTESIAN_POINT ( 'NONE',  ( -29.80000000000000071, -33.38501884962746402, 40.00000000000001421 ) ) ;
#1897 = ORIENTED_EDGE ( 'NONE', *, *, #2850, .T. ) ;
#1898 = EDGE_CURVE ( 'NONE', #1657, #1096, #2613, .T. ) ;
#1899 = FACE_OUTER_BOUND ( 'NONE', #1085, .T. ) ;
#1900 = FACE_BOUND ( 'NONE', #1722, .T. ) ;
#1901 = DIRECTION ( 'NONE',  ( 1.000000000000000000, 0.000000000000000000, -0.000000000000000000 ) ) ;
#1902 = CARTESIAN_POINT ( 'NONE',  ( -20.20000000000000284, -17.38501884962748179, 70.00000000000000000 ) ) ;
#1903 = EDGE_CURVE ( 'NONE', #1393, #1472, #2217, .T. ) ;
#1904 = CIRCLE ( 'NONE', #1845, 4.049999999999977618 ) ;
#1905 = VERTEX_POINT ( 'NONE', #3546 ) ;
#1906 = DIRECTION ( 'NONE',  ( -2.312964634635743450E-16, 1.000000000000000000, 0.000000000000000000 ) ) ;
#1907 = DIRECTION ( 'NONE',  ( 0.000000000000000000, 0.000000000000000000, 1.000000000000000000 ) ) ;
#1908 = CARTESIAN_POINT ( 'NONE',  ( 6.247927005943220505E-13, -13.38501884962747113, 10.00000000000000178 ) ) ;
#1909 = CIRCLE ( 'NONE', #358, 3.050000000000094413 ) ;
#1910 = VERTEX_POINT ( 'NONE', #3009 ) ;
#1911 = AXIS2_PLACEMENT_3D ( 'NONE', #2063, #2149, #1060 ) ;
#1912 = EDGE_CURVE ( 'NONE', #368, #2693, #296, .T. ) ;
#1913 = ORIENTED_EDGE ( 'NONE', *, *, #3305, .T. ) ;
#1914 = DIRECTION ( 'NONE',  ( 0.000000000000000000, 0.000000000000000000, -1.000000000000000000 ) ) ;
#1915 = AXIS2_PLACEMENT_3D ( 'NONE', #954, #2362, #1253 ) ;
#1916 = AXIS2_PLACEMENT_3D ( 'NONE', #353, #2007, #3390 ) ;
#1917 = EDGE_LOOP ( 'NONE', ( #39, #2402, #2584, #765, #729 ) ) ;
#1918 = AXIS2_PLACEMENT_3D ( 'NONE', #1241, #1042, #434 ) ;
#1919 = DIRECTION ( 'NONE',  ( 0.000000000000000000, 0.000000000000000000, -1.000000000000000000 ) ) ;
#1920 = EDGE_LOOP ( 'NONE', ( #2449, #2786 ) ) ;
#1921 = DIRECTION ( 'NONE',  ( -0.000000000000000000, -0.000000000000000000, -1.000000000000000000 ) ) ;
#1922 = CARTESIAN_POINT ( 'NONE',  ( -15.49999999999999645, 23.01498115037252390, 75.00000000000000000 ) ) ;
#1923 = CARTESIAN_POINT ( 'NONE',  ( 18.70000000000002061, -35.93501884962745407, 50.00000000000000711 ) ) ;
#1924 = DIRECTION ( 'NONE',  ( 1.000000000000000000, 0.000000000000000000, 0.000000000000000000 ) ) ;
#1925 = ORIENTED_EDGE ( 'NONE', *, *, #2860, .F. ) ;
#1926 = CARTESIAN_POINT ( 'NONE',  ( 6.251049855281045986E-13, -23.38501884962747468, 7.450000000000001954 ) ) ;
#1927 = CARTESIAN_POINT ( 'NONE',  ( 20.20000000000000284, -33.38501884962745692, 54.04999999999999005 ) ) ;
#1928 = CARTESIAN_POINT ( 'NONE',  ( 20.20000000000000284, -33.38501884962745692, 24.05000000000000071 ) ) ;
#1929 = ORIENTED_EDGE ( 'NONE', *, *, #938, .T. ) ;
#1930 = VERTEX_POINT ( 'NONE', #1632 ) ;
#1931 = CARTESIAN_POINT ( 'NONE',  ( -10.19999999999999751, -30.83501884962746331, 10.00000000000003020 ) ) ;
#1932 = CONICAL_SURFACE ( 'NONE', #380, 2.549999999999998490, 0.7853981633974476129 ) ;
#1933 = ORIENTED_EDGE ( 'NONE', *, *, #2056, .T. ) ;
#1934 = CARTESIAN_POINT ( 'NONE',  ( -18.70000000000000995, -33.38501884962746402, 10.00000000000003020 ) ) ;
#1935 = AXIS2_PLACEMENT_3D ( 'NONE', #570, #2776, #3086 ) ;
#1936 = ORIENTED_EDGE ( 'NONE', *, *, #747, .F. ) ;
#1937 = ADVANCED_FACE ( 'NONE', ( #551 ), #3275, .F. ) ;
#1938 = EDGE_CURVE ( 'NONE', #1708, #3381, #1053, .T. ) ;
#1939 = DIRECTION ( 'NONE',  ( 1.700709290173340409E-16, 1.000000000000000000, -0.000000000000000000 ) ) ;
#1940 = DIRECTION ( 'NONE',  ( 0.7071067811865479058, 8.659560562354926695E-17, 0.7071067811865470176 ) ) ;
#1941 = CARTESIAN_POINT ( 'NONE',  ( -29.80000000000000071, -35.93501884962746118, 30.00000000000002132 ) ) ;
#1942 = CARTESIAN_POINT ( 'NONE',  ( -17.54999999999999716, -7.985018849627476101, 73.99999999999991473 ) ) ;
#1943 = CARTESIAN_POINT ( 'NONE',  ( -20.20000000000000284, -17.38501884962748179, 0.000000000000000000 ) ) ;
#1944 = VERTEX_POINT ( 'NONE', #508 ) ;
#1945 = AXIS2_PLACEMENT_3D ( 'NONE', #3317, #1963, #1416 ) ;
#1946 = FACE_OUTER_BOUND ( 'NONE', #269, .T. ) ;
#1947 = DIRECTION ( 'NONE',  ( 0.000000000000000000, 0.000000000000000000, -1.000000000000000000 ) ) ;
#1948 = CARTESIAN_POINT ( 'NONE',  ( 18.70000000000002061, -35.93501884962745407, 30.00000000000002132 ) ) ;
#1949 = ORIENTED_EDGE ( 'NONE', *, *, #397, .F. ) ;
#1950 = FACE_BOUND ( 'NONE', #3487, .T. ) ;
#1951 = ORIENTED_EDGE ( 'NONE', *, *, #2395, .F. ) ;
#1952 = ADVANCED_FACE ( 'NONE', ( #2426 ), #2158, .F. ) ;
#1953 = DIRECTION ( 'NONE',  ( 1.000000000000000000, 0.000000000000000000, -0.000000000000000000 ) ) ;
#1954 = VECTOR ( 'NONE', #2161, 1000.000000000000000 ) ;
#1955 = ORIENTED_EDGE ( 'NONE', *, *, #2822, .T. ) ;
#1956 = DIRECTION ( 'NONE',  ( 0.000000000000000000, 1.000000000000000000, 0.000000000000000000 ) ) ;
#1957 = DIRECTION ( 'NONE',  ( 0.000000000000000000, 1.000000000000000000, 0.000000000000000000 ) ) ;
#1958 = ORIENTED_EDGE ( 'NONE', *, *, #686, .T. ) ;
#1959 = CARTESIAN_POINT ( 'NONE',  ( -18.70000000000000639, -35.93501884962746118, 30.00000000000002132 ) ) ;
#1960 = EDGE_CURVE ( 'NONE', #3139, #2638, #1511, .T. ) ;
#1961 = FACE_OUTER_BOUND ( 'NONE', #2595, .T. ) ;
#1962 = DIRECTION ( 'NONE',  ( -1.000000000000000000, 0.000000000000000000, 0.000000000000000000 ) ) ;
#1963 = DIRECTION ( 'NONE',  ( -1.000000000000000000, -0.000000000000000000, -0.000000000000000000 ) ) ;
#1964 = EDGE_LOOP ( 'NONE', ( #20, #2516 ) ) ;
#1965 = CARTESIAN_POINT ( 'NONE',  ( -16.19999999999997797, -13.38501884962747113, 70.00000000000000000 ) ) ;
#1966 = DIRECTION ( 'NONE',  ( 0.000000000000000000, 0.000000000000000000, 1.000000000000000000 ) ) ;
#1967 = FACE_BOUND ( 'NONE', #1789, .T. ) ;
#1968 = AXIS2_PLACEMENT_3D ( 'NONE', #3357, #2548, #2843 ) ;
#1969 = ORIENTED_EDGE ( 'NONE', *, *, #244, .T. ) ;
#1970 = ADVANCED_FACE ( 'NONE', ( #1355 ), #3011, .F. ) ;
#1971 = CIRCLE ( 'NONE', #2486, 2.549999999999996714 ) ;
#1972 = ORIENTED_EDGE ( 'NONE', *, *, #2732, .F. ) ;
#1973 = DIRECTION ( 'NONE',  ( -0.000000000000000000, 1.000000000000000000, -0.000000000000000000 ) ) ;
#1974 = VECTOR ( 'NONE', #3055, 1000.000000000000000 ) ;
#1975 = ORIENTED_EDGE ( 'NONE', *, *, #1290, .F. ) ;
#1976 = VECTOR ( 'NONE', #316, 1000.000000000000000 ) ;
#1977 = VECTOR ( 'NONE', #875, 1000.000000000000000 ) ;
#1978 = EDGE_CURVE ( 'NONE', #325, #38, #2800, .T. ) ;
#1979 = AXIS2_PLACEMENT_3D ( 'NONE', #3498, #2073, #1853 ) ;
#1980 = DIRECTION ( 'NONE',  ( 0.7071067811865473507, 8.659560562354935323E-17, 0.7071067811865477948 ) ) ;
#1981 = DIRECTION ( 'NONE',  ( 0.000000000000000000, 1.000000000000000000, 0.000000000000000000 ) ) ;
#1982 = ORIENTED_EDGE ( 'NONE', *, *, #636, .F. ) ;
#1983 = DIRECTION ( 'NONE',  ( -0.000000000000000000, 0.000000000000000000, 1.000000000000000000 ) ) ;
#1984 = CARTESIAN_POINT ( 'NONE',  ( 6.247927005943220505E-13, -14.88501884962747290, 12.55000000000000249 ) ) ;
#1985 = ADVANCED_FACE ( 'NONE', ( #3260 ), #2175, .F. ) ;
#1986 = DIRECTION ( 'NONE',  ( 1.000000000000000000, 1.734723475976805862E-16, -0.000000000000000000 ) ) ;
#1987 = EDGE_CURVE ( 'NONE', #2624, #452, #1088, .T. ) ;
#1988 = AXIS2_PLACEMENT_3D ( 'NONE', #2806, #2784, #18 ) ;
#1989 = DIRECTION ( 'NONE',  ( 0.000000000000000000, 0.000000000000000000, -1.000000000000000000 ) ) ;
#1990 = ORIENTED_EDGE ( 'NONE', *, *, #642, .T. ) ;
#1991 = DIRECTION ( 'NONE',  ( 0.000000000000000000, 0.000000000000000000, 1.000000000000000000 ) ) ;
#1992 = FACE_BOUND ( 'NONE', #1430, .T. ) ;
#1993 = CARTESIAN_POINT ( 'NONE',  ( -18.70000000000000639, -33.38501884962746402, 30.00000000000002132 ) ) ;
#1994 = CIRCLE ( 'NONE', #2621, 2.549999999999996714 ) ;
#1995 = DIRECTION ( 'NONE',  ( 1.000000000000000000, 0.000000000000000000, 0.000000000000000000 ) ) ;
#1996 = EDGE_CURVE ( 'NONE', #1441, #951, #79, .T. ) ;
#1997 = ORIENTED_EDGE ( 'NONE', *, *, #3256, .F. ) ;
#1998 = SURFACE_SIDE_STYLE ('',( #956 ) ) ;
#1999 = LINE ( 'NONE', #240, #2128 ) ;
#2000 = EDGE_CURVE ( 'NONE', #2693, #368, #3467, .T. ) ;
#2001 = ORIENTED_EDGE ( 'NONE', *, *, #2839, .F. ) ;
#2002 = DIRECTION ( 'NONE',  ( -0.000000000000000000, -1.000000000000000000, -0.000000000000000000 ) ) ;
#2003 = CARTESIAN_POINT ( 'NONE',  ( -29.80000000000000071, -35.93501884962746118, 50.00000000000000711 ) ) ;
#2004 = DIRECTION ( 'NONE',  ( 0.000000000000000000, 0.000000000000000000, -1.000000000000000000 ) ) ;
#2005 = AXIS2_PLACEMENT_3D ( 'NONE', #3301, #2181, #35 ) ;
#2006 = ORIENTED_EDGE ( 'NONE', *, *, #65, .F. ) ;
#2007 = DIRECTION ( 'NONE',  ( 0.000000000000000000, 0.000000000000000000, 1.000000000000000000 ) ) ;
#2008 = DIRECTION ( 'NONE',  ( 0.7071067811865467956, 0.000000000000000000, -0.7071067811865483499 ) ) ;
#2009 = FACE_BOUND ( 'NONE', #996, .T. ) ;
#2010 = DIRECTION ( 'NONE',  ( 0.000000000000000000, 0.000000000000000000, -1.000000000000000000 ) ) ;
#2011 = VERTEX_POINT ( 'NONE', #1671 ) ;
#2012 = FACE_BOUND ( 'NONE', #1552, .T. ) ;
#2013 = ORIENTED_EDGE ( 'NONE', *, *, #324, .T. ) ;
#2014 = ORIENTED_EDGE ( 'NONE', *, *, #3115, .F. ) ;
#2015 = CARTESIAN_POINT ( 'NONE',  ( -20.19999999999999929, -33.38501884962746402, 64.05000000000001137 ) ) ;
#2016 = ORIENTED_EDGE ( 'NONE', *, *, #1499, .F. ) ;
#2017 = DIRECTION ( 'NONE',  ( -1.000000000000000000, -0.000000000000000000, -0.000000000000000000 ) ) ;
#2018 = FACE_OUTER_BOUND ( 'NONE', #3059, .T. ) ;
#2019 = ORIENTED_EDGE ( 'NONE', *, *, #3141, .T. ) ;
#2020 = DIRECTION ( 'NONE',  ( 0.000000000000000000, 0.000000000000000000, 1.000000000000000000 ) ) ;
#2021 = DIRECTION ( 'NONE',  ( 1.000000000000000000, 1.156482317317871725E-16, -0.000000000000000000 ) ) ;
#2022 = CARTESIAN_POINT ( 'NONE',  ( 10.19999999999999929, 1.769417945496341659E-15, 0.000000000000000000 ) ) ;
#2023 = AXIS2_PLACEMENT_3D ( 'NONE', #2554, #1740, #2535 ) ;
#2024 = EDGE_CURVE ( 'NONE', #313, #2230, #2372, .T. ) ;
#2025 = ORIENTED_EDGE ( 'NONE', *, *, #3101, .F. ) ;
#2026 = DIRECTION ( 'NONE',  ( -1.000000000000000000, -1.156482317317871725E-16, 0.000000000000000000 ) ) ;
#2027 = EDGE_CURVE ( 'NONE', #2706, #3508, #2848, .T. ) ;
#2028 = EDGE_LOOP ( 'NONE', ( #2014, #1515, #435, #2334, #2264 ) ) ;
#2029 = EDGE_CURVE ( 'NONE', #2742, #195, #3296, .T. ) ;
#2030 = ORIENTED_EDGE ( 'NONE', *, *, #2000, .F. ) ;
#2031 = CONICAL_SURFACE ( 'NONE', #1384, 2.549999999999996714, 0.7853981633974501664 ) ;
#2032 = AXIS2_PLACEMENT_3D ( 'NONE', #2920, #2646, #2702 ) ;
#2033 = EDGE_CURVE ( 'NONE', #1191, #120, #682, .T. ) ;
#2034 = EDGE_LOOP ( 'NONE', ( #1636, #2414, #47, #690 ) ) ;
#2035 = DIRECTION ( 'NONE',  ( 1.000000000000000000, 0.000000000000000000, 0.000000000000000000 ) ) ;
#2036 = EDGE_LOOP ( 'NONE', ( #717, #2547 ) ) ;
#2037 = CIRCLE ( 'NONE', #2323, 2.049999999999999822 ) ;
#2038 = VECTOR ( 'NONE', #1287, 1000.000000000000000 ) ;
#2039 = CARTESIAN_POINT ( 'NONE',  ( -18.69999999999998863, -33.38501884962746402, 40.00000000000001421 ) ) ;
#2040 = CARTESIAN_POINT ( 'NONE',  ( -18.70000000000000639, -33.38501884962746402, 20.00000000000002487 ) ) ;
#2041 = AXIS2_PLACEMENT_3D ( 'NONE', #1377, #1110, #3316 ) ;
#2042 = EDGE_LOOP ( 'NONE', ( #2281, #267, #1385, #424 ) ) ;
#2043 = FACE_BOUND ( 'NONE', #639, .T. ) ;
#2044 = VECTOR ( 'NONE', #1134, 1000.000000000000114 ) ;
#2045 = EDGE_LOOP ( 'NONE', ( #2986, #2436, #2397, #2240 ) ) ;
#2046 = AXIS2_PLACEMENT_3D ( 'NONE', #218, #1316, #2425 ) ;
#2047 = ORIENTED_EDGE ( 'NONE', *, *, #41, .T. ) ;
#2048 =( LENGTH_UNIT ( ) NAMED_UNIT ( * ) SI_UNIT ( .MILLI., .METRE. ) );
#2049 = EDGE_CURVE ( 'NONE', #617, #2101, #2296, .T. ) ;
#2050 = ORIENTED_EDGE ( 'NONE', *, *, #999, .T. ) ;
#2051 = DIRECTION ( 'NONE',  ( 0.000000000000000000, -0.000000000000000000, -1.000000000000000000 ) ) ;
#2052 = EDGE_LOOP ( 'NONE', ( #1412, #1173, #2302, #2137 ) ) ;
#2053 = SURFACE_STYLE_FILL_AREA ( #2065 ) ;
#2054 = DIRECTION ( 'NONE',  ( 0.000000000000000000, 0.000000000000000000, 1.000000000000000000 ) ) ;
#2055 = CARTESIAN_POINT ( 'NONE',  ( -18.70000000000000639, -33.38501884962746402, 30.00000000000002132 ) ) ;
#2056 = EDGE_CURVE ( 'NONE', #2368, #777, #3129, .T. ) ;
#2057 = ORIENTED_EDGE ( 'NONE', *, *, #3309, .F. ) ;
#2058 = LINE ( 'NONE', #2087, #935 ) ;
#2059 = FACE_OUTER_BOUND ( 'NONE', #2902, .T. ) ;
#2060 = ORIENTED_EDGE ( 'NONE', *, *, #1417, .T. ) ;
#2061 = SURFACE_STYLE_USAGE ( .BOTH. , #1998 ) ;
#2062 = ADVANCED_FACE ( 'NONE', ( #1780 ), #2607, .F. ) ;
#2063 = CARTESIAN_POINT ( 'NONE',  ( 18.70000000000000995, -33.38501884962745692, 60.00000000000000711 ) ) ;
#2064 = VERTEX_POINT ( 'NONE', #932 ) ;
#2065 = FILL_AREA_STYLE ('',( #420 ) ) ;
#2066 = CARTESIAN_POINT ( 'NONE',  ( -29.80000000000000071, -35.93501884962746118, 10.00000000000003020 ) ) ;
#2067 = DIRECTION ( 'NONE',  ( 0.000000000000000000, 1.000000000000000000, 0.000000000000000000 ) ) ;
#2068 = CIRCLE ( 'NONE', #2356, 2.549999999999996714 ) ;
#2069 = EDGE_CURVE ( 'NONE', #2815, #2298, #3412, .T. ) ;
#2070 = EDGE_LOOP ( 'NONE', ( #599, #1209 ) ) ;
#2071 = CARTESIAN_POINT ( 'NONE',  ( 1.041321167657203249E-12, -14.88501884962747290, 50.00000000000000000 ) ) ;
#2072 = DIRECTION ( 'NONE',  ( 0.000000000000000000, 1.000000000000000000, 0.000000000000000000 ) ) ;
#2073 = DIRECTION ( 'NONE',  ( 1.000000000000000000, 0.000000000000000000, 0.000000000000000000 ) ) ;
#2074 = CYLINDRICAL_SURFACE ( 'NONE', #818, 2.550000000000003819 ) ;
#2075 = ORIENTED_EDGE ( 'NONE', *, *, #65, .T. ) ;
#2076 = DIRECTION ( 'NONE',  ( 0.000000000000000000, 0.000000000000000000, -1.000000000000000000 ) ) ;
#2077 = ORIENTED_EDGE ( 'NONE', *, *, #517, .T. ) ;
#2078 = CARTESIAN_POINT ( 'NONE',  ( 13.45000000000000284, 23.01498115037252390, 70.00000000000000000 ) ) ;
#2079 = ORIENTED_EDGE ( 'NONE', *, *, #2699, .T. ) ;
#2080 = DIRECTION ( 'NONE',  ( 0.000000000000000000, 0.7071067811865465735, 0.7071067811865484609 ) ) ;
#2081 = DIRECTION ( 'NONE',  ( 8.659560562354959975E-17, 0.7071067811865453523, -0.7071067811865496822 ) ) ;
#2082 = CIRCLE ( 'NONE', #989, 2.549999999999996714 ) ;
#2083 = VECTOR ( 'NONE', #3538, 1000.000000000000000 ) ;
#2084 = VERTEX_POINT ( 'NONE', #918 ) ;
#2085 = VECTOR ( 'NONE', #554, 1000.000000000000000 ) ;
#2086 = EDGE_CURVE ( 'NONE', #3139, #1757, #667, .T. ) ;
#2087 = CARTESIAN_POINT ( 'NONE',  ( 10.19999999999999929, 1.769417945496341659E-15, 75.00000000000000000 ) ) ;
#2088 = EDGE_CURVE ( 'NONE', #2357, #1752, #1765, .T. ) ;
#2089 = DIRECTION ( 'NONE',  ( 0.000000000000000000, 0.000000000000000000, 1.000000000000000000 ) ) ;
#2090 = AXIS2_PLACEMENT_3D ( 'NONE', #763, #2682, #1019 ) ;
#2091 = DIRECTION ( 'NONE',  ( 0.000000000000000000, 1.000000000000000000, 0.000000000000000000 ) ) ;
#2092 = DIRECTION ( 'NONE',  ( 0.000000000000000000, -0.000000000000000000, -1.000000000000000000 ) ) ;
#2093 = ORIENTED_EDGE ( 'NONE', *, *, #3159, .F. ) ;
#2094 = CIRCLE ( 'NONE', #1398, 4.049999999999977618 ) ;
#2095 = EDGE_LOOP ( 'NONE', ( #958, #54 ) ) ;
#2096 = EDGE_CURVE ( 'NONE', #1263, #1742, #108, .T. ) ;
#2097 = ADVANCED_FACE ( 'NONE', ( #386 ), #1097, .F. ) ;
#2098 = EDGE_CURVE ( 'NONE', #1728, #2266, #2779, .T. ) ;
#2099 = ORIENTED_EDGE ( 'NONE', *, *, #3038, .T. ) ;
#2100 = CIRCLE ( 'NONE', #538, 2.550000000000003819 ) ;
#2101 = VERTEX_POINT ( 'NONE', #3423 ) ;
#2102 = ORIENTED_EDGE ( 'NONE', *, *, #888, .T. ) ;
#2103 = DIRECTION ( 'NONE',  ( -1.156482317317871478E-16, 1.000000000000000000, 0.000000000000000000 ) ) ;
#2104 = EDGE_LOOP ( 'NONE', ( #2117, #2951, #2384, #2310, #3469 ) ) ;
#2105 = ORIENTED_EDGE ( 'NONE', *, *, #1605, .T. ) ;
#2106 = DIRECTION ( 'NONE',  ( 0.7071067811865481278, 0.000000000000000000, -0.7071067811865469066 ) ) ;
#2107 = CIRCLE ( 'NONE', #2877, 2.049999999999999822 ) ;
#2108 = DIRECTION ( 'NONE',  ( 1.700709290173340409E-16, 1.000000000000000000, -0.000000000000000000 ) ) ;
#2109 = CARTESIAN_POINT ( 'NONE',  ( -18.70000000000000995, -35.93501884962746118, 10.00000000000003020 ) ) ;
#2110 = CARTESIAN_POINT ( 'NONE',  ( 22.85749057518630778, 22.85749057518622962, 75.00000000000000000 ) ) ;
#2111 = CONICAL_SURFACE ( 'NONE', #550, 2.549999999999996714, 0.7853981633974476129 ) ;
#2112 = ORIENTED_EDGE ( 'NONE', *, *, #636, .T. ) ;
#2113 = EDGE_LOOP ( 'NONE', ( #751, #263 ) ) ;
#2114 = VECTOR ( 'NONE', #1375, 1000.000000000000000 ) ;
#2115 = ORIENTED_EDGE ( 'NONE', *, *, #953, .F. ) ;
#2116 = CARTESIAN_POINT ( 'NONE',  ( 8.333692190595453494E-13, -63.38501884962746402, 27.45000000000000284 ) ) ;
#2117 = ORIENTED_EDGE ( 'NONE', *, *, #2587, .F. ) ;
#2118 = AXIS2_PLACEMENT_3D ( 'NONE', #341, #1438, #2890 ) ;
#2119 = FACE_OUTER_BOUND ( 'NONE', #3475, .T. ) ;
#2120 = AXIS2_PLACEMENT_3D ( 'NONE', #582, #3308, #3324 ) ;
#2121 = CARTESIAN_POINT ( 'NONE',  ( 20.20000000000000284, -43.38501884962747113, 75.00000000000000000 ) ) ;
#2122 = EDGE_CURVE ( 'NONE', #2368, #325, #2138, .T. ) ;
#2123 = ORIENTED_EDGE ( 'NONE', *, *, #3526, .F. ) ;
#2124 = DIRECTION ( 'NONE',  ( -0.7071067811865463515, 0.7071067811865487940, 0.000000000000000000 ) ) ;
#2125 = CARTESIAN_POINT ( 'NONE',  ( -29.80000000000000071, -30.83501884962745265, 40.00000000000001421 ) ) ;
#2126 = FACE_OUTER_BOUND ( 'NONE', #2422, .T. ) ;
#2127 = DIRECTION ( 'NONE',  ( 1.000000000000000000, 0.000000000000000000, 0.000000000000000000 ) ) ;
#2128 = VECTOR ( 'NONE', #2178, 1000.000000000000000 ) ;
#2129 = ORIENTED_EDGE ( 'NONE', *, *, #3201, .T. ) ;
#2130 = ADVANCED_FACE ( 'NONE', ( #2545, #1415, #72, #2009, #2818, #1147, #2524 ), #2256, .F. ) ;
#2131 = VERTEX_POINT ( 'NONE', #2279 ) ;
#2132 = CARTESIAN_POINT ( 'NONE',  ( -29.80000000000000071, -30.83501884962746331, 10.00000000000003020 ) ) ;
#2133 = ADVANCED_FACE ( 'NONE', ( #3373 ), #3109, .F. ) ;
#2134 = VECTOR ( 'NONE', #97, 1000.000000000000000 ) ;
#2135 = DIRECTION ( 'NONE',  ( -0.7071067811865463515, 0.7071067811865487940, -0.000000000000000000 ) ) ;
#2136 = CYLINDRICAL_SURFACE ( 'NONE', #2559, 2.049999999999999822 ) ;
#2137 = ORIENTED_EDGE ( 'NONE', *, *, #1938, .F. ) ;
#2138 = CIRCLE ( 'NONE', #1324, 2.549999999999998046 ) ;
#2139 = DIRECTION ( 'NONE',  ( 1.000000000000000000, 1.156482317317871725E-16, -0.000000000000000000 ) ) ;
#2140 = EDGE_CURVE ( 'NONE', #2386, #2909, #3169, .T. ) ;
#2141 = FACE_OUTER_BOUND ( 'NONE', #3208, .T. ) ;
#2142 = FACE_BOUND ( 'NONE', #3339, .T. ) ;
#2143 = DIRECTION ( 'NONE',  ( -0.000000000000000000, 0.000000000000000000, 1.000000000000000000 ) ) ;
#2144 = CARTESIAN_POINT ( 'NONE',  ( -29.80000000000000071, -33.38501884962746402, 60.00000000000000711 ) ) ;
#2145 = AXIS2_PLACEMENT_3D ( 'NONE', #1817, #3172, #2650 ) ;
#2146 = EDGE_LOOP ( 'NONE', ( #1498, #3541 ) ) ;
#2147 = DIRECTION ( 'NONE',  ( 1.000000000000000000, 0.000000000000000000, 0.000000000000000000 ) ) ;
#2148 = CIRCLE ( 'NONE', #3184, 2.549999999999996714 ) ;
#2149 = DIRECTION ( 'NONE',  ( 1.000000000000000000, 0.000000000000000000, 0.000000000000000000 ) ) ;
#2150 = ORIENTED_EDGE ( 'NONE', *, *, #1599, .T. ) ;
#2151 = PRODUCT_DEFINITION ( 'UNKNOWN', '', #1248, #1079 ) ;
#2152 = EDGE_CURVE ( 'NONE', #1674, #447, #1000, .T. ) ;
#2153 = CIRCLE ( 'NONE', #246, 2.550000000000003819 ) ;
#2154 = CARTESIAN_POINT ( 'NONE',  ( 1.145453284422923675E-12, -63.38501884962746402, 62.55000000000001137 ) ) ;
#2155 = VERTEX_POINT ( 'NONE', #2615 ) ;
#2156 = DIRECTION ( 'NONE',  ( 1.000000000000000000, -8.587739980083203670E-17, 0.000000000000000000 ) ) ;
#2157 = DIRECTION ( 'NONE',  ( -1.000000000000000000, 0.000000000000000000, 0.000000000000000000 ) ) ;
#2158 = CYLINDRICAL_SURFACE ( 'NONE', #3080, 2.549999999999996714 ) ;
#2159 = CARTESIAN_POINT ( 'NONE',  ( 1.145453284422923675E-12, -23.38501884962747468, 62.55000000000001137 ) ) ;
#2160 = CARTESIAN_POINT ( 'NONE',  ( 8.333692190595453494E-13, -14.88501884962747290, 27.45000000000000284 ) ) ;
#2161 = DIRECTION ( 'NONE',  ( 1.000000000000000000, 1.156482317317871725E-16, -0.000000000000000000 ) ) ;
#2162 = EDGE_CURVE ( 'NONE', #931, #947, #2628, .T. ) ;
#2163 = VERTEX_POINT ( 'NONE', #3189 ) ;
#2164 = CARTESIAN_POINT ( 'NONE',  ( -20.19999999999999929, -33.38501884962746402, 60.00000000000000711 ) ) ;
#2165 = CARTESIAN_POINT ( 'NONE',  ( -10.19999999999999751, -35.93501884962746828, 40.00000000000001421 ) ) ;
#2166 = ORIENTED_EDGE ( 'NONE', *, *, #2736, .T. ) ;
#2167 = ORIENTED_EDGE ( 'NONE', *, *, #3246, .T. ) ;
#2168 = FACE_OUTER_BOUND ( 'NONE', #133, .T. ) ;
#2169 = EDGE_CURVE ( 'NONE', #1464, #788, #167, .T. ) ;
#2170 = CARTESIAN_POINT ( 'NONE',  ( 1.041817149610858039E-12, -13.38501884962747113, 45.94999999999999574 ) ) ;
#2171 = CIRCLE ( 'NONE', #498, 2.549999999999996714 ) ;
#2172 = VERTEX_POINT ( 'NONE', #1795 ) ;
#2173 = DIRECTION ( 'NONE',  ( 0.000000000000000000, 0.000000000000000000, 1.000000000000000000 ) ) ;
#2174 = CONICAL_SURFACE ( 'NONE', #113, 2.550000000000000266, 0.7853981633974496113 ) ;
#2175 = CYLINDRICAL_SURFACE ( 'NONE', #1858, 2.049999999999999822 ) ;
#2176 = CARTESIAN_POINT ( 'NONE',  ( 10.20000000000000817, -30.83501884962745621, 10.00000000000003020 ) ) ;
#2177 = LINE ( 'NONE', #3548, #523 ) ;
#2178 = DIRECTION ( 'NONE',  ( 1.000000000000000000, -8.587739980083203670E-17, 0.000000000000000000 ) ) ;
#2179 = EDGE_CURVE ( 'NONE', #1583, #453, #3, .T. ) ;
#2180 = ORIENTED_EDGE ( 'NONE', *, *, #1043, .F. ) ;
#2181 = DIRECTION ( 'NONE',  ( 1.700709290173340409E-16, 1.000000000000000000, -0.000000000000000000 ) ) ;
#2182 = DIRECTION ( 'NONE',  ( -0.000000000000000000, -0.000000000000000000, -1.000000000000000000 ) ) ;
#2183 = CARTESIAN_POINT ( 'NONE',  ( 18.70000000000002061, -33.38501884962745692, 7.450000000000031264 ) ) ;
#2184 = VERTEX_POINT ( 'NONE', #1232 ) ;
#2185 = AXIS2_PLACEMENT_3D ( 'NONE', #2593, #2288, #3387 ) ;
#2186 = ORIENTED_EDGE ( 'NONE', *, *, #1183, .T. ) ;
#2187 = CARTESIAN_POINT ( 'NONE',  ( -10.19999999999999751, -33.38501884962746402, 40.00000000000001421 ) ) ;
#2188 = EDGE_CURVE ( 'NONE', #745, #499, #2265, .T. ) ;
#2189 = VECTOR ( 'NONE', #2810, 1000.000000000000000 ) ;
#2190 = ORIENTED_EDGE ( 'NONE', *, *, #2731, .T. ) ;
#2191 = DIRECTION ( 'NONE',  ( 0.000000000000000000, 0.000000000000000000, -1.000000000000000000 ) ) ;
#2192 = ORIENTED_EDGE ( 'NONE', *, *, #3559, .T. ) ;
#2193 = CARTESIAN_POINT ( 'NONE',  ( 18.70000000000000995, -35.93501884962744697, 60.00000000000000711 ) ) ;
#2194 = CARTESIAN_POINT ( 'NONE',  ( 18.70000000000002061, -33.38501884962745692, 27.45000000000002416 ) ) ;
#2195 = DIRECTION ( 'NONE',  ( 0.000000000000000000, 0.000000000000000000, -1.000000000000000000 ) ) ;
#2196 = DIRECTION ( 'NONE',  ( 2.312964634635742957E-16, -1.000000000000000000, 0.000000000000000000 ) ) ;
#2197 = AXIS2_PLACEMENT_3D ( 'NONE', #1267, #3211, #219 ) ;
#2198 = ORIENTED_EDGE ( 'NONE', *, *, #2966, .T. ) ;
#2199 = DIRECTION ( 'NONE',  ( 0.7071067811865467956, 8.659560562354942719E-17, 0.7071067811865483499 ) ) ;
#2200 = LINE ( 'NONE', #513, #2492 ) ;
#2201 = DIRECTION ( 'NONE',  ( 0.000000000000000000, 1.000000000000000000, 0.000000000000000000 ) ) ;
#2202 = CIRCLE ( 'NONE', #2847, 3.050000000000094413 ) ;
#2203 = ORIENTED_EDGE ( 'NONE', *, *, #1122, .F. ) ;
#2204 = AXIS2_PLACEMENT_3D ( 'NONE', #340, #52, #1749 ) ;
#2205 = ORIENTED_EDGE ( 'NONE', *, *, #2623, .F. ) ;
#2206 = DIRECTION ( 'NONE',  ( 0.000000000000000000, 1.000000000000000000, 0.000000000000000000 ) ) ;
#2207 = CIRCLE ( 'NONE', #2557, 2.049999999999999822 ) ;
#2208 = EDGE_CURVE ( 'NONE', #2011, #146, #1814, .T. ) ;
#2209 = EDGE_CURVE ( 'NONE', #22, #2882, #2906, .T. ) ;
#2210 = ORIENTED_EDGE ( 'NONE', *, *, #1139, .F. ) ;
#2211 = CONICAL_SURFACE ( 'NONE', #1988, 2.549999999999996714, 0.7853981633974485010 ) ;
#2212 = DIRECTION ( 'NONE',  ( 0.000000000000000000, 0.000000000000000000, -1.000000000000000000 ) ) ;
#2213 = ORIENTED_EDGE ( 'NONE', *, *, #130, .T. ) ;
#2214 = CONICAL_SURFACE ( 'NONE', #3426, 2.550000000000000266, 0.7853981633974496113 ) ;
#2215 = CARTESIAN_POINT ( 'NONE',  ( 10.20000000000000817, -33.38501884962745692, 50.00000000000000711 ) ) ;
#2216 = CARTESIAN_POINT ( 'NONE',  ( 10.20000000000000817, -33.38501884962745692, 10.00000000000003020 ) ) ;
#2217 = LINE ( 'NONE', #1941, #521 ) ;
#2218 = DIRECTION ( 'NONE',  ( 0.000000000000000000, 0.000000000000000000, 1.000000000000000000 ) ) ;
#2219 = DIRECTION ( 'NONE',  ( 1.000000000000000000, 1.734723475976805862E-16, -0.000000000000000000 ) ) ;
#2220 = EDGE_CURVE ( 'NONE', #2734, #1393, #1971, .T. ) ;
#2221 = ORIENTED_EDGE ( 'NONE', *, *, #3003, .F. ) ;
#2222 = CARTESIAN_POINT ( 'NONE',  ( 7.289248173600423754E-13, -63.38501884962746402, 20.00000000000000355 ) ) ;
#2223 = CARTESIAN_POINT ( 'NONE',  ( 18.70000000000002061, -33.38501884962745692, 17.45000000000002771 ) ) ;
#2224 = CARTESIAN_POINT ( 'NONE',  ( -10.19999999999999751, -23.38501884962747468, 75.00000000000000000 ) ) ;
#2225 = ORIENTED_EDGE ( 'NONE', *, *, #63, .T. ) ;
#2226 = CARTESIAN_POINT ( 'NONE',  ( 1.145765569356706223E-12, -23.38501884962747468, 57.45000000000000284 ) ) ;
#2227 = VERTEX_POINT ( 'NONE', #3453 ) ;
#2228 = DIRECTION ( 'NONE',  ( 0.000000000000000000, 0.000000000000000000, -1.000000000000000000 ) ) ;
#2229 = EDGE_CURVE ( 'NONE', #838, #3446, #1505, .T. ) ;
#2230 = VERTEX_POINT ( 'NONE', #1544 ) ;
#2231 = CARTESIAN_POINT ( 'NONE',  ( -20.19999999999999929, -33.38501884962746402, 60.00000000000000711 ) ) ;
#2232 = AXIS2_PLACEMENT_3D ( 'NONE', #8, #3371, #3108 ) ;
#2233 = ORIENTED_EDGE ( 'NONE', *, *, #3064, .T. ) ;
#2234 = CARTESIAN_POINT ( 'NONE',  ( -2.553166011942664682E-11, 7.514981150371358609, 70.00000000000000000 ) ) ;
#2235 = LINE ( 'NONE', #315, #1293 ) ;
#2236 = EDGE_CURVE ( 'NONE', #2064, #1806, #408, .T. ) ;
#2237 = DIRECTION ( 'NONE',  ( 1.000000000000000000, 1.734723475976805862E-16, -0.000000000000000000 ) ) ;
#2238 = CARTESIAN_POINT ( 'NONE',  ( 1.041321167657203249E-12, -14.88501884962747290, 50.00000000000000000 ) ) ;
#2239 = VECTOR ( 'NONE', #697, 1000.000000000000000 ) ;
#2240 = ORIENTED_EDGE ( 'NONE', *, *, #107, .F. ) ;
#2241 = VECTOR ( 'NONE', #2280, 1000.000000000000000 ) ;
#2242 = DIRECTION ( 'NONE',  ( 0.000000000000000000, 1.000000000000000000, 0.000000000000000000 ) ) ;
#2243 = FACE_OUTER_BOUND ( 'NONE', #834, .T. ) ;
#2244 = DIRECTION ( 'NONE',  ( 1.000000000000000000, 1.156482317317871725E-16, -0.000000000000000000 ) ) ;
#2245 = ORIENTED_EDGE ( 'NONE', *, *, #2088, .F. ) ;
#2246 = EDGE_CURVE ( 'NONE', #195, #126, #1285, .T. ) ;
#2247 = ORIENTED_EDGE ( 'NONE', *, *, #115, .T. ) ;
#2248 = CYLINDRICAL_SURFACE ( 'NONE', #793, 2.549999999999996714 ) ;
#2249 = ORIENTED_EDGE ( 'NONE', *, *, #1299, .T. ) ;
#2250 = ADVANCED_FACE ( 'NONE', ( #3497 ), #1528, .F. ) ;
#2251 = LINE ( 'NONE', #3345, #1977 ) ;
#2252 = CARTESIAN_POINT ( 'NONE',  ( 17.20000000000003482, 28.51498115037252390, 70.00000000000000000 ) ) ;
#2253 = ORIENTED_EDGE ( 'NONE', *, *, #1960, .T. ) ;
#2254 = DIRECTION ( 'NONE',  ( 0.000000000000000000, 1.000000000000000000, 0.000000000000000000 ) ) ;
#2255 = CARTESIAN_POINT ( 'NONE',  ( 7.289248173600423754E-13, -13.38501884962747113, 20.00000000000000355 ) ) ;
#2256 = PLANE ( 'NONE',  #229 ) ;
#2257 = FACE_OUTER_BOUND ( 'NONE', #2028, .T. ) ;
#2258 = ADVANCED_FACE ( 'NONE', ( #171 ), #2367, .F. ) ;
#2259 = EDGE_CURVE ( 'NONE', #283, #3153, #516, .T. ) ;
#2260 = ORIENTED_EDGE ( 'NONE', *, *, #1978, .F. ) ;
#2261 = CARTESIAN_POINT ( 'NONE',  ( -20.20000000000000639, -4.672188561964202282E-15, 70.00000000000000000 ) ) ;
#2262 = DIRECTION ( 'NONE',  ( 0.000000000000000000, 0.000000000000000000, 1.000000000000000000 ) ) ;
#2263 = FACE_OUTER_BOUND ( 'NONE', #98, .T. ) ;
#2264 = ORIENTED_EDGE ( 'NONE', *, *, #431, .F. ) ;
#2265 = CIRCLE ( 'NONE', #128, 10.75000000000000000 ) ;
#2266 = VERTEX_POINT ( 'NONE', #1023 ) ;
#2267 = FILL_AREA_STYLE ('',( #2895 ) ) ;
#2268 = DIRECTION ( 'NONE',  ( 0.000000000000000000, -0.000000000000000000, -1.000000000000000000 ) ) ;
#2269 = CIRCLE ( 'NONE', #3466, 2.049999999999999822 ) ;
#2270 = AXIS2_PLACEMENT_3D ( 'NONE', #1025, #409, #444 ) ;
#2271 = VERTEX_POINT ( 'NONE', #3242 ) ;
#2272 = CONICAL_SURFACE ( 'NONE', #994, 2.550000000000000266, 0.7853981633974496113 ) ;
#2273 = CARTESIAN_POINT ( 'NONE',  ( 20.20000000000000284, -33.38501884962745692, 25.95000000000004192 ) ) ;
#2274 = AXIS2_PLACEMENT_3D ( 'NONE', #2444, #1886, #3547 ) ;
#2275 = DIRECTION ( 'NONE',  ( -0.7071067811865502373, 0.000000000000000000, 0.7071067811865449082 ) ) ;
#2276 = EDGE_LOOP ( 'NONE', ( #163, #732, #1321, #1508, #2684 ) ) ;
#2277 = CARTESIAN_POINT ( 'NONE',  ( 20.19999999999999929, 2.336094280982100352E-15, 0.000000000000000000 ) ) ;
#2278 = LINE ( 'NONE', #862, #2750 ) ;
#2279 = CARTESIAN_POINT ( 'NONE',  ( 10.20000000000000107, -43.38501884962747113, 75.00000000000000000 ) ) ;
#2280 = DIRECTION ( 'NONE',  ( -0.000000000000000000, -0.000000000000000000, -1.000000000000000000 ) ) ;
#2281 = ORIENTED_EDGE ( 'NONE', *, *, #213, .F. ) ;
#2282 = DIRECTION ( 'NONE',  ( 1.000000000000000000, 0.000000000000000000, 0.000000000000000000 ) ) ;
#2283 = CIRCLE ( 'NONE', #1520, 2.549999999999996714 ) ;
#2284 = VERTEX_POINT ( 'NONE', #3173 ) ;
#2285 = DIRECTION ( 'NONE',  ( 0.000000000000000000, 0.000000000000000000, 1.000000000000000000 ) ) ;
#2286 = AXIS2_PLACEMENT_3D ( 'NONE', #451, #1295, #3205 ) ;
#2287 = ORIENTED_EDGE ( 'NONE', *, *, #75, .F. ) ;
#2288 = DIRECTION ( 'NONE',  ( 1.000000000000000000, 0.000000000000000000, -0.000000000000000000 ) ) ;
#2289 = EDGE_CURVE ( 'NONE', #795, #276, #405, .T. ) ;
#2290 = CARTESIAN_POINT ( 'NONE',  ( 17.55000000000000426, 23.01498115037252390, 73.99999999999991473 ) ) ;
#2291 = VECTOR ( 'NONE', #1159, 1000.000000000000000 ) ;
#2292 = ORIENTED_EDGE ( 'NONE', *, *, #549, .T. ) ;
#2293 = ADVANCED_FACE ( 'NONE', ( #1836 ), #1741, .F. ) ;
#2294 = CARTESIAN_POINT ( 'NONE',  ( -20.19999999999999929, -33.38501884962746402, 14.05000000000000782 ) ) ;
#2295 = VECTOR ( 'NONE', #2008, 999.9999999999998863 ) ;
#2296 = LINE ( 'NONE', #3144, #1746 ) ;
#2297 = DIRECTION ( 'NONE',  ( 0.000000000000000000, 1.000000000000000000, 0.000000000000000000 ) ) ;
#2298 = VERTEX_POINT ( 'NONE', #442 ) ;
#2299 = DIRECTION ( 'NONE',  ( 1.000000000000000000, 0.000000000000000000, -0.000000000000000000 ) ) ;
#2300 = ORIENTED_EDGE ( 'NONE', *, *, #1066, .T. ) ;
#2301 = AXIS2_PLACEMENT_3D ( 'NONE', #1713, #297, #2297 ) ;
#2302 = ORIENTED_EDGE ( 'NONE', *, *, #3516, .F. ) ;
#2303 = ORIENTED_EDGE ( 'NONE', *, *, #3360, .T. ) ;
#2304 = DIRECTION ( 'NONE',  ( -1.000000000000000000, -1.156482317317871725E-16, 0.000000000000000000 ) ) ;
#2305 = CIRCLE ( 'NONE', #3505, 2.549999999999996714 ) ;
#2306 = ORIENTED_EDGE ( 'NONE', *, *, #3404, .F. ) ;
#2307 = CARTESIAN_POINT ( 'NONE',  ( 1.145453284422923675E-12, -14.88501884962748001, 60.00000000000000711 ) ) ;
#2308 = PLANE ( 'NONE',  #789 ) ;
#2309 = CIRCLE ( 'NONE', #2769, 4.050000000000008704 ) ;
#2310 = ORIENTED_EDGE ( 'NONE', *, *, #2596, .T. ) ;
#2311 = CARTESIAN_POINT ( 'NONE',  ( 18.55000000000009663, 23.01498115037252390, 75.00000000000000000 ) ) ;
#2312 = ORIENTED_EDGE ( 'NONE', *, *, #541, .T. ) ;
#2313 = EDGE_CURVE ( 'NONE', #2638, #721, #1502, .T. ) ;
#2314 = ORIENTED_EDGE ( 'NONE', *, *, #2140, .F. ) ;
#2315 = CYLINDRICAL_SURFACE ( 'NONE', #2756, 2.549999999999996714 ) ;
#2316 = VECTOR ( 'NONE', #1852, 1000.000000000000000 ) ;
#2317 = VECTOR ( 'NONE', #2080, 1000.000000000000000 ) ;
#2318 = ORIENTED_EDGE ( 'NONE', *, *, #714, .F. ) ;
#2319 = CARTESIAN_POINT ( 'NONE',  ( 20.20000000000000284, -33.38501884962745692, 60.00000000000000711 ) ) ;
#2320 = ADVANCED_FACE ( 'NONE', ( #2141 ), #699, .F. ) ;
#2321 = VECTOR ( 'NONE', #985, 1000.000000000000000 ) ;
#2322 = VERTEX_POINT ( 'NONE', #1802 ) ;
#2323 = AXIS2_PLACEMENT_3D ( 'NONE', #1325, #2451, #2415 ) ;
#2324 =( NAMED_UNIT ( * ) PLANE_ANGLE_UNIT ( ) SI_UNIT ( $, .RADIAN. ) );
#2325 = DIRECTION ( 'NONE',  ( 0.000000000000000000, 0.000000000000000000, -1.000000000000000000 ) ) ;
#2326 = DIRECTION ( 'NONE',  ( 0.000000000000000000, 0.000000000000000000, -1.000000000000000000 ) ) ;
#2327 = EDGE_LOOP ( 'NONE', ( #1665, #2057, #2934, #1503, #602 ) ) ;
#2328 = DIRECTION ( 'NONE',  ( 0.7071067811865481278, 8.659560562354925463E-17, 0.7071067811865469066 ) ) ;
#2329 = CIRCLE ( 'NONE', #2856, 2.549999999999996714 ) ;
#2330 = EDGE_CURVE ( 'NONE', #68, #2184, #1211, .T. ) ;
#2331 = LINE ( 'NONE', #1531, #1800 ) ;
#2332 = CIRCLE ( 'NONE', #3088, 4.049999999999977618 ) ;
#2333 = EDGE_LOOP ( 'NONE', ( #3452, #2668, #3157, #3193, #1143 ) ) ;
#2334 = ORIENTED_EDGE ( 'NONE', *, *, #1101, .T. ) ;
#2335 = CARTESIAN_POINT ( 'NONE',  ( -20.19999999999999929, -33.38501884962746402, 10.00000000000003020 ) ) ;
#2336 = ADVANCED_FACE ( 'NONE', ( #2687 ), #983, .F. ) ;
#2337 = ORIENTED_EDGE ( 'NONE', *, *, #3530, .F. ) ;
#2338 = SURFACE_STYLE_USAGE ( .BOTH. , #401 ) ;
#2339 = CARTESIAN_POINT ( 'NONE',  ( 7.289248173600423754E-13, -14.88501884962747290, 22.55000000000000426 ) ) ;
#2340 = FACE_OUTER_BOUND ( 'NONE', #2923, .T. ) ;
#2341 = ORIENTED_EDGE ( 'NONE', *, *, #1912, .T. ) ;
#2342 = CARTESIAN_POINT ( 'NONE',  ( -20.19999999999999929, -33.38501884962746402, 14.05000000000000782 ) ) ;
#2343 = EDGE_CURVE ( 'NONE', #1910, #3078, #2957, .T. ) ;
#2344 = CARTESIAN_POINT ( 'NONE',  ( 10.20000000000000817, -33.38501884962745692, 30.00000000000002132 ) ) ;
#2345 = ORIENTED_EDGE ( 'NONE', *, *, #1048, .T. ) ;
#2346 = CARTESIAN_POINT ( 'NONE',  ( 6.247927005943220505E-13, -14.88501884962747290, 12.55000000000000249 ) ) ;
#2347 = VECTOR ( 'NONE', #698, 1000.000000000000114 ) ;
#2348 = VECTOR ( 'NONE', #1262, 1000.000000000000000 ) ;
#2349 = EDGE_LOOP ( 'NONE', ( #998, #2495, #537, #1823, #924 ) ) ;
#2350 = CIRCLE ( 'NONE', #2824, 2.549999999999996714 ) ;
#2351 = CARTESIAN_POINT ( 'NONE',  ( -29.80000000000000071, -33.38501884962746402, 50.00000000000000711 ) ) ;
#2352 = EDGE_CURVE ( 'NONE', #1061, #1422, #352, .T. ) ;
#2353 = ORIENTED_EDGE ( 'NONE', *, *, #1605, .F. ) ;
#2354 = DIRECTION ( 'NONE',  ( -1.000000000000000000, -0.000000000000000000, -0.000000000000000000 ) ) ;
#2355 = DIRECTION ( 'NONE',  ( 1.000000000000000000, 0.000000000000000000, 0.000000000000000000 ) ) ;
#2356 = AXIS2_PLACEMENT_3D ( 'NONE', #2560, #369, #1210 ) ;
#2357 = VERTEX_POINT ( 'NONE', #2941 ) ;
#2358 = CARTESIAN_POINT ( 'NONE',  ( 0.000000000000000000, -43.38501884962747113, 70.00000000000000000 ) ) ;
#2359 = DIRECTION ( 'NONE',  ( -0.7071067811865502373, 0.000000000000000000, 0.7071067811865449082 ) ) ;
#2360 = EDGE_CURVE ( 'NONE', #951, #1441, #3518, .T. ) ;
#2361 = DIRECTION ( 'NONE',  ( 0.000000000000000000, 0.000000000000000000, -1.000000000000000000 ) ) ;
#2362 = DIRECTION ( 'NONE',  ( -1.000000000000000000, -0.000000000000000000, -0.000000000000000000 ) ) ;
#2363 = EDGE_CURVE ( 'NONE', #2163, #951, #1558, .T. ) ;
#2364 = VERTEX_POINT ( 'NONE', #475 ) ;
#2365 = EDGE_LOOP ( 'NONE', ( #2884, #2599, #1149, #741 ) ) ;
#2366 = ORIENTED_EDGE ( 'NONE', *, *, #3455, .F. ) ;
#2367 = CONICAL_SURFACE ( 'NONE', #2774, 2.549999999999996714, 0.7853981633974501664 ) ;
#2368 = VERTEX_POINT ( 'NONE', #204 ) ;
#2369 = DIRECTION ( 'NONE',  ( -0.000000000000000000, 0.000000000000000000, 1.000000000000000000 ) ) ;
#2370 = LINE ( 'NONE', #3473, #1136 ) ;
#2371 = VECTOR ( 'NONE', #2988, 1000.000000000000114 ) ;
#2372 = CIRCLE ( 'NONE', #820, 2.550000000000003819 ) ;
#2373 = ORIENTED_EDGE ( 'NONE', *, *, #63, .F. ) ;
#2374 = ORIENTED_EDGE ( 'NONE', *, *, #324, .F. ) ;
#2375 = VECTOR ( 'NONE', #1854, 1000.000000000000000 ) ;
#2376 = CARTESIAN_POINT ( 'NONE',  ( 6.252886825479767392E-13, -13.38501884962747113, 5.949999999999996625 ) ) ;
#2377 = CARTESIAN_POINT ( 'NONE',  ( 18.70000000000002061, -33.38501884962745692, 30.00000000000002132 ) ) ;
#2378 = CARTESIAN_POINT ( 'NONE',  ( 1.041321167657203249E-12, -13.38501884962747113, 54.05000000000000426 ) ) ;
#2379 = AXIS2_PLACEMENT_3D ( 'NONE', #2758, #3029, #1089 ) ;
#2380 = FACE_OUTER_BOUND ( 'NONE', #1813, .T. ) ;
#2381 = ORIENTED_EDGE ( 'NONE', *, *, #3372, .T. ) ;
#2382 = CIRCLE ( 'NONE', #3249, 4.049999999999998046 ) ;
#2383 = EDGE_LOOP ( 'NONE', ( #3102, #419, #893, #1840 ) ) ;
#2384 = ORIENTED_EDGE ( 'NONE', *, *, #546, .F. ) ;
#2385 = LINE ( 'NONE', #2116, #1256 ) ;
#2386 = VERTEX_POINT ( 'NONE', #2409 ) ;
#2387 = LINE ( 'NONE', #2647, #3379 ) ;
#2388 = EDGE_LOOP ( 'NONE', ( #3456, #223, #2521, #3181 ) ) ;
#2389 = EDGE_CURVE ( 'NONE', #177, #961, #2549, .T. ) ;
#2390 = ORIENTED_EDGE ( 'NONE', *, *, #374, .F. ) ;
#2391 = CARTESIAN_POINT ( 'NONE',  ( -29.80000000000000071, -33.38501884962746402, 40.00000000000001421 ) ) ;
#2392 = CIRCLE ( 'NONE', #544, 2.549999999999996714 ) ;
#2393 = DIRECTION ( 'NONE',  ( 1.000000000000000000, 1.156482317317871725E-16, -0.000000000000000000 ) ) ;
#2394 = DIRECTION ( 'NONE',  ( 1.000000000000000000, 0.000000000000000000, 0.000000000000000000 ) ) ;
#2395 = EDGE_CURVE ( 'NONE', #276, #3136, #3133, .T. ) ;
#2396 = DIRECTION ( 'NONE',  ( 1.000000000000000000, 0.000000000000000000, 0.000000000000000000 ) ) ;
#2397 = ORIENTED_EDGE ( 'NONE', *, *, #1004, .F. ) ;
#2398 = CONICAL_SURFACE ( 'NONE', #102, 2.550000000000003819, 0.7853981633974492782 ) ;
#2399 = EDGE_CURVE ( 'NONE', #1737, #2163, #2480, .T. ) ;
#2400 = ORIENTED_EDGE ( 'NONE', *, *, #805, .T. ) ;
#2401 = CARTESIAN_POINT ( 'NONE',  ( 18.70000000000002061, -33.38501884962745692, 30.00000000000002132 ) ) ;
#2402 = ORIENTED_EDGE ( 'NONE', *, *, #1589, .T. ) ;
#2403 = AXIS2_PLACEMENT_3D ( 'NONE', #1798, #950, #3145 ) ;
#2404 = CARTESIAN_POINT ( 'NONE',  ( 7.289248173600423754E-13, -23.38501884962747468, 22.55000000000000426 ) ) ;
#2405 = DIRECTION ( 'NONE',  ( 0.000000000000000000, 0.000000000000000000, 1.000000000000000000 ) ) ;
#2406 = ORIENTED_EDGE ( 'NONE', *, *, #1812, .T. ) ;
#2407 = ORIENTED_EDGE ( 'NONE', *, *, #303, .T. ) ;
#2408 = DIRECTION ( 'NONE',  ( -0.000000000000000000, 1.000000000000000000, -0.000000000000000000 ) ) ;
#2409 = CARTESIAN_POINT ( 'NONE',  ( 9.371890508914830252E-13, -14.88501884962748001, 42.55000000000000426 ) ) ;
#2410 = CARTESIAN_POINT ( 'NONE',  ( -29.80000000000000071, -35.93501884962745407, 60.00000000000000711 ) ) ;
#2411 = DIRECTION ( 'NONE',  ( -1.000000000000000000, 0.000000000000000000, 0.000000000000000000 ) ) ;
#2412 = ORIENTED_EDGE ( 'NONE', *, *, #2771, .T. ) ;
#2413 = CARTESIAN_POINT ( 'NONE',  ( 6.247927005943220505E-13, -13.38501884962747113, 10.00000000000000178 ) ) ;
#2414 = ORIENTED_EDGE ( 'NONE', *, *, #1043, .T. ) ;
#2415 = DIRECTION ( 'NONE',  ( 1.000000000000000000, 0.000000000000000000, 0.000000000000000000 ) ) ;
#2416 = EDGE_CURVE ( 'NONE', #961, #177, #458, .T. ) ;
#2417 = EDGE_LOOP ( 'NONE', ( #3273, #1532, #2513, #2842, #2573 ) ) ;
#2418 = AXIS2_PLACEMENT_3D ( 'NONE', #2377, #1594, #1868 ) ;
#2419 = EDGE_CURVE ( 'NONE', #2845, #1044, #1904, .T. ) ;
#2420 = CARTESIAN_POINT ( 'NONE',  ( 18.70000000000000995, -33.38501884962745692, 60.00000000000000711 ) ) ;
#2421 = DIRECTION ( 'NONE',  ( 0.000000000000000000, -1.000000000000000000, 0.000000000000000000 ) ) ;
#2422 = EDGE_LOOP ( 'NONE', ( #2789, #877, #3300, #64 ) ) ;
#2423 = AXIS2_PLACEMENT_3D ( 'NONE', #3472, #2369, #1245 ) ;
#2424 = CARTESIAN_POINT ( 'NONE',  ( 18.70000000000002061, -33.38501884962745692, 22.55000000000002203 ) ) ;
#2425 = DIRECTION ( 'NONE',  ( 0.000000000000000000, 0.000000000000000000, -1.000000000000000000 ) ) ;
#2426 = FACE_OUTER_BOUND ( 'NONE', #2765, .T. ) ;
#2427 = DIRECTION ( 'NONE',  ( 0.000000000000000000, 1.000000000000000000, 0.000000000000000000 ) ) ;
#2428 = CARTESIAN_POINT ( 'NONE',  ( -10.19999999999999751, -30.83501884962745265, 40.00000000000001421 ) ) ;
#2429 = DIRECTION ( 'NONE',  ( 0.000000000000000000, 0.000000000000000000, -1.000000000000000000 ) ) ;
#2430 = VECTOR ( 'NONE', #3510, 1000.000000000000000 ) ;
#2431 = ORIENTED_EDGE ( 'NONE', *, *, #200, .F. ) ;
#2432 = DIRECTION ( 'NONE',  ( -1.000000000000000000, 0.000000000000000000, 0.000000000000000000 ) ) ;
#2433 = DIRECTION ( 'NONE',  ( -0.000000000000000000, -1.000000000000000000, -0.000000000000000000 ) ) ;
#2434 = VECTOR ( 'NONE', #1803, 1000.000000000000000 ) ;
#2435 = EDGE_CURVE ( 'NONE', #1140, #1708, #359, .T. ) ;
#2436 = ORIENTED_EDGE ( 'NONE', *, *, #1861, .T. ) ;
#2437 = ORIENTED_EDGE ( 'NONE', *, *, #2738, .F. ) ;
#2438 = CARTESIAN_POINT ( 'NONE',  ( 1.145453284422923675E-12, -63.38501884962746402, 60.00000000000000711 ) ) ;
#2439 = ADVANCED_FACE ( 'NONE', ( #343 ), #812, .F. ) ;
#2440 = ORIENTED_EDGE ( 'NONE', *, *, #1651, .F. ) ;
#2441 = CARTESIAN_POINT ( 'NONE',  ( -20.19999999999999574, -43.38501884962747113, 70.00000000000000000 ) ) ;
#2442 = DIRECTION ( 'NONE',  ( 0.000000000000000000, 1.000000000000000000, 0.000000000000000000 ) ) ;
#2443 = FACE_BOUND ( 'NONE', #3539, .T. ) ;
#2444 = CARTESIAN_POINT ( 'NONE',  ( -15.49999999999999645, 23.01498115037252390, 70.00000000000000000 ) ) ;
#2445 = DIRECTION ( 'NONE',  ( -1.000000000000000000, 0.000000000000000000, 0.000000000000000000 ) ) ;
#2446 = DIRECTION ( 'NONE',  ( 1.000000000000000000, 0.000000000000000000, 0.000000000000000000 ) ) ;
#2447 = EDGE_CURVE ( 'NONE', #1714, #884, #615, .T. ) ;
#2448 = CIRCLE ( 'NONE', #1818, 2.049999999999999822 ) ;
#2449 = ORIENTED_EDGE ( 'NONE', *, *, #2542, .T. ) ;
#2450 = DIRECTION ( 'NONE',  ( 1.000000000000000000, 1.156482317317871725E-16, -0.000000000000000000 ) ) ;
#2451 = DIRECTION ( 'NONE',  ( -0.000000000000000000, 0.000000000000000000, 1.000000000000000000 ) ) ;
#2452 = AXIS2_PLACEMENT_3D ( 'NONE', #534, #1696, #1637 ) ;
#2453 = EDGE_LOOP ( 'NONE', ( #3081, #3093, #3285, #1792, #2233, #3355, #439, #1799, #504, #1405 ) ) ;
#2454 = CIRCLE ( 'NONE', #1351, 2.049999999999999822 ) ;
#2455 = ORIENTED_EDGE ( 'NONE', *, *, #1448, .F. ) ;
#2456 = DIRECTION ( 'NONE',  ( 1.000000000000000000, 1.156482317317871725E-16, -0.000000000000000000 ) ) ;
#2457 = DIRECTION ( 'NONE',  ( 1.000000000000000000, 0.000000000000000000, 0.000000000000000000 ) ) ;
#2458 = ADVANCED_FACE ( 'NONE', ( #2243 ), #3377, .F. ) ;
#2459 = CONICAL_SURFACE ( 'NONE', #1718, 2.049999999999999822, 0.7853981633974533860 ) ;
#2460 = ORIENTED_EDGE ( 'NONE', *, *, #2169, .T. ) ;
#2461 = FACE_BOUND ( 'NONE', #909, .T. ) ;
#2462 = CIRCLE ( 'NONE', #336, 2.549999999999989608 ) ;
#2463 = DIRECTION ( 'NONE',  ( -1.000000000000000000, 0.000000000000000000, 0.000000000000000000 ) ) ;
#2464 = CARTESIAN_POINT ( 'NONE',  ( -10.19999999999999751, -33.38501884962746402, 50.00000000000000711 ) ) ;
#2465 = CARTESIAN_POINT ( 'NONE',  ( 0.000000000000000000, 0.000000000000000000, 0.000000000000000000 ) ) ;
#2466 = ORIENTED_EDGE ( 'NONE', *, *, #2735, .T. ) ;
#2467 = DIRECTION ( 'NONE',  ( -0.000000000000000000, -0.000000000000000000, -1.000000000000000000 ) ) ;
#2468 = DIRECTION ( 'NONE',  ( 1.000000000000000000, 0.000000000000000000, 0.000000000000000000 ) ) ;
#2469 = CYLINDRICAL_SURFACE ( 'NONE', #827, 2.549999999999996714 ) ;
#2470 = CIRCLE ( 'NONE', #1367, 3.050000000000094413 ) ;
#2471 = ADVANCED_FACE ( 'NONE', ( #36, #1440, #1992, #2043, #3094, #2012, #597 ), #1189, .T. ) ;
#2472 = EDGE_CURVE ( 'NONE', #1930, #2570, #321, .T. ) ;
#2473 = EDGE_LOOP ( 'NONE', ( #2866, #2366 ) ) ;
#2474 = ORIENTED_EDGE ( 'NONE', *, *, #778, .T. ) ;
#2475 = DIRECTION ( 'NONE',  ( -1.000000000000000000, -0.000000000000000000, -0.000000000000000000 ) ) ;
#2476 = AXIS2_PLACEMENT_3D ( 'NONE', #1030, #1843, #482 ) ;
#2477 = ORIENTED_EDGE ( 'NONE', *, *, #549, .F. ) ;
#2478 = DIRECTION ( 'NONE',  ( 0.000000000000000000, 1.000000000000000000, 0.000000000000000000 ) ) ;
#2479 = EDGE_LOOP ( 'NONE', ( #2167, #3394, #871, #1816 ) ) ;
#2480 = CIRCLE ( 'NONE', #2946, 2.049999999999999822 ) ;
#2481 = FACE_BOUND ( 'NONE', #2036, .T. ) ;
#2482 = DIRECTION ( 'NONE',  ( 0.000000000000000000, 0.000000000000000000, 1.000000000000000000 ) ) ;
#2483 = CARTESIAN_POINT ( 'NONE',  ( -29.80000000000000071, -33.38501884962746402, 20.00000000000002487 ) ) ;
#2484 = CYLINDRICAL_SURFACE ( 'NONE', #1106, 2.549999999999996714 ) ;
#2485 = CARTESIAN_POINT ( 'NONE',  ( 8.333692190595453494E-13, -14.88501884962747290, 27.45000000000000284 ) ) ;
#2486 = AXIS2_PLACEMENT_3D ( 'NONE', #1524, #2354, #965 ) ;
#2487 = VERTEX_POINT ( 'NONE', #1172 ) ;
#2488 = PLANE ( 'NONE',  #2452 ) ;
#2489 = DIRECTION ( 'NONE',  ( 0.000000000000000000, 1.000000000000000000, 0.000000000000000000 ) ) ;
#2490 = CARTESIAN_POINT ( 'NONE',  ( 17.20000000000003482, 28.51498115037252390, 70.00000000000000000 ) ) ;
#2491 = EDGE_CURVE ( 'NONE', #177, #2875, #1203, .T. ) ;
#2492 = VECTOR ( 'NONE', #535, 1000.000000000000000 ) ;
#2493 = EDGE_LOOP ( 'NONE', ( #811, #2915 ) ) ;
#2494 = AXIS2_PLACEMENT_3D ( 'NONE', #3352, #2872, #650 ) ;
#2495 = ORIENTED_EDGE ( 'NONE', *, *, #3374, .F. ) ;
#2496 = DIRECTION ( 'NONE',  ( 0.000000000000000000, 0.000000000000000000, -1.000000000000000000 ) ) ;
#2497 = AXIS2_PLACEMENT_3D ( 'NONE', #740, #174, #1269 ) ;
#2498 = VECTOR ( 'NONE', #878, 1000.000000000000000 ) ;
#2499 = VERTEX_POINT ( 'NONE', #1736 ) ;
#2500 = DIRECTION ( 'NONE',  ( 1.000000000000000000, 1.156482317317871725E-16, -0.000000000000000000 ) ) ;
#2501 = VERTEX_POINT ( 'NONE', #2311 ) ;
#2502 = AXIS2_PLACEMENT_3D ( 'NONE', #1934, #3006, #1666 ) ;
#2503 = DIRECTION ( 'NONE',  ( 1.700709290173340409E-16, 1.000000000000000000, -0.000000000000000000 ) ) ;
#2504 = DIRECTION ( 'NONE',  ( 1.000000000000000000, 0.000000000000000000, 0.000000000000000000 ) ) ;
#2505 = CARTESIAN_POINT ( 'NONE',  ( -20.20000000000001350, 25.51498115037249903, 70.00000000000000000 ) ) ;
#2506 = LINE ( 'NONE', #110, #913 ) ;
#2507 = EDGE_CURVE ( 'NONE', #1737, #1441, #2510, .T. ) ;
#2508 = ORIENTED_EDGE ( 'NONE', *, *, #858, .F. ) ;
#2509 = CARTESIAN_POINT ( 'NONE',  ( 7.289248173600423754E-13, -14.88501884962747290, 20.00000000000000355 ) ) ;
#2510 = LINE ( 'NONE', #3147, #2605 ) ;
#2511 = DIRECTION ( 'NONE',  ( 1.000000000000000000, 0.000000000000000000, 0.000000000000000000 ) ) ;
#2512 = ORIENTED_EDGE ( 'NONE', *, *, #487, .T. ) ;
#2513 = ORIENTED_EDGE ( 'NONE', *, *, #2862, .F. ) ;
#2514 = CARTESIAN_POINT ( 'NONE',  ( 8.330569341257628013E-13, -14.88501884962747290, 30.00000000000000355 ) ) ;
#2515 = ADVANCED_FACE ( 'NONE', ( #921 ), #2658, .F. ) ;
#2516 = ORIENTED_EDGE ( 'NONE', *, *, #1417, .F. ) ;
#2517 = EDGE_CURVE ( 'NONE', #2734, #833, #2585, .T. ) ;
#2518 = DIRECTION ( 'NONE',  ( 0.000000000000000000, 0.000000000000000000, 1.000000000000000000 ) ) ;
#2519 = DIRECTION ( 'NONE',  ( 0.000000000000000000, 0.7071067811865462405, 0.7071067811865489050 ) ) ;
#2520 = ADVANCED_FACE ( 'NONE', ( #1697 ), #286, .F. ) ;
#2521 = ORIENTED_EDGE ( 'NONE', *, *, #3372, .F. ) ;
#2522 = DIRECTION ( 'NONE',  ( 1.000000000000000000, 1.734723475976805862E-16, -0.000000000000000000 ) ) ;
#2523 = LINE ( 'NONE', #294, #2295 ) ;
#2524 = FACE_OUTER_BOUND ( 'NONE', #2479, .T. ) ;
#2525 = CARTESIAN_POINT ( 'NONE',  ( 18.70000000000002061, -30.83501884962745621, 10.00000000000003020 ) ) ;
#2526 = AXIS2_PLACEMENT_3D ( 'NONE', #2713, #2457, #2212 ) ;
#2527 = ORIENTED_EDGE ( 'NONE', *, *, #3125, .T. ) ;
#2528 = VECTOR ( 'NONE', #3052, 1000.000000000000000 ) ;
#2529 = DIRECTION ( 'NONE',  ( 2.312964634635742957E-16, -1.000000000000000000, 0.000000000000000000 ) ) ;
#2530 = CARTESIAN_POINT ( 'NONE',  ( -15.49999999999999645, 23.01498115037252390, 73.99999999999991473 ) ) ;
#2531 = CYLINDRICAL_SURFACE ( 'NONE', #2793, 2.549999999999989608 ) ;
#2532 = VERTEX_POINT ( 'NONE', #3410 ) ;
#2533 = EDGE_LOOP ( 'NONE', ( #3247, #2781, #28, #2512 ) ) ;
#2534 = LINE ( 'NONE', #23, #3445 ) ;
#2535 = DIRECTION ( 'NONE',  ( 0.000000000000000000, 1.000000000000000000, 0.000000000000000000 ) ) ;
#2536 = VECTOR ( 'NONE', #1761, 1000.000000000000000 ) ;
#2537 = ORIENTED_EDGE ( 'NONE', *, *, #1165, .T. ) ;
#2538 = CARTESIAN_POINT ( 'NONE',  ( -3.977111880844011856E-15, -23.38501884962747468, 0.000000000000000000 ) ) ;
#2539 = FACE_OUTER_BOUND ( 'NONE', #2042, .T. ) ;
#2540 = CARTESIAN_POINT ( 'NONE',  ( 18.70000000000002061, -30.83501884962745621, 30.00000000000002132 ) ) ;
#2541 = ORIENTED_EDGE ( 'NONE', *, *, #1463, .F. ) ;
#2542 = EDGE_CURVE ( 'NONE', #2501, #1783, #3131, .T. ) ;
#2543 = CARTESIAN_POINT ( 'NONE',  ( 7.289248173600423754E-13, -13.38501884962747113, 20.00000000000000355 ) ) ;
#2544 = CARTESIAN_POINT ( 'NONE',  ( -17.54999999999999716, -7.985018849627476101, 73.99999999999991473 ) ) ;
#2545 = FACE_BOUND ( 'NONE', #1476, .T. ) ;
#2546 = DIRECTION ( 'NONE',  ( 0.000000000000000000, 1.000000000000000000, 0.000000000000000000 ) ) ;
#2547 = ORIENTED_EDGE ( 'NONE', *, *, #2352, .T. ) ;
#2548 = DIRECTION ( 'NONE',  ( 1.700709290173340409E-16, 1.000000000000000000, -0.000000000000000000 ) ) ;
#2549 = CIRCLE ( 'NONE', #648, 2.549999999999999822 ) ;
#2550 = ORIENTED_EDGE ( 'NONE', *, *, #938, .F. ) ;
#2551 = ORIENTED_EDGE ( 'NONE', *, *, #1762, .F. ) ;
#2552 = ADVANCED_FACE ( 'NONE', ( #3478 ), #1851, .F. ) ;
#2553 = DIRECTION ( 'NONE',  ( 0.000000000000000000, 0.000000000000000000, 1.000000000000000000 ) ) ;
#2554 = CARTESIAN_POINT ( 'NONE',  ( 10.20000000000000817, -33.38501884962745692, 60.00000000000000711 ) ) ;
#2555 = AXIS2_PLACEMENT_3D ( 'NONE', #2164, #1382, #1638 ) ;
#2556 = EDGE_CURVE ( 'NONE', #68, #1178, #1021, .T. ) ;
#2557 = AXIS2_PLACEMENT_3D ( 'NONE', #3533, #2759, #3278 ) ;
#2558 = VERTEX_POINT ( 'NONE', #2342 ) ;
#2559 = AXIS2_PLACEMENT_3D ( 'NONE', #3492, #470, #215 ) ;
#2560 = CARTESIAN_POINT ( 'NONE',  ( 18.70000000000002061, -33.38501884962745692, 50.00000000000000711 ) ) ;
#2561 = AXIS2_PLACEMENT_3D ( 'NONE', #3370, #1983, #3089 ) ;
#2562 = CARTESIAN_POINT ( 'NONE',  ( 18.70000000000002061, -33.38501884962745692, 17.45000000000002771 ) ) ;
#2563 = ORIENTED_EDGE ( 'NONE', *, *, #3038, .F. ) ;
#2564 = CIRCLE ( 'NONE', #997, 4.050000000000005151 ) ;
#2565 = DIRECTION ( 'NONE',  ( -0.000000000000000000, 1.000000000000000000, -0.000000000000000000 ) ) ;
#2566 = ADVANCED_FACE ( 'NONE', ( #1835 ), #2031, .F. ) ;
#2567 = DIRECTION ( 'NONE',  ( 1.000000000000000000, 0.000000000000000000, 0.000000000000000000 ) ) ;
#2568 = DIRECTION ( 'NONE',  ( -1.000000000000000000, -1.156482317317871725E-16, 0.000000000000000000 ) ) ;
#2569 = DIRECTION ( 'NONE',  ( -1.000000000000000000, 0.000000000000000000, 0.000000000000000000 ) ) ;
#2570 = VERTEX_POINT ( 'NONE', #142 ) ;
#2571 = CARTESIAN_POINT ( 'NONE',  ( 18.70000000000002061, -33.38501884962745692, 20.00000000000002487 ) ) ;
#2572 = ORIENTED_EDGE ( 'NONE', *, *, #797, .T. ) ;
#2573 = ORIENTED_EDGE ( 'NONE', *, *, #3448, .F. ) ;
#2574 = VECTOR ( 'NONE', #2795, 1000.000000000000000 ) ;
#2575 = ORIENTED_EDGE ( 'NONE', *, *, #1212, .F. ) ;
#2576 = DIRECTION ( 'NONE',  ( -1.000000000000000000, 0.000000000000000000, 0.000000000000000000 ) ) ;
#2577 = CARTESIAN_POINT ( 'NONE',  ( -20.19999999999999929, -33.38501884962746402, 25.95000000000004192 ) ) ;
#2578 = AXIS2_PLACEMENT_3D ( 'NONE', #2255, #272, #30 ) ;
#2579 = ORIENTED_EDGE ( 'NONE', *, *, #75, .T. ) ;
#2580 = CIRCLE ( 'NONE', #1648, 2.549999999999996714 ) ;
#2581 = AXIS2_PLACEMENT_3D ( 'NONE', #105, #3346, #2004 ) ;
#2582 = DIRECTION ( 'NONE',  ( 0.000000000000000000, 1.000000000000000000, 0.000000000000000000 ) ) ;
#2583 = FACE_OUTER_BOUND ( 'NONE', #1288, .T. ) ;
#2584 = ORIENTED_EDGE ( 'NONE', *, *, #3350, .F. ) ;
#2585 = LINE ( 'NONE', #671, #928 ) ;
#2586 = AXIS2_PLACEMENT_3D ( 'NONE', #612, #2778, #1989 ) ;
#2587 = EDGE_CURVE ( 'NONE', #3476, #889, #3158, .T. ) ;
#2588 = ORIENTED_EDGE ( 'NONE', *, *, #1874, .F. ) ;
#2589 =( NAMED_UNIT ( * ) PLANE_ANGLE_UNIT ( ) SI_UNIT ( $, .RADIAN. ) );
#2590 = EDGE_CURVE ( 'NONE', #276, #313, #1615, .T. ) ;
#2591 = CONICAL_SURFACE ( 'NONE', #1540, 4.049999999999977618, 0.7853981633974445042 ) ;
#2592 = ORIENTED_EDGE ( 'NONE', *, *, #1338, .F. ) ;
#2593 = CARTESIAN_POINT ( 'NONE',  ( -10.19999999999999751, -33.38501884962746402, 30.00000000000002132 ) ) ;
#2594 = AXIS2_PLACEMENT_3D ( 'NONE', #1156, #2268, #3363 ) ;
#2595 = EDGE_LOOP ( 'NONE', ( #1760, #1990, #2306, #1865, #980 ) ) ;
#2596 = EDGE_CURVE ( 'NONE', #2364, #3036, #454, .T. ) ;
#2597 = DIRECTION ( 'NONE',  ( -0.000000000000000000, 1.000000000000000000, -0.000000000000000000 ) ) ;
#2598 = CARTESIAN_POINT ( 'NONE',  ( -18.70000000000000995, -33.38501884962746402, 50.00000000000000711 ) ) ;
#2599 = ORIENTED_EDGE ( 'NONE', *, *, #418, .F. ) ;
#2600 = CARTESIAN_POINT ( 'NONE',  ( -18.69999999999998863, -33.38501884962746402, 40.00000000000001421 ) ) ;
#2601 = DIRECTION ( 'NONE',  ( 1.000000000000000000, 0.000000000000000000, 0.000000000000000000 ) ) ;
#2602 = ORIENTED_EDGE ( 'NONE', *, *, #3236, .F. ) ;
#2603 = ORIENTED_EDGE ( 'NONE', *, *, #1460, .F. ) ;
#2604 = SHAPE_DEFINITION_REPRESENTATION ( #2644, #2868 ) ;
#2605 = VECTOR ( 'NONE', #3396, 1000.000000000000000 ) ;
#2606 = EDGE_CURVE ( 'NONE', #38, #777, #181, .T. ) ;
#2607 = CONICAL_SURFACE ( 'NONE', #3134, 2.550000000000003819, 0.7853981633974513876 ) ;
#2608 = ORIENTED_EDGE ( 'NONE', *, *, #2606, .T. ) ;
#2609 = DIRECTION ( 'NONE',  ( -0.000000000000000000, -0.000000000000000000, -1.000000000000000000 ) ) ;
#2610 = AXIS2_PLACEMENT_3D ( 'NONE', #3428, #2124, #952 ) ;
#2611 = ADVANCED_FACE ( 'NONE', ( #702 ), #2940, .F. ) ;
#2612 = ORIENTED_EDGE ( 'NONE', *, *, #1446, .T. ) ;
#2613 = CIRCLE ( 'NONE', #1622, 2.549999999999998490 ) ;
#2614 = DIRECTION ( 'NONE',  ( 1.000000000000000000, 0.000000000000000000, -0.000000000000000000 ) ) ;
#2615 = CARTESIAN_POINT ( 'NONE',  ( -10.19999999999999751, -23.38501884962747468, 0.000000000000000000 ) ) ;
#2616 = CARTESIAN_POINT ( 'NONE',  ( 2.448792436563731022E-15, 28.51498115037252390, 75.00000000000000000 ) ) ;
#2617 = ORIENTED_EDGE ( 'NONE', *, *, #2056, .F. ) ;
#2618 = DIRECTION ( 'NONE',  ( -0.000000000000000000, 1.000000000000000000, -0.000000000000000000 ) ) ;
#2619 = ADVANCED_FACE ( 'NONE', ( #3210 ), #1557, .F. ) ;
#2620 = DIRECTION ( 'NONE',  ( 0.000000000000000000, 0.000000000000000000, -1.000000000000000000 ) ) ;
#2621 = AXIS2_PLACEMENT_3D ( 'NONE', #3044, #3542, #2191 ) ;
#2622 = ORIENTED_EDGE ( 'NONE', *, *, #3230, .T. ) ;
#2623 = EDGE_CURVE ( 'NONE', #1364, #856, #1283, .T. ) ;
#2624 = VERTEX_POINT ( 'NONE', #2910 ) ;
#2625 = LINE ( 'NONE', #3183, #2083 ) ;
#2626 = ORIENTED_EDGE ( 'NONE', *, *, #3438, .F. ) ;
#2627 = ADVANCED_FACE ( 'NONE', ( #2670 ), #1162, .F. ) ;
#2628 = LINE ( 'NONE', #1506, #1386 ) ;
#2629 = FACE_OUTER_BOUND ( 'NONE', #619, .T. ) ;
#2630 = ADVANCED_FACE ( 'NONE', ( #1250 ), #170, .T. ) ;
#2631 = AXIS2_PLACEMENT_3D ( 'NONE', #2509, #1150, #3054 ) ;
#2632 = CIRCLE ( 'NONE', #3100, 2.549999999999989608 ) ;
#2633 = VERTEX_POINT ( 'NONE', #1527 ) ;
#2634 = DIRECTION ( 'NONE',  ( -1.000000000000000000, -0.000000000000000000, -0.000000000000000000 ) ) ;
#2635 = DIRECTION ( 'NONE',  ( 0.000000000000000000, 0.000000000000000000, 1.000000000000000000 ) ) ;
#2636 = DIRECTION ( 'NONE',  ( 0.000000000000000000, 0.000000000000000000, -1.000000000000000000 ) ) ;
#2637 = DIRECTION ( 'NONE',  ( -0.000000000000000000, 1.000000000000000000, -0.000000000000000000 ) ) ;
#2638 = VERTEX_POINT ( 'NONE', #3496 ) ;
#2639 = ORIENTED_EDGE ( 'NONE', *, *, #33, .T. ) ;
#2640 = AXIS2_PLACEMENT_3D ( 'NONE', #2598, #3170, #124 ) ;
#2641 = ORIENTED_EDGE ( 'NONE', *, *, #2590, .F. ) ;
#2642 = AXIS2_PLACEMENT_3D ( 'NONE', #285, #1953, #2228 ) ;
#2643 = DIRECTION ( 'NONE',  ( 0.000000000000000000, 0.000000000000000000, 1.000000000000000000 ) ) ;
#2644 = PRODUCT_DEFINITION_SHAPE ( 'NONE', 'NONE',  #2151 ) ;
#2645 = ORIENTED_EDGE ( 'NONE', *, *, #176, .F. ) ;
#2646 = DIRECTION ( 'NONE',  ( 1.000000000000000000, 0.000000000000000000, -0.000000000000000000 ) ) ;
#2647 = CARTESIAN_POINT ( 'NONE',  ( 20.19999999999999929, 2.336094280982100352E-15, 75.00000000000000000 ) ) ;
#2648 = AXIS2_PLACEMENT_3D ( 'NONE', #914, #2017, #3402 ) ;
#2649 = ORIENTED_EDGE ( 'NONE', *, *, #2330, .T. ) ;
#2650 = DIRECTION ( 'NONE',  ( 0.000000000000000000, 0.000000000000000000, 1.000000000000000000 ) ) ;
#2651 = DIRECTION ( 'NONE',  ( 1.000000000000000000, 2.312964634635743450E-16, -0.000000000000000000 ) ) ;
#2652 = LINE ( 'NONE', #490, #3422 ) ;
#2653 = CIRCLE ( 'NONE', #3227, 4.050000000000018474 ) ;
#2654 = DIRECTION ( 'NONE',  ( -1.000000000000000000, -0.000000000000000000, -0.000000000000000000 ) ) ;
#2655 = VERTEX_POINT ( 'NONE', #2376 ) ;
#2656 = ORIENTED_EDGE ( 'NONE', *, *, #1309, .T. ) ;
#2657 = EDGE_CURVE ( 'NONE', #3176, #1905, #3457, .T. ) ;
#2658 = CONICAL_SURFACE ( 'NONE', #756, 4.049999999999998046, 0.7853981633974418397 ) ;
#2659 = EDGE_LOOP ( 'NONE', ( #1249, #1033, #287, #2932, #2221 ) ) ;
#2660 = ADVANCED_FACE ( 'NONE', ( #736 ), #1220, .T. ) ;
#2661 = VECTOR ( 'NONE', #906, 1000.000000000000000 ) ;
#2662 = DIRECTION ( 'NONE',  ( 1.000000000000000000, 1.156482317317871725E-16, -0.000000000000000000 ) ) ;
#2663 = ORIENTED_EDGE ( 'NONE', *, *, #1101, .F. ) ;
#2664 = EDGE_CURVE ( 'NONE', #3465, #2131, #2058, .T. ) ;
#2665 = CARTESIAN_POINT ( 'NONE',  ( 1.145765569356706223E-12, -14.88501884962748001, 57.45000000000000284 ) ) ;
#2666 = AXIS2_PLACEMENT_3D ( 'NONE', #1639, #1891, #3552 ) ;
#2667 = ORIENTED_EDGE ( 'NONE', *, *, #2874, .F. ) ;
#2668 = ORIENTED_EDGE ( 'NONE', *, *, #1960, .F. ) ;
#2669 = EDGE_CURVE ( 'NONE', #3214, #1039, #1882, .T. ) ;
#2670 = FACE_OUTER_BOUND ( 'NONE', #1695, .T. ) ;
#2671 = DIRECTION ( 'NONE',  ( 0.000000000000000000, -0.000000000000000000, -1.000000000000000000 ) ) ;
#2672 = CARTESIAN_POINT ( 'NONE',  ( 20.20000000000000284, -17.38501884962747823, 0.000000000000000000 ) ) ;
#2673 = CIRCLE ( 'NONE', #1275, 2.049999999999999822 ) ;
#2674 = CARTESIAN_POINT ( 'NONE',  ( 9.371890508914830252E-13, -63.38501884962746402, 40.00000000000000000 ) ) ;
#2675 = VERTEX_POINT ( 'NONE', #235 ) ;
#2676 = CONICAL_SURFACE ( 'NONE', #1517, 2.049999999999999822, 0.7853981633974533860 ) ;
#2677 = AXIS2_PLACEMENT_3D ( 'NONE', #1395, #2503, #1631 ) ;
#2678 = EDGE_LOOP ( 'NONE', ( #2292, #700 ) ) ;
#2679 = CARTESIAN_POINT ( 'NONE',  ( 7.289248173600423754E-13, -14.88501884962747290, 20.00000000000000355 ) ) ;
#2680 = EDGE_LOOP ( 'NONE', ( #2916, #1153, #145, #2603 ) ) ;
#2681 = CARTESIAN_POINT ( 'NONE',  ( -18.55000000000008953, -7.985018849627476101, 75.00000000000000000 ) ) ;
#2682 = DIRECTION ( 'NONE',  ( -0.000000000000000000, -1.000000000000000000, -0.000000000000000000 ) ) ;
#2683 = EDGE_LOOP ( 'NONE', ( #1343, #912, #3323, #2886, #1849, #2728, #2247, #922, #1536, #2381 ) ) ;
#2684 = ORIENTED_EDGE ( 'NONE', *, *, #1077, .F. ) ;
#2685 = DIRECTION ( 'NONE',  ( 0.000000000000000000, 1.000000000000000000, 0.000000000000000000 ) ) ;
#2686 = EDGE_CURVE ( 'NONE', #2227, #1005, #1045, .T. ) ;
#2687 = FACE_OUTER_BOUND ( 'NONE', #1894, .T. ) ;
#2688 = PLANE ( 'NONE',  #883 ) ;
#2689 = DIRECTION ( 'NONE',  ( -1.000000000000000000, -0.000000000000000000, -0.000000000000000000 ) ) ;
#2690 = ORIENTED_EDGE ( 'NONE', *, *, #2657, .T. ) ;
#2691 = ORIENTED_EDGE ( 'NONE', *, *, #2024, .T. ) ;
#2692 = ADVANCED_FACE ( 'NONE', ( #203 ), #3544, .F. ) ;
#2693 = VERTEX_POINT ( 'NONE', #506 ) ;
#2694 = AXIS2_PLACEMENT_3D ( 'NONE', #168, #3222, #2907 ) ;
#2695 = AXIS2_PLACEMENT_3D ( 'NONE', #3399, #1758, #118 ) ;
#2696 = DIRECTION ( 'NONE',  ( 0.000000000000000000, 1.000000000000000000, 0.000000000000000000 ) ) ;
#2697 = DIRECTION ( 'NONE',  ( 0.000000000000000000, 1.000000000000000000, 0.000000000000000000 ) ) ;
#2698 = EDGE_LOOP ( 'NONE', ( #2602, #2060, #406, #2129 ) ) ;
#2699 = EDGE_CURVE ( 'NONE', #622, #1705, #3258, .T. ) ;
#2700 = CARTESIAN_POINT ( 'NONE',  ( -29.80000000000000071, -35.93501884962746118, 20.00000000000002487 ) ) ;
#2701 = CARTESIAN_POINT ( 'NONE',  ( 8.330569341257628013E-13, -63.38501884962746402, 30.00000000000000355 ) ) ;
#2702 = DIRECTION ( 'NONE',  ( 0.000000000000000000, 0.000000000000000000, -1.000000000000000000 ) ) ;
#2703 = DIRECTION ( 'NONE',  ( 0.7071067811865479058, 8.659560562354926695E-17, 0.7071067811865470176 ) ) ;
#2704 = LINE ( 'NONE', #3012, #361 ) ;
#2705 = CARTESIAN_POINT ( 'NONE',  ( -0.000000000000000000, -43.38501884962747113, 0.000000000000000000 ) ) ;
#2706 = VERTEX_POINT ( 'NONE', #2424 ) ;
#2707 = DIRECTION ( 'NONE',  ( 0.000000000000000000, 0.000000000000000000, 1.000000000000000000 ) ) ;
#2708 = DIRECTION ( 'NONE',  ( 0.000000000000000000, 1.000000000000000000, 0.000000000000000000 ) ) ;
#2709 = ORIENTED_EDGE ( 'NONE', *, *, #14, .T. ) ;
#2710 = EDGE_CURVE ( 'NONE', #368, #3508, #781, .T. ) ;
#2711 = ORIENTED_EDGE ( 'NONE', *, *, #1208, .F. ) ;
#2712 = VECTOR ( 'NONE', #936, 1000.000000000000000 ) ;
#2713 = CARTESIAN_POINT ( 'NONE',  ( 18.70000000000000995, -33.38501884962745692, 60.00000000000000711 ) ) ;
#2714 = ADVANCED_FACE ( 'NONE', ( #1034 ), #2970, .F. ) ;
#2715 = EDGE_LOOP ( 'NONE', ( #1889, #3519 ) ) ;
#2716 = CARTESIAN_POINT ( 'NONE',  ( -29.80000000000000071, -33.38501884962746402, 10.00000000000003020 ) ) ;
#2717 = CARTESIAN_POINT ( 'NONE',  ( -10.19999999999999751, -43.38501884962747113, 70.00000000000000000 ) ) ;
#2718 = AXIS2_PLACEMENT_3D ( 'NONE', #224, #1322, #2432 ) ;
#2719 = CARTESIAN_POINT ( 'NONE',  ( -15.49999999999999645, 23.01498115037252390, 75.00000000000000000 ) ) ;
#2720 = FACE_OUTER_BOUND ( 'NONE', #1872, .T. ) ;
#2721 = FACE_OUTER_BOUND ( 'NONE', #2383, .T. ) ;
#2722 = CARTESIAN_POINT ( 'NONE',  ( -10.19999999999999751, -23.38501884962747468, 70.00000000000000000 ) ) ;
#2723 = CONICAL_SURFACE ( 'NONE', #2955, 2.049999999999999822, 0.7853981633974533860 ) ;
#2724 = ORIENTED_EDGE ( 'NONE', *, *, #1640, .T. ) ;
#2725 = CARTESIAN_POINT ( 'NONE',  ( -10.75000000002553158, 7.514981150371358609, 80.00000000000000000 ) ) ;
#2726 = DIRECTION ( 'NONE',  ( -1.000000000000000000, -1.156482317317871725E-16, 0.000000000000000000 ) ) ;
#2727 = CIRCLE ( 'NONE', #2379, 2.550000000000003819 ) ;
#2728 = ORIENTED_EDGE ( 'NONE', *, *, #135, .F. ) ;
#2729 = ORIENTED_EDGE ( 'NONE', *, *, #3411, .T. ) ;
#2730 = CARTESIAN_POINT ( 'NONE',  ( -18.70000000000000639, -33.38501884962746402, 17.45000000000002771 ) ) ;
#2731 = EDGE_CURVE ( 'NONE', #934, #2271, #1336, .T. ) ;
#2732 = EDGE_CURVE ( 'NONE', #931, #2501, #1866, .T. ) ;
#2733 = CARTESIAN_POINT ( 'NONE',  ( 18.70000000000002771, -33.38501884962745692, 40.00000000000001421 ) ) ;
#2734 = VERTEX_POINT ( 'NONE', #217 ) ;
#2735 = EDGE_CURVE ( 'NONE', #2909, #584, #1797, .T. ) ;
#2736 = EDGE_CURVE ( 'NONE', #2386, #1905, #3293, .T. ) ;
#2737 = FACE_BOUND ( 'NONE', #3112, .T. ) ;
#2738 = EDGE_CURVE ( 'NONE', #3427, #1467, #3523, .T. ) ;
#2739 = DIRECTION ( 'NONE',  ( 0.000000000000000000, -0.000000000000000000, -1.000000000000000000 ) ) ;
#2740 = DIRECTION ( 'NONE',  ( 1.000000000000000000, 1.156482317317871725E-16, -0.000000000000000000 ) ) ;
#2741 = DIRECTION ( 'NONE',  ( 0.000000000000000000, 0.000000000000000000, 1.000000000000000000 ) ) ;
#2742 = VERTEX_POINT ( 'NONE', #790 ) ;
#2743 = PLANE ( 'NONE',  #502 ) ;
#2744 = DIRECTION ( 'NONE',  ( -0.7071067811865487940, -0.7071067811865462405, -0.000000000000000000 ) ) ;
#2745 = DIRECTION ( 'NONE',  ( 1.000000000000000000, 0.000000000000000000, 0.000000000000000000 ) ) ;
#2746 = AXIS2_PLACEMENT_3D ( 'NONE', #1381, #277, #1401 ) ;
#2747 = EDGE_LOOP ( 'NONE', ( #2617, #1368, #1223, #2608 ) ) ;
#2748 = ORIENTED_EDGE ( 'NONE', *, *, #175, .F. ) ;
#2749 = CARTESIAN_POINT ( 'NONE',  ( 1.041321167657203249E-12, -63.38501884962746402, 50.00000000000000000 ) ) ;
#2750 = VECTOR ( 'NONE', #629, 1000.000000000000114 ) ;
#2751 = EDGE_LOOP ( 'NONE', ( #2390, #1226 ) ) ;
#2752 = DIRECTION ( 'NONE',  ( 1.000000000000000000, 1.156482317317871725E-16, -0.000000000000000000 ) ) ;
#2753 = AXIS2_PLACEMENT_3D ( 'NONE', #3130, #53, #1200 ) ;
#2754 = VERTEX_POINT ( 'NONE', #2223 ) ;
#2755 = DIRECTION ( 'NONE',  ( 0.000000000000000000, 0.000000000000000000, 1.000000000000000000 ) ) ;
#2756 = AXIS2_PLACEMENT_3D ( 'NONE', #2828, #941, #1481 ) ;
#2757 = DIRECTION ( 'NONE',  ( -0.000000000000000000, -0.000000000000000000, -1.000000000000000000 ) ) ;
#2758 = CARTESIAN_POINT ( 'NONE',  ( 18.70000000000002771, -33.38501884962745692, 40.00000000000001421 ) ) ;
#2759 = DIRECTION ( 'NONE',  ( 0.000000000000000000, 0.000000000000000000, 1.000000000000000000 ) ) ;
#2760 = ORIENTED_EDGE ( 'NONE', *, *, #1289, .T. ) ;
#2761 = CARTESIAN_POINT ( 'NONE',  ( 20.20000000000000284, -33.38501884962745692, 5.950000000000052580 ) ) ;
#2762 = CARTESIAN_POINT ( 'NONE',  ( 1.145765569356706223E-12, -14.88501884962748001, 57.45000000000000284 ) ) ;
#2763 = FACE_OUTER_BOUND ( 'NONE', #3290, .T. ) ;
#2764 = VECTOR ( 'NONE', #511, 1000.000000000000000 ) ;
#2765 = EDGE_LOOP ( 'NONE', ( #3204, #493, #2213, #1229, #1483 ) ) ;
#2766 = ADVANCED_FACE ( 'NONE', ( #260 ), #3265, .F. ) ;
#2767 = VERTEX_POINT ( 'NONE', #3320 ) ;
#2768 = DIRECTION ( 'NONE',  ( 0.000000000000000000, 0.000000000000000000, -1.000000000000000000 ) ) ;
#2769 = AXIS2_PLACEMENT_3D ( 'NONE', #1862, #3504, #196 ) ;
#2770 = EDGE_LOOP ( 'NONE', ( #1643, #2341 ) ) ;
#2771 = EDGE_CURVE ( 'NONE', #2823, #715, #848, .T. ) ;
#2772 = DIRECTION ( 'NONE',  ( 1.000000000000000000, 2.312964634635743450E-16, -0.000000000000000000 ) ) ;
#2773 = ORIENTED_EDGE ( 'NONE', *, *, #3374, .T. ) ;
#2774 = AXIS2_PLACEMENT_3D ( 'NONE', #2925, #768, #2089 ) ;
#2775 = CARTESIAN_POINT ( 'NONE',  ( 15.50000000000000355, 23.01498115037252390, 73.99999999999991473 ) ) ;
#2776 = DIRECTION ( 'NONE',  ( 1.000000000000000000, 0.000000000000000000, 0.000000000000000000 ) ) ;
#2777 = DIRECTION ( 'NONE',  ( 0.000000000000000000, 0.000000000000000000, -1.000000000000000000 ) ) ;
#2778 = DIRECTION ( 'NONE',  ( 1.000000000000000000, 0.000000000000000000, 0.000000000000000000 ) ) ;
#2779 = CIRCLE ( 'NONE', #1555, 4.049999999999977618 ) ;
#2780 = EDGE_CURVE ( 'NONE', #1737, #595, #3302, .T. ) ;
#2781 = ORIENTED_EDGE ( 'NONE', *, *, #335, .F. ) ;
#2782 = DIRECTION ( 'NONE',  ( -0.000000000000000000, 1.000000000000000000, -0.000000000000000000 ) ) ;
#2783 = FACE_OUTER_BOUND ( 'NONE', #34, .T. ) ;
#2784 = DIRECTION ( 'NONE',  ( 1.000000000000000000, 0.000000000000000000, 0.000000000000000000 ) ) ;
#2785 = AXIS2_PLACEMENT_3D ( 'NONE', #2413, #3515, #2707 ) ;
#2786 = ORIENTED_EDGE ( 'NONE', *, *, #2898, .T. ) ;
#2787 = FACE_BOUND ( 'NONE', #258, .T. ) ;
#2788 = AXIS2_PLACEMENT_3D ( 'NONE', #959, #3018, #3266 ) ;
#2789 = ORIENTED_EDGE ( 'NONE', *, *, #2389, .F. ) ;
#2790 = LINE ( 'NONE', #40, #2933 ) ;
#2791 = ADVANCED_FACE ( 'NONE', ( #2783 ), #300, .F. ) ;
#2792 = ORIENTED_EDGE ( 'NONE', *, *, #999, .F. ) ;
#2793 = AXIS2_PLACEMENT_3D ( 'NONE', #1152, #2244, #301 ) ;
#2794 = DIRECTION ( 'NONE',  ( -1.000000000000000000, -0.000000000000000000, -0.000000000000000000 ) ) ;
#2795 = DIRECTION ( 'NONE',  ( 1.000000000000000000, 1.156482317317871725E-16, -0.000000000000000000 ) ) ;
#2796 = ORIENTED_EDGE ( 'NONE', *, *, #957, .F. ) ;
#2797 = AXIS2_PLACEMENT_3D ( 'NONE', #2543, #3067, #2020 ) ;
#2798 = DIRECTION ( 'NONE',  ( 0.000000000000000000, 0.000000000000000000, 1.000000000000000000 ) ) ;
#2799 = LINE ( 'NONE', #71, #2114 ) ;
#2800 = LINE ( 'NONE', #3050, #1272 ) ;
#2801 = LINE ( 'NONE', #3393, #2241 ) ;
#2802 = EDGE_CURVE ( 'NONE', #1123, #2655, #1326, .T. ) ;
#2803 = ORIENTED_EDGE ( 'NONE', *, *, #1174, .T. ) ;
#2804 = LINE ( 'NONE', #259, #905 ) ;
#2805 = DIRECTION ( 'NONE',  ( -1.000000000000000000, 0.000000000000000000, 0.000000000000000000 ) ) ;
#2806 = CARTESIAN_POINT ( 'NONE',  ( 18.70000000000002061, -33.38501884962745692, 20.00000000000002487 ) ) ;
#2807 = ORIENTED_EDGE ( 'NONE', *, *, #2961, .F. ) ;
#2808 = VERTEX_POINT ( 'NONE', #1040 ) ;
#2809 = CARTESIAN_POINT ( 'NONE',  ( -29.80000000000000071, -33.38501884962746402, 30.00000000000002132 ) ) ;
#2810 = DIRECTION ( 'NONE',  ( 0.000000000000000000, 0.000000000000000000, 1.000000000000000000 ) ) ;
#2811 = ADVANCED_FACE ( 'NONE', ( #576 ), #1219, .F. ) ;
#2812 = ORIENTED_EDGE ( 'NONE', *, *, #3141, .F. ) ;
#2813 = CARTESIAN_POINT ( 'NONE',  ( -15.49999999999999645, 23.01498115037252390, 70.00000000000000000 ) ) ;
#2814 = CARTESIAN_POINT ( 'NONE',  ( -29.80000000000000071, -35.93501884962746828, 40.00000000000001421 ) ) ;
#2815 = VERTEX_POINT ( 'NONE', #3248 ) ;
#2816 = CARTESIAN_POINT ( 'NONE',  ( 9.371890508914830252E-13, -23.38501884962747468, 40.00000000000000000 ) ) ;
#2817 = CARTESIAN_POINT ( 'NONE',  ( -10.75000000002553158, 7.514981150371358609, 75.00000000000000000 ) ) ;
#2818 = FACE_BOUND ( 'NONE', #2770, .T. ) ;
#2819 = CIRCLE ( 'NONE', #1243, 4.049999999999983835 ) ;
#2820 = CARTESIAN_POINT ( 'NONE',  ( -29.80000000000000071, -33.38501884962746402, 20.00000000000002487 ) ) ;
#2821 = AXIS2_PLACEMENT_3D ( 'NONE', #422, #1796, #3522 ) ;
#2822 = EDGE_CURVE ( 'NONE', #1422, #283, #2200, .T. ) ;
#2823 = VERTEX_POINT ( 'NONE', #831 ) ;
#2824 = AXIS2_PLACEMENT_3D ( 'NONE', #3286, #1624, #2496 ) ;
#2825 = DIRECTION ( 'NONE',  ( 0.000000000000000000, 1.000000000000000000, 0.000000000000000000 ) ) ;
#2826 = FACE_BOUND ( 'NONE', #304, .T. ) ;
#2827 = ORIENTED_EDGE ( 'NONE', *, *, #695, .T. ) ;
#2828 = CARTESIAN_POINT ( 'NONE',  ( -29.80000000000000071, -33.38501884962746402, 10.00000000000003020 ) ) ;
#2829 = CARTESIAN_POINT ( 'NONE',  ( 20.20000000000000284, -17.38501884962747823, 70.00000000000000000 ) ) ;
#2830 = AXIS2_PLACEMENT_3D ( 'NONE', #2335, #2834, #3140 ) ;
#2831 = EDGE_CURVE ( 'NONE', #777, #1135, #1873, .T. ) ;
#2832 = ORIENTED_EDGE ( 'NONE', *, *, #1313, .F. ) ;
#2833 = DIRECTION ( 'NONE',  ( 0.000000000000000000, 0.000000000000000000, 1.000000000000000000 ) ) ;
#2834 = DIRECTION ( 'NONE',  ( 1.000000000000000000, 2.312964634635743450E-16, -0.000000000000000000 ) ) ;
#2835 = CARTESIAN_POINT ( 'NONE',  ( -10.19999999999999751, -35.93501884962746118, 10.00000000000003020 ) ) ;
#2836 = ORIENTED_EDGE ( 'NONE', *, *, #1543, .T. ) ;
#2837 = LINE ( 'NONE', #2277, #363 ) ;
#2838 = LINE ( 'NONE', #1984, #845 ) ;
#2839 = EDGE_CURVE ( 'NONE', #947, #1809, #2269, .T. ) ;
#2840 = CARTESIAN_POINT ( 'NONE',  ( -29.80000000000000071, -30.83501884962746331, 50.00000000000000711 ) ) ;
#2841 = CARTESIAN_POINT ( 'NONE',  ( 18.70000000000002061, -33.38501884962745692, 20.00000000000002487 ) ) ;
#2842 = ORIENTED_EDGE ( 'NONE', *, *, #703, .F. ) ;
#2843 = DIRECTION ( 'NONE',  ( -1.000000000000000000, 0.000000000000000000, 0.000000000000000000 ) ) ;
#2844 = ORIENTED_EDGE ( 'NONE', *, *, #1727, .T. ) ;
#2845 = VERTEX_POINT ( 'NONE', #1927 ) ;
#2846 = DIRECTION ( 'NONE',  ( 0.000000000000000000, 0.000000000000000000, 1.000000000000000000 ) ) ;
#2847 = AXIS2_PLACEMENT_3D ( 'NONE', #2928, #2092, #2601 ) ;
#2848 = CIRCLE ( 'NONE', #2494, 2.549999999999996714 ) ;
#2849 = AXIS2_PLACEMENT_3D ( 'NONE', #221, #1870, #2411 ) ;
#2850 = EDGE_CURVE ( 'NONE', #325, #2368, #1100, .T. ) ;
#2851 = ORIENTED_EDGE ( 'NONE', *, *, #3122, .F. ) ;
#2852 = CYLINDRICAL_SURFACE ( 'NONE', #3167, 2.049999999999999822 ) ;
#2853 = AXIS2_PLACEMENT_3D ( 'NONE', #10, #843, #2195 ) ;
#2854 = CARTESIAN_POINT ( 'NONE',  ( -20.19999999999999929, -33.38501884962746402, 24.05000000000000071 ) ) ;
#2855 = ORIENTED_EDGE ( 'NONE', *, *, #601, .F. ) ;
#2856 = AXIS2_PLACEMENT_3D ( 'NONE', #443, #2942, #2636 ) ;
#2857 = DIRECTION ( 'NONE',  ( -0.7071067811865502373, 8.659560562354900811E-17, -0.7071067811865449082 ) ) ;
#2858 = CARTESIAN_POINT ( 'NONE',  ( -29.80000000000000071, -35.93501884962746118, 20.00000000000002487 ) ) ;
#2859 = FACE_OUTER_BOUND ( 'NONE', #485, .T. ) ;
#2860 = EDGE_CURVE ( 'NONE', #2131, #106, #3536, .T. ) ;
#2861 = EDGE_CURVE ( 'NONE', #1735, #3465, #558, .T. ) ;
#2862 = EDGE_CURVE ( 'NONE', #247, #1082, #1564, .T. ) ;
#2863 = ORIENTED_EDGE ( 'NONE', *, *, #2780, .T. ) ;
#2864 = CARTESIAN_POINT ( 'NONE',  ( 0.000000000000000000, -13.38501884962747113, 0.000000000000000000 ) ) ;
#2865 = EDGE_LOOP ( 'NONE', ( #96, #2729, #2836, #1347, #3482 ) ) ;
#2866 = ORIENTED_EDGE ( 'NONE', *, *, #1489, .F. ) ;
#2867 = EDGE_LOOP ( 'NONE', ( #1137, #1387, #3148, #2936, #1776 ) ) ;
#2868 = ADVANCED_BREP_SHAPE_REPRESENTATION ( 'MotorMount', ( #382, #2695 ), #3138 ) ;
#2869 = DIRECTION ( 'NONE',  ( 1.000000000000000000, 1.156482317317871725E-16, -0.000000000000000000 ) ) ;
#2870 = ORIENTED_EDGE ( 'NONE', *, *, #2229, .F. ) ;
#2871 = AXIS2_PLACEMENT_3D ( 'NONE', #3351, #2482, #2567 ) ;
#2872 = DIRECTION ( 'NONE',  ( 1.000000000000000000, 0.000000000000000000, 0.000000000000000000 ) ) ;
#2873 = CARTESIAN_POINT ( 'NONE',  ( 10.20000000000000107, -43.38501884962747113, 0.000000000000000000 ) ) ;
#2874 = EDGE_CURVE ( 'NONE', #745, #726, #2998, .T. ) ;
#2875 = VERTEX_POINT ( 'NONE', #809 ) ;
#2876 = DIRECTION ( 'NONE',  ( -1.000000000000000000, -0.000000000000000000, -0.000000000000000000 ) ) ;
#2877 = AXIS2_PLACEMENT_3D ( 'NONE', #3506, #1311, #1032 ) ;
#2878 = DIRECTION ( 'NONE',  ( -1.000000000000000000, -0.000000000000000000, -0.000000000000000000 ) ) ;
#2879 = ORIENTED_EDGE ( 'NONE', *, *, #3526, .T. ) ;
#2880 = CIRCLE ( 'NONE', #2984, 2.549999999999996714 ) ;
#2881 = PRESENTATION_LAYER_ASSIGNMENT (  '', '', ( #1486 ) ) ;
#2882 = VERTEX_POINT ( 'NONE', #2762 ) ;
#2883 = EDGE_CURVE ( 'NONE', #2969, #1742, #2082, .T. ) ;
#2884 = ORIENTED_EDGE ( 'NONE', *, *, #135, .T. ) ;
#2885 = FACE_BOUND ( 'NONE', #2070, .T. ) ;
#2886 = ORIENTED_EDGE ( 'NONE', *, *, #148, .F. ) ;
#2887 = CARTESIAN_POINT ( 'NONE',  ( -10.19999999999999751, -33.38501884962746402, 20.00000000000002487 ) ) ;
#2888 = ADVANCED_FACE ( 'NONE', ( #1769 ), #2074, .F. ) ;
#2889 = CARTESIAN_POINT ( 'NONE',  ( -29.80000000000000071, -30.83501884962746331, 30.00000000000002132 ) ) ;
#2890 = DIRECTION ( 'NONE',  ( 0.000000000000000000, 0.000000000000000000, 1.000000000000000000 ) ) ;
#2891 = ORIENTED_EDGE ( 'NONE', *, *, #1408, .T. ) ;
#2892 = DIRECTION ( 'NONE',  ( 0.000000000000000000, 1.000000000000000000, 0.000000000000000000 ) ) ;
#2893 = DIRECTION ( 'NONE',  ( 0.000000000000000000, 0.000000000000000000, 1.000000000000000000 ) ) ;
#2894 = EDGE_LOOP ( 'NONE', ( #2827, #1662 ) ) ;
#2895 = FILL_AREA_STYLE_COLOUR ( '', #48 ) ;
#2896 = AXIS2_PLACEMENT_3D ( 'NONE', #78, #2299, #1768 ) ;
#2897 = EDGE_CURVE ( 'NONE', #961, #2011, #457, .T. ) ;
#2898 = EDGE_CURVE ( 'NONE', #1783, #2501, #1909, .T. ) ;
#2899 = ORIENTED_EDGE ( 'NONE', *, *, #3188, .T. ) ;
#2900 = CARTESIAN_POINT ( 'NONE',  ( 17.55000000000000426, -7.985018849627476101, 75.00000000000000000 ) ) ;
#2901 = AXIS2_PLACEMENT_3D ( 'NONE', #775, #1907, #2468 ) ;
#2902 = EDGE_LOOP ( 'NONE', ( #2541, #3219, #1949, #362, #3171 ) ) ;
#2903 = CONICAL_SURFACE ( 'NONE', #1331, 2.550000000000003819, 0.7853981633974513876 ) ;
#2904 = DIRECTION ( 'NONE',  ( 0.000000000000000000, 0.000000000000000000, 1.000000000000000000 ) ) ;
#2905 = CIRCLE ( 'NONE', #3187, 2.549999999999989608 ) ;
#2906 = LINE ( 'NONE', #3436, #586 ) ;
#2907 = DIRECTION ( 'NONE',  ( 1.000000000000000000, 0.000000000000000000, 0.000000000000000000 ) ) ;
#2908 = DIRECTION ( 'NONE',  ( 0.7071067811865487940, 0.7071067811865463515, 0.000000000000000000 ) ) ;
#2909 = VERTEX_POINT ( 'NONE', #3460 ) ;
#2910 = CARTESIAN_POINT ( 'NONE',  ( 18.70000000000002061, -33.38501884962745692, 27.45000000000002416 ) ) ;
#2911 = DIRECTION ( 'NONE',  ( 0.000000000000000000, 1.000000000000000000, 0.000000000000000000 ) ) ;
#2912 = FACE_BOUND ( 'NONE', #2493, .T. ) ;
#2913 = DIRECTION ( 'NONE',  ( -0.000000000000000000, 1.000000000000000000, -0.000000000000000000 ) ) ;
#2914 = AXIS2_PLACEMENT_3D ( 'NONE', #4, #503, #3025 ) ;
#2915 = ORIENTED_EDGE ( 'NONE', *, *, #2927, .T. ) ;
#2916 = ORIENTED_EDGE ( 'NONE', *, *, #2831, .F. ) ;
#2917 = DIRECTION ( 'NONE',  ( 0.000000000000000000, 1.000000000000000000, 0.000000000000000000 ) ) ;
#2918 = VECTOR ( 'NONE', #3367, 1000.000000000000000 ) ;
#2919 = EDGE_LOOP ( 'NONE', ( #2186, #873 ) ) ;
#2920 = CARTESIAN_POINT ( 'NONE',  ( -10.19999999999999751, -33.38501884962746402, 10.00000000000003020 ) ) ;
#2921 = DIRECTION ( 'NONE',  ( 1.000000000000000000, 0.000000000000000000, 0.000000000000000000 ) ) ;
#2922 = CONICAL_SURFACE ( 'NONE', #2631, 2.550000000000000266, 0.7853981633974496113 ) ;
#2923 = EDGE_LOOP ( 'NONE', ( #2407, #1154, #566, #3065 ) ) ;
#2924 = DIRECTION ( 'NONE',  ( 0.000000000000000000, 1.000000000000000000, 0.000000000000000000 ) ) ;
#2925 = CARTESIAN_POINT ( 'NONE',  ( 1.041321167657203249E-12, -14.88501884962747290, 50.00000000000000000 ) ) ;
#2926 = LINE ( 'NONE', #2410, #3143 ) ;
#2927 = EDGE_CURVE ( 'NONE', #978, #337, #2202, .T. ) ;
#2928 = CARTESIAN_POINT ( 'NONE',  ( -15.49999999999999645, -7.985018849627476101, 75.00000000000000000 ) ) ;
#2929 = EDGE_LOOP ( 'NONE', ( #898, #1652, #1202, #589, #2748 ) ) ;
#2930 = EDGE_CURVE ( 'NONE', #3427, #337, #129, .T. ) ;
#2931 = CONICAL_SURFACE ( 'NONE', #1945, 4.049999999999977618, 0.7853981633974445042 ) ;
#2932 = ORIENTED_EDGE ( 'NONE', *, *, #3477, .F. ) ;
#2933 = VECTOR ( 'NONE', #1138, 1000.000000000000114 ) ;
#2934 = ORIENTED_EDGE ( 'NONE', *, *, #3179, .F. ) ;
#2935 = ADVANCED_FACE ( 'NONE', ( #2059 ), #462, .F. ) ;
#2936 = ORIENTED_EDGE ( 'NONE', *, *, #2395, .T. ) ;
#2937 = DIRECTION ( 'NONE',  ( 0.000000000000000000, 0.000000000000000000, -1.000000000000000000 ) ) ;
#2938 = ORIENTED_EDGE ( 'NONE', *, *, #3042, .T. ) ;
#2939 = ORIENTED_EDGE ( 'NONE', *, *, #787, .T. ) ;
#2940 = CYLINDRICAL_SURFACE ( 'NONE', #653, 2.550000000000006928 ) ;
#2941 = CARTESIAN_POINT ( 'NONE',  ( -18.70000000000000639, -35.93501884962746118, 20.00000000000002487 ) ) ;
#2942 = DIRECTION ( 'NONE',  ( -1.000000000000000000, -0.000000000000000000, -0.000000000000000000 ) ) ;
#2943 = AXIS2_PLACEMENT_3D ( 'NONE', #3382, #2285, #3119 ) ;
#2944 = DIRECTION ( 'NONE',  ( -0.000000000000000000, 1.000000000000000000, -0.000000000000000000 ) ) ;
#2945 = VERTEX_POINT ( 'NONE', #193 ) ;
#2946 = AXIS2_PLACEMENT_3D ( 'NONE', #2530, #1966, #634 ) ;
#2947 = ORIENTED_EDGE ( 'NONE', *, *, #1264, .T. ) ;
#2948 = VECTOR ( 'NONE', #138, 1000.000000000000000 ) ;
#2949 = DIRECTION ( 'NONE',  ( -0.000000000000000000, 1.000000000000000000, -0.000000000000000000 ) ) ;
#2950 = ADVANCED_FACE ( 'NONE', ( #428 ), #392, .F. ) ;
#2951 = ORIENTED_EDGE ( 'NONE', *, *, #963, .F. ) ;
#2952 = CARTESIAN_POINT ( 'NONE',  ( 0.000000000000000000, -43.38501884962747113, 70.00000000000000000 ) ) ;
#2953 = CARTESIAN_POINT ( 'NONE',  ( -10.19999999999999751, -30.83501884962746331, 30.00000000000002132 ) ) ;
#2954 = ORIENTED_EDGE ( 'NONE', *, *, #817, .T. ) ;
#2955 = AXIS2_PLACEMENT_3D ( 'NONE', #1785, #2893, #2396 ) ;
#2956 = CARTESIAN_POINT ( 'NONE',  ( 10.20000000000000817, -33.38501884962745692, 50.00000000000000711 ) ) ;
#2957 = LINE ( 'NONE', #3225, #3005 ) ;
#2958 = CARTESIAN_POINT ( 'NONE',  ( 6.251049855281045986E-13, -63.38501884962746402, 7.450000000000001954 ) ) ;
#2959 = AXIS2_PLACEMENT_3D ( 'NONE', #2464, #1901, #784 ) ;
#2960 = CARTESIAN_POINT ( 'NONE',  ( -18.70000000000000995, -30.83501884962746331, 50.00000000000000711 ) ) ;
#2961 = EDGE_CURVE ( 'NONE', #1905, #584, #1010, .T. ) ;
#2962 = ORIENTED_EDGE ( 'NONE', *, *, #1559, .T. ) ;
#2963 = AXIS2_PLACEMENT_3D ( 'NONE', #3196, #3480, #1008 ) ;
#2964 = ORIENTED_EDGE ( 'NONE', *, *, #2831, .T. ) ;
#2965 = DIRECTION ( 'NONE',  ( 1.000000000000000000, 0.000000000000000000, 0.000000000000000000 ) ) ;
#2966 = EDGE_CURVE ( 'NONE', #1720, #2386, #2331, .T. ) ;
#2967 = CARTESIAN_POINT ( 'NONE',  ( 18.70000000000002061, -33.38501884962745692, 52.55000000000000426 ) ) ;
#2968 = FACE_OUTER_BOUND ( 'NONE', #3200, .T. ) ;
#2969 = VERTEX_POINT ( 'NONE', #1838 ) ;
#2970 = CYLINDRICAL_SURFACE ( 'NONE', #520, 2.549999999999996714 ) ;
#2971 = DIRECTION ( 'NONE',  ( 0.000000000000000000, 0.000000000000000000, 1.000000000000000000 ) ) ;
#2972 = CARTESIAN_POINT ( 'NONE',  ( -20.19999999999999929, -33.38501884962746402, 40.00000000000001421 ) ) ;
#2973 = DIRECTION ( 'NONE',  ( 0.7071067811865473507, 8.659560562354935323E-17, 0.7071067811865477948 ) ) ;
#2974 = CARTESIAN_POINT ( 'NONE',  ( 9.375013358252655734E-13, -23.38501884962747468, 37.44999999999999574 ) ) ;
#2975 = CARTESIAN_POINT ( 'NONE',  ( -29.80000000000000071, -30.83501884962746331, 50.00000000000000711 ) ) ;
#2976 = EDGE_CURVE ( 'NONE', #2131, #3398, #159, .T. ) ;
#2977 = ORIENTED_EDGE ( 'NONE', *, *, #1259, .F. ) ;
#2978 = CARTESIAN_POINT ( 'NONE',  ( 15.50000000000000355, 23.01498115037252390, 70.00000000000000000 ) ) ;
#2979 = CARTESIAN_POINT ( 'NONE',  ( -10.19999999999999751, -30.83501884962746331, 50.00000000000000711 ) ) ;
#2980 = EDGE_LOOP ( 'NONE', ( #364, #1933, #2899, #2260 ) ) ;
#2981 = ADVANCED_FACE ( 'NONE', ( #3429 ), #13, .F. ) ;
#2982 = CIRCLE ( 'NONE', #1423, 2.549999999999996714 ) ;
#2983 = AXIS2_PLACEMENT_3D ( 'NONE', #2952, #2696, #750 ) ;
#2984 = AXIS2_PLACEMENT_3D ( 'NONE', #2055, #1217, #2326 ) ;
#2985 = DIRECTION ( 'NONE',  ( 1.000000000000000000, 0.000000000000000000, 0.000000000000000000 ) ) ;
#2986 = ORIENTED_EDGE ( 'NONE', *, *, #957, .T. ) ;
#2987 = EDGE_CURVE ( 'NONE', #3413, #852, #466, .T. ) ;
#2988 = DIRECTION ( 'NONE',  ( -0.7071067811865501263, 0.000000000000000000, 0.7071067811865450192 ) ) ;
#2989 = DIRECTION ( 'NONE',  ( 0.000000000000000000, 0.000000000000000000, 1.000000000000000000 ) ) ;
#2990 = DIRECTION ( 'NONE',  ( 0.000000000000000000, 0.000000000000000000, -1.000000000000000000 ) ) ;
#2991 = VECTOR ( 'NONE', #2529, 1000.000000000000000 ) ;
#2992 = DIRECTION ( 'NONE',  ( -1.000000000000000000, 0.000000000000000000, 0.000000000000000000 ) ) ;
#2993 = DIRECTION ( 'NONE',  ( -1.000000000000000000, -0.000000000000000000, -0.000000000000000000 ) ) ;
#2994 = DIRECTION ( 'NONE',  ( -1.000000000000000000, 0.000000000000000000, 0.000000000000000000 ) ) ;
#2995 = EDGE_CURVE ( 'NONE', #2298, #2815, #183, .T. ) ;
#2996 = EDGE_LOOP ( 'NONE', ( #2337, #2123, #3553, #1533 ) ) ;
#2997 = ADVANCED_FACE ( 'NONE', ( #2380 ), #2723, .F. ) ;
#2998 = LINE ( 'NONE', #2725, #7 ) ;
#2999 = DIRECTION ( 'NONE',  ( 1.000000000000000000, 0.000000000000000000, 0.000000000000000000 ) ) ;
#3000 = EDGE_LOOP ( 'NONE', ( #481, #3097, #3072, #1271, #2006 ) ) ;
#3001 = ORIENTED_EDGE ( 'NONE', *, *, #3507, .T. ) ;
#3002 = LINE ( 'NONE', #3164, #1247 ) ;
#3003 = EDGE_CURVE ( 'NONE', #2230, #795, #3299, .T. ) ;
#3004 = EDGE_CURVE ( 'NONE', #2633, #2322, #144, .T. ) ;
#3005 = VECTOR ( 'NONE', #2359, 1000.000000000000114 ) ;
#3006 = DIRECTION ( 'NONE',  ( -1.000000000000000000, -0.000000000000000000, -0.000000000000000000 ) ) ;
#3007 = ORIENTED_EDGE ( 'NONE', *, *, #2236, .F. ) ;
#3008 = CYLINDRICAL_SURFACE ( 'NONE', #1228, 2.049999999999999822 ) ;
#3009 = CARTESIAN_POINT ( 'NONE',  ( -18.70000000000000639, -33.38501884962746402, 32.55000000000001847 ) ) ;
#3010 = DIRECTION ( 'NONE',  ( 0.000000000000000000, 0.000000000000000000, 1.000000000000000000 ) ) ;
#3011 = CONICAL_SURFACE ( 'NONE', #11, 2.549999999999989608, 0.7853981633974473908 ) ;
#3012 = CARTESIAN_POINT ( 'NONE',  ( -17.19999999999997797, 28.51498115037252390, 75.00000000000000000 ) ) ;
#3013 = VECTOR ( 'NONE', #3262, 1000.000000000000114 ) ;
#3014 = ORIENTED_EDGE ( 'NONE', *, *, #2738, .T. ) ;
#3015 = FACE_OUTER_BOUND ( 'NONE', #2052, .T. ) ;
#3016 = DIRECTION ( 'NONE',  ( 0.000000000000000000, 0.000000000000000000, 1.000000000000000000 ) ) ;
#3017 = AXIS2_PLACEMENT_3D ( 'NONE', #2231, #857, #1956 ) ;
#3018 = DIRECTION ( 'NONE',  ( 1.000000000000000000, 1.156482317317871725E-16, -0.000000000000000000 ) ) ;
#3019 = AXIS2_PLACEMENT_3D ( 'NONE', #1473, #917, #2254 ) ;
#3020 = ORIENTED_EDGE ( 'NONE', *, *, #1230, .T. ) ;
#3021 = CIRCLE ( 'NONE', #2963, 2.549999999999998490 ) ;
#3022 = ORIENTED_EDGE ( 'NONE', *, *, #370, .T. ) ;
#3023 = CARTESIAN_POINT ( 'NONE',  ( 18.70000000000000995, -33.38501884962745692, 60.00000000000000711 ) ) ;
#3024 = ORIENTED_EDGE ( 'NONE', *, *, #1762, .T. ) ;
#3025 = DIRECTION ( 'NONE',  ( 0.000000000000000000, 1.000000000000000000, 0.000000000000000000 ) ) ;
#3026 = ORIENTED_EDGE ( 'NONE', *, *, #3411, .F. ) ;
#3027 = DIRECTION ( 'NONE',  ( 1.700709290173340409E-16, 1.000000000000000000, -0.000000000000000000 ) ) ;
#3028 = DIRECTION ( 'NONE',  ( 0.000000000000000000, -0.000000000000000000, -1.000000000000000000 ) ) ;
#3029 = DIRECTION ( 'NONE',  ( 1.000000000000000000, 0.000000000000000000, 0.000000000000000000 ) ) ;
#3030 = FACE_OUTER_BOUND ( 'NONE', #2683, .T. ) ;
#3031 = VECTOR ( 'NONE', #646, 1000.000000000000000 ) ;
#3032 = ORIENTED_EDGE ( 'NONE', *, *, #963, .T. ) ;
#3033 = LINE ( 'NONE', #596, #2991 ) ;
#3034 = DIRECTION ( 'NONE',  ( 1.000000000000000000, 0.000000000000000000, 0.000000000000000000 ) ) ;
#3035 = LINE ( 'NONE', #598, #1225 ) ;
#3036 = VERTEX_POINT ( 'NONE', #1237 ) ;
#3037 = CARTESIAN_POINT ( 'NONE',  ( 0.000000000000000000, 0.000000000000000000, 70.00000000000000000 ) ) ;
#3038 = EDGE_CURVE ( 'NONE', #2532, #1263, #1625, .T. ) ;
#3039 = VERTEX_POINT ( 'NONE', #1071 ) ;
#3040 = CARTESIAN_POINT ( 'NONE',  ( 18.70000000000000995, -33.38501884962745692, 62.54999999999999716 ) ) ;
#3041 = CIRCLE ( 'NONE', #2871, 2.049999999999999822 ) ;
#3042 = EDGE_CURVE ( 'NONE', #3153, #2284, #491, .T. ) ;
#3043 = VERTEX_POINT ( 'NONE', #1902 ) ;
#3044 = CARTESIAN_POINT ( 'NONE',  ( -10.19999999999999751, -33.38501884962746402, 30.00000000000002132 ) ) ;
#3045 = EDGE_CURVE ( 'NONE', #3318, #1260, #1378, .T. ) ;
#3046 = AXIS2_PLACEMENT_3D ( 'NONE', #1319, #1635, #2741 ) ;
#3047 = EDGE_LOOP ( 'NONE', ( #2803, #3146 ) ) ;
#3048 = FACE_OUTER_BOUND ( 'NONE', #2365, .T. ) ;
#3049 = DIRECTION ( 'NONE',  ( 0.000000000000000000, 0.000000000000000000, -1.000000000000000000 ) ) ;
#3050 = CARTESIAN_POINT ( 'NONE',  ( 1.041321167657203249E-12, -63.38501884962746402, 52.54999999999999716 ) ) ;
#3051 = CARTESIAN_POINT ( 'NONE',  ( 1.145453284422923675E-12, -13.38501884962747113, 64.05000000000002558 ) ) ;
#3052 = DIRECTION ( 'NONE',  ( 0.000000000000000000, 0.000000000000000000, -1.000000000000000000 ) ) ;
#3053 = EDGE_LOOP ( 'NONE', ( #2249, #1105 ) ) ;
#3054 = DIRECTION ( 'NONE',  ( 0.000000000000000000, 0.000000000000000000, 1.000000000000000000 ) ) ;
#3055 = DIRECTION ( 'NONE',  ( -1.156482317317871478E-16, 1.000000000000000000, 0.000000000000000000 ) ) ;
#3056 = CARTESIAN_POINT ( 'NONE',  ( -10.19999999999999751, -35.93501884962746118, 20.00000000000002487 ) ) ;
#3057 =( GEOMETRIC_REPRESENTATION_CONTEXT ( 3 ) GLOBAL_UNCERTAINTY_ASSIGNED_CONTEXT ( ( #211 ) ) GLOBAL_UNIT_ASSIGNED_CONTEXT ( ( #1214, #2324, #948 ) ) REPRESENTATION_CONTEXT ( 'NONE', 'WORKASPACE' ) );
#3058 = ORIENTED_EDGE ( 'NONE', *, *, #3309, .T. ) ;
#3059 = EDGE_LOOP ( 'NONE', ( #2353, #2374, #2440, #194, #2977 ) ) ;
#3060 = DIRECTION ( 'NONE',  ( 1.000000000000000000, 0.000000000000000000, -0.000000000000000000 ) ) ;
#3061 = ORIENTED_EDGE ( 'NONE', *, *, #3559, .F. ) ;
#3062 = CARTESIAN_POINT ( 'NONE',  ( 10.20000000000000817, -35.93501884962744697, 60.00000000000000711 ) ) ;
#3063 = CARTESIAN_POINT ( 'NONE',  ( 18.70000000000002061, -33.38501884962745692, 10.00000000000003020 ) ) ;
#3064 = EDGE_CURVE ( 'NONE', #1708, #934, #2177, .T. ) ;
#3065 = ORIENTED_EDGE ( 'NONE', *, *, #3084, .T. ) ;
#3066 = VECTOR ( 'NONE', #1236, 1000.000000000000000 ) ;
#3067 = DIRECTION ( 'NONE',  ( -0.000000000000000000, -1.000000000000000000, -0.000000000000000000 ) ) ;
#3068 = DIRECTION ( 'NONE',  ( 0.000000000000000000, 0.000000000000000000, -1.000000000000000000 ) ) ;
#3069 = DIRECTION ( 'NONE',  ( 0.000000000000000000, 1.000000000000000000, 0.000000000000000000 ) ) ;
#3070 = LINE ( 'NONE', #1943, #2528 ) ;
#3071 = VECTOR ( 'NONE', #949, 1000.000000000000000 ) ;
#3072 = ORIENTED_EDGE ( 'NONE', *, *, #517, .F. ) ;
#3073 = LINE ( 'NONE', #3336, #3206 ) ;
#3074 = DIRECTION ( 'NONE',  ( 0.000000000000000000, 0.000000000000000000, -1.000000000000000000 ) ) ;
#3075 = CARTESIAN_POINT ( 'NONE',  ( 18.70000000000002061, -33.38501884962745692, 7.450000000000031264 ) ) ;
#3076 = EDGE_CURVE ( 'NONE', #931, #694, #2207, .T. ) ;
#3077 = AXIS2_PLACEMENT_3D ( 'NONE', #2956, #1577, #2685 ) ;
#3078 = VERTEX_POINT ( 'NONE', #1580 ) ;
#3079 = PLANE ( 'NONE',  #552 ) ;
#3080 = AXIS2_PLACEMENT_3D ( 'NONE', #2483, #255, #1885 ) ;
#3081 = ORIENTED_EDGE ( 'NONE', *, *, #953, .T. ) ;
#3082 = CARTESIAN_POINT ( 'NONE',  ( -10.19999999999999751, 0.000000000000000000, 75.00000000000000000 ) ) ;
#3083 = EDGE_LOOP ( 'NONE', ( #939, #1684 ) ) ;
#3084 = EDGE_CURVE ( 'NONE', #622, #1140, #2704, .T. ) ;
#3085 = CARTESIAN_POINT ( 'NONE',  ( 7.289248173600423754E-13, -14.88501884962747290, 20.00000000000000355 ) ) ;
#3086 = DIRECTION ( 'NONE',  ( 0.000000000000000000, 0.000000000000000000, -1.000000000000000000 ) ) ;
#3087 = ORIENTED_EDGE ( 'NONE', *, *, #14, .F. ) ;
#3088 = AXIS2_PLACEMENT_3D ( 'NONE', #522, #289, #1107 ) ;
#3089 = DIRECTION ( 'NONE',  ( 1.000000000000000000, 0.000000000000000000, 0.000000000000000000 ) ) ;
#3090 = DIRECTION ( 'NONE',  ( 0.000000000000000000, 0.7071067811865465735, 0.7071067811865484609 ) ) ;
#3091 = DIRECTION ( 'NONE',  ( -1.000000000000000000, 0.000000000000000000, 0.000000000000000000 ) ) ;
#3092 = CARTESIAN_POINT ( 'NONE',  ( -20.19999999999999929, -33.38501884962746402, 50.00000000000000711 ) ) ;
#3093 = ORIENTED_EDGE ( 'NONE', *, *, #3004, .T. ) ;
#3094 = FACE_BOUND ( 'NONE', #2751, .T. ) ;
#3095 = FACE_BOUND ( 'NONE', #2678, .T. ) ;
#3096 = ADVANCED_FACE ( 'NONE', ( #3030 ), #1887, .F. ) ;
#3097 = ORIENTED_EDGE ( 'NONE', *, *, #33, .F. ) ;
#3098 = CYLINDRICAL_SURFACE ( 'NONE', #3571, 2.049999999999999822 ) ;
#3099 = CIRCLE ( 'NONE', #3384, 4.049999999999977618 ) ;
#3100 = AXIS2_PLACEMENT_3D ( 'NONE', #1687, #2794, #1431 ) ;
#3101 = EDGE_CURVE ( 'NONE', #3554, #1044, #1656, .T. ) ;
#3102 = ORIENTED_EDGE ( 'NONE', *, *, #1373, .F. ) ;
#3103 = CARTESIAN_POINT ( 'NONE',  ( 1.145453284422923675E-12, -13.38501884962747113, 60.00000000000000711 ) ) ;
#3104 = DIRECTION ( 'NONE',  ( -0.7071067811865487940, -0.7071067811865462405, 0.000000000000000000 ) ) ;
#3105 = CARTESIAN_POINT ( 'NONE',  ( 20.20000000000000284, -33.38501884962745692, 64.04999999999998295 ) ) ;
#3106 = ORIENTED_EDGE ( 'NONE', *, *, #1323, .F. ) ;
#3107 = CARTESIAN_POINT ( 'NONE',  ( 6.251049855281045986E-13, -14.88501884962747290, 7.450000000000001954 ) ) ;
#3108 = DIRECTION ( 'NONE',  ( 0.000000000000000000, 0.000000000000000000, 1.000000000000000000 ) ) ;
#3109 = CYLINDRICAL_SURFACE ( 'NONE', #3354, 2.550000000000000266 ) ;
#3110 = AXIS2_PLACEMENT_3D ( 'NONE', #2187, #3060, #519 ) ;
#3111 = DIRECTION ( 'NONE',  ( 1.734723475976805862E-16, -1.000000000000000000, 0.000000000000000000 ) ) ;
#3112 = EDGE_LOOP ( 'NONE', ( #1929, #3116 ) ) ;
#3113 = VECTOR ( 'NONE', #1063, 1000.000000000000000 ) ;
#3114 = CARTESIAN_POINT ( 'NONE',  ( -29.80000000000000071, -30.83501884962745265, 40.00000000000001421 ) ) ;
#3115 = EDGE_CURVE ( 'NONE', #1263, #2532, #3468, .T. ) ;
#3116 = ORIENTED_EDGE ( 'NONE', *, *, #1208, .T. ) ;
#3117 = ORIENTED_EDGE ( 'NONE', *, *, #412, .F. ) ;
#3118 = DIRECTION ( 'NONE',  ( 0.000000000000000000, 1.000000000000000000, 0.000000000000000000 ) ) ;
#3119 = DIRECTION ( 'NONE',  ( 1.000000000000000000, 0.000000000000000000, 0.000000000000000000 ) ) ;
#3120 = CIRCLE ( 'NONE', #2746, 2.549999999999989608 ) ;
#3121 = ORIENTED_EDGE ( 'NONE', *, *, #2360, .T. ) ;
#3122 = EDGE_CURVE ( 'NONE', #1422, #1061, #1274, .T. ) ;
#3123 = CARTESIAN_POINT ( 'NONE',  ( 10.20000000000000284, -23.38501884962747823, 70.00000000000000000 ) ) ;
#3124 = CARTESIAN_POINT ( 'NONE',  ( 1.041321167657203249E-12, -14.88501884962747290, 52.54999999999999716 ) ) ;
#3125 = EDGE_CURVE ( 'NONE', #2357, #1493, #1748, .T. ) ;
#3126 = ADVANCED_FACE ( 'NONE', ( #785 ), #1567, .F. ) ;
#3127 = EDGE_LOOP ( 'NONE', ( #3494, #2303, #1091, #1353, #1602 ) ) ;
#3128 = DIRECTION ( 'NONE',  ( 1.156482317317871478E-16, -1.000000000000000000, 0.000000000000000000 ) ) ;
#3129 = LINE ( 'NONE', #1490, #3137 ) ;
#3130 = CARTESIAN_POINT ( 'NONE',  ( -20.19999999999999929, -33.38501884962746402, 40.00000000000001421 ) ) ;
#3131 = CIRCLE ( 'NONE', #1038, 3.050000000000094413 ) ;
#3132 = EDGE_LOOP ( 'NONE', ( #2318, #2210, #806, #2656, #3500 ) ) ;
#3133 = LINE ( 'NONE', #3114, #2712 ) ;
#3134 = AXIS2_PLACEMENT_3D ( 'NONE', #2307, #611, #2054 ) ;
#3135 = ORIENTED_EDGE ( 'NONE', *, *, #816, .F. ) ;
#3136 = VERTEX_POINT ( 'NONE', #2428 ) ;
#3137 = VECTOR ( 'NONE', #2597, 1000.000000000000000 ) ;
#3138 =( GEOMETRIC_REPRESENTATION_CONTEXT ( 3 ) GLOBAL_UNCERTAINTY_ASSIGNED_CONTEXT ( ( #1774 ) ) GLOBAL_UNIT_ASSIGNED_CONTEXT ( ( #2048, #620, #1516 ) ) REPRESENTATION_CONTEXT ( 'NONE', 'WORKASPACE' ) );
#3139 = VERTEX_POINT ( 'NONE', #2960 ) ;
#3140 = DIRECTION ( 'NONE',  ( 0.000000000000000000, 1.000000000000000000, 0.000000000000000000 ) ) ;
#3141 = EDGE_CURVE ( 'NONE', #3427, #453, #257, .T. ) ;
#3142 = ORIENTED_EDGE ( 'NONE', *, *, #1828, .F. ) ;
#3143 = VECTOR ( 'NONE', #192, 1000.000000000000000 ) ;
#3144 = CARTESIAN_POINT ( 'NONE',  ( 0.000000000000000000, -13.38501884962747113, 70.00000000000000000 ) ) ;
#3145 = DIRECTION ( 'NONE',  ( 0.000000000000000000, 1.000000000000000000, 0.000000000000000000 ) ) ;
#3146 = ORIENTED_EDGE ( 'NONE', *, *, #2419, .T. ) ;
#3147 = CARTESIAN_POINT ( 'NONE',  ( -17.54999999999999716, 23.01498115037252390, 73.99999999999991473 ) ) ;
#3148 = ORIENTED_EDGE ( 'NONE', *, *, #2289, .T. ) ;
#3149 = ORIENTED_EDGE ( 'NONE', *, *, #1717, .T. ) ;
#3150 = ADVANCED_FACE ( 'NONE', ( #510 ), #1090, .F. ) ;
#3151 = ORIENTED_EDGE ( 'NONE', *, *, #1788, .F. ) ;
#3152 = FACE_BOUND ( 'NONE', #2715, .T. ) ;
#3153 = VERTEX_POINT ( 'NONE', #2485 ) ;
#3154 = ADVANCED_FACE ( 'NONE', ( #12 ), #3328, .F. ) ;
#3155 = CARTESIAN_POINT ( 'NONE',  ( 1.041321167657203249E-12, -23.38501884962747468, 50.00000000000000000 ) ) ;
#3156 = CARTESIAN_POINT ( 'NONE',  ( -20.19999999999999929, -33.38501884962746402, 15.95000000000004725 ) ) ;
#3157 = ORIENTED_EDGE ( 'NONE', *, *, #1543, .F. ) ;
#3158 = LINE ( 'NONE', #752, #1157 ) ;
#3159 = EDGE_CURVE ( 'NONE', #323, #2767, #3392, .T. ) ;
#3160 = CONICAL_SURFACE ( 'NONE', #2526, 2.549999999999989608, 0.7853981633974473908 ) ;
#3161 = DIRECTION ( 'NONE',  ( 0.000000000000000000, 0.000000000000000000, -1.000000000000000000 ) ) ;
#3162 = ADVANCED_FACE ( 'NONE', ( #2721 ), #2459, .F. ) ;
#3163 = ORIENTED_EDGE ( 'NONE', *, *, #2209, .T. ) ;
#3164 = CARTESIAN_POINT ( 'NONE',  ( 7.292371022938250245E-13, -14.88501884962747290, 17.45000000000000284 ) ) ;
#3165 = VERTEX_POINT ( 'NONE', #239 ) ;
#3166 = DIRECTION ( 'NONE',  ( 0.000000000000000000, 1.000000000000000000, 0.000000000000000000 ) ) ;
#3167 = AXIS2_PLACEMENT_3D ( 'NONE', #3433, #3366, #2576 ) ;
#3168 = ORIENTED_EDGE ( 'NONE', *, *, #2862, .T. ) ;
#3169 = LINE ( 'NONE', #436, #1793 ) ;
#3170 = DIRECTION ( 'NONE',  ( -1.000000000000000000, -0.000000000000000000, -0.000000000000000000 ) ) ;
#3171 = ORIENTED_EDGE ( 'NONE', *, *, #1898, .F. ) ;
#3172 = DIRECTION ( 'NONE',  ( -0.000000000000000000, 1.000000000000000000, -0.000000000000000000 ) ) ;
#3173 = CARTESIAN_POINT ( 'NONE',  ( 8.335529160794174900E-13, -13.38501884962747113, 25.94999999999999574 ) ) ;
#3174 = DIRECTION ( 'NONE',  ( -1.000000000000000000, -0.000000000000000000, -0.000000000000000000 ) ) ;
#3175 = DIRECTION ( 'NONE',  ( 0.000000000000000000, -0.000000000000000000, -1.000000000000000000 ) ) ;
#3176 = VERTEX_POINT ( 'NONE', #2974 ) ;
#3177 = VERTEX_POINT ( 'NONE', #1673 ) ;
#3178 = AXIS2_PLACEMENT_3D ( 'NONE', #3479, #1007, #2911 ) ;
#3179 = EDGE_CURVE ( 'NONE', #2754, #657, #563, .T. ) ;
#3180 = LINE ( 'NONE', #2562, #1185 ) ;
#3181 = ORIENTED_EDGE ( 'NONE', *, *, #3305, .F. ) ;
#3182 = AXIS2_PLACEMENT_3D ( 'NONE', #2358, #1266, #425 ) ;
#3183 = CARTESIAN_POINT ( 'NONE',  ( 16.20000000000000639, -13.38501884962747113, 70.00000000000000000 ) ) ;
#3184 = AXIS2_PLACEMENT_3D ( 'NONE', #147, #2745, #693 ) ;
#3185 = VECTOR ( 'NONE', #3213, 1000.000000000000000 ) ;
#3186 = ORIENTED_EDGE ( 'NONE', *, *, #2313, .T. ) ;
#3187 = AXIS2_PLACEMENT_3D ( 'NONE', #3212, #1529, #739 ) ;
#3188 = EDGE_CURVE ( 'NONE', #777, #38, #156, .T. ) ;
#3189 = CARTESIAN_POINT ( 'NONE',  ( -13.44999999999999751, 23.01498115037252390, 73.99999999999991473 ) ) ;
#3190 = CARTESIAN_POINT ( 'NONE',  ( 20.20000000000000284, -33.38501884962745692, 45.95000000000003126 ) ) ;
#3191 = CIRCLE ( 'NONE', #21, 4.049999999999977618 ) ;
#3192 = ADVANCED_FACE ( 'NONE', ( #2859 ), #265, .F. ) ;
#3193 = ORIENTED_EDGE ( 'NONE', *, *, #2669, .T. ) ;
#3194 = CARTESIAN_POINT ( 'NONE',  ( 9.375013358252655734E-13, -63.38501884962746402, 37.44999999999999574 ) ) ;
#3195 = CARTESIAN_POINT ( 'NONE',  ( -20.19999999999999929, -33.38501884962746402, 50.00000000000000711 ) ) ;
#3196 = CARTESIAN_POINT ( 'NONE',  ( 18.70000000000002061, -33.38501884962745692, 10.00000000000003020 ) ) ;
#3197 = DIRECTION ( 'NONE',  ( 0.000000000000000000, 0.000000000000000000, 1.000000000000000000 ) ) ;
#3198 = ORIENTED_EDGE ( 'NONE', *, *, #805, .F. ) ;
#3199 = AXIS2_PLACEMENT_3D ( 'NONE', #1896, #2752, #837 ) ;
#3200 = EDGE_LOOP ( 'NONE', ( #2588, #1314, #26, #2314 ) ) ;
#3201 = EDGE_CURVE ( 'NONE', #726, #1647, #1022, .T. ) ;
#3202 = ORIENTED_EDGE ( 'NONE', *, *, #2987, .T. ) ;
#3203 = ORIENTED_EDGE ( 'NONE', *, *, #3159, .T. ) ;
#3204 = ORIENTED_EDGE ( 'NONE', *, *, #1912, .F. ) ;
#3205 = DIRECTION ( 'NONE',  ( -1.000000000000000000, 0.000000000000000000, 0.000000000000000000 ) ) ;
#3206 = VECTOR ( 'NONE', #299, 1000.000000000000000 ) ;
#3207 = ORIENTED_EDGE ( 'NONE', *, *, #1496, .T. ) ;
#3208 = EDGE_LOOP ( 'NONE', ( #433, #3368, #400, #637 ) ) ;
#3209 = AXIS2_PLACEMENT_3D ( 'NONE', #1436, #1167, #3049 ) ;
#3210 = FACE_OUTER_BOUND ( 'NONE', #2747, .T. ) ;
#3211 = DIRECTION ( 'NONE',  ( 0.000000000000000000, 1.000000000000000000, 0.000000000000000000 ) ) ;
#3212 = CARTESIAN_POINT ( 'NONE',  ( -10.19999999999999751, -33.38501884962746402, 60.00000000000000711 ) ) ;
#3213 = DIRECTION ( 'NONE',  ( -0.7071067811865463515, 0.7071067811865487940, -0.000000000000000000 ) ) ;
#3214 = VERTEX_POINT ( 'NONE', #95 ) ;
#3215 = CIRCLE ( 'NONE', #2301, 4.049999999999977618 ) ;
#3216 = EDGE_LOOP ( 'NONE', ( #153, #319, #1738, #2667 ) ) ;
#3217 = AXIS2_PLACEMENT_3D ( 'NONE', #346, #1224, #3118 ) ;
#3218 = DIRECTION ( 'NONE',  ( 0.000000000000000000, 0.000000000000000000, -1.000000000000000000 ) ) ;
#3219 = ORIENTED_EDGE ( 'NONE', *, *, #714, .T. ) ;
#3220 = CIRCLE ( 'NONE', #3400, 2.549999999999999822 ) ;
#3221 = ADVANCED_FACE ( 'NONE', ( #1186 ), #1593, .F. ) ;
#3222 = DIRECTION ( 'NONE',  ( -0.000000000000000000, 0.000000000000000000, 1.000000000000000000 ) ) ;
#3223 = ORIENTED_EDGE ( 'NONE', *, *, #143, .T. ) ;
#3224 = DIRECTION ( 'NONE',  ( 1.000000000000000000, 1.156482317317871725E-16, -0.000000000000000000 ) ) ;
#3225 = CARTESIAN_POINT ( 'NONE',  ( -20.19999999999999929, -33.38501884962746402, 34.04999999999999716 ) ) ;
#3226 = FACE_BOUND ( 'NONE', #1920, .T. ) ;
#3227 = AXIS2_PLACEMENT_3D ( 'NONE', #3103, #2002, #2833 ) ;
#3228 = CARTESIAN_POINT ( 'NONE',  ( 18.70000000000002061, -33.38501884962745692, 30.00000000000002132 ) ) ;
#3229 = EDGE_LOOP ( 'NONE', ( #819, #2641, #1119, #1497, #3007 ) ) ;
#3230 = EDGE_CURVE ( 'NONE', #3177, #1039, #3215, .T. ) ;
#3231 = AXIS2_PLACEMENT_3D ( 'NONE', #2571, #2282, #3074 ) ;
#3232 = ORIENTED_EDGE ( 'NONE', *, *, #2352, .F. ) ;
#3233 = AXIS2_PLACEMENT_3D ( 'NONE', #1474, #3391, #2582 ) ;
#3234 = CARTESIAN_POINT ( 'NONE',  ( 7.292371022938250245E-13, -23.38501884962747468, 17.45000000000000284 ) ) ;
#3235 = FACE_OUTER_BOUND ( 'NONE', #3287, .T. ) ;
#3236 = EDGE_CURVE ( 'NONE', #499, #1647, #2801, .T. ) ;
#3237 = AXIS2_PLACEMENT_3D ( 'NONE', #1890, #2147, #1676 ) ;
#3238 = AXIS2_PLACEMENT_3D ( 'NONE', #1519, #3069, #592 ) ;
#3239 = ORIENTED_EDGE ( 'NONE', *, *, #701, .T. ) ;
#3240 = DIRECTION ( 'NONE',  ( 0.000000000000000000, 1.000000000000000000, 0.000000000000000000 ) ) ;
#3241 = CYLINDRICAL_SURFACE ( 'NONE', #24, 2.550000000000000266 ) ;
#3242 = CARTESIAN_POINT ( 'NONE',  ( -20.19999999999999574, -43.38501884962747113, 0.000000000000000000 ) ) ;
#3243 = CARTESIAN_POINT ( 'NONE',  ( 15.50000000000000355, -7.985018849627476101, 73.99999999999991473 ) ) ;
#3244 = DIRECTION ( 'NONE',  ( 1.000000000000000000, 0.000000000000000000, 0.000000000000000000 ) ) ;
#3245 = DIRECTION ( 'NONE',  ( 1.700709290173340409E-16, 1.000000000000000000, -0.000000000000000000 ) ) ;
#3246 = EDGE_CURVE ( 'NONE', #2084, #3398, #919, .T. ) ;
#3247 = ORIENTED_EDGE ( 'NONE', *, *, #1559, .F. ) ;
#3248 = CARTESIAN_POINT ( 'NONE',  ( -20.19999999999999929, -33.38501884962746402, 15.95000000000004725 ) ) ;
#3249 = AXIS2_PLACEMENT_3D ( 'NONE', #322, #3570, #2201 ) ;
#3250 = DIRECTION ( 'NONE',  ( 0.000000000000000000, 0.000000000000000000, 1.000000000000000000 ) ) ;
#3251 = CARTESIAN_POINT ( 'NONE',  ( 0.000000000000000000, -43.38501884962747113, 0.000000000000000000 ) ) ;
#3252 = VECTOR ( 'NONE', #1709, 1000.000000000000114 ) ;
#3253 = ORIENTED_EDGE ( 'NONE', *, *, #3350, .T. ) ;
#3254 = EDGE_CURVE ( 'NONE', #2570, #1608, #2506, .T. ) ;
#3255 = DIRECTION ( 'NONE',  ( 0.000000000000000000, 0.000000000000000000, -1.000000000000000000 ) ) ;
#3256 = EDGE_CURVE ( 'NONE', #2184, #556, #376, .T. ) ;
#3257 = ORIENTED_EDGE ( 'NONE', *, *, #155, .F. ) ;
#3258 = LINE ( 'NONE', #1609, #413 ) ;
#3259 = DIRECTION ( 'NONE',  ( -1.000000000000000000, 1.700709290173340409E-16, 0.000000000000000000 ) ) ;
#3260 = FACE_OUTER_BOUND ( 'NONE', #3535, .T. ) ;
#3261 = CARTESIAN_POINT ( 'NONE',  ( -18.69999999999997442, -30.83501884962747042, 60.00000000000000711 ) ) ;
#3262 = DIRECTION ( 'NONE',  ( 0.7071067811865479058, 0.000000000000000000, -0.7071067811865470176 ) ) ;
#3263 = CARTESIAN_POINT ( 'NONE',  ( 10.20000000000000817, -35.93501884962745407, 20.00000000000002487 ) ) ;
#3264 = ORIENTED_EDGE ( 'NONE', *, *, #797, .F. ) ;
#3265 = PLANE ( 'NONE',  #3416 ) ;
#3266 = DIRECTION ( 'NONE',  ( 0.000000000000000000, 1.000000000000000000, 0.000000000000000000 ) ) ;
#3267 = ADVANCED_FACE ( 'NONE', ( #1733 ), #854, .F. ) ;
#3268 = EDGE_LOOP ( 'NONE', ( #2079, #199, #1701, #1641, #1017, #1400, #1238, #1827 ) ) ;
#3269 = ORIENTED_EDGE ( 'NONE', *, *, #464, .F. ) ;
#3270 = DIRECTION ( 'NONE',  ( 0.000000000000000000, 0.000000000000000000, 1.000000000000000000 ) ) ;
#3271 = AXIS2_PLACEMENT_3D ( 'NONE', #864, #2010, #2569 ) ;
#3272 = CARTESIAN_POINT ( 'NONE',  ( -18.70000000000000995, -33.38501884962746402, 12.55000000000002736 ) ) ;
#3273 = ORIENTED_EDGE ( 'NONE', *, *, #2987, .F. ) ;
#3274 = FACE_BOUND ( 'NONE', #1073, .T. ) ;
#3275 = CYLINDRICAL_SURFACE ( 'NONE', #1391, 2.049999999999999822 ) ;
#3276 = CIRCLE ( 'NONE', #2830, 4.049999999999977618 ) ;
#3277 = DIRECTION ( 'NONE',  ( 1.000000000000000000, 1.156482317317871725E-16, -0.000000000000000000 ) ) ;
#3278 = DIRECTION ( 'NONE',  ( 1.000000000000000000, 0.000000000000000000, 0.000000000000000000 ) ) ;
#3279 = ORIENTED_EDGE ( 'NONE', *, *, #1460, .T. ) ;
#3280 = CARTESIAN_POINT ( 'NONE',  ( 6.251049855281045986E-13, -14.88501884962747290, 7.450000000000001954 ) ) ;
#3281 = DIRECTION ( 'NONE',  ( -0.000000000000000000, -0.000000000000000000, -1.000000000000000000 ) ) ;
#3282 = CARTESIAN_POINT ( 'NONE',  ( 13.45000000000000284, -7.985018849627476101, 73.99999999999991473 ) ) ;
#3283 = VECTOR ( 'NONE', #2965, 1000.000000000000000 ) ;
#3284 = EDGE_LOOP ( 'NONE', ( #3239, #2019, #1620, #1982 ) ) ;
#3285 = ORIENTED_EDGE ( 'NONE', *, *, #303, .F. ) ;
#3286 = CARTESIAN_POINT ( 'NONE',  ( -10.19999999999999751, -33.38501884962746402, 50.00000000000000711 ) ) ;
#3287 = EDGE_LOOP ( 'NONE', ( #2180, #212, #2406, #2287 ) ) ;
#3288 = AXIS2_PLACEMENT_3D ( 'NONE', #489, #3441, #157 ) ;
#3289 = FACE_OUTER_BOUND ( 'NONE', #3127, .T. ) ;
#3290 = EDGE_LOOP ( 'NONE', ( #2639, #3202, #1779, #1181, #515 ) ) ;
#3291 = ADVANCED_FACE ( 'NONE', ( #317 ), #3334, .F. ) ;
#3292 = CARTESIAN_POINT ( 'NONE',  ( -3.977111880844011856E-15, -23.38501884962747468, 70.00000000000000000 ) ) ;
#3293 = CIRCLE ( 'NONE', #759, 2.550000000000003819 ) ;
#3294 = DIRECTION ( 'NONE',  ( -1.000000000000000000, -0.000000000000000000, -0.000000000000000000 ) ) ;
#3295 = CARTESIAN_POINT ( 'NONE',  ( 1.145453284422923675E-12, -14.88501884962748001, 60.00000000000000711 ) ) ;
#3296 = CIRCLE ( 'NONE', #2204, 2.550000000000006928 ) ;
#3297 = CARTESIAN_POINT ( 'NONE',  ( -13.44999999999999751, -7.985018849627476101, 75.00000000000000000 ) ) ;
#3298 = ADVANCED_FACE ( 'NONE', ( #2583 ), #2931, .F. ) ;
#3299 = CIRCLE ( 'NONE', #1166, 2.550000000000003819 ) ;
#3300 = ORIENTED_EDGE ( 'NONE', *, *, #213, .T. ) ;
#3301 = CARTESIAN_POINT ( 'NONE',  ( 6.247927005943220505E-13, -23.38501884962747468, 10.00000000000000178 ) ) ;
#3302 = LINE ( 'NONE', #1344, #77 ) ;
#3303 = CARTESIAN_POINT ( 'NONE',  ( -10.19999999999999751, -33.38501884962746402, 10.00000000000003020 ) ) ;
#3304 = CIRCLE ( 'NONE', #2959, 2.549999999999996714 ) ;
#3305 = EDGE_CURVE ( 'NONE', #3043, #385, #3070, .T. ) ;
#3306 = EDGE_LOOP ( 'NONE', ( #3269, #813, #758, #390, #3389 ) ) ;
#3307 = ORIENTED_EDGE ( 'NONE', *, *, #3417, .F. ) ;
#3308 = DIRECTION ( 'NONE',  ( 1.000000000000000000, 0.000000000000000000, 0.000000000000000000 ) ) ;
#3309 = EDGE_CURVE ( 'NONE', #657, #2706, #2171, .T. ) ;
#3310 = EDGE_LOOP ( 'NONE', ( #410, #578, #2300, #2612, #539 ) ) ;
#3311 = DIRECTION ( 'NONE',  ( 0.000000000000000000, 0.000000000000000000, 1.000000000000000000 ) ) ;
#3312 = ORIENTED_EDGE ( 'NONE', *, *, #1535, .T. ) ;
#3313 = FACE_BOUND ( 'NONE', #2095, .T. ) ;
#3314 = CARTESIAN_POINT ( 'NONE',  ( 1.041633452590985999E-12, -14.88501884962747290, 47.45000000000000284 ) ) ;
#3315 = CARTESIAN_POINT ( 'NONE',  ( 10.20000000000000817, -33.38501884962745692, 20.00000000000002487 ) ) ;
#3316 = DIRECTION ( 'NONE',  ( 0.000000000000000000, 0.000000000000000000, 1.000000000000000000 ) ) ;
#3317 = CARTESIAN_POINT ( 'NONE',  ( -20.19999999999999929, -33.38501884962746402, 30.00000000000002132 ) ) ;
#3318 = VERTEX_POINT ( 'NONE', #32 ) ;
#3319 = CARTESIAN_POINT ( 'NONE',  ( 18.70000000000002061, -33.38501884962745692, 50.00000000000000711 ) ) ;
#3320 = CARTESIAN_POINT ( 'NONE',  ( 13.45000000000000284, -7.985018849627476101, 70.00000000000000000 ) ) ;
#3321 = CARTESIAN_POINT ( 'NONE',  ( -17.54999999999999716, 23.01498115037252390, 73.99999999999991473 ) ) ;
#3322 = EDGE_LOOP ( 'NONE', ( #3401, #2622 ) ) ;
#3323 = ORIENTED_EDGE ( 'NONE', *, *, #1338, .T. ) ;
#3324 = DIRECTION ( 'NONE',  ( 0.000000000000000000, 0.000000000000000000, -1.000000000000000000 ) ) ;
#3325 = VECTOR ( 'NONE', #1710, 1000.000000000000000 ) ;
#3326 = ADVANCED_FACE ( 'NONE', ( #2257 ), #1694, .F. ) ;
#3327 = VERTEX_POINT ( 'NONE', #2525 ) ;
#3328 = CONICAL_SURFACE ( 'NONE', #1302, 4.050000000000005151, 0.7853981633974445042 ) ;
#3329 = ORIENTED_EDGE ( 'NONE', *, *, #807, .T. ) ;
#3330 = ADVANCED_FACE ( 'NONE', ( #356 ), #3353, .F. ) ;
#3331 = DIRECTION ( 'NONE',  ( -1.000000000000000000, 0.000000000000000000, 0.000000000000000000 ) ) ;
#3332 = DIRECTION ( 'NONE',  ( -0.7071067811865502373, 0.000000000000000000, 0.7071067811865449082 ) ) ;
#3333 = DIRECTION ( 'NONE',  ( 0.000000000000000000, 1.000000000000000000, 0.000000000000000000 ) ) ;
#3334 = CYLINDRICAL_SURFACE ( 'NONE', #330, 2.549999999999996714 ) ;
#3335 = VERTEX_POINT ( 'NONE', #3425 ) ;
#3336 = CARTESIAN_POINT ( 'NONE',  ( -29.80000000000000071, -35.93501884962746828, 40.00000000000001421 ) ) ;
#3337 = CARTESIAN_POINT ( 'NONE',  ( 20.20000000000000284, -33.38501884962745692, 50.00000000000000711 ) ) ;
#3338 = DIRECTION ( 'NONE',  ( 1.000000000000000000, 1.156482317317871725E-16, -0.000000000000000000 ) ) ;
#3339 = EDGE_LOOP ( 'NONE', ( #394, #1569 ) ) ;
#3340 = FACE_BOUND ( 'NONE', #2113, .T. ) ;
#3341 = EDGE_LOOP ( 'NONE', ( #226, #1857, #3573, #2025, #178 ) ) ;
#3342 = EDGE_CURVE ( 'NONE', #3036, #889, #388, .T. ) ;
#3343 = CYLINDRICAL_SURFACE ( 'NONE', #626, 2.549999999999996714 ) ;
#3344 = ORIENTED_EDGE ( 'NONE', *, *, #2416, .F. ) ;
#3345 = CARTESIAN_POINT ( 'NONE',  ( 17.20000000000003482, 28.51498115037252390, 75.00000000000000000 ) ) ;
#3346 = DIRECTION ( 'NONE',  ( 1.000000000000000000, 0.000000000000000000, 0.000000000000000000 ) ) ;
#3347 = ORIENTED_EDGE ( 'NONE', *, *, #1829, .T. ) ;
#3348 = VECTOR ( 'NONE', #1477, 1000.000000000000000 ) ;
#3349 = FACE_OUTER_BOUND ( 'NONE', #379, .T. ) ;
#3350 = EDGE_CURVE ( 'NONE', #2266, #1728, #966, .T. ) ;
#3351 = CARTESIAN_POINT ( 'NONE',  ( -15.49999999999999645, -7.985018849627476101, 73.99999999999991473 ) ) ;
#3352 = CARTESIAN_POINT ( 'NONE',  ( 18.70000000000002061, -33.38501884962745692, 20.00000000000002487 ) ) ;
#3353 = CYLINDRICAL_SURFACE ( 'NONE', #2118, 2.550000000000000266 ) ;
#3354 = AXIS2_PLACEMENT_3D ( 'NONE', #630, #1457, #94 ) ;
#3355 = ORIENTED_EDGE ( 'NONE', *, *, #1057, .T. ) ;
#3356 = CARTESIAN_POINT ( 'NONE',  ( 18.70000000000000995, -30.83501884962746331, 60.00000000000000711 ) ) ;
#3357 = CARTESIAN_POINT ( 'NONE',  ( 7.289248173600423754E-13, -23.38501884962747468, 20.00000000000000355 ) ) ;
#3358 = DIRECTION ( 'NONE',  ( 0.000000000000000000, 0.000000000000000000, -1.000000000000000000 ) ) ;
#3359 = DIRECTION ( 'NONE',  ( -0.000000000000000000, 0.000000000000000000, 1.000000000000000000 ) ) ;
#3360 = EDGE_CURVE ( 'NONE', #1393, #1910, #2880, .T. ) ;
#3361 = VECTOR ( 'NONE', #2857, 1000.000000000000114 ) ;
#3362 = EDGE_LOOP ( 'NONE', ( #1936, #2437, #372, #284 ) ) ;
#3363 = DIRECTION ( 'NONE',  ( 1.000000000000000000, 0.000000000000000000, 0.000000000000000000 ) ) ;
#3364 = APPLICATION_CONTEXT ( 'automotive_design' ) ;
#3365 = ORIENTED_EDGE ( 'NONE', *, *, #974, .T. ) ;
#3366 = DIRECTION ( 'NONE',  ( -0.000000000000000000, -0.000000000000000000, -1.000000000000000000 ) ) ;
#3367 = DIRECTION ( 'NONE',  ( 0.7071067811865463515, -0.7071067811865487940, -0.000000000000000000 ) ) ;
#3368 = ORIENTED_EDGE ( 'NONE', *, *, #888, .F. ) ;
#3369 = AXIS2_PLACEMENT_3D ( 'NONE', #2438, #565, #3311 ) ;
#3370 = CARTESIAN_POINT ( 'NONE',  ( -2.553166011942664682E-11, 7.514981150371358609, 75.00000000000000000 ) ) ;
#3371 = DIRECTION ( 'NONE',  ( -1.000000000000000000, -0.000000000000000000, -0.000000000000000000 ) ) ;
#3372 = EDGE_CURVE ( 'NONE', #385, #1930, #1507, .T. ) ;
#3373 = FACE_OUTER_BOUND ( 'NONE', #103, .T. ) ;
#3374 = EDGE_CURVE ( 'NONE', #3318, #3432, #2982, .T. ) ;
#3375 = CARTESIAN_POINT ( 'NONE',  ( -29.80000000000000071, -30.83501884962747042, 60.00000000000000711 ) ) ;
#3376 = ORIENTED_EDGE ( 'NONE', *, *, #2140, .T. ) ;
#3377 = CYLINDRICAL_SURFACE ( 'NONE', #1445, 2.550000000000000266 ) ;
#3378 = ORIENTED_EDGE ( 'NONE', *, *, #807, .F. ) ;
#3379 = VECTOR ( 'NONE', #2103, 1000.000000000000000 ) ;
#3380 = EDGE_CURVE ( 'NONE', #3432, #2815, #1234, .T. ) ;
#3381 = VERTEX_POINT ( 'NONE', #404 ) ;
#3382 = CARTESIAN_POINT ( 'NONE',  ( -15.49999999999999645, -7.985018849627476101, 73.99999999999991473 ) ) ;
#3383 = ADVANCED_FACE ( 'NONE', ( #2340 ), #2308, .T. ) ;
#3384 = AXIS2_PLACEMENT_3D ( 'NONE', #320, #847, #1360 ) ;
#3385 = ORIENTED_EDGE ( 'NONE', *, *, #374, .T. ) ;
#3386 = CARTESIAN_POINT ( 'NONE',  ( 18.70000000000002771, -30.83501884962744555, 40.00000000000001421 ) ) ;
#3387 = DIRECTION ( 'NONE',  ( 0.000000000000000000, 0.000000000000000000, -1.000000000000000000 ) ) ;
#3388 = DIRECTION ( 'NONE',  ( 1.000000000000000000, 0.000000000000000000, 0.000000000000000000 ) ) ;
#3389 = ORIENTED_EDGE ( 'NONE', *, *, #971, .T. ) ;
#3390 = DIRECTION ( 'NONE',  ( 1.000000000000000000, 0.000000000000000000, 0.000000000000000000 ) ) ;
#3391 = DIRECTION ( 'NONE',  ( 1.000000000000000000, 2.312964634635743450E-16, -0.000000000000000000 ) ) ;
#3392 = CIRCLE ( 'NONE', #737, 2.049999999999999822 ) ;
#3393 = CARTESIAN_POINT ( 'NONE',  ( 10.74999999997446665, 7.514981150371359497, 80.00000000000000000 ) ) ;
#3394 = ORIENTED_EDGE ( 'NONE', *, *, #2976, .F. ) ;
#3395 = CONICAL_SURFACE ( 'NONE', #3557, 4.049999999999977618, 0.7853981633974445042 ) ;
#3396 = DIRECTION ( 'NONE',  ( -0.7071067811865511255, 8.659560562354977232E-17, 0.7071067811865440200 ) ) ;
#3397 = ORIENTED_EDGE ( 'NONE', *, *, #2472, .F. ) ;
#3398 = VERTEX_POINT ( 'NONE', #2873 ) ;
#3399 = CARTESIAN_POINT ( 'NONE',  ( 0.000000000000000000, 0.000000000000000000, 0.000000000000000000 ) ) ;
#3400 = AXIS2_PLACEMENT_3D ( 'NONE', #1597, #3245, #2994 ) ;
#3401 = ORIENTED_EDGE ( 'NONE', *, *, #1122, .T. ) ;
#3402 = DIRECTION ( 'NONE',  ( 0.000000000000000000, 0.000000000000000000, -1.000000000000000000 ) ) ;
#3403 = CIRCLE ( 'NONE', #749, 2.549999999999996714 ) ;
#3404 = EDGE_CURVE ( 'NONE', #2808, #1187, #2819, .T. ) ;
#3405 = VERTEX_POINT ( 'NONE', #1491 ) ;
#3406 = DIRECTION ( 'NONE',  ( 1.000000000000000000, 1.156482317317871725E-16, -0.000000000000000000 ) ) ;
#3407 = CARTESIAN_POINT ( 'NONE',  ( -20.20000000000000284, -17.38501884962748179, 0.000000000000000000 ) ) ;
#3408 = VECTOR ( 'NONE', #2106, 1000.000000000000114 ) ;
#3409 = ORIENTED_EDGE ( 'NONE', *, *, #1429, .T. ) ;
#3410 = CARTESIAN_POINT ( 'NONE',  ( 10.20000000000000817, -30.83501884962745621, 30.00000000000002132 ) ) ;
#3411 = EDGE_CURVE ( 'NONE', #721, #3214, #1359, .T. ) ;
#3412 = CIRCLE ( 'NONE', #3233, 4.049999999999977618 ) ;
#3413 = VERTEX_POINT ( 'NONE', #1081 ) ;
#3414 = EDGE_LOOP ( 'NONE', ( #3168, #2075 ) ) ;
#3415 = CARTESIAN_POINT ( 'NONE',  ( 18.70000000000002061, -33.38501884962745692, 47.45000000000000995 ) ) ;
#3416 = AXIS2_PLACEMENT_3D ( 'NONE', #1361, #2744, #1947 ) ;
#3417 = EDGE_CURVE ( 'NONE', #3136, #1842, #1074, .T. ) ;
#3418 = ORIENTED_EDGE ( 'NONE', *, *, #2710, .F. ) ;
#3419 = FACE_BOUND ( 'NONE', #3414, .T. ) ;
#3420 = CIRCLE ( 'NONE', #2274, 2.049999999999999822 ) ;
#3421 = EDGE_LOOP ( 'NONE', ( #416, #1120, #1327, #2001 ) ) ;
#3422 = VECTOR ( 'NONE', #3459, 1000.000000000000114 ) ;
#3423 = CARTESIAN_POINT ( 'NONE',  ( 16.20000000000000639, -13.38501884962747113, 70.00000000000000000 ) ) ;
#3424 = ADVANCED_FACE ( 'NONE', ( #1388 ), #2591, .F. ) ;
#3425 = CARTESIAN_POINT ( 'NONE',  ( -20.19999999999999929, -33.38501884962746402, 5.950000000000051692 ) ) ;
#3426 = AXIS2_PLACEMENT_3D ( 'NONE', #1052, #1354, #2971 ) ;
#3427 = VERTEX_POINT ( 'NONE', #1644 ) ;
#3428 = CARTESIAN_POINT ( 'NONE',  ( -20.20000000000000284, -17.38501884962748179, 70.00000000000000000 ) ) ;
#3429 = FACE_OUTER_BOUND ( 'NONE', #1418, .T. ) ;
#3430 = VERTEX_POINT ( 'NONE', #1664 ) ;
#3431 = EDGE_CURVE ( 'NONE', #1752, #1260, #441, .T. ) ;
#3432 = VERTEX_POINT ( 'NONE', #2730 ) ;
#3433 = CARTESIAN_POINT ( 'NONE',  ( 15.50000000000000355, -7.985018849627476101, 75.00000000000000000 ) ) ;
#3434 = ORIENTED_EDGE ( 'NONE', *, *, #1700, .F. ) ;
#3435 = PRESENTATION_STYLE_ASSIGNMENT (( #2338 ) ) ;
#3436 = CARTESIAN_POINT ( 'NONE',  ( 1.145765569356706223E-12, -63.38501884962746402, 57.45000000000000284 ) ) ;
#3437 = DIRECTION ( 'NONE',  ( -1.000000000000000000, -1.156482317317871725E-16, 0.000000000000000000 ) ) ;
#3438 = EDGE_CURVE ( 'NONE', #1178, #2364, #1363, .T. ) ;
#3439 = ORIENTED_EDGE ( 'NONE', *, *, #2162, .T. ) ;
#3440 = CARTESIAN_POINT ( 'NONE',  ( 1.041321167657203249E-12, -14.88501884962747290, 50.00000000000000000 ) ) ;
#3441 = DIRECTION ( 'NONE',  ( -1.000000000000000000, -0.000000000000000000, -0.000000000000000000 ) ) ;
#3442 = DIRECTION ( 'NONE',  ( 0.000000000000000000, 1.000000000000000000, 0.000000000000000000 ) ) ;
#3443 = CIRCLE ( 'NONE', #1590, 2.550000000000003819 ) ;
#3444 = DIRECTION ( 'NONE',  ( 1.000000000000000000, 1.734723475976805862E-16, -0.000000000000000000 ) ) ;
#3445 = VECTOR ( 'NONE', #248, 1000.000000000000000 ) ;
#3446 = VERTEX_POINT ( 'NONE', #1931 ) ;
#3447 = DIRECTION ( 'NONE',  ( 1.000000000000000000, 1.156482317317871725E-16, -0.000000000000000000 ) ) ;
#3448 = EDGE_CURVE ( 'NONE', #852, #2945, #2462, .T. ) ;
#3449 = ORIENTED_EDGE ( 'NONE', *, *, #318, .F. ) ;
#3450 = FACE_OUTER_BOUND ( 'NONE', #3525, .T. ) ;
#3451 = VECTOR ( 'NONE', #2609, 1000.000000000000000 ) ;
#3452 = ORIENTED_EDGE ( 'NONE', *, *, #1599, .F. ) ;
#3453 = CARTESIAN_POINT ( 'NONE',  ( 10.20000000000000817, -35.93501884962745407, 50.00000000000000711 ) ) ;
#3454 = LINE ( 'NONE', #2665, #681 ) ;
#3455 = EDGE_CURVE ( 'NONE', #1433, #1757, #2350, .T. ) ;
#3456 = ORIENTED_EDGE ( 'NONE', *, *, #742, .F. ) ;
#3457 = LINE ( 'NONE', #3194, #2321 ) ;
#3458 = CARTESIAN_POINT ( 'NONE',  ( 8.330569341257628013E-13, -23.38501884962747468, 30.00000000000000355 ) ) ;
#3459 = DIRECTION ( 'NONE',  ( -0.7071067811865501263, 8.659560562354902043E-17, -0.7071067811865450192 ) ) ;
#3460 = CARTESIAN_POINT ( 'NONE',  ( 9.371890508914830252E-13, -13.38501884962747113, 44.05000000000001847 ) ) ;
#3461 = EDGE_LOOP ( 'NONE', ( #245, #3493 ) ) ;
#3462 = ORIENTED_EDGE ( 'NONE', *, *, #244, .F. ) ;
#3463 = AXIS2_PLACEMENT_3D ( 'NONE', #1578, #1251, #1035 ) ;
#3464 = ADVANCED_FACE ( 'NONE', ( #3555 ), #3343, .F. ) ;
#3465 = VERTEX_POINT ( 'NONE', #1426 ) ;
#3466 = AXIS2_PLACEMENT_3D ( 'NONE', #2978, #494, #1600 ) ;
#3467 = CIRCLE ( 'NONE', #360, 2.549999999999996714 ) ;
#3468 = CIRCLE ( 'NONE', #822, 2.549999999999996714 ) ;
#3469 = ORIENTED_EDGE ( 'NONE', *, *, #505, .F. ) ;
#3470 = VECTOR ( 'NONE', #1980, 1000.000000000000000 ) ;
#3471 = CIRCLE ( 'NONE', #468, 4.050000000000005151 ) ;
#3472 = CARTESIAN_POINT ( 'NONE',  ( -15.49999999999999645, -7.985018849627476101, 70.00000000000000000 ) ) ;
#3473 = CARTESIAN_POINT ( 'NONE',  ( 0.000000000000000000, -43.38501884962747113, 75.00000000000000000 ) ) ;
#3474 = AXIS2_PLACEMENT_3D ( 'NONE', #173, #3512, #427 ) ;
#3475 = EDGE_LOOP ( 'NONE', ( #859, #197, #150, #131, #2626 ) ) ;
#3476 = VERTEX_POINT ( 'NONE', #3040 ) ;
#3477 = EDGE_CURVE ( 'NONE', #795, #1806, #2534, .T. ) ;
#3478 = FACE_OUTER_BOUND ( 'NONE', #446, .T. ) ;
#3479 = CARTESIAN_POINT ( 'NONE',  ( 10.20000000000000817, -33.38501884962745692, 60.00000000000000711 ) ) ;
#3480 = DIRECTION ( 'NONE',  ( 1.000000000000000000, 0.000000000000000000, 0.000000000000000000 ) ) ;
#3481 = DIRECTION ( 'NONE',  ( 0.000000000000000000, 0.000000000000000000, 1.000000000000000000 ) ) ;
#3482 = ORIENTED_EDGE ( 'NONE', *, *, #1489, .T. ) ;
#3483 = ORIENTED_EDGE ( 'NONE', *, *, #2360, .F. ) ;
#3484 = ADVANCED_FACE ( 'NONE', ( #3574 ), #2174, .F. ) ;
#3485 = ADVANCED_FACE ( 'NONE', ( #562 ), #3395, .F. ) ;
#3486 = EDGE_CURVE ( 'NONE', #3165, #1735, #308, .T. ) ;
#3487 = EDGE_LOOP ( 'NONE', ( #561, #1204 ) ) ;
#3488 = LINE ( 'NONE', #1551, #1205 ) ;
#3489 = AXIS2_PLACEMENT_3D ( 'NONE', #876, #3447, #1981 ) ;
#3490 = EDGE_LOOP ( 'NONE', ( #2645, #679, #2537, #800, #2844 ) ) ;
#3491 = DIRECTION ( 'NONE',  ( 0.000000000000000000, 0.000000000000000000, -1.000000000000000000 ) ) ;
#3492 = CARTESIAN_POINT ( 'NONE',  ( -15.49999999999999645, -7.985018849627476101, 75.00000000000000000 ) ) ;
#3493 = ORIENTED_EDGE ( 'NONE', *, *, #505, .T. ) ;
#3494 = ORIENTED_EDGE ( 'NONE', *, *, #1903, .F. ) ;
#3495 = AXIS2_PLACEMENT_3D ( 'NONE', #350, #897, #607 ) ;
#3496 = CARTESIAN_POINT ( 'NONE',  ( -18.70000000000000995, -33.38501884962746402, 47.45000000000000995 ) ) ;
#3497 = FACE_OUTER_BOUND ( 'NONE', #1859, .T. ) ;
#3498 = CARTESIAN_POINT ( 'NONE',  ( 18.70000000000002061, -33.38501884962745692, 10.00000000000003020 ) ) ;
#3499 = DIRECTION ( 'NONE',  ( -1.000000000000000000, -0.000000000000000000, -0.000000000000000000 ) ) ;
#3500 = ORIENTED_EDGE ( 'NONE', *, *, #974, .F. ) ;
#3501 = VECTOR ( 'NONE', #3111, 1000.000000000000000 ) ;
#3502 = EDGE_CURVE ( 'NONE', #1442, #3554, #1884, .T. ) ;
#3503 = ORIENTED_EDGE ( 'NONE', *, *, #3064, .F. ) ;
#3504 = DIRECTION ( 'NONE',  ( -0.000000000000000000, -1.000000000000000000, -0.000000000000000000 ) ) ;
#3505 = AXIS2_PLACEMENT_3D ( 'NONE', #2887, #2614, #1231 ) ;
#3506 = CARTESIAN_POINT ( 'NONE',  ( 15.50000000000000355, -7.985018849627476101, 73.99999999999991473 ) ) ;
#3507 = EDGE_CURVE ( 'NONE', #2693, #657, #1703, .T. ) ;
#3508 = VERTEX_POINT ( 'NONE', #1682 ) ;
#3509 = ORIENTED_EDGE ( 'NONE', *, *, #2049, .T. ) ;
#3510 = DIRECTION ( 'NONE',  ( 1.000000000000000000, 1.156482317317871725E-16, -0.000000000000000000 ) ) ;
#3511 = DIRECTION ( 'NONE',  ( 1.700709290173340409E-16, 1.000000000000000000, -0.000000000000000000 ) ) ;
#3512 = DIRECTION ( 'NONE',  ( -0.000000000000000000, 1.000000000000000000, -0.000000000000000000 ) ) ;
#3513 = CARTESIAN_POINT ( 'NONE',  ( 15.50000000000000355, 23.01498115037252390, 73.99999999999991473 ) ) ;
#3514 = ORIENTED_EDGE ( 'NONE', *, *, #858, .T. ) ;
#3515 = DIRECTION ( 'NONE',  ( -0.000000000000000000, -1.000000000000000000, -0.000000000000000000 ) ) ;
#3516 = EDGE_CURVE ( 'NONE', #3381, #622, #2790, .T. ) ;
#3517 = FACE_OUTER_BOUND ( 'NONE', #1080, .T. ) ;
#3518 = CIRCLE ( 'NONE', #583, 3.050000000000094413 ) ;
#3519 = ORIENTED_EDGE ( 'NONE', *, *, #2236, .T. ) ;
#3520 = ADVANCED_FACE ( 'NONE', ( #2168 ), #2248, .F. ) ;
#3521 = VECTOR ( 'NONE', #3406, 1000.000000000000000 ) ;
#3522 = DIRECTION ( 'NONE',  ( 0.000000000000000000, 1.000000000000000000, 0.000000000000000000 ) ) ;
#3523 = CIRCLE ( 'NONE', #2901, 2.049999999999999822 ) ;
#3524 = CARTESIAN_POINT ( 'NONE',  ( -10.19999999999999751, 0.000000000000000000, 0.000000000000000000 ) ) ;
#3525 = EDGE_LOOP ( 'NONE', ( #1328, #943, #3483, #136 ) ) ;
#3526 = EDGE_CURVE ( 'NONE', #2011, #2875, #445, .T. ) ;
#3527 = CONICAL_SURFACE ( 'NONE', #1332, 2.049999999999999822, 0.7853981633974533860 ) ;
#3528 = DIRECTION ( 'NONE',  ( 1.734723475976805862E-16, -1.000000000000000000, 0.000000000000000000 ) ) ;
#3529 = LINE ( 'NONE', #782, #1863 ) ;
#3530 = EDGE_CURVE ( 'NONE', #2875, #188, #3002, .T. ) ;
#3531 = FACE_BOUND ( 'NONE', #2146, .T. ) ;
#3532 = CARTESIAN_POINT ( 'NONE',  ( -10.19999999999999751, -35.93501884962746118, 50.00000000000000711 ) ) ;
#3533 = CARTESIAN_POINT ( 'NONE',  ( 15.50000000000000355, 23.01498115037252390, 73.99999999999991473 ) ) ;
#3534 = CARTESIAN_POINT ( 'NONE',  ( 1.041321167657203249E-12, -23.38501884962747468, 52.54999999999999716 ) ) ;
#3535 = EDGE_LOOP ( 'NONE', ( #659, #2102, #2863, #2016 ) ) ;
#3536 = LINE ( 'NONE', #1059, #1855 ) ;
#3537 = AXIS2_PLACEMENT_3D ( 'NONE', #887, #3338, #1677 ) ;
#3538 = DIRECTION ( 'NONE',  ( 0.000000000000000000, 0.000000000000000000, -1.000000000000000000 ) ) ;
#3539 = EDGE_LOOP ( 'NONE', ( #2466, #3020 ) ) ;
#3540 = CONICAL_SURFACE ( 'NONE', #1177, 2.049999999999999822, 0.7853981633974533860 ) ;
#3541 = ORIENTED_EDGE ( 'NONE', *, *, #1807, .T. ) ;
#3542 = DIRECTION ( 'NONE',  ( 1.000000000000000000, 0.000000000000000000, -0.000000000000000000 ) ) ;
#3543 = EDGE_LOOP ( 'NONE', ( #3509, #3347, #3397, #3022 ) ) ;
#3544 = CYLINDRICAL_SURFACE ( 'NONE', #230, 2.550000000000003819 ) ;
#3545 = DIRECTION ( 'NONE',  ( 1.000000000000000000, 0.000000000000000000, -0.000000000000000000 ) ) ;
#3546 = CARTESIAN_POINT ( 'NONE',  ( 9.375013358252655734E-13, -14.88501884962748001, 37.44999999999999574 ) ) ;
#3547 = DIRECTION ( 'NONE',  ( 1.000000000000000000, 0.000000000000000000, 0.000000000000000000 ) ) ;
#3548 = CARTESIAN_POINT ( 'NONE',  ( -20.20000000000000639, -4.672188561964202282E-15, 75.00000000000000000 ) ) ;
#3549 = DIRECTION ( 'NONE',  ( 1.000000000000000000, 1.156482317317871725E-16, -0.000000000000000000 ) ) ;
#3550 = ORIENTED_EDGE ( 'NONE', *, *, #155, .T. ) ;
#3551 = DIRECTION ( 'NONE',  ( 8.659560562354951347E-17, 0.7071067811865462405, -0.7071067811865489050 ) ) ;
#3552 = DIRECTION ( 'NONE',  ( 0.000000000000000000, 1.000000000000000000, 0.000000000000000000 ) ) ;
#3553 = ORIENTED_EDGE ( 'NONE', *, *, #2208, .T. ) ;
#3554 = VERTEX_POINT ( 'NONE', #3415 ) ;
#3555 = FACE_OUTER_BOUND ( 'NONE', #2980, .T. ) ;
#3556 = ADVANCED_FACE ( 'NONE', ( #1739 ), #660, .F. ) ;
#3557 = AXIS2_PLACEMENT_3D ( 'NONE', #1348, #853, #1121 ) ;
#3558 = EDGE_CURVE ( 'NONE', #313, #2064, #411, .T. ) ;
#3559 = EDGE_CURVE ( 'NONE', #715, #2633, #1787, .T. ) ;
#3560 = CARTESIAN_POINT ( 'NONE',  ( -18.70000000000000995, -30.83501884962746331, 10.00000000000003020 ) ) ;
#3561 = ORIENTED_EDGE ( 'NONE', *, *, #2246, .T. ) ;
#3562 = DIRECTION ( 'NONE',  ( -0.000000000000000000, 1.000000000000000000, -0.000000000000000000 ) ) ;
#3563 = DIRECTION ( 'NONE',  ( 0.000000000000000000, -0.000000000000000000, 1.000000000000000000 ) ) ;
#3564 = CARTESIAN_POINT ( 'NONE',  ( -18.70000000000000639, -33.38501884962746402, 22.55000000000002203 ) ) ;
#3565 = DIRECTION ( 'NONE',  ( -0.000000000000000000, -0.000000000000000000, -1.000000000000000000 ) ) ;
#3566 = ADVANCED_FACE ( 'NONE', ( #925 ), #2315, .F. ) ;
#3567 = EDGE_LOOP ( 'NONE', ( #2711, #3163, #449, #542 ) ) ;
#3568 = LINE ( 'NONE', #1092, #1188 ) ;
#3569 = CARTESIAN_POINT ( 'NONE',  ( -29.80000000000000071, -33.38501884962746402, 60.00000000000000711 ) ) ;
#3570 = DIRECTION ( 'NONE',  ( 1.000000000000000000, 2.312964634635743450E-16, -0.000000000000000000 ) ) ;
#3571 = AXIS2_PLACEMENT_3D ( 'NONE', #1721, #1444, #86 ) ;
#3572 = ORIENTED_EDGE ( 'NONE', *, *, #487, .F. ) ;
#3573 = ORIENTED_EDGE ( 'NONE', *, *, #1174, .F. ) ;
#3574 = FACE_OUTER_BOUND ( 'NONE', #1480, .T. ) ;
ENDSEC;
END-ISO-10303-21;
