ISO-10303-21;
HEADER;
FILE_DESCRIPTION (( 'STEP AP214' ),
    '1' );
FILE_NAME ('Stand.STEP',
    '2024-04-22T20:35:24',
    ( '' ),
    ( '' ),
    'SwSTEP 2.0',
    'SolidWorks 2022',
    '' );
FILE_SCHEMA (( 'AUTOMOTIVE_DESIGN' ));
ENDSEC;

DATA;
#1 = VECTOR ( 'NONE', #90, 1000.000000000000000 ) ;
#2 = CARTESIAN_POINT ( 'NONE',  ( -22.41718750000001847, -17.31718749999999929, 0.000000000000000000 ) ) ;
#3 = DIRECTION ( 'NONE',  ( -0.000000000000000000, 1.000000000000000000, -0.000000000000000000 ) ) ;
#4 = CARTESIAN_POINT ( 'NONE',  ( -22.41718750000001847, -17.31718749999999929, 0.000000000000000000 ) ) ;
#5 = ORIENTED_EDGE ( 'NONE', *, *, #1032, .T. ) ;
#6 = EDGE_LOOP ( 'NONE', ( #1698, #1603 ) ) ;
#7 = VERTEX_POINT ( 'NONE', #470 ) ;
#8 = EDGE_CURVE ( 'NONE', #1601, #1508, #1223, .T. ) ;
#9 = LINE ( 'NONE', #295, #56 ) ;
#10 = CARTESIAN_POINT ( 'NONE',  ( -42.89531131790577234, -73.69069019189630865, 7.549999999999999822 ) ) ;
#11 = DIRECTION ( 'NONE',  ( 0.000000000000000000, 1.000000000000000000, 0.000000000000000000 ) ) ;
#12 = CARTESIAN_POINT ( 'NONE',  ( -22.41718750000001847, -2.317187500000172484, 0.000000000000000000 ) ) ;
#13 = ORIENTED_EDGE ( 'NONE', *, *, #885, .T. ) ;
#14 = ORIENTED_EDGE ( 'NONE', *, *, #1012, .F. ) ;
#15 = ORIENTED_EDGE ( 'NONE', *, *, #1490, .T. ) ;
#16 = LINE ( 'NONE', #574, #737 ) ;
#17 = DIRECTION ( 'NONE',  ( -0.000000000000000000, 1.000000000000000000, -0.000000000000000000 ) ) ;
#18 = DIRECTION ( 'NONE',  ( -0.000000000000000000, -0.000000000000000000, 1.000000000000000000 ) ) ;
#19 = ADVANCED_FACE ( 'NONE', ( #1212 ), #1498, .F. ) ;
#20 = VERTEX_POINT ( 'NONE', #198 ) ;
#21 = ORIENTED_EDGE ( 'NONE', *, *, #752, .T. ) ;
#22 = ORIENTED_EDGE ( 'NONE', *, *, #437, .T. ) ;
#23 = VECTOR ( 'NONE', #788, 1000.000000000000114 ) ;
#24 = LINE ( 'NONE', #1166, #1643 ) ;
#25 = LINE ( 'NONE', #560, #490 ) ;
#26 = AXIS2_PLACEMENT_3D ( 'NONE', #1061, #62, #189 ) ;
#27 = CARTESIAN_POINT ( 'NONE',  ( -24.90474968905482811, -4.804749689054954587, 8.673617379884035472E-15 ) ) ;
#28 = ADVANCED_FACE ( 'NONE', ( #365 ), #486, .F. ) ;
#29 = DIRECTION ( 'NONE',  ( -1.000000000000000000, 0.000000000000000000, 0.000000000000000000 ) ) ;
#30 = VECTOR ( 'NONE', #1297, 1000.000000000000000 ) ;
#31 = VERTEX_POINT ( 'NONE', #639 ) ;
#32 = ORIENTED_EDGE ( 'NONE', *, *, #1562, .F. ) ;
#33 = CARTESIAN_POINT ( 'NONE',  ( 2.782812499999540723, 22.68281250000001137, -9.654820345981833347E-16 ) ) ;
#34 = CARTESIAN_POINT ( 'NONE',  ( 15.28281249999997549, -3.667187499999978506, -0.2542520809160307982 ) ) ;
#35 = CARTESIAN_POINT ( 'NONE',  ( 33.18281250000000426, -29.03043615405194799, 5.000000000000000000 ) ) ;
#36 = VERTEX_POINT ( 'NONE', #71 ) ;
#37 = CARTESIAN_POINT ( 'NONE',  ( -22.81718750000002416, -31.91718750000006821, 4.999999999999997335 ) ) ;
#38 = EDGE_CURVE ( 'NONE', #320, #1155, #227, .T. ) ;
#39 = ORIENTED_EDGE ( 'NONE', *, *, #1417, .T. ) ;
#40 = ORIENTED_EDGE ( 'NONE', *, *, #695, .F. ) ;
#41 = EDGE_CURVE ( 'NONE', #7, #706, #1517, .T. ) ;
#42 = ORIENTED_EDGE ( 'NONE', *, *, #1262, .F. ) ;
#43 = FACE_OUTER_BOUND ( 'NONE', #725, .T. ) ;
#44 = CARTESIAN_POINT ( 'NONE',  ( -52.41718750000001847, -37.69069019189630865, 9.999999999999987566 ) ) ;
#45 = LINE ( 'NONE', #605, #983 ) ;
#46 = CARTESIAN_POINT ( 'NONE',  ( 15.28281249999997371, -9.967187499999976552, -9.795210067430017986 ) ) ;
#47 = ORIENTED_EDGE ( 'NONE', *, *, #612, .F. ) ;
#48 = ORIENTED_EDGE ( 'NONE', *, *, #1347, .T. ) ;
#49 = ORIENTED_EDGE ( 'NONE', *, *, #349, .T. ) ;
#50 = EDGE_CURVE ( 'NONE', #119, #1131, #1488, .T. ) ;
#51 = LINE ( 'NONE', #1500, #1 ) ;
#52 = AXIS2_PLACEMENT_3D ( 'NONE', #1412, #1580, #1268 ) ;
#53 = DIRECTION ( 'NONE',  ( 0.000000000000000000, 1.000000000000000000, 0.000000000000000000 ) ) ;
#54 = LINE ( 'NONE', #1188, #1458 ) ;
#55 = CARTESIAN_POINT ( 'NONE',  ( -9.917187500000022027, -9.967187499999971223, -9.795210067430017986 ) ) ;
#56 = VECTOR ( 'NONE', #1566, 999.9999999999998863 ) ;
#57 = ORIENTED_EDGE ( 'NONE', *, *, #1835, .F. ) ;
#58 = VECTOR ( 'NONE', #1433, 1000.000000000000000 ) ;
#59 = ORIENTED_EDGE ( 'NONE', *, *, #1208, .F. ) ;
#60 = AXIS2_PLACEMENT_3D ( 'NONE', #992, #1563, #271 ) ;
#61 = DIRECTION ( 'NONE',  ( 1.000000000000000000, 1.156482317317871478E-16, 0.000000000000000000 ) ) ;
#62 = DIRECTION ( 'NONE',  ( 0.000000000000000000, 1.000000000000000000, 0.000000000000000000 ) ) ;
#63 = VERTEX_POINT ( 'NONE', #1780 ) ;
#64 = LINE ( 'NONE', #338, #1183 ) ;
#65 = EDGE_CURVE ( 'NONE', #1331, #1838, #766, .T. ) ;
#66 = PLANE ( 'NONE',  #1670 ) ;
#67 = DIRECTION ( 'NONE',  ( 0.000000000000000000, 0.000000000000000000, 1.000000000000000000 ) ) ;
#68 = DIRECTION ( 'NONE',  ( 0.000000000000000000, 0.000000000000000000, -1.000000000000000000 ) ) ;
#69 = LINE ( 'NONE', #628, #344 ) ;
#70 = ORIENTED_EDGE ( 'NONE', *, *, #743, .F. ) ;
#71 = CARTESIAN_POINT ( 'NONE',  ( 25.13281249999999289, -31.91718750000005400, 10.00000000000000000 ) ) ;
#72 = DIRECTION ( 'NONE',  ( 1.000000000000000000, 1.288160997012480489E-16, -0.000000000000000000 ) ) ;
#73 = FACE_OUTER_BOUND ( 'NONE', #1575, .T. ) ;
#74 = DIRECTION ( 'NONE',  ( 0.000000000000000000, 1.000000000000000000, 0.000000000000000000 ) ) ;
#75 = ADVANCED_FACE ( 'NONE', ( #659, #939 ), #911, .T. ) ;
#76 = FACE_OUTER_BOUND ( 'NONE', #844, .T. ) ;
#77 = EDGE_LOOP ( 'NONE', ( #891, #855, #299, #947 ) ) ;
#78 = DIRECTION ( 'NONE',  ( -1.442222014787670146E-14, -1.000000000000000000, 0.000000000000000000 ) ) ;
#79 = ORIENTED_EDGE ( 'NONE', *, *, #615, .F. ) ;
#80 = CARTESIAN_POINT ( 'NONE',  ( -25.86718750000002132, -31.91718750000006821, 4.999999999999997335 ) ) ;
#81 = CARTESIAN_POINT ( 'NONE',  ( -9.917187500000025580, -17.31718750000001350, -13.54521006743001621 ) ) ;
#82 = VECTOR ( 'NONE', #17, 1000.000000000000000 ) ;
#83 = DIRECTION ( 'NONE',  ( 1.000000000000000000, -2.312964634635744436E-16, -0.000000000000000000 ) ) ;
#84 = DIRECTION ( 'NONE',  ( 1.152640183373293720E-16, -1.000000000000000000, 0.000000000000000000 ) ) ;
#85 = EDGE_CURVE ( 'NONE', #1029, #1304, #622, .T. ) ;
#86 = ORIENTED_EDGE ( 'NONE', *, *, #1733, .T. ) ;
#87 = AXIS2_PLACEMENT_3D ( 'NONE', #478, #499, #78 ) ;
#88 = DIRECTION ( 'NONE',  ( -0.000000000000000000, -0.000000000000000000, -1.000000000000000000 ) ) ;
#89 = VECTOR ( 'NONE', #845, 1000.000000000000000 ) ;
#90 = DIRECTION ( 'NONE',  ( -3.499808259662234298E-16, -1.000000000000000000, -0.000000000000000000 ) ) ;
#91 = DIRECTION ( 'NONE',  ( 0.000000000000000000, 0.000000000000000000, -1.000000000000000000 ) ) ;
#92 = CARTESIAN_POINT ( 'NONE',  ( 28.18281249999999361, -31.91718750000005400, 10.00000000000000000 ) ) ;
#93 = CARTESIAN_POINT ( 'NONE',  ( -25.86718750000002132, -31.91718750000006821, -40.00000000000000000 ) ) ;
#94 = DIRECTION ( 'NONE',  ( 1.000000000000000000, 0.000000000000000000, 0.000000000000000000 ) ) ;
#95 = EDGE_LOOP ( 'NONE', ( #861, #516, #917, #1651 ) ) ;
#96 = ORIENTED_EDGE ( 'NONE', *, *, #852, .F. ) ;
#97 = EDGE_CURVE ( 'NONE', #1044, #36, #1507, .T. ) ;
#98 = PLANE ( 'NONE',  #1239 ) ;
#99 = LINE ( 'NONE', #2, #1757 ) ;
#100 = DIRECTION ( 'NONE',  ( 0.000000000000000000, 1.000000000000000000, -0.000000000000000000 ) ) ;
#101 = CARTESIAN_POINT ( 'NONE',  ( -7.417187500000019362, -9.967187499999971223, -9.795210067430017986 ) ) ;
#102 = ORIENTED_EDGE ( 'NONE', *, *, #593, .T. ) ;
#103 = VERTEX_POINT ( 'NONE', #1772 ) ;
#104 = ORIENTED_EDGE ( 'NONE', *, *, #1427, .T. ) ;
#105 = ADVANCED_FACE ( 'NONE', ( #1644 ), #215, .F. ) ;
#106 = CARTESIAN_POINT ( 'NONE',  ( 12.78281249999997726, -9.967187499999976552, -9.795210067430017986 ) ) ;
#107 = LINE ( 'NONE', #1560, #1481 ) ;
#108 = DIRECTION ( 'NONE',  ( 1.000000000000000000, -4.625929269271486900E-16, 0.000000000000000000 ) ) ;
#109 = AXIS2_PLACEMENT_3D ( 'NONE', #546, #1019, #303 ) ;
#110 = ORIENTED_EDGE ( 'NONE', *, *, #316, .T. ) ;
#111 = ORIENTED_EDGE ( 'NONE', *, *, #188, .T. ) ;
#112 = DIRECTION ( 'NONE',  ( 0.5000000000000127676, 0.8660254037844313801, -0.000000000000000000 ) ) ;
#113 = AXIS2_PLACEMENT_3D ( 'NONE', #738, #1719, #884 ) ;
#114 = ORIENTED_EDGE ( 'NONE', *, *, #425, .F. ) ;
#115 = CIRCLE ( 'NONE', #1104, 2.550000000000000266 ) ;
#116 = EDGE_CURVE ( 'NONE', #1390, #838, #1070, .T. ) ;
#117 = CARTESIAN_POINT ( 'NONE',  ( 15.28281249999997371, -4.867187499999976019, -9.795210067430017986 ) ) ;
#118 = FACE_OUTER_BOUND ( 'NONE', #264, .T. ) ;
#119 = VERTEX_POINT ( 'NONE', #794 ) ;
#120 = CARTESIAN_POINT ( 'NONE',  ( -22.81718750000002416, -31.91718750000006821, 4.999999999999997335 ) ) ;
#121 = ORIENTED_EDGE ( 'NONE', *, *, #1253, .F. ) ;
#122 = ORIENTED_EDGE ( 'NONE', *, *, #852, .T. ) ;
#123 = CARTESIAN_POINT ( 'NONE',  ( 57.78281249999999147, -37.69069019189630865, 9.999999999999987566 ) ) ;
#124 = LINE ( 'NONE', #1226, #671 ) ;
#125 = CARTESIAN_POINT ( 'NONE',  ( 12.78281249999997904, -17.31718749999999929, 0.000000000000000000 ) ) ;
#126 = ORIENTED_EDGE ( 'NONE', *, *, #1355, .T. ) ;
#127 = EDGE_CURVE ( 'NONE', #1557, #1029, #206, .T. ) ;
#128 = DIRECTION ( 'NONE',  ( -4.625929269271486900E-16, -1.000000000000000000, -5.012734696748430964E-16 ) ) ;
#129 = VERTEX_POINT ( 'NONE', #1363 ) ;
#130 = VERTEX_POINT ( 'NONE', #507 ) ;
#131 = LINE ( 'NONE', #123, #1332 ) ;
#132 = CARTESIAN_POINT ( 'NONE',  ( -42.89531131790577234, -57.51718749999999858, 2.450000000000001066 ) ) ;
#133 = DIRECTION ( 'NONE',  ( 0.000000000000000000, 0.000000000000000000, 1.000000000000000000 ) ) ;
#134 = DIRECTION ( 'NONE',  ( -0.000000000000000000, -0.000000000000000000, -1.000000000000000000 ) ) ;
#135 = CARTESIAN_POINT ( 'NONE',  ( 12.78281249999997904, -17.51718749999999503, 0.000000000000000000 ) ) ;
#136 = EDGE_CURVE ( 'NONE', #1499, #669, #1088, .T. ) ;
#137 = VECTOR ( 'NONE', #441, 1000.000000000000000 ) ;
#138 = ORIENTED_EDGE ( 'NONE', *, *, #97, .F. ) ;
#139 = VERTEX_POINT ( 'NONE', #1571 ) ;
#140 = PLANE ( 'NONE',  #196 ) ;
#141 = AXIS2_PLACEMENT_3D ( 'NONE', #182, #780, #1654 ) ;
#142 = CARTESIAN_POINT ( 'NONE',  ( 23.18281250000000071, -29.03043615405190181, 0.000000000000000000 ) ) ;
#143 = CARTESIAN_POINT ( 'NONE',  ( -27.81718749999997797, -29.03043615405186273, 5.000000000000000000 ) ) ;
#144 = VECTOR ( 'NONE', #1663, 1000.000000000000227 ) ;
#145 = EDGE_LOOP ( 'NONE', ( #681, #940 ) ) ;
#146 = LINE ( 'NONE', #411, #89 ) ;
#147 = VERTEX_POINT ( 'NONE', #55 ) ;
#148 = VERTEX_POINT ( 'NONE', #723 ) ;
#149 = ADVANCED_FACE ( 'NONE', ( #427 ), #1010, .F. ) ;
#150 = CARTESIAN_POINT ( 'NONE',  ( 15.28281249999997371, -7.417187499999975842, -9.795210067430017986 ) ) ;
#151 = LINE ( 'NONE', #1730, #163 ) ;
#152 = DIRECTION ( 'NONE',  ( -0.4999999999999958367, 0.8660254037844411501, 0.000000000000000000 ) ) ;
#153 = EDGE_LOOP ( 'NONE', ( #696, #1555, #207 ) ) ;
#154 = ORIENTED_EDGE ( 'NONE', *, *, #1310, .T. ) ;
#155 = ORIENTED_EDGE ( 'NONE', *, *, #1685, .F. ) ;
#156 = CARTESIAN_POINT ( 'NONE',  ( -22.41718750000001847, -11.16718749999997762, 0.000000000000000000 ) ) ;
#157 = ADVANCED_FACE ( 'NONE', ( #233 ), #483, .F. ) ;
#158 = LINE ( 'NONE', #296, #370 ) ;
#159 = CARTESIAN_POINT ( 'NONE',  ( 28.18281249999996163, -37.69069019189630865, 5.000000000000000000 ) ) ;
#160 = VERTEX_POINT ( 'NONE', #494 ) ;
#161 = ORIENTED_EDGE ( 'NONE', *, *, #498, .T. ) ;
#162 = ORIENTED_EDGE ( 'NONE', *, *, #730, .F. ) ;
#163 = VECTOR ( 'NONE', #721, 1000.000000000000000 ) ;
#164 = DIRECTION ( 'NONE',  ( -0.3152817635568326837, -0.9489981083060669009, 0.000000000000000000 ) ) ;
#165 = PLANE ( 'NONE',  #1728 ) ;
#166 = CARTESIAN_POINT ( 'NONE',  ( 33.18281250000000426, -29.03043615405194799, 5.000000000000000000 ) ) ;
#167 = ADVANCED_FACE ( 'NONE', ( #1786, #76 ), #1805, .F. ) ;
#168 = ORIENTED_EDGE ( 'NONE', *, *, #1143, .F. ) ;
#169 = VECTOR ( 'NONE', #796, 1000.000000000000000 ) ;
#170 = EDGE_CURVE ( 'NONE', #1066, #1596, #213, .T. ) ;
#171 = VERTEX_POINT ( 'NONE', #476 ) ;
#172 = ORIENTED_EDGE ( 'NONE', *, *, #1173, .T. ) ;
#173 = CARTESIAN_POINT ( 'NONE',  ( 0.000000000000000000, 0.000000000000000000, 0.000000000000000000 ) ) ;
#174 = VERTEX_POINT ( 'NONE', #657 ) ;
#175 = DIRECTION ( 'NONE',  ( 0.000000000000000000, 1.000000000000000000, 0.000000000000000000 ) ) ;
#176 = CARTESIAN_POINT ( 'NONE',  ( 23.18281250000000071, -29.03043615405190181, 5.000000000000000000 ) ) ;
#177 = LINE ( 'NONE', #1048, #926 ) ;
#178 = EDGE_CURVE ( 'NONE', #1677, #1029, #1483, .T. ) ;
#179 = VERTEX_POINT ( 'NONE', #929 ) ;
#180 = VERTEX_POINT ( 'NONE', #1060 ) ;
#181 = ADVANCED_FACE ( 'NONE', ( #791 ), #514, .F. ) ;
#182 = CARTESIAN_POINT ( 'NONE',  ( 0.000000000000000000, -57.51718749999999858, 10.00000000000000000 ) ) ;
#183 = DIRECTION ( 'NONE',  ( 1.288160997012480489E-16, -1.000000000000000000, 0.000000000000000000 ) ) ;
#184 = CARTESIAN_POINT ( 'NONE',  ( -17.81718749999998153, -29.03043615405202260, 5.000000000000000000 ) ) ;
#185 = CARTESIAN_POINT ( 'NONE',  ( -22.41718750000001847, 2.682812500000002931, 10.00000000000000000 ) ) ;
#186 = ORIENTED_EDGE ( 'NONE', *, *, #418, .T. ) ;
#187 = EDGE_LOOP ( 'NONE', ( #578, #1192, #1117, #1106 ) ) ;
#188 = EDGE_CURVE ( 'NONE', #711, #1379, #1777, .T. ) ;
#189 = DIRECTION ( 'NONE',  ( 0.000000000000000000, -0.000000000000000000, 1.000000000000000000 ) ) ;
#190 = CYLINDRICAL_SURFACE ( 'NONE', #1758, 2.550000000000000266 ) ;
#191 = VECTOR ( 'NONE', #634, 1000.000000000000227 ) ;
#192 = LINE ( 'NONE', #1493, #1327 ) ;
#193 = CARTESIAN_POINT ( 'NONE',  ( -35.83031131790576751, -37.69069019189630865, 8.673617379884035472E-15 ) ) ;
#194 = CARTESIAN_POINT ( 'NONE',  ( 0.000000000000000000, -57.51718749999999858, 10.00000000000000000 ) ) ;
#195 = CARTESIAN_POINT ( 'NONE',  ( -27.14274986557785851, -7.042749865577966339, 5.120698794279473276 ) ) ;
#196 = AXIS2_PLACEMENT_3D ( 'NONE', #895, #1018, #1140 ) ;
#197 = AXIS2_PLACEMENT_3D ( 'NONE', #1000, #1844, #1261 ) ;
#198 = CARTESIAN_POINT ( 'NONE',  ( 48.26093631790573824, -37.69069019189630865, 7.550000000000000711 ) ) ;
#199 = ORIENTED_EDGE ( 'NONE', *, *, #302, .F. ) ;
#200 = FACE_OUTER_BOUND ( 'NONE', #1833, .T. ) ;
#201 = EDGE_CURVE ( 'NONE', #961, #993, #204, .T. ) ;
#202 = DIRECTION ( 'NONE',  ( -0.000000000000000000, -0.000000000000000000, -1.000000000000000000 ) ) ;
#203 = CARTESIAN_POINT ( 'NONE',  ( -42.89531131790577234, -73.69069019189630865, 5.000000000000000000 ) ) ;
#204 = LINE ( 'NONE', #957, #1215 ) ;
#205 = EDGE_LOOP ( 'NONE', ( #533, #104, #756, #110, #477 ) ) ;
#206 = LINE ( 'NONE', #1352, #928 ) ;
#207 = ORIENTED_EDGE ( 'NONE', *, *, #316, .F. ) ;
#208 = CARTESIAN_POINT ( 'NONE',  ( 12.78281249999997549, -3.667187499999977618, -16.25425208091603224 ) ) ;
#209 = CARTESIAN_POINT ( 'NONE',  ( 27.78281249999997371, 2.682812500000020250, 8.673617379884035472E-15 ) ) ;
#210 = CARTESIAN_POINT ( 'NONE',  ( 48.26093631790573824, -37.69069019189630865, 2.450000000000003730 ) ) ;
#211 = ADVANCED_FACE ( 'NONE', ( #1505, #784, #1357, #1086 ), #915, .T. ) ;
#212 = DIRECTION ( 'NONE',  ( 0.000000000000000000, 1.000000000000000000, 0.000000000000000000 ) ) ;
#213 = LINE ( 'NONE', #1077, #283 ) ;
#214 = EDGE_LOOP ( 'NONE', ( #1387, #1583 ) ) ;
#215 = PLANE ( 'NONE',  #1072 ) ;
#216 = LINE ( 'NONE', #1633, #169 ) ;
#217 = LINE ( 'NONE', #798, #797 ) ;
#218 = CIRCLE ( 'NONE', #1814, 3.049999999999997158 ) ;
#219 = CARTESIAN_POINT ( 'NONE',  ( -9.917187500000018474, -3.667187499999977618, -0.2542520809160307982 ) ) ;
#220 = EDGE_CURVE ( 'NONE', #31, #1066, #1349, .T. ) ;
#221 = LINE ( 'NONE', #802, #1726 ) ;
#222 = DIRECTION ( 'NONE',  ( -4.625929269271486900E-16, -1.000000000000000000, 0.000000000000000000 ) ) ;
#223 = ORIENTED_EDGE ( 'NONE', *, *, #1034, .F. ) ;
#224 = EDGE_CURVE ( 'NONE', #711, #838, #363, .T. ) ;
#225 = VECTOR ( 'NONE', #1606, 1000.000000000000000 ) ;
#226 = AXIS2_PLACEMENT_3D ( 'NONE', #460, #1492, #1055 ) ;
#227 = LINE ( 'NONE', #1202, #1640 ) ;
#228 = AXIS2_PLACEMENT_3D ( 'NONE', #1703, #850, #1269 ) ;
#229 = DIRECTION ( 'NONE',  ( -0.3152817635568329613, 0.9489981083060667899, 0.000000000000000000 ) ) ;
#230 = DIRECTION ( 'NONE',  ( 1.000000000000000000, -0.000000000000000000, -0.000000000000000000 ) ) ;
#231 = FACE_OUTER_BOUND ( 'NONE', #1769, .T. ) ;
#232 = FACE_OUTER_BOUND ( 'NONE', #1121, .T. ) ;
#233 = FACE_OUTER_BOUND ( 'NONE', #565, .T. ) ;
#234 = ORIENTED_EDGE ( 'NONE', *, *, #1789, .F. ) ;
#235 = EDGE_CURVE ( 'NONE', #180, #733, #69, .T. ) ;
#236 = ADVANCED_FACE ( 'NONE', ( #646 ), #1220, .F. ) ;
#237 = ORIENTED_EDGE ( 'NONE', *, *, #1570, .F. ) ;
#238 = ORIENTED_EDGE ( 'NONE', *, *, #672, .F. ) ;
#239 = LINE ( 'NONE', #369, #772 ) ;
#240 = DIRECTION ( 'NONE',  ( 0.5612820066940766850, -0.5612820066940708008, 0.6082146150191949374 ) ) ;
#241 = DIRECTION ( 'NONE',  ( -0.6781842809213142198, 1.568616257536872266E-16, -0.7348918839606544129 ) ) ;
#242 = ORIENTED_EDGE ( 'NONE', *, *, #1597, .F. ) ;
#243 = ORIENTED_EDGE ( 'NONE', *, *, #1222, .T. ) ;
#244 = ADVANCED_FACE ( 'NONE', ( #803 ), #1369, .F. ) ;
#245 = FACE_OUTER_BOUND ( 'NONE', #412, .T. ) ;
#246 = ORIENTED_EDGE ( 'NONE', *, *, #235, .T. ) ;
#247 = CARTESIAN_POINT ( 'NONE',  ( -5.417187499999672085, 14.68281250000000604, 0.000000000000000000 ) ) ;
#248 = LINE ( 'NONE', #828, #1636 ) ;
#249 = DIRECTION ( 'NONE',  ( -1.000000000000000000, 0.000000000000000000, -0.000000000000000000 ) ) ;
#250 = VECTOR ( 'NONE', #1039, 1000.000000000000000 ) ;
#251 = VERTEX_POINT ( 'NONE', #210 ) ;
#252 = PLANE ( 'NONE',  #60 ) ;
#253 = VECTOR ( 'NONE', #134, 1000.000000000000000 ) ;
#254 = ORIENTED_EDGE ( 'NONE', *, *, #1428, .T. ) ;
#255 = CIRCLE ( 'NONE', #403, 3.050000000000000711 ) ;
#256 = EDGE_LOOP ( 'NONE', ( #697, #1146 ) ) ;
#257 = AXIS2_PLACEMENT_3D ( 'NONE', #436, #773, #1159 ) ;
#258 = ADVANCED_FACE ( 'NONE', ( #1795 ), #503, .T. ) ;
#259 = CARTESIAN_POINT ( 'NONE',  ( 22.78281249999997726, -3.667187499999976730, -5.418084026971998313 ) ) ;
#260 = EDGE_CURVE ( 'NONE', #1639, #1398, #131, .T. ) ;
#261 = LINE ( 'NONE', #1136, #1366 ) ;
#262 = VERTEX_POINT ( 'NONE', #535 ) ;
#263 = DIRECTION ( 'NONE',  ( 0.000000000000000000, 0.000000000000000000, 1.000000000000000000 ) ) ;
#264 = EDGE_LOOP ( 'NONE', ( #1456, #126, #573, #984 ) ) ;
#265 = DIRECTION ( 'NONE',  ( -1.000000000000000000, 0.000000000000000000, -0.000000000000000000 ) ) ;
#266 = ORIENTED_EDGE ( 'NONE', *, *, #38, .F. ) ;
#267 = LINE ( 'NONE', #433, #555 ) ;
#268 = LINE ( 'NONE', #416, #137 ) ;
#269 = DIRECTION ( 'NONE',  ( -0.000000000000000000, -0.000000000000000000, -1.000000000000000000 ) ) ;
#270 = EDGE_CURVE ( 'NONE', #449, #1662, #518, .T. ) ;
#271 = DIRECTION ( 'NONE',  ( -2.312964634635744436E-16, -1.000000000000000000, 0.000000000000000000 ) ) ;
#272 = VERTEX_POINT ( 'NONE', #106 ) ;
#273 = EDGE_LOOP ( 'NONE', ( #1344, #243 ) ) ;
#274 = LINE ( 'NONE', #1598, #583 ) ;
#275 = LINE ( 'NONE', #408, #1608 ) ;
#276 = DIRECTION ( 'NONE',  ( 0.000000000000000000, 1.000000000000000000, 0.000000000000000000 ) ) ;
#277 = CARTESIAN_POINT ( 'NONE',  ( -42.89531131790577234, -37.69069019189630865, 2.450000000000001066 ) ) ;
#278 = AXIS2_PLACEMENT_3D ( 'NONE', #727, #1296, #53 ) ;
#279 = EDGE_CURVE ( 'NONE', #1639, #1263, #663, .T. ) ;
#280 = EDGE_LOOP ( 'NONE', ( #909, #1119, #1516, #1409 ) ) ;
#281 = VERTEX_POINT ( 'NONE', #1375 ) ;
#282 = EDGE_CURVE ( 'NONE', #147, #1265, #1123, .T. ) ;
#283 = VECTOR ( 'NONE', #1650, 1000.000000000000000 ) ;
#284 = AXIS2_PLACEMENT_3D ( 'NONE', #1305, #422, #1294 ) ;
#285 = DIRECTION ( 'NONE',  ( 0.000000000000000000, -0.000000000000000000, 1.000000000000000000 ) ) ;
#286 = CIRCLE ( 'NONE', #739, 2.549999999999999378 ) ;
#287 = CARTESIAN_POINT ( 'NONE',  ( 41.19593631790574051, -37.69069019189631575, 10.00000000000000000 ) ) ;
#288 = CARTESIAN_POINT ( 'NONE',  ( -9.917187500000018474, -3.667187499999977618, -0.2542520809160307982 ) ) ;
#289 = ORIENTED_EDGE ( 'NONE', *, *, #1208, .T. ) ;
#290 = DIRECTION ( 'NONE',  ( -0.8660254037844311581, 0.5000000000000131006, 0.000000000000000000 ) ) ;
#291 = ORIENTED_EDGE ( 'NONE', *, *, #1835, .T. ) ;
#292 = ORIENTED_EDGE ( 'NONE', *, *, #692, .T. ) ;
#293 = EDGE_CURVE ( 'NONE', #1836, #1283, #1114, .T. ) ;
#294 = ORIENTED_EDGE ( 'NONE', *, *, #484, .T. ) ;
#295 = CARTESIAN_POINT ( 'NONE',  ( -10.04999999999981242, 10.04999999999991367, 10.00000000000000000 ) ) ;
#296 = CARTESIAN_POINT ( 'NONE',  ( -42.89531131790577234, -73.69069019189630865, 2.450000000000001066 ) ) ;
#297 = LINE ( 'NONE', #35, #346 ) ;
#298 = ORIENTED_EDGE ( 'NONE', *, *, #201, .F. ) ;
#299 = ORIENTED_EDGE ( 'NONE', *, *, #684, .T. ) ;
#300 = EDGE_CURVE ( 'NONE', #384, #20, #559, .T. ) ;
#301 = CARTESIAN_POINT ( 'NONE',  ( 48.26093631790573824, -57.51718749999999858, 7.550000000000000711 ) ) ;
#302 = EDGE_CURVE ( 'NONE', #1564, #36, #255, .T. ) ;
#303 = DIRECTION ( 'NONE',  ( 1.000000000000000000, 0.000000000000000000, 0.000000000000000000 ) ) ;
#304 = CARTESIAN_POINT ( 'NONE',  ( 10.78281249999962199, 14.68281250000000959, -3.741039596161104465E-15 ) ) ;
#305 = VERTEX_POINT ( 'NONE', #1673 ) ;
#306 = ORIENTED_EDGE ( 'NONE', *, *, #729, .T. ) ;
#307 = ORIENTED_EDGE ( 'NONE', *, *, #279, .F. ) ;
#308 = PRESENTATION_STYLE_ASSIGNMENT (( #1779 ) ) ;
#309 = VECTOR ( 'NONE', #1115, 1000.000000000000000 ) ;
#310 = FACE_OUTER_BOUND ( 'NONE', #153, .T. ) ;
#311 = DIRECTION ( 'NONE',  ( -0.000000000000000000, -0.000000000000000000, 1.000000000000000000 ) ) ;
#312 = AXIS2_PLACEMENT_3D ( 'NONE', #579, #1612, #1207 ) ;
#313 = DIRECTION ( 'NONE',  ( 0.000000000000000000, 0.000000000000000000, 1.000000000000000000 ) ) ;
#314 = EDGE_CURVE ( 'NONE', #838, #620, #99, .T. ) ;
#315 = VECTOR ( 'NONE', #1809, 1000.000000000000000 ) ;
#316 = EDGE_CURVE ( 'NONE', #1577, #449, #1241, .T. ) ;
#317 = AXIS2_PLACEMENT_3D ( 'NONE', #982, #551, #263 ) ;
#318 = ORIENTED_EDGE ( 'NONE', *, *, #1185, .T. ) ;
#319 = ORIENTED_EDGE ( 'NONE', *, *, #936, .F. ) ;
#320 = VERTEX_POINT ( 'NONE', #1411 ) ;
#321 = CARTESIAN_POINT ( 'NONE',  ( 0.000000000000000000, 2.682812500000002931, 0.000000000000000000 ) ) ;
#322 = FACE_OUTER_BOUND ( 'NONE', #883, .T. ) ;
#323 = CARTESIAN_POINT ( 'NONE',  ( 23.18281250000000071, -29.03043615405190181, 5.000000000000000000 ) ) ;
#324 = EDGE_CURVE ( 'NONE', #496, #31, #239, .T. ) ;
#325 = CARTESIAN_POINT ( 'NONE',  ( 28.18281249999996163, -37.69069019189630865, 0.000000000000000000 ) ) ;
#326 = ORIENTED_EDGE ( 'NONE', *, *, #1537, .F. ) ;
#327 = ORIENTED_EDGE ( 'NONE', *, *, #1463, .T. ) ;
#328 = DIRECTION ( 'NONE',  ( 1.000000000000000000, -0.000000000000000000, -0.000000000000000000 ) ) ;
#329 = LINE ( 'NONE', #1345, #804 ) ;
#330 = CARTESIAN_POINT ( 'NONE',  ( 2.582812500000408296, 22.68281250000001137, -16.25425208091602869 ) ) ;
#331 = DIRECTION ( 'NONE',  ( -0.000000000000000000, 1.000000000000000000, -0.000000000000000000 ) ) ;
#332 = DIRECTION ( 'NONE',  ( -0.000000000000000000, 0.000000000000000000, 1.000000000000000000 ) ) ;
#333 = ORIENTED_EDGE ( 'NONE', *, *, #843, .T. ) ;
#334 = EDGE_CURVE ( 'NONE', #148, #1564, #394, .T. ) ;
#335 = DIRECTION ( 'NONE',  ( -0.8660254037844460351, -0.4999999999999871214, 0.000000000000000000 ) ) ;
#336 = ORIENTED_EDGE ( 'NONE', *, *, #136, .T. ) ;
#337 = AXIS2_PLACEMENT_3D ( 'NONE', #381, #1093, #1227 ) ;
#338 = CARTESIAN_POINT ( 'NONE',  ( 2.782812499999536726, 22.68281250000001137, -16.25425208091603224 ) ) ;
#339 = VECTOR ( 'NONE', #613, 1000.000000000000000 ) ;
#340 = PLANE ( 'NONE',  #1177 ) ;
#341 = MANIFOLD_SOLID_BREP ( 'Cut-Extrude9', #675 ) ;
#342 = LINE ( 'NONE', #1178, #368 ) ;
#343 = CARTESIAN_POINT ( 'NONE',  ( 0.000000000000000000, 0.000000000000000000, 10.00000000000000000 ) ) ;
#344 = VECTOR ( 'NONE', #1200, 1000.000000000000000 ) ;
#345 = ORIENTED_EDGE ( 'NONE', *, *, #314, .F. ) ;
#346 = VECTOR ( 'NONE', #1440, 1000.000000000000000 ) ;
#347 = SURFACE_STYLE_FILL_AREA ( #1604 ) ;
#348 = DIRECTION ( 'NONE',  ( -0.6781842809213142198, -0.000000000000000000, 0.7348918839606544129 ) ) ;
#349 = EDGE_CURVE ( 'NONE', #1465, #742, #407, .T. ) ;
#350 = FACE_OUTER_BOUND ( 'NONE', #538, .T. ) ;
#351 = DIRECTION ( 'NONE',  ( 1.000000000000000000, 0.000000000000000000, -0.000000000000000000 ) ) ;
#352 = LINE ( 'NONE', #1085, #857 ) ;
#353 = CARTESIAN_POINT ( 'NONE',  ( 28.18281250000001847, -26.14368480810379580, 5.000000000000000000 ) ) ;
#354 = VERTEX_POINT ( 'NONE', #986 ) ;
#355 = DIRECTION ( 'NONE',  ( -0.000000000000000000, -0.000000000000000000, 1.000000000000000000 ) ) ;
#356 = ORIENTED_EDGE ( 'NONE', *, *, #590, .T. ) ;
#357 = LINE ( 'NONE', #941, #1272 ) ;
#358 = EDGE_CURVE ( 'NONE', #620, #1390, #267, .T. ) ;
#359 = DIRECTION ( 'NONE',  ( 0.000000000000000000, 0.000000000000000000, 1.000000000000000000 ) ) ;
#360 = EDGE_CURVE ( 'NONE', #1331, #1623, #1421, .T. ) ;
#361 = DIRECTION ( 'NONE',  ( 0.7348918839606544129, 0.000000000000000000, -0.6781842809213142198 ) ) ;
#362 = FACE_OUTER_BOUND ( 'NONE', #376, .T. ) ;
#363 = LINE ( 'NONE', #374, #1818 ) ;
#364 = VERTEX_POINT ( 'NONE', #1729 ) ;
#365 = FACE_OUTER_BOUND ( 'NONE', #685, .T. ) ;
#366 = CARTESIAN_POINT ( 'NONE',  ( -52.41718750000001137, -57.51718749999998437, 0.000000000000000000 ) ) ;
#367 = CARTESIAN_POINT ( 'NONE',  ( 28.18281249999999361, -31.91718750000005400, 4.999999999999997335 ) ) ;
#368 = VECTOR ( 'NONE', #889, 1000.000000000000114 ) ;
#369 = CARTESIAN_POINT ( 'NONE',  ( -27.81718749999997797, -29.03043615405186273, 5.000000000000000000 ) ) ;
#370 = VECTOR ( 'NONE', #3, 1000.000000000000000 ) ;
#371 = LINE ( 'NONE', #1822, #950 ) ;
#372 = LINE ( 'NONE', #956, #1693 ) ;
#373 = ADVANCED_FACE ( 'NONE', ( #310 ), #140, .T. ) ;
#374 = CARTESIAN_POINT ( 'NONE',  ( -22.41718750000001847, -2.583895111071352915E-15, 0.000000000000000000 ) ) ;
#375 = EDGE_CURVE ( 'NONE', #1398, #993, #1710, .T. ) ;
#376 = EDGE_LOOP ( 'NONE', ( #1788, #42, #1027, #1434 ) ) ;
#377 = EDGE_LOOP ( 'NONE', ( #199, #1314 ) ) ;
#378 = AXIS2_PLACEMENT_3D ( 'NONE', #990, #152, #691 ) ;
#379 = FILL_AREA_STYLE ('',( #1821 ) ) ;
#380 = CYLINDRICAL_SURFACE ( 'NONE', #732, 2.550000000000000266 ) ;
#381 = CARTESIAN_POINT ( 'NONE',  ( 12.78281249999997726, -7.417187499999974953, -9.795210067430017986 ) ) ;
#382 = ADVANCED_FACE ( 'NONE', ( #43 ), #878, .T. ) ;
#383 = VERTEX_POINT ( 'NONE', #1438 ) ;
#384 = VERTEX_POINT ( 'NONE', #301 ) ;
#385 = FACE_BOUND ( 'NONE', #541, .T. ) ;
#386 = ORIENTED_EDGE ( 'NONE', *, *, #719, .T. ) ;
#387 = DIRECTION ( 'NONE',  ( 1.000000000000000000, 0.000000000000000000, 0.000000000000000000 ) ) ;
#388 = FACE_BOUND ( 'NONE', #1816, .T. ) ;
#389 = ORIENTED_EDGE ( 'NONE', *, *, #224, .F. ) ;
#390 = ORIENTED_EDGE ( 'NONE', *, *, #302, .T. ) ;
#391 = ADVANCED_FACE ( 'NONE', ( #1460 ), #1590, .T. ) ;
#392 = ADVANCED_FACE ( 'NONE', ( #713 ), #414, .F. ) ;
#393 = ORIENTED_EDGE ( 'NONE', *, *, #1023, .F. ) ;
#394 = LINE ( 'NONE', #953, #954 ) ;
#395 = CARTESIAN_POINT ( 'NONE',  ( 48.26093631790573824, -73.69069019189630865, 5.000000000000002665 ) ) ;
#396 = CARTESIAN_POINT ( 'NONE',  ( 2.782812499999540723, 22.68281250000001137, -9.654820345981833347E-16 ) ) ;
#397 = CIRCLE ( 'NONE', #337, 2.550000000000000266 ) ;
#398 = VECTOR ( 'NONE', #740, 1000.000000000000000 ) ;
#399 = ORIENTED_EDGE ( 'NONE', *, *, #1451, .F. ) ;
#400 = LINE ( 'NONE', #366, #1425 ) ;
#401 = VECTOR ( 'NONE', #61, 1000.000000000000000 ) ;
#402 = ORIENTED_EDGE ( 'NONE', *, *, #1437, .F. ) ;
#403 = AXIS2_PLACEMENT_3D ( 'NONE', #1267, #1839, #839 ) ;
#404 = EDGE_LOOP ( 'NONE', ( #298, #1615, #1593, #1457, #1180, #15, #792, #5, #599, #294, #234, #836, #854, #888, #1671, #995 ) ) ;
#405 = EDGE_CURVE ( 'NONE', #742, #867, #9, .T. ) ;
#406 = VECTOR ( 'NONE', #750, 1000.000000000000000 ) ;
#407 = LINE ( 'NONE', #247, #864 ) ;
#408 = CARTESIAN_POINT ( 'NONE',  ( -7.417187500000019362, 2.682812500000002931, -16.25425208091602869 ) ) ;
#409 = FACE_OUTER_BOUND ( 'NONE', #1574, .T. ) ;
#410 = ORIENTED_EDGE ( 'NONE', *, *, #510, .F. ) ;
#411 = CARTESIAN_POINT ( 'NONE',  ( -7.417187500000017586, 14.68281250000000604, -16.25425208091602869 ) ) ;
#412 = EDGE_LOOP ( 'NONE', ( #534, #1718, #881, #333 ) ) ;
#413 = EDGE_LOOP ( 'NONE', ( #48, #1473, #70, #1292 ) ) ;
#414 = PLANE ( 'NONE',  #113 ) ;
#415 = EDGE_CURVE ( 'NONE', #305, #1836, #440, .T. ) ;
#416 = CARTESIAN_POINT ( 'NONE',  ( 48.26093631790573824, -73.69069019189630865, 2.450000000000003730 ) ) ;
#417 = CARTESIAN_POINT ( 'NONE',  ( 27.78281249999997371, 2.682812500000020250, 10.00000000000000000 ) ) ;
#418 = EDGE_CURVE ( 'NONE', #1265, #608, #1153, .T. ) ;
#419 = CARTESIAN_POINT ( 'NONE',  ( -27.81718750000006324, -34.80393884594813159, 0.000000000000000000 ) ) ;
#420 = ORIENTED_EDGE ( 'NONE', *, *, #877, .F. ) ;
#421 = ORIENTED_EDGE ( 'NONE', *, *, #540, .T. ) ;
#422 = DIRECTION ( 'NONE',  ( 1.000000000000000000, 1.288160997012480489E-16, -0.000000000000000000 ) ) ;
#423 = CARTESIAN_POINT ( 'NONE',  ( 15.28281249999997371, -11.16718749999997584, -0.2542520809160307982 ) ) ;
#424 = DIRECTION ( 'NONE',  ( -0.3152817635568326837, -0.9489981083060669009, 0.000000000000000000 ) ) ;
#425 = EDGE_CURVE ( 'NONE', #1139, #608, #274, .T. ) ;
#426 = AXIS2_PLACEMENT_3D ( 'NONE', #203, #820, #1356 ) ;
#427 = FACE_OUTER_BOUND ( 'NONE', #1240, .T. ) ;
#428 = CARTESIAN_POINT ( 'NONE',  ( 57.78281249999999147, -37.69069019189630865, 0.000000000000000000 ) ) ;
#429 = VECTOR ( 'NONE', #202, 1000.000000000000000 ) ;
#430 = ORIENTED_EDGE ( 'NONE', *, *, #1490, .F. ) ;
#431 = ORIENTED_EDGE ( 'NONE', *, *, #710, .T. ) ;
#432 = AXIS2_PLACEMENT_3D ( 'NONE', #996, #175, #285 ) ;
#433 = CARTESIAN_POINT ( 'NONE',  ( -7.417187500000019362, -17.31718749999999929, -16.25425208091603224 ) ) ;
#434 = VECTOR ( 'NONE', #1479, 1000.000000000000000 ) ;
#435 = LINE ( 'NONE', #1448, #609 ) ;
#436 = CARTESIAN_POINT ( 'NONE',  ( -22.81718750000002416, -31.91718750000006821, 10.00000000000000000 ) ) ;
#437 = EDGE_CURVE ( 'NONE', #1624, #688, #24, .T. ) ;
#438 = ORIENTED_EDGE ( 'NONE', *, *, #127, .F. ) ;
#439 = ORIENTED_EDGE ( 'NONE', *, *, #1373, .T. ) ;
#440 = LINE ( 'NONE', #156, #1043 ) ;
#441 = DIRECTION ( 'NONE',  ( -0.000000000000000000, 1.000000000000000000, -0.000000000000000000 ) ) ;
#442 = FACE_OUTER_BOUND ( 'NONE', #1645, .T. ) ;
#443 = EDGE_LOOP ( 'NONE', ( #806, #1138, #1489, #13 ) ) ;
#444 = LINE ( 'NONE', #1637, #1065 ) ;
#445 = PRODUCT_DEFINITION_CONTEXT ( 'detailed design', #515, 'design' ) ;
#446 = ORIENTED_EDGE ( 'NONE', *, *, #1120, .F. ) ;
#447 = ORIENTED_EDGE ( 'NONE', *, *, #1501, .T. ) ;
#448 = DIRECTION ( 'NONE',  ( -4.807406715958908900E-15, -1.000000000000000000, 0.000000000000000000 ) ) ;
#449 = VERTEX_POINT ( 'NONE', #1430 ) ;
#450 = EDGE_CURVE ( 'NONE', #1128, #1441, #833, .T. ) ;
#451 = DIRECTION ( 'NONE',  ( -0.000000000000000000, -0.000000000000000000, -1.000000000000000000 ) ) ;
#452 = DIRECTION ( 'NONE',  ( 0.9489981083060667899, 0.3152817635568329613, -0.000000000000000000 ) ) ;
#453 = FACE_OUTER_BOUND ( 'NONE', #1293, .T. ) ;
#454 = PLANE ( 'NONE',  #761 ) ;
#455 = ORIENTED_EDGE ( 'NONE', *, *, #708, .F. ) ;
#456 = ORIENTED_EDGE ( 'NONE', *, *, #1427, .F. ) ;
#457 = VECTOR ( 'NONE', #1099, 1000.000000000000000 ) ;
#458 =( NAMED_UNIT ( * ) PLANE_ANGLE_UNIT ( ) SI_UNIT ( $, .RADIAN. ) );
#459 = ORIENTED_EDGE ( 'NONE', *, *, #50, .T. ) ;
#460 = CARTESIAN_POINT ( 'NONE',  ( -17.81718750000006679, -34.80393884594826659, 5.000000000000000000 ) ) ;
#461 = EDGE_CURVE ( 'NONE', #1379, #1154, #720, .T. ) ;
#462 = DIRECTION ( 'NONE',  ( 1.000000000000000000, 1.819902129140329176E-16, -0.000000000000000000 ) ) ;
#463 = CARTESIAN_POINT ( 'NONE',  ( 33.18281250000000426, -29.03043615405194799, 5.000000000000000000 ) ) ;
#464 = VECTOR ( 'NONE', #611, 1000.000000000000114 ) ;
#465 = CARTESIAN_POINT ( 'NONE',  ( -9.917187500000018474, -3.667187499999977618, -13.54521006743002509 ) ) ;
#466 = VECTOR ( 'NONE', #1176, 1000.000000000000000 ) ;
#467 = ORIENTED_EDGE ( 'NONE', *, *, #1143, .T. ) ;
#468 = ORIENTED_EDGE ( 'NONE', *, *, #461, .F. ) ;
#469 = APPLICATION_PROTOCOL_DEFINITION ( 'draft international standard', 'automotive_design', 1998, #515 ) ;
#470 = CARTESIAN_POINT ( 'NONE',  ( 22.78281249999997016, -11.16718749999997762, -0.2542520809160307982 ) ) ;
#471 = DIRECTION ( 'NONE',  ( 0.000000000000000000, -0.000000000000000000, -1.000000000000000000 ) ) ;
#472 = CARTESIAN_POINT ( 'NONE',  ( 0.000000000000000000, 0.000000000000000000, -0.2542520809160307982 ) ) ;
#473 = PLANE ( 'NONE',  #649 ) ;
#474 = FACE_BOUND ( 'NONE', #1210, .T. ) ;
#475 = EDGE_CURVE ( 'NONE', #1407, #1601, #16, .T. ) ;
#476 = CARTESIAN_POINT ( 'NONE',  ( -9.917187500000018474, -3.667187499999977618, -0.2542520809160307982 ) ) ;
#477 = ORIENTED_EDGE ( 'NONE', *, *, #270, .T. ) ;
#478 = CARTESIAN_POINT ( 'NONE',  ( -27.81718750000006324, -34.80393884594813159, 5.000000000000000000 ) ) ;
#479 = CARTESIAN_POINT ( 'NONE',  ( -7.417187500000019362, -4.867187499999970690, -9.795210067430017986 ) ) ;
#480 = LINE ( 'NONE', #34, #429 ) ;
#481 = DIRECTION ( 'NONE',  ( 0.000000000000000000, 0.000000000000000000, -1.000000000000000000 ) ) ;
#482 = CARTESIAN_POINT ( 'NONE',  ( -9.917187500000018474, -3.667187499999977618, -0.2542520809160307982 ) ) ;
#483 = PLANE ( 'NONE',  #492 ) ;
#484 = EDGE_CURVE ( 'NONE', #1653, #1407, #748, .T. ) ;
#485 = ORIENTED_EDGE ( 'NONE', *, *, #540, .F. ) ;
#486 = CYLINDRICAL_SURFACE ( 'NONE', #644, 3.049999999999997158 ) ;
#487 = ORIENTED_EDGE ( 'NONE', *, *, #334, .T. ) ;
#488 = AXIS2_PLACEMENT_3D ( 'NONE', #645, #1348, #1667 ) ;
#489 = CARTESIAN_POINT ( 'NONE',  ( -22.71718750000004050, -7.417187499999966960, -9.795210067430017986 ) ) ;
#490 = VECTOR ( 'NONE', #1840, 1000.000000000000000 ) ;
#491 = CARTESIAN_POINT ( 'NONE',  ( 28.18281249999999361, -31.91718750000005400, -40.00000000000000000 ) ) ;
#492 = AXIS2_PLACEMENT_3D ( 'NONE', #1341, #1228, #618 ) ;
#493 = CARTESIAN_POINT ( 'NONE',  ( -42.89531131790577234, -37.69069019189630865, 5.000000000000000000 ) ) ;
#494 = CARTESIAN_POINT ( 'NONE',  ( 12.78281249999997549, 12.68281249999967564, -16.25425208091603224 ) ) ;
#495 = VECTOR ( 'NONE', #1446, 1000.000000000000000 ) ;
#496 = VERTEX_POINT ( 'NONE', #1736 ) ;
#497 = CIRCLE ( 'NONE', #1102, 2.550000000000000266 ) ;
#498 = EDGE_CURVE ( 'NONE', #171, #1145, #595, .T. ) ;
#499 = DIRECTION ( 'NONE',  ( -1.000000000000000000, 1.442222014787670146E-14, 0.000000000000000000 ) ) ;
#500 = PLANE ( 'NONE',  #226 ) ;
#501 = ADVANCED_FACE ( 'NONE', ( #1033, #641 ), #1323, .F. ) ;
#502 = CARTESIAN_POINT ( 'NONE',  ( 12.78281249999997904, 2.682812500000002931, 10.00000000000000000 ) ) ;
#503 = PLANE ( 'NONE',  #647 ) ;
#504 = DIRECTION ( 'NONE',  ( -0.000000000000000000, 1.000000000000000000, -0.000000000000000000 ) ) ;
#505 = CARTESIAN_POINT ( 'NONE',  ( 41.19593631790574051, -37.69069019189631575, 4.336808689942017736E-15 ) ) ;
#506 = DIRECTION ( 'NONE',  ( -0.000000000000000000, -0.000000000000000000, -1.000000000000000000 ) ) ;
#507 = CARTESIAN_POINT ( 'NONE',  ( 12.78281249999997904, -17.31718749999999929, 0.000000000000000000 ) ) ;
#508 = ORIENTED_EDGE ( 'NONE', *, *, #626, .T. ) ;
#509 = FACE_BOUND ( 'NONE', #145, .T. ) ;
#510 = EDGE_CURVE ( 'NONE', #1553, #734, #51, .T. ) ;
#511 = LINE ( 'NONE', #1090, #1578 ) ;
#512 = DIRECTION ( 'NONE',  ( 0.8660254037844363761, -0.5000000000000039968, 0.000000000000000000 ) ) ;
#513 = DIRECTION ( 'NONE',  ( -1.502314598737161832E-14, -1.000000000000000000, 0.000000000000000000 ) ) ;
#514 = PLANE ( 'NONE',  #523 ) ;
#515 = APPLICATION_CONTEXT ( 'automotive_design' ) ;
#516 = ORIENTED_EDGE ( 'NONE', *, *, #1742, .F. ) ;
#517 = CIRCLE ( 'NONE', #1209, 3.050000000000000711 ) ;
#518 = LINE ( 'NONE', #1233, #1487 ) ;
#519 = ADVANCED_FACE ( 'NONE', ( #1468, #1773 ), #1764, .T. ) ;
#520 = AXIS2_PLACEMENT_3D ( 'NONE', #367, #1354, #654 ) ;
#521 = LINE ( 'NONE', #1218, #309 ) ;
#522 = LINE ( 'NONE', #1797, #1480 ) ;
#523 = AXIS2_PLACEMENT_3D ( 'NONE', #1064, #1798, #1659 ) ;
#524 = ORIENTED_EDGE ( 'NONE', *, *, #1016, .F. ) ;
#525 = CIRCLE ( 'NONE', #257, 3.049999999999997158 ) ;
#526 = ORIENTED_EDGE ( 'NONE', *, *, #65, .F. ) ;
#527 = VECTOR ( 'NONE', #938, 1000.000000000000114 ) ;
#528 = ORIENTED_EDGE ( 'NONE', *, *, #1373, .F. ) ;
#529 = DIRECTION ( 'NONE',  ( 1.000000000000000000, -3.499808259662234298E-16, 0.000000000000000000 ) ) ;
#530 = LINE ( 'NONE', #664, #1362 ) ;
#531 = PLANE ( 'NONE',  #948 ) ;
#532 = ORIENTED_EDGE ( 'NONE', *, *, #1733, .F. ) ;
#533 = ORIENTED_EDGE ( 'NONE', *, *, #1165, .F. ) ;
#534 = ORIENTED_EDGE ( 'NONE', *, *, #1750, .T. ) ;
#535 = CARTESIAN_POINT ( 'NONE',  ( 48.26093631790573824, -57.51718749999999858, 2.450000000000003730 ) ) ;
#536 = CARTESIAN_POINT ( 'NONE',  ( 28.18281250000001847, -26.14368480810379580, 5.000000000000000000 ) ) ;
#537 = DIRECTION ( 'NONE',  ( 1.000000000000000000, 0.000000000000000000, 0.000000000000000000 ) ) ;
#538 = EDGE_LOOP ( 'NONE', ( #327, #1041, #985, #1252 ) ) ;
#539 = CARTESIAN_POINT ( 'NONE',  ( 57.78281249999998437, -57.51718749999998437, 9.999999999999987566 ) ) ;
#540 = EDGE_CURVE ( 'NONE', #1308, #1400, #757, .T. ) ;
#541 = EDGE_LOOP ( 'NONE', ( #1464, #1709 ) ) ;
#542 = CARTESIAN_POINT ( 'NONE',  ( -22.81718750000011298, -37.69069019189632996, 5.000000000000000000 ) ) ;
#543 = ORIENTED_EDGE ( 'NONE', *, *, #461, .T. ) ;
#544 = DIRECTION ( 'NONE',  ( 0.8660254037844461461, 0.4999999999999871214, 0.000000000000000000 ) ) ;
#545 = AXIS2_PLACEMENT_3D ( 'NONE', #1783, #1687, #1401 ) ;
#546 = CARTESIAN_POINT ( 'NONE',  ( -22.81718750000002416, -31.91718750000006821, 10.00000000000000000 ) ) ;
#547 = CARTESIAN_POINT ( 'NONE',  ( -7.417187500000019362, -7.417187499999970512, -9.795210067430017986 ) ) ;
#548 = CIRCLE ( 'NONE', #109, 3.049999999999997158 ) ;
#549 = AXIS2_PLACEMENT_3D ( 'NONE', #690, #1290, #586 ) ;
#550 = ORIENTED_EDGE ( 'NONE', *, *, #1526, .F. ) ;
#551 = DIRECTION ( 'NONE',  ( 0.000000000000000000, 1.000000000000000000, 0.000000000000000000 ) ) ;
#552 = AXIS2_PLACEMENT_3D ( 'NONE', #1214, #1477, #903 ) ;
#553 = ORIENTED_EDGE ( 'NONE', *, *, #358, .T. ) ;
#554 = ADVANCED_FACE ( 'NONE', ( #923, #1046, #350 ), #787, .F. ) ;
#555 = VECTOR ( 'NONE', #1024, 1000.000000000000000 ) ;
#556 = ORIENTED_EDGE ( 'NONE', *, *, #885, .F. ) ;
#557 = VECTOR ( 'NONE', #1129, 1000.000000000000000 ) ;
#558 = EDGE_CURVE ( 'NONE', #262, #384, #958, .T. ) ;
#559 = LINE ( 'NONE', #1558, #705 ) ;
#560 = CARTESIAN_POINT ( 'NONE',  ( -7.417187500000019362, -17.31718749999999929, -16.25425208091603224 ) ) ;
#561 = LINE ( 'NONE', #1142, #807 ) ;
#562 = LINE ( 'NONE', #1137, #1130 ) ;
#563 = ORIENTED_EDGE ( 'NONE', *, *, #293, .T. ) ;
#564 = ORIENTED_EDGE ( 'NONE', *, *, #50, .F. ) ;
#565 = EDGE_LOOP ( 'NONE', ( #1538, #876, #96, #707 ) ) ;
#566 = CARTESIAN_POINT ( 'NONE',  ( 41.19593631790573340, -37.69069019189630865, 8.673617379884035472E-15 ) ) ;
#567 = ADVANCED_FACE ( 'NONE', ( #1752 ), #500, .F. ) ;
#568 = FACE_OUTER_BOUND ( 'NONE', #1528, .T. ) ;
#569 = DIRECTION ( 'NONE',  ( 0.000000000000000000, 0.000000000000000000, 1.000000000000000000 ) ) ;
#570 = DIRECTION ( 'NONE',  ( -1.502314598737161832E-14, -1.000000000000000000, 0.000000000000000000 ) ) ;
#571 = EDGE_LOOP ( 'NONE', ( #717, #553, #1229, #1825, #1587, #336 ) ) ;
#572 = VERTEX_POINT ( 'NONE', #1619 ) ;
#573 = ORIENTED_EDGE ( 'NONE', *, *, #987, .T. ) ;
#574 = CARTESIAN_POINT ( 'NONE',  ( 30.27037468905478335, -4.804749689054958139, 1.299318660853545985E-14 ) ) ;
#575 = FACE_OUTER_BOUND ( 'NONE', #1370, .T. ) ;
#576 = LINE ( 'NONE', #1251, #1334 ) ;
#577 = ADVANCED_FACE ( 'NONE', ( #200 ), #1626, .T. ) ;
#578 = ORIENTED_EDGE ( 'NONE', *, *, #1310, .F. ) ;
#579 = CARTESIAN_POINT ( 'NONE',  ( 15.28281249999997549, -3.667187499999978506, -0.2542520809160307982 ) ) ;
#580 = VERTEX_POINT ( 'NONE', #1781 ) ;
#581 = ORIENTED_EDGE ( 'NONE', *, *, #987, .F. ) ;
#582 = ORIENTED_EDGE ( 'NONE', *, *, #805, .T. ) ;
#583 = VECTOR ( 'NONE', #1579, 1000.000000000000000 ) ;
#584 = DIRECTION ( 'NONE',  ( 0.000000000000000000, 1.000000000000000000, 0.000000000000000000 ) ) ;
#585 = VECTOR ( 'NONE', #951, 1000.000000000000000 ) ;
#586 = DIRECTION ( 'NONE',  ( 0.000000000000000000, 0.000000000000000000, 1.000000000000000000 ) ) ;
#587 = LINE ( 'NONE', #304, #466 ) ;
#588 = EDGE_LOOP ( 'NONE', ( #14, #1545, #186, #114 ) ) ;
#589 = DIRECTION ( 'NONE',  ( -1.000000000000000000, 0.000000000000000000, 0.000000000000000000 ) ) ;
#590 = EDGE_CURVE ( 'NONE', #832, #160, #64, .T. ) ;
#591 = ORIENTED_EDGE ( 'NONE', *, *, #360, .T. ) ;
#592 = EDGE_LOOP ( 'NONE', ( #439, #902, #1707, #1760 ) ) ;
#593 = EDGE_CURVE ( 'NONE', #1131, #969, #329, .T. ) ;
#594 = ORIENTED_EDGE ( 'NONE', *, *, #136, .F. ) ;
#595 = LINE ( 'NONE', #1744, #1613 ) ;
#596 = CARTESIAN_POINT ( 'NONE',  ( -22.81718749999994600, -26.14368480810381357, 0.000000000000000000 ) ) ;
#597 = CARTESIAN_POINT ( 'NONE',  ( 25.13281249999999289, -31.91718750000005400, 4.999999999999997335 ) ) ;
#598 = CARTESIAN_POINT ( 'NONE',  ( -9.917187500000018474, -4.867187499999968914, -9.795210067430017986 ) ) ;
#599 = ORIENTED_EDGE ( 'NONE', *, *, #1832, .F. ) ;
#600 = ORIENTED_EDGE ( 'NONE', *, *, #1789, .T. ) ;
#601 = ADVANCED_FACE ( 'NONE', ( #912 ), #190, .F. ) ;
#602 = CARTESIAN_POINT ( 'NONE',  ( 28.18281249999996163, -37.69069019189630865, 5.000000000000000000 ) ) ;
#603 = CARTESIAN_POINT ( 'NONE',  ( -22.41718750000001847, 2.682812500000020250, 8.673617379884035472E-15 ) ) ;
#604 = DIRECTION ( 'NONE',  ( -1.000000000000000000, 2.312964634635743450E-16, -0.000000000000000000 ) ) ;
#605 = CARTESIAN_POINT ( 'NONE',  ( -7.417187500000021139, -9.554531645028535435E-16, 0.000000000000000000 ) ) ;
#606 = PLANE ( 'NONE',  #793 ) ;
#607 = ORIENTED_EDGE ( 'NONE', *, *, #1081, .T. ) ;
#608 = VERTEX_POINT ( 'NONE', #479 ) ;
#609 = VECTOR ( 'NONE', #849, 1000.000000000000000 ) ;
#610 = ORIENTED_EDGE ( 'NONE', *, *, #1849, .T. ) ;
#611 = DIRECTION ( 'NONE',  ( 0.6781842809213142198, 7.843081287684360098E-17, 0.7348918839606544129 ) ) ;
#612 = EDGE_CURVE ( 'NONE', #1660, #745, #357, .T. ) ;
#613 = DIRECTION ( 'NONE',  ( -1.000000000000000000, 0.000000000000000000, 0.000000000000000000 ) ) ;
#614 = FACE_OUTER_BOUND ( 'NONE', #1819, .T. ) ;
#615 = EDGE_CURVE ( 'NONE', #63, #1283, #623, .T. ) ;
#616 = DIRECTION ( 'NONE',  ( 0.000000000000000000, -0.000000000000000000, -1.000000000000000000 ) ) ;
#617 = VECTOR ( 'NONE', #290, 1000.000000000000227 ) ;
#618 = DIRECTION ( 'NONE',  ( 0.8660254037844412611, 0.4999999999999955591, 0.000000000000000000 ) ) ;
#619 = VERTEX_POINT ( 'NONE', #80 ) ;
#620 = VERTEX_POINT ( 'NONE', #1062 ) ;
#621 = CARTESIAN_POINT ( 'NONE',  ( 33.18281250000000426, -29.03043615405194799, 0.000000000000000000 ) ) ;
#622 = LINE ( 'NONE', #931, #770 ) ;
#623 = LINE ( 'NONE', #1195, #1646 ) ;
#624 = CARTESIAN_POINT ( 'NONE',  ( 10.78281249999982450, 14.68281250000000959, -36.00000000000002842 ) ) ;
#625 = CARTESIAN_POINT ( 'NONE',  ( 22.78281249999997371, -3.667187499999977618, -0.2542520809160307982 ) ) ;
#626 = EDGE_CURVE ( 'NONE', #1105, #63, #216, .T. ) ;
#627 = DIRECTION ( 'NONE',  ( -0.000000000000000000, -1.000000000000000000, -0.000000000000000000 ) ) ;
#628 = CARTESIAN_POINT ( 'NONE',  ( 23.18281249999997229, -34.80393884594815290, 5.000000000000000000 ) ) ;
#629 = EDGE_LOOP ( 'NONE', ( #1203, #1360, #1472, #1271 ) ) ;
#630 =( LENGTH_UNIT ( ) NAMED_UNIT ( * ) SI_UNIT ( .MILLI., .METRE. ) );
#631 = DIRECTION ( 'NONE',  ( -0.4999999999999871769, 0.8660254037844461461, 0.000000000000000000 ) ) ;
#632 = ORIENTED_EDGE ( 'NONE', *, *, #1242, .T. ) ;
#633 = LINE ( 'NONE', #1364, #58 ) ;
#634 = DIRECTION ( 'NONE',  ( 0.8660254037844312691, -0.5000000000000126565, 0.000000000000000000 ) ) ;
#635 = EDGE_CURVE ( 'NONE', #1499, #1660, #633, .T. ) ;
#636 = DIRECTION ( 'NONE',  ( 2.312964634635744436E-16, 1.000000000000000000, 2.506367348374216468E-16 ) ) ;
#637 = DIRECTION ( 'NONE',  ( 0.8660254037844312691, -0.5000000000000126565, 0.000000000000000000 ) ) ;
#638 = ORIENTED_EDGE ( 'NONE', *, *, #1810, .T. ) ;
#639 = CARTESIAN_POINT ( 'NONE',  ( -22.81718749999994600, -26.14368480810381357, 5.000000000000000000 ) ) ;
#640 = ORIENTED_EDGE ( 'NONE', *, *, #484, .F. ) ;
#641 = FACE_OUTER_BOUND ( 'NONE', #1287, .T. ) ;
#642 = VECTOR ( 'NONE', #1084, 1000.000000000000000 ) ;
#643 = PLANE ( 'NONE',  #1784 ) ;
#644 = AXIS2_PLACEMENT_3D ( 'NONE', #1054, #355, #785 ) ;
#645 = CARTESIAN_POINT ( 'NONE',  ( -52.41718750000001137, -57.51718749999998437, 9.999999999999987566 ) ) ;
#646 = FACE_OUTER_BOUND ( 'NONE', #1103, .T. ) ;
#647 = AXIS2_PLACEMENT_3D ( 'NONE', #810, #529, #1521 ) ;
#648 = ORIENTED_EDGE ( 'NONE', *, *, #1573, .T. ) ;
#649 = AXIS2_PLACEMENT_3D ( 'NONE', #914, #481, #265 ) ;
#650 = ADVANCED_FACE ( 'NONE', ( #694 ), #1834, .F. ) ;
#651 = DIRECTION ( 'NONE',  ( 0.8660254037844363761, -0.5000000000000039968, 0.000000000000000000 ) ) ;
#652 = EDGE_LOOP ( 'NONE', ( #660, #1248, #40, #307 ) ) ;
#653 = LINE ( 'NONE', #1424, #144 ) ;
#654 = DIRECTION ( 'NONE',  ( -1.000000000000000000, 0.000000000000000000, 0.000000000000000000 ) ) ;
#655 = FACE_OUTER_BOUND ( 'NONE', #1330, .T. ) ;
#656 = DIRECTION ( 'NONE',  ( -0.000000000000000000, -0.000000000000000000, 1.000000000000000000 ) ) ;
#657 = CARTESIAN_POINT ( 'NONE',  ( -42.89531131790577234, -37.69069019189630865, 7.549999999999999822 ) ) ;
#658 = ORIENTED_EDGE ( 'NONE', *, *, #918, .F. ) ;
#659 = FACE_BOUND ( 'NONE', #1014, .T. ) ;
#660 = ORIENTED_EDGE ( 'NONE', *, *, #260, .T. ) ;
#661 = EDGE_CURVE ( 'NONE', #383, #1263, #400, .T. ) ;
#662 = FACE_BOUND ( 'NONE', #1095, .T. ) ;
#663 = LINE ( 'NONE', #970, #800 ) ;
#664 = CARTESIAN_POINT ( 'NONE',  ( -27.81718750000006324, -34.80393884594813159, 0.000000000000000000 ) ) ;
#665 = CARTESIAN_POINT ( 'NONE',  ( 2.582812500000409628, 22.68281250000001137, 0.000000000000000000 ) ) ;
#666 = ORIENTED_EDGE ( 'NONE', *, *, #729, .F. ) ;
#667 = EDGE_LOOP ( 'NONE', ( #1402, #582 ) ) ;
#668 = FACE_OUTER_BOUND ( 'NONE', #652, .T. ) ;
#669 = VERTEX_POINT ( 'NONE', #1399 ) ;
#670 = CARTESIAN_POINT ( 'NONE',  ( -17.41718750000002558, -17.31718750000000284, -5.418084026972004530 ) ) ;
#671 = VECTOR ( 'NONE', #240, 1000.000000000000000 ) ;
#672 = EDGE_CURVE ( 'NONE', #1691, #619, #1820, .T. ) ;
#673 = CARTESIAN_POINT ( 'NONE',  ( -5.417187499999672085, 14.68281250000000604, -16.25425208091602869 ) ) ;
#674 = CARTESIAN_POINT ( 'NONE',  ( 2.582812500000409628, 22.68281250000001137, 0.000000000000000000 ) ) ;
#675 = CLOSED_SHELL ( 'NONE', ( #1406, #1768, #601, #1414, #907, #899, #1678, #28, #501, #391, #519, #554, #211, #1152, #1775, #1713, #1474, #373, #768, #244, #1392, #149, #1655, #167, #1476, #236, #1199, #1824, #1298, #1699, #382, #1754, #1089, #105, #19, #1101, #567, #650, #1109, #901, #781, #1586, #1607, #157, #999, #392, #258, #75, #1091, #1313, #1280, #1050, #577, #181, #1278, #790, #1722 ) ) ;
#676 = ORIENTED_EDGE ( 'NONE', *, *, #41, .F. ) ;
#677 = AXIS2_PLACEMENT_3D ( 'NONE', #946, #1514, #222 ) ;
#678 = AXIS2_PLACEMENT_3D ( 'NONE', #1307, #1057, #759 ) ;
#679 = ORIENTED_EDGE ( 'NONE', *, *, #1380, .T. ) ;
#680 = VECTOR ( 'NONE', #949, 1000.000000000000000 ) ;
#681 = ORIENTED_EDGE ( 'NONE', *, *, #1629, .F. ) ;
#682 = CARTESIAN_POINT ( 'NONE',  ( -24.90474968905482811, -4.804749689054954587, 8.673617379884035472E-15 ) ) ;
#683 = LINE ( 'NONE', #143, #1017 ) ;
#684 = EDGE_CURVE ( 'NONE', #281, #1639, #562, .T. ) ;
#685 = EDGE_LOOP ( 'NONE', ( #1275, #238, #1111, #648 ) ) ;
#686 = CARTESIAN_POINT ( 'NONE',  ( -22.81718750000011298, -37.69069019189632996, 5.000000000000000000 ) ) ;
#687 = VERTEX_POINT ( 'NONE', #277 ) ;
#688 = VERTEX_POINT ( 'NONE', #419 ) ;
#689 = DIRECTION ( 'NONE',  ( -0.000000000000000000, 1.000000000000000000, -0.000000000000000000 ) ) ;
#690 = CARTESIAN_POINT ( 'NONE',  ( -42.89531131790577234, -57.51718749999999858, 5.000000000000000000 ) ) ;
#691 = DIRECTION ( 'NONE',  ( -0.8660254037844410391, -0.4999999999999957812, 0.000000000000000000 ) ) ;
#692 = EDGE_CURVE ( 'NONE', #180, #1735, #1254, .T. ) ;
#693 = ORIENTED_EDGE ( 'NONE', *, *, #635, .F. ) ;
#694 = FACE_OUTER_BOUND ( 'NONE', #413, .T. ) ;
#695 = EDGE_CURVE ( 'NONE', #1263, #993, #1801, .T. ) ;
#696 = ORIENTED_EDGE ( 'NONE', *, *, #1032, .F. ) ;
#697 = ORIENTED_EDGE ( 'NONE', *, *, #755, .T. ) ;
#698 = DIRECTION ( 'NONE',  ( 4.625929269271486900E-16, 1.000000000000000000, -5.012734696748428992E-16 ) ) ;
#699 = PRODUCT_DEFINITION_SHAPE ( 'NONE', 'NONE',  #894 ) ;
#700 = VECTOR ( 'NONE', #627, 1000.000000000000000 ) ;
#701 = CARTESIAN_POINT ( 'NONE',  ( 48.26093631790573824, -37.69069019189630865, 5.000000000000002665 ) ) ;
#702 = FACE_OUTER_BOUND ( 'NONE', #1725, .T. ) ;
#703 = VECTOR ( 'NONE', #183, 1000.000000000000000 ) ;
#704 = FACE_OUTER_BOUND ( 'NONE', #95, .T. ) ;
#705 = VECTOR ( 'NONE', #689, 1000.000000000000000 ) ;
#706 = VERTEX_POINT ( 'NONE', #1273 ) ;
#707 = ORIENTED_EDGE ( 'NONE', *, *, #1224, .T. ) ;
#708 = EDGE_CURVE ( 'NONE', #1131, #1624, #1284, .T. ) ;
#709 = AXIS2_PLACEMENT_3D ( 'NONE', #321, #1184, #471 ) ;
#710 = EDGE_CURVE ( 'NONE', #1400, #706, #1554, .T. ) ;
#711 = VERTEX_POINT ( 'NONE', #12 ) ;
#712 = VECTOR ( 'NONE', #1621, 1000.000000000000227 ) ;
#713 = FACE_OUTER_BOUND ( 'NONE', #280, .T. ) ;
#714 = CARTESIAN_POINT ( 'NONE',  ( -17.81718749999998153, -29.03043615405202260, 0.000000000000000000 ) ) ;
#715 = PLANE ( 'NONE',  #1792 ) ;
#716 = CARTESIAN_POINT ( 'NONE',  ( -5.417187499999672085, 14.68281250000000604, 10.00000000000000000 ) ) ;
#717 = ORIENTED_EDGE ( 'NONE', *, *, #1068, .F. ) ;
#718 = ORIENTED_EDGE ( 'NONE', *, *, #1371, .T. ) ;
#719 = EDGE_CURVE ( 'NONE', #20, #251, #868, .T. ) ;
#720 = LINE ( 'NONE', #1288, #495 ) ;
#721 = DIRECTION ( 'NONE',  ( -0.000000000000000000, -0.000000000000000000, -1.000000000000000000 ) ) ;
#722 = DIRECTION ( 'NONE',  ( -0.7071067811865440200, -0.7071067811865511255, 2.453269466693388760E-16 ) ) ;
#723 = CARTESIAN_POINT ( 'NONE',  ( 31.23281249999999432, -31.91718750000005400, 4.999999999999997335 ) ) ;
#724 = ORIENTED_EDGE ( 'NONE', *, *, #1696, .F. ) ;
#725 = EDGE_LOOP ( 'NONE', ( #420, #1171, #1453, #1040 ) ) ;
#726 = DIRECTION ( 'NONE',  ( -0.6781842809213143308, 0.000000000000000000, 0.7348918839606543019 ) ) ;
#727 = CARTESIAN_POINT ( 'NONE',  ( 15.28281249999997371, -7.417187499999975842, -9.795210067430017986 ) ) ;
#728 = CARTESIAN_POINT ( 'NONE',  ( -22.81718750000011298, -37.69069019189632996, 0.000000000000000000 ) ) ;
#729 = EDGE_CURVE ( 'NONE', #969, #688, #653, .T. ) ;
#730 = EDGE_CURVE ( 'NONE', #1465, #832, #146, .T. ) ;
#731 = FACE_OUTER_BOUND ( 'NONE', #404, .T. ) ;
#732 = AXIS2_PLACEMENT_3D ( 'NONE', #1811, #978, #841 ) ;
#733 = VERTEX_POINT ( 'NONE', #873 ) ;
#734 = VERTEX_POINT ( 'NONE', #539 ) ;
#735 = PRESENTATION_LAYER_ASSIGNMENT (  '', '', ( #1329 ) ) ;
#736 = VECTOR ( 'NONE', #506, 1000.000000000000000 ) ;
#737 = VECTOR ( 'NONE', #1147, 1000.000000000000000 ) ;
#738 = CARTESIAN_POINT ( 'NONE',  ( 28.18281250000001847, -26.14368480810379580, 5.000000000000000000 ) ) ;
#739 = AXIS2_PLACEMENT_3D ( 'NONE', #1116, #1423, #133 ) ;
#740 = DIRECTION ( 'NONE',  ( 0.000000000000000000, 0.000000000000000000, -1.000000000000000000 ) ) ;
#741 = PLANE ( 'NONE',  #960 ) ;
#742 = VERTEX_POINT ( 'NONE', #716 ) ;
#743 = EDGE_CURVE ( 'NONE', #1066, #119, #1118, .T. ) ;
#744 = FACE_OUTER_BOUND ( 'NONE', #1748, .T. ) ;
#745 = VERTEX_POINT ( 'NONE', #135 ) ;
#746 = VERTEX_POINT ( 'NONE', #1706 ) ;
#747 = ORIENTED_EDGE ( 'NONE', *, *, #943, .T. ) ;
#748 = LINE ( 'NONE', #33, #981 ) ;
#749 = CARTESIAN_POINT ( 'NONE',  ( 12.78281249999997904, -17.51718749999999503, 10.00000000000000000 ) ) ;
#750 = DIRECTION ( 'NONE',  ( -0.000000000000000000, -0.000000000000000000, 1.000000000000000000 ) ) ;
#751 = CARTESIAN_POINT ( 'NONE',  ( -17.41718750000002203, -11.16718749999997762, -0.2542520809160307982 ) ) ;
#752 = EDGE_CURVE ( 'NONE', #1624, #496, #1408, .T. ) ;
#753 = ORIENTED_EDGE ( 'NONE', *, *, #1742, .T. ) ;
#754 = ORIENTED_EDGE ( 'NONE', *, *, #1337, .T. ) ;
#755 = EDGE_CURVE ( 'NONE', #1529, #272, #115, .T. ) ;
#756 = ORIENTED_EDGE ( 'NONE', *, *, #1832, .T. ) ;
#757 = LINE ( 'NONE', #208, #464 ) ;
#758 = DIRECTION ( 'NONE',  ( 0.000000000000000000, -0.000000000000000000, -1.000000000000000000 ) ) ;
#759 = DIRECTION ( 'NONE',  ( 6.802837160693357694E-16, 1.000000000000000000, 0.000000000000000000 ) ) ;
#760 = DIRECTION ( 'NONE',  ( 1.000000000000000000, 0.000000000000000000, 0.000000000000000000 ) ) ;
#761 = AXIS2_PLACEMENT_3D ( 'NONE', #775, #1059, #616 ) ;
#762 = ORIENTED_EDGE ( 'NONE', *, *, #116, .F. ) ;
#763 = ORIENTED_EDGE ( 'NONE', *, *, #825, .F. ) ;
#764 = AXIS2_PLACEMENT_3D ( 'NONE', #1510, #1216, #359 ) ;
#765 = CARTESIAN_POINT ( 'NONE',  ( 15.28281249999997549, -3.667187499999978506, -0.2542520809160307982 ) ) ;
#766 = LINE ( 'NONE', #1625, #1301 ) ;
#767 = ORIENTED_EDGE ( 'NONE', *, *, #1597, .T. ) ;
#768 = ADVANCED_FACE ( 'NONE', ( #509, #704 ), #252, .F. ) ;
#769 = DIRECTION ( 'NONE',  ( 1.000000000000000000, -2.312964634635744436E-16, -0.000000000000000000 ) ) ;
#770 = VECTOR ( 'NONE', #651, 999.9999999999998863 ) ;
#771 = CARTESIAN_POINT ( 'NONE',  ( 57.78281249999998437, -57.51718749999998437, 9.999999999999987566 ) ) ;
#772 = VECTOR ( 'NONE', #544, 1000.000000000000000 ) ;
#773 = DIRECTION ( 'NONE',  ( 0.000000000000000000, 0.000000000000000000, 1.000000000000000000 ) ) ;
#774 = CIRCLE ( 'NONE', #1186, 2.549999999999998490 ) ;
#775 = CARTESIAN_POINT ( 'NONE',  ( -9.917187500000022027, -11.16718749999997762, -0.2542520809160307982 ) ) ;
#776 = VECTOR ( 'NONE', #637, 1000.000000000000227 ) ;
#777 = CARTESIAN_POINT ( 'NONE',  ( -22.81718749999994600, -26.14368480810381357, 5.000000000000000000 ) ) ;
#778 = ORIENTED_EDGE ( 'NONE', *, *, #85, .F. ) ;
#779 = ORIENTED_EDGE ( 'NONE', *, *, #1165, .T. ) ;
#780 = DIRECTION ( 'NONE',  ( 0.000000000000000000, 1.000000000000000000, 0.000000000000000000 ) ) ;
#781 = ADVANCED_FACE ( 'NONE', ( #1413 ), #1551, .F. ) ;
#782 = CARTESIAN_POINT ( 'NONE',  ( 27.78281249999997371, 2.682812500000020250, 8.673617379884035472E-15 ) ) ;
#783 = LINE ( 'NONE', #964, #916 ) ;
#784 = FACE_BOUND ( 'NONE', #1096, .T. ) ;
#785 = DIRECTION ( 'NONE',  ( 1.000000000000000000, 0.000000000000000000, 0.000000000000000000 ) ) ;
#786 = ORIENTED_EDGE ( 'NONE', *, *, #360, .F. ) ;
#787 = PLANE ( 'NONE',  #141 ) ;
#788 = DIRECTION ( 'NONE',  ( -0.3152817635568329613, 0.9489981083060667899, -0.000000000000000000 ) ) ;
#789 = CARTESIAN_POINT ( 'NONE',  ( 15.28281249999997549, -3.667187499999977174, -13.54521006743002509 ) ) ;
#790 = ADVANCED_FACE ( 'NONE', ( #1568 ), #859, .F. ) ;
#791 = FACE_OUTER_BOUND ( 'NONE', #1021, .T. ) ;
#792 = ORIENTED_EDGE ( 'NONE', *, *, #1428, .F. ) ;
#793 = AXIS2_PLACEMENT_3D ( 'NONE', #1776, #1747, #1051 ) ;
#794 = CARTESIAN_POINT ( 'NONE',  ( -17.81718750000006679, -34.80393884594826659, 5.000000000000000000 ) ) ;
#795 = AXIS2_PLACEMENT_3D ( 'NONE', #92, #1682, #387 ) ;
#796 = DIRECTION ( 'NONE',  ( 4.625929269271485914E-16, 1.000000000000000000, -0.000000000000000000 ) ) ;
#797 = VECTOR ( 'NONE', #1486, 1000.000000000000000 ) ;
#798 = CARTESIAN_POINT ( 'NONE',  ( 27.78281249999997371, 4.803537914193870469E-15, 0.000000000000000000 ) ) ;
#799 = MECHANICAL_DESIGN_GEOMETRIC_PRESENTATION_REPRESENTATION (  '', ( #1329 ), #921 ) ;
#800 = VECTOR ( 'NONE', #1539, 1000.000000000000000 ) ;
#801 = LINE ( 'NONE', #1367, #642 ) ;
#802 = CARTESIAN_POINT ( 'NONE',  ( -17.81718749999998153, -29.03043615405202260, 0.000000000000000000 ) ) ;
#803 = FACE_OUTER_BOUND ( 'NONE', #592, .T. ) ;
#804 = VECTOR ( 'NONE', #1353, 1000.000000000000000 ) ;
#805 = EDGE_CURVE ( 'NONE', #1595, #874, #286, .T. ) ;
#806 = ORIENTED_EDGE ( 'NONE', *, *, #1023, .T. ) ;
#807 = VECTOR ( 'NONE', #424, 1000.000000000000000 ) ;
#808 = DIRECTION ( 'NONE',  ( -0.8660254037844411501, -0.4999999999999955591, 0.000000000000000000 ) ) ;
#809 = DIRECTION ( 'NONE',  ( -0.7348918839606543019, 0.000000000000000000, -0.6781842809213143308 ) ) ;
#810 = CARTESIAN_POINT ( 'NONE',  ( 57.78281249999998437, -57.51718749999998437, 9.999999999999987566 ) ) ;
#811 = CARTESIAN_POINT ( 'NONE',  ( -7.417187500000019362, 2.682812500000002931, 10.00000000000000000 ) ) ;
#812 = LINE ( 'NONE', #1532, #1386 ) ;
#813 = DIRECTION ( 'NONE',  ( 1.000000000000000000, -4.625929269271486900E-16, 0.000000000000000000 ) ) ;
#814 = ORIENTED_EDGE ( 'NONE', *, *, #127, .T. ) ;
#815 = ORIENTED_EDGE ( 'NONE', *, *, #260, .F. ) ;
#816 = EDGE_CURVE ( 'NONE', #449, #130, #842, .T. ) ;
#817 = ORIENTED_EDGE ( 'NONE', *, *, #1503, .T. ) ;
#818 = PRESENTATION_STYLE_ASSIGNMENT (( #1829 ) ) ;
#819 = DIRECTION ( 'NONE',  ( 1.000000000000000000, -4.625929269271486900E-16, 0.000000000000000000 ) ) ;
#820 = DIRECTION ( 'NONE',  ( -0.000000000000000000, 1.000000000000000000, -0.000000000000000000 ) ) ;
#821 = ORIENTED_EDGE ( 'NONE', *, *, #1395, .T. ) ;
#822 = ORIENTED_EDGE ( 'NONE', *, *, #558, .F. ) ;
#823 = PLANE ( 'NONE',  #1635 ) ;
#824 = ORIENTED_EDGE ( 'NONE', *, *, #966, .F. ) ;
#825 = EDGE_CURVE ( 'NONE', #103, #1660, #261, .T. ) ;
#826 =( NAMED_UNIT ( * ) PLANE_ANGLE_UNIT ( ) SI_UNIT ( $, .RADIAN. ) );
#827 = VECTOR ( 'NONE', #1478, 999.9999999999998863 ) ;
#828 = CARTESIAN_POINT ( 'NONE',  ( 57.78281249999999147, -37.69069019189630865, 9.999999999999987566 ) ) ;
#829 = VECTOR ( 'NONE', #448, 1000.000000000000000 ) ;
#830 = DIRECTION ( 'NONE',  ( -0.8660254037844411501, -0.4999999999999955591, 0.000000000000000000 ) ) ;
#831 = VECTOR ( 'NONE', #88, 1000.000000000000000 ) ;
#832 = VERTEX_POINT ( 'NONE', #1291 ) ;
#833 = CIRCLE ( 'NONE', #1074, 2.550000000000000266 ) ;
#834 = CARTESIAN_POINT ( 'NONE',  ( 23.18281249999997229, -34.80393884594815290, 5.000000000000000000 ) ) ;
#835 = AXIS2_PLACEMENT_3D ( 'NONE', #1841, #18, #537 ) ;
#836 = ORIENTED_EDGE ( 'NONE', *, *, #65, .T. ) ;
#837 = PLANE ( 'NONE',  #545 ) ;
#838 = VERTEX_POINT ( 'NONE', #4 ) ;
#839 = DIRECTION ( 'NONE',  ( 1.000000000000000000, 0.000000000000000000, 0.000000000000000000 ) ) ;
#840 = EDGE_CURVE ( 'NONE', #608, #1265, #497, .T. ) ;
#841 = DIRECTION ( 'NONE',  ( 0.000000000000000000, 1.000000000000000000, 0.000000000000000000 ) ) ;
#842 = LINE ( 'NONE', #125, #1584 ) ;
#843 = EDGE_CURVE ( 'NONE', #31, #354, #1831, .T. ) ;
#844 = EDGE_LOOP ( 'NONE', ( #638, #1201, #959, #161 ) ) ;
#845 = DIRECTION ( 'NONE',  ( 1.000000000000000000, 1.819902129140329422E-16, -1.717547996016641473E-16 ) ) ;
#846 = ORIENTED_EDGE ( 'NONE', *, *, #450, .T. ) ;
#847 = ORIENTED_EDGE ( 'NONE', *, *, #1034, .T. ) ;
#848 = CARTESIAN_POINT ( 'NONE',  ( -22.71718750000004050, -9.967187499999967670, -9.795210067430017986 ) ) ;
#849 = DIRECTION ( 'NONE',  ( 1.000000000000000000, -2.312964634635744436E-16, -0.000000000000000000 ) ) ;
#850 = DIRECTION ( 'NONE',  ( -0.000000000000000000, -0.000000000000000000, 1.000000000000000000 ) ) ;
#851 = ORIENTED_EDGE ( 'NONE', *, *, #1573, .F. ) ;
#852 = EDGE_CURVE ( 'NONE', #139, #1842, #576, .T. ) ;
#853 = DIRECTION ( 'NONE',  ( 4.807406715958917577E-15, 1.000000000000000000, 0.000000000000000000 ) ) ;
#854 = ORIENTED_EDGE ( 'NONE', *, *, #1133, .T. ) ;
#855 = ORIENTED_EDGE ( 'NONE', *, *, #1231, .F. ) ;
#856 = DIRECTION ( 'NONE',  ( 1.000000000000000000, -2.312964634635744436E-16, 0.000000000000000000 ) ) ;
#857 = VECTOR ( 'NONE', #1100, 1000.000000000000000 ) ;
#858 = CARTESIAN_POINT ( 'NONE',  ( 30.27037468905477269, -4.804749689054938599, 10.00000000000000000 ) ) ;
#859 = PLANE ( 'NONE',  #1761 ) ;
#860 = AXIS2_PLACEMENT_3D ( 'NONE', #782, #452, #229 ) ;
#861 = ORIENTED_EDGE ( 'NONE', *, *, #1320, .T. ) ;
#862 = CARTESIAN_POINT ( 'NONE',  ( 22.78281249999996660, -17.31718750000000995, -5.418084026972015188 ) ) ;
#863 = EDGE_CURVE ( 'NONE', #171, #580, #1561, .T. ) ;
#864 = VECTOR ( 'NONE', #1403, 1000.000000000000000 ) ;
#865 = ORIENTED_EDGE ( 'NONE', *, *, #825, .T. ) ;
#866 = ORIENTED_EDGE ( 'NONE', *, *, #1810, .F. ) ;
#867 = VERTEX_POINT ( 'NONE', #1149 ) ;
#868 = CIRCLE ( 'NONE', #317, 2.549999999999998490 ) ;
#869 = DIRECTION ( 'NONE',  ( -0.000000000000000000, -0.000000000000000000, -1.000000000000000000 ) ) ;
#870 = CARTESIAN_POINT ( 'NONE',  ( -27.81718750000006324, -34.80393884594813159, 5.000000000000000000 ) ) ;
#871 = LINE ( 'NONE', #417, #1274 ) ;
#872 = EDGE_LOOP ( 'NONE', ( #814, #1534, #824, #1749 ) ) ;
#873 = CARTESIAN_POINT ( 'NONE',  ( 23.18281249999997229, -34.80393884594815290, 0.000000000000000000 ) ) ;
#874 = VERTEX_POINT ( 'NONE', #1690 ) ;
#875 = ORIENTED_EDGE ( 'NONE', *, *, #626, .F. ) ;
#876 = ORIENTED_EDGE ( 'NONE', *, *, #989, .F. ) ;
#877 = EDGE_CURVE ( 'NONE', #867, #1398, #561, .T. ) ;
#878 = PLANE ( 'NONE',  #1302 ) ;
#879 = PLANE ( 'NONE',  #1038 ) ;
#880 = LINE ( 'NONE', #323, #712 ) ;
#881 = ORIENTED_EDGE ( 'NONE', *, *, #220, .F. ) ;
#882 = ORIENTED_EDGE ( 'NONE', *, *, #270, .F. ) ;
#883 = EDGE_LOOP ( 'NONE', ( #138, #1381, #487, #390 ) ) ;
#884 = DIRECTION ( 'NONE',  ( -0.8660254037844363761, 0.5000000000000039968, 0.000000000000000000 ) ) ;
#885 = EDGE_CURVE ( 'NONE', #496, #364, #683, .T. ) ;
#886 = CARTESIAN_POINT ( 'NONE',  ( 12.78281249999997726, -4.867187499999974243, -9.795210067430017986 ) ) ;
#887 = DIRECTION ( 'NONE',  ( 0.8660254037844461461, 0.4999999999999871214, 0.000000000000000000 ) ) ;
#888 = ORIENTED_EDGE ( 'NONE', *, *, #1463, .F. ) ;
#889 = DIRECTION ( 'NONE',  ( -0.8660254037844457020, -0.4999999999999878431, 0.000000000000000000 ) ) ;
#890 = VECTOR ( 'NONE', #1281, 1000.000000000000000 ) ;
#891 = ORIENTED_EDGE ( 'NONE', *, *, #661, .F. ) ;
#892 = ORIENTED_EDGE ( 'NONE', *, *, #235, .F. ) ;
#893 = VECTOR ( 'NONE', #348, 1000.000000000000114 ) ;
#894 = PRODUCT_DEFINITION ( 'UNKNOWN', '', #1484, #445 ) ;
#895 = CARTESIAN_POINT ( 'NONE',  ( 0.000000000000000000, -17.31718749999999929, 0.000000000000000000 ) ) ;
#896 = VECTOR ( 'NONE', #570, 1000.000000000000000 ) ;
#897 = CARTESIAN_POINT ( 'NONE',  ( -22.71718750000004050, -7.417187499999966960, -9.795210067430017986 ) ) ;
#898 = LINE ( 'NONE', #1462, #406 ) ;
#899 = ADVANCED_FACE ( 'NONE', ( #702 ), #1714, .F. ) ;
#900 = CARTESIAN_POINT ( 'NONE',  ( -7.417187500000019362, 2.682812500000002931, -16.25425208091602869 ) ) ;
#901 = ADVANCED_FACE ( 'NONE', ( #409, #388 ), #715, .T. ) ;
#902 = ORIENTED_EDGE ( 'NONE', *, *, #1622, .F. ) ;
#903 = DIRECTION ( 'NONE',  ( -0.000000000000000000, 0.000000000000000000, -1.000000000000000000 ) ) ;
#904 = CARTESIAN_POINT ( 'NONE',  ( 10.78281249999982450, 14.68281250000000959, 10.00000000000000000 ) ) ;
#905 = DIRECTION ( 'NONE',  ( 1.000000000000000000, -0.000000000000000000, -0.000000000000000000 ) ) ;
#906 = DIRECTION ( 'NONE',  ( 1.000000000000000000, -0.000000000000000000, -0.000000000000000000 ) ) ;
#907 = ADVANCED_FACE ( 'NONE', ( #118 ), #1126, .F. ) ;
#908 = ORIENTED_EDGE ( 'NONE', *, *, #1685, .T. ) ;
#909 = ORIENTED_EDGE ( 'NONE', *, *, #85, .T. ) ;
#910 = CARTESIAN_POINT ( 'NONE',  ( 28.18281249999996163, -37.69069019189630865, 5.000000000000000000 ) ) ;
#911 = PLANE ( 'NONE',  #26 ) ;
#912 = FACE_OUTER_BOUND ( 'NONE', #1565, .T. ) ;
#913 = DIRECTION ( 'NONE',  ( 1.000000000000000000, -2.312964634635744436E-16, -0.000000000000000000 ) ) ;
#914 = CARTESIAN_POINT ( 'NONE',  ( 0.000000000000000000, 0.000000000000000000, 5.000000000000000000 ) ) ;
#915 = PLANE ( 'NONE',  #1336 ) ;
#916 = VECTOR ( 'NONE', #83, 1000.000000000000000 ) ;
#917 = ORIENTED_EDGE ( 'NONE', *, *, #1289, .F. ) ;
#918 = EDGE_CURVE ( 'NONE', #1623, #1601, #871, .T. ) ;
#919 = APPLICATION_PROTOCOL_DEFINITION ( 'draft international standard', 'automotive_design', 1998, #1694 ) ;
#920 = CARTESIAN_POINT ( 'NONE',  ( -22.41718750000001847, -17.31718749999999929, 0.000000000000000000 ) ) ;
#921 =( GEOMETRIC_REPRESENTATION_CONTEXT ( 3 ) GLOBAL_UNCERTAINTY_ASSIGNED_CONTEXT ( ( #994 ) ) GLOBAL_UNIT_ASSIGNED_CONTEXT ( ( #630, #1466, #1042 ) ) REPRESENTATION_CONTEXT ( 'NONE', 'WORKASPACE' ) );
#922 = ORIENTED_EDGE ( 'NONE', *, *, #358, .F. ) ;
#923 = FACE_BOUND ( 'NONE', #667, .T. ) ;
#924 = PLANE ( 'NONE',  #860 ) ;
#925 =( GEOMETRIC_REPRESENTATION_CONTEXT ( 3 ) GLOBAL_UNCERTAINTY_ASSIGNED_CONTEXT ( ( #1708 ) ) GLOBAL_UNIT_ASSIGNED_CONTEXT ( ( #1382, #826, #1701 ) ) REPRESENTATION_CONTEXT ( 'NONE', 'WORKASPACE' ) );
#926 = VECTOR ( 'NONE', #905, 1000.000000000000000 ) ;
#927 = CARTESIAN_POINT ( 'NONE',  ( 33.18281250000000426, -29.03043615405194799, 5.000000000000000000 ) ) ;
#928 = VECTOR ( 'NONE', #1652, 1000.000000000000227 ) ;
#929 = CARTESIAN_POINT ( 'NONE',  ( 15.28281249999997549, -3.667187499999978506, -0.2542520809160307982 ) ) ;
#930 = PRODUCT_CONTEXT ( 'NONE', #1694, 'mechanical' ) ;
#931 = CARTESIAN_POINT ( 'NONE',  ( 28.18281250000001847, -26.14368480810379580, 0.000000000000000000 ) ) ;
#932 = ORIENTED_EDGE ( 'NONE', *, *, #1750, .F. ) ;
#933 = DIRECTION ( 'NONE',  ( 0.000000000000000000, 0.000000000000000000, 1.000000000000000000 ) ) ;
#934 = EDGE_CURVE ( 'NONE', #384, #262, #774, .T. ) ;
#935 = LINE ( 'NONE', #771, #398 ) ;
#936 = EDGE_CURVE ( 'NONE', #1283, #1145, #1432, .T. ) ;
#937 = CARTESIAN_POINT ( 'NONE',  ( -22.71718750000004050, -7.417187499999966960, -9.795210067430017986 ) ) ;
#938 = DIRECTION ( 'NONE',  ( 0.5612820066940766850, 0.5612820066940709118, -0.6082146150191947154 ) ) ;
#939 = FACE_OUTER_BOUND ( 'NONE', #1589, .T. ) ;
#940 = ORIENTED_EDGE ( 'NONE', *, *, #450, .F. ) ;
#941 = CARTESIAN_POINT ( 'NONE',  ( 12.78281249999997904, -17.51718749999999503, 10.00000000000000000 ) ) ;
#942 = CARTESIAN_POINT ( 'NONE',  ( 0.000000000000000000, 0.000000000000000000, -0.2542520809160307982 ) ) ;
#943 = EDGE_CURVE ( 'NONE', #1508, #832, #587, .T. ) ;
#944 = CARTESIAN_POINT ( 'NONE',  ( -35.83031131790576751, -37.69069019189630865, 10.00000000000000000 ) ) ;
#945 = CYLINDRICAL_SURFACE ( 'NONE', #426, 2.549999999999999378 ) ;
#946 = CARTESIAN_POINT ( 'NONE',  ( -17.41718750000001847, -3.667187499999977618, -0.2542520809160307982 ) ) ;
#947 = ORIENTED_EDGE ( 'NONE', *, *, #279, .T. ) ;
#948 = AXIS2_PLACEMENT_3D ( 'NONE', #665, #1206, #1245 ) ;
#949 = DIRECTION ( 'NONE',  ( -0.7071067811865511255, 0.7071067811865440200, -0.000000000000000000 ) ) ;
#950 = VECTOR ( 'NONE', #955, 1000.000000000000000 ) ;
#951 = DIRECTION ( 'NONE',  ( 1.000000000000000000, -0.000000000000000000, -0.000000000000000000 ) ) ;
#952 = DIRECTION ( 'NONE',  ( -0.6781842809213143308, 0.000000000000000000, 0.7348918839606543019 ) ) ;
#953 = CARTESIAN_POINT ( 'NONE',  ( 31.23281249999999432, -31.91718750000005400, -40.00000000000000000 ) ) ;
#954 = VECTOR ( 'NONE', #1391, 1000.000000000000000 ) ;
#955 = DIRECTION ( 'NONE',  ( 1.000000000000000000, 0.000000000000000000, 0.000000000000000000 ) ) ;
#956 = CARTESIAN_POINT ( 'NONE',  ( -17.81718750000006679, -34.80393884594826659, 5.000000000000000000 ) ) ;
#957 = CARTESIAN_POINT ( 'NONE',  ( -22.41718750000001847, 2.682812500000020250, 8.673617379884035472E-15 ) ) ;
#958 = CIRCLE ( 'NONE', #1520, 2.549999999999998490 ) ;
#959 = ORIENTED_EDGE ( 'NONE', *, *, #863, .F. ) ;
#960 = AXIS2_PLACEMENT_3D ( 'NONE', #166, #1168, #1317 ) ;
#961 = VERTEX_POINT ( 'NONE', #27 ) ;
#962 = SURFACE_SIDE_STYLE ('',( #1681 ) ) ;
#963 = PLANE ( 'NONE',  #1697 ) ;
#964 = CARTESIAN_POINT ( 'NONE',  ( -22.71718750000004050, -9.967187499999967670, -9.795210067430017986 ) ) ;
#965 = ORIENTED_EDGE ( 'NONE', *, *, #1536, .T. ) ;
#966 = EDGE_CURVE ( 'NONE', #1735, #1677, #880, .T. ) ;
#967 = ORIENTED_EDGE ( 'NONE', *, *, #692, .F. ) ;
#968 = DIRECTION ( 'NONE',  ( 0.8660254037844311581, -0.5000000000000131006, 0.000000000000000000 ) ) ;
#969 = VERTEX_POINT ( 'NONE', #728 ) ;
#970 = CARTESIAN_POINT ( 'NONE',  ( -52.41718750000001847, -37.69069019189630865, 9.999999999999987566 ) ) ;
#971 = FACE_OUTER_BOUND ( 'NONE', #588, .T. ) ;
#972 = DIRECTION ( 'NONE',  ( 0.000000000000000000, -1.000000000000000000, 0.000000000000000000 ) ) ;
#973 = ORIENTED_EDGE ( 'NONE', *, *, #1849, .F. ) ;
#974 = ORIENTED_EDGE ( 'NONE', *, *, #752, .F. ) ;
#975 = EDGE_CURVE ( 'NONE', #1303, #1304, #1731, .T. ) ;
#976 = ORIENTED_EDGE ( 'NONE', *, *, #1559, .T. ) ;
#977 = VECTOR ( 'NONE', #1656, 1000.000000000000000 ) ;
#978 = DIRECTION ( 'NONE',  ( 1.000000000000000000, -2.312964634635744436E-16, -0.000000000000000000 ) ) ;
#979 = DIRECTION ( 'NONE',  ( -3.469446951953617640E-16, 0.000000000000000000, -1.000000000000000000 ) ) ;
#980 = EDGE_LOOP ( 'NONE', ( #1614, #1778 ) ) ;
#981 = VECTOR ( 'NONE', #1157, 1000.000000000000000 ) ;
#982 = CARTESIAN_POINT ( 'NONE',  ( 48.26093631790573824, -37.69069019189630865, 5.000000000000002665 ) ) ;
#983 = VECTOR ( 'NONE', #1756, 1000.000000000000000 ) ;
#984 = ORIENTED_EDGE ( 'NONE', *, *, #1058, .F. ) ;
#985 = ORIENTED_EDGE ( 'NONE', *, *, #1185, .F. ) ;
#986 = CARTESIAN_POINT ( 'NONE',  ( -22.81718749999994600, -26.14368480810381001, 0.000000000000000000 ) ) ;
#987 = EDGE_CURVE ( 'NONE', #1705, #1418, #525, .T. ) ;
#988 = PLANE ( 'NONE',  #52 ) ;
#989 = EDGE_CURVE ( 'NONE', #1842, #1155, #1339, .T. ) ;
#990 = CARTESIAN_POINT ( 'NONE',  ( 23.18281250000000071, -29.03043615405190181, 5.000000000000000000 ) ) ;
#991 = PRODUCT ( 'Stand', 'Stand', '', ( #930 ) ) ;
#992 = CARTESIAN_POINT ( 'NONE',  ( 15.28281249999997549, -3.667187499999978506, -0.2542520809160307982 ) ) ;
#993 = VERTEX_POINT ( 'NONE', #193 ) ;
#994 = UNCERTAINTY_MEASURE_WITH_UNIT (LENGTH_MEASURE( 1.000000000000000082E-05 ), #630, 'distance_accuracy_value', 'NONE');
#995 = ORIENTED_EDGE ( 'NONE', *, *, #695, .T. ) ;
#996 = CARTESIAN_POINT ( 'NONE',  ( 0.000000000000000000, -17.51718749999999503, 10.00000000000000000 ) ) ;
#997 = CARTESIAN_POINT ( 'NONE',  ( 22.78281249999997371, -3.667187499999977618, -0.2542520809160307982 ) ) ;
#998 = DIRECTION ( 'NONE',  ( -0.3152817635568329613, 0.9489981083060667899, -0.000000000000000000 ) ) ;
#999 = ADVANCED_FACE ( 'NONE', ( #442 ), #741, .F. ) ;
#1000 = CARTESIAN_POINT ( 'NONE',  ( -17.81718749999998153, -29.03043615405202260, 5.000000000000000000 ) ) ;
#1001 = ORIENTED_EDGE ( 'NONE', *, *, #1120, .T. ) ;
#1002 = ORIENTED_EDGE ( 'NONE', *, *, #1848, .F. ) ;
#1003 = EDGE_LOOP ( 'NONE', ( #345, #762, #922 ) ) ;
#1004 = DIRECTION ( 'NONE',  ( -0.9489981083060669009, 0.3152817635568326837, 0.000000000000000000 ) ) ;
#1005 = VECTOR ( 'NONE', #68, 1000.000000000000000 ) ;
#1006 = DIRECTION ( 'NONE',  ( -0.000000000000000000, -0.000000000000000000, -1.000000000000000000 ) ) ;
#1007 = DIRECTION ( 'NONE',  ( -0.000000000000000000, -0.000000000000000000, -1.000000000000000000 ) ) ;
#1008 = CIRCLE ( 'NONE', #1299, 2.549999999999998490 ) ;
#1009 = ADVANCED_BREP_SHAPE_REPRESENTATION ( 'Stand', ( #341, #1452 ), #1847 ) ;
#1010 = PLANE ( 'NONE',  #312 ) ;
#1011 = DIRECTION ( 'NONE',  ( -1.000000000000000000, 0.000000000000000000, 0.000000000000000000 ) ) ;
#1012 = EDGE_CURVE ( 'NONE', #147, #1139, #1491, .T. ) ;
#1013 = VECTOR ( 'NONE', #1530, 1000.000000000000114 ) ;
#1014 = EDGE_LOOP ( 'NONE', ( #1350, #242 ) ) ;
#1015 = ORIENTED_EDGE ( 'NONE', *, *, #1016, .T. ) ;
#1016 = EDGE_CURVE ( 'NONE', #129, #1400, #1026, .T. ) ;
#1017 = VECTOR ( 'NONE', #269, 1000.000000000000000 ) ;
#1018 = DIRECTION ( 'NONE',  ( 0.000000000000000000, -1.000000000000000000, 0.000000000000000000 ) ) ;
#1019 = DIRECTION ( 'NONE',  ( 0.000000000000000000, 0.000000000000000000, 1.000000000000000000 ) ) ;
#1020 = DIRECTION ( 'NONE',  ( -0.000000000000000000, -0.000000000000000000, -1.000000000000000000 ) ) ;
#1021 = EDGE_LOOP ( 'NONE', ( #908, #1169, #356, #779, #1247, #468 ) ) ;
#1022 = EDGE_LOOP ( 'NONE', ( #1850, #86, #508, #1435 ) ) ;
#1023 = EDGE_CURVE ( 'NONE', #364, #354, #1600, .T. ) ;
#1024 = DIRECTION ( 'NONE',  ( -0.000000000000000000, -0.000000000000000000, -1.000000000000000000 ) ) ;
#1025 = DIRECTION ( 'NONE',  ( -0.5000000000000045519, -0.8660254037844361541, 0.000000000000000000 ) ) ;
#1026 = LINE ( 'NONE', #625, #1704 ) ;
#1027 = ORIENTED_EDGE ( 'NONE', *, *, #425, .T. ) ;
#1028 = CARTESIAN_POINT ( 'NONE',  ( -22.81718750000011298, -37.69069019189632996, 5.000000000000000000 ) ) ;
#1029 = VERTEX_POINT ( 'NONE', #1592 ) ;
#1030 = ORIENTED_EDGE ( 'NONE', *, *, #1537, .T. ) ;
#1031 =( LENGTH_UNIT ( ) NAMED_UNIT ( * ) SI_UNIT ( .MILLI., .METRE. ) );
#1032 = EDGE_CURVE ( 'NONE', #130, #1577, #177, .T. ) ;
#1033 = FACE_BOUND ( 'NONE', #256, .T. ) ;
#1034 = EDGE_CURVE ( 'NONE', #1303, #139, #297, .T. ) ;
#1035 = LINE ( 'NONE', #1782, #703 ) ;
#1036 = CARTESIAN_POINT ( 'NONE',  ( -42.89531131790577234, -37.69069019189630865, 5.000000000000000000 ) ) ;
#1037 = VECTOR ( 'NONE', #1658, 999.9999999999998863 ) ;
#1038 = AXIS2_PLACEMENT_3D ( 'NONE', #1422, #1025, #1141 ) ;
#1039 = DIRECTION ( 'NONE',  ( -0.000000000000000000, -0.000000000000000000, -1.000000000000000000 ) ) ;
#1040 = ORIENTED_EDGE ( 'NONE', *, *, #375, .F. ) ;
#1041 = ORIENTED_EDGE ( 'NONE', *, *, #1665, .F. ) ;
#1042 =( NAMED_UNIT ( * ) SI_UNIT ( $, .STERADIAN. ) SOLID_ANGLE_UNIT ( ) );
#1043 = VECTOR ( 'NONE', #726, 1000.000000000000000 ) ;
#1044 = VERTEX_POINT ( 'NONE', #597 ) ;
#1045 = AXIS2_PLACEMENT_3D ( 'NONE', #1174, #72, #1204 ) ;
#1046 = FACE_BOUND ( 'NONE', #980, .T. ) ;
#1047 = FACE_OUTER_BOUND ( 'NONE', #1151, .T. ) ;
#1048 = CARTESIAN_POINT ( 'NONE',  ( 27.78281249999997371, -17.31718749999999929, 0.000000000000000000 ) ) ;
#1049 = EDGE_CURVE ( 'NONE', #174, #687, #1397, .T. ) ;
#1050 = ADVANCED_FACE ( 'NONE', ( #453 ), #1470, .F. ) ;
#1051 = DIRECTION ( 'NONE',  ( 1.000000000000000000, 0.000000000000000000, 0.000000000000000000 ) ) ;
#1052 = ORIENTED_EDGE ( 'NONE', *, *, #1081, .F. ) ;
#1053 = ORIENTED_EDGE ( 'NONE', *, *, #1696, .T. ) ;
#1054 = CARTESIAN_POINT ( 'NONE',  ( -22.81718750000002416, -31.91718750000006821, -40.00000000000000000 ) ) ;
#1055 = DIRECTION ( 'NONE',  ( 0.8660254037844457020, 0.4999999999999877875, 0.000000000000000000 ) ) ;
#1056 = CYLINDRICAL_SURFACE ( 'NONE', #1266, 3.050000000000000711 ) ;
#1057 = DIRECTION ( 'NONE',  ( 1.000000000000000000, -4.625929269271486900E-16, 0.000000000000000000 ) ) ;
#1058 = EDGE_CURVE ( 'NONE', #1691, #1418, #898, .T. ) ;
#1059 = DIRECTION ( 'NONE',  ( 0.000000000000000000, -1.000000000000000000, 0.000000000000000000 ) ) ;
#1060 = CARTESIAN_POINT ( 'NONE',  ( 23.18281249999997229, -34.80393884594815290, 5.000000000000000000 ) ) ;
#1061 = CARTESIAN_POINT ( 'NONE',  ( 57.78281249999999147, -37.69069019189630865, 9.999999999999987566 ) ) ;
#1062 = CARTESIAN_POINT ( 'NONE',  ( -7.417187500000018474, -17.31718749999999929, 0.000000000000000000 ) ) ;
#1063 = CARTESIAN_POINT ( 'NONE',  ( 57.78281249999998437, -57.51718749999998437, 0.000000000000000000 ) ) ;
#1064 = CARTESIAN_POINT ( 'NONE',  ( -7.417187500000019362, 22.68281250000001137, -16.25425208091602869 ) ) ;
#1065 = VECTOR ( 'NONE', #1198, 1000.000000000000000 ) ;
#1066 = VERTEX_POINT ( 'NONE', #184 ) ;
#1067 = VECTOR ( 'NONE', #1794, 1000.000000000000000 ) ;
#1068 = EDGE_CURVE ( 'NONE', #620, #669, #45, .T. ) ;
#1069 = DIRECTION ( 'NONE',  ( 0.000000000000000000, 0.000000000000000000, 1.000000000000000000 ) ) ;
#1070 = LINE ( 'NONE', #920, #893 ) ;
#1071 = CARTESIAN_POINT ( 'NONE',  ( 48.26093631790573824, -57.51718749999999858, 5.000000000000002665 ) ) ;
#1072 = AXIS2_PLACEMENT_3D ( 'NONE', #1799, #631, #335 ) ;
#1073 = FACE_OUTER_BOUND ( 'NONE', #187, .T. ) ;
#1074 = AXIS2_PLACEMENT_3D ( 'NONE', #150, #856, #584 ) ;
#1075 = AXIS2_PLACEMENT_3D ( 'NONE', #1036, #1746, #67 ) ;
#1076 = CARTESIAN_POINT ( 'NONE',  ( -52.41718750000001847, -37.69069019189630865, 0.000000000000000000 ) ) ;
#1077 = CARTESIAN_POINT ( 'NONE',  ( -17.81718749999998153, -29.03043615405202260, 5.000000000000000000 ) ) ;
#1078 = ORIENTED_EDGE ( 'NONE', *, *, #1582, .F. ) ;
#1079 = DIRECTION ( 'NONE',  ( -0.8660254037844457020, -0.4999999999999878431, 0.000000000000000000 ) ) ;
#1080 = ORIENTED_EDGE ( 'NONE', *, *, #1848, .T. ) ;
#1081 = EDGE_CURVE ( 'NONE', #733, #1557, #54, .T. ) ;
#1082 = DIRECTION ( 'NONE',  ( 0.7071067811865511255, -0.7071067811865440200, -1.214489834996738671E-16 ) ) ;
#1083 = LINE ( 'NONE', #209, #23 ) ;
#1084 = DIRECTION ( 'NONE',  ( 1.000000000000000000, 0.000000000000000000, 0.000000000000000000 ) ) ;
#1085 = CARTESIAN_POINT ( 'NONE',  ( 57.78281249999999147, -37.69069019189630865, 9.999999999999987566 ) ) ;
#1086 = FACE_BOUND ( 'NONE', #377, .T. ) ;
#1087 = ORIENTED_EDGE ( 'NONE', *, *, #8, .T. ) ;
#1088 = LINE ( 'NONE', #1415, #253 ) ;
#1089 = ADVANCED_FACE ( 'NONE', ( #614, #1766 ), #473, .T. ) ;
#1090 = CARTESIAN_POINT ( 'NONE',  ( -9.917187500000022027, -11.16718749999997762, -0.2542520809160307982 ) ) ;
#1091 = ADVANCED_FACE ( 'NONE', ( #385, #668 ), #837, .T. ) ;
#1092 = CARTESIAN_POINT ( 'NONE',  ( 30.27037468905477979, -4.804749689054954587, 8.673617379884035472E-15 ) ) ;
#1093 = DIRECTION ( 'NONE',  ( 1.000000000000000000, 0.000000000000000000, -0.000000000000000000 ) ) ;
#1094 = CARTESIAN_POINT ( 'NONE',  ( 15.28281249999997371, -11.16718749999997584, -0.2542520809160307982 ) ) ;
#1095 = EDGE_LOOP ( 'NONE', ( #866, #319, #1436, #1770 ) ) ;
#1096 = EDGE_LOOP ( 'NONE', ( #1739, #172, #865, #693 ) ) ;
#1097 = CIRCLE ( 'NONE', #278, 2.550000000000000266 ) ;
#1098 = DIRECTION ( 'NONE',  ( 1.000000000000000000, 0.000000000000000000, 0.000000000000000000 ) ) ;
#1099 = DIRECTION ( 'NONE',  ( -0.000000000000000000, -0.000000000000000000, -1.000000000000000000 ) ) ;
#1100 = DIRECTION ( 'NONE',  ( 0.000000000000000000, 0.000000000000000000, -1.000000000000000000 ) ) ;
#1101 = ADVANCED_FACE ( 'NONE', ( #1837 ), #1197, .F. ) ;
#1102 = AXIS2_PLACEMENT_3D ( 'NONE', #547, #1405, #276 ) ;
#1103 = EDGE_LOOP ( 'NONE', ( #563, #79, #875, #1001 ) ) ;
#1104 = AXIS2_PLACEMENT_3D ( 'NONE', #1723, #1585, #1543 ) ;
#1105 = VERTEX_POINT ( 'NONE', #1535 ) ;
#1106 = ORIENTED_EDGE ( 'NONE', *, *, #1629, .T. ) ;
#1107 = DIRECTION ( 'NONE',  ( 0.000000000000000000, 0.000000000000000000, 1.000000000000000000 ) ) ;
#1108 = FACE_OUTER_BOUND ( 'NONE', #1319, .T. ) ;
#1109 = ADVANCED_FACE ( 'NONE', ( #245 ), #823, .F. ) ;
#1110 = ORIENTED_EDGE ( 'NONE', *, *, #612, .T. ) ;
#1111 = ORIENTED_EDGE ( 'NONE', *, *, #1058, .T. ) ;
#1112 = LINE ( 'NONE', #751, #1358 ) ;
#1113 = ORIENTED_EDGE ( 'NONE', *, *, #1173, .F. ) ;
#1114 = LINE ( 'NONE', #670, #1270 ) ;
#1115 = DIRECTION ( 'NONE',  ( 0.000000000000000000, -1.000000000000000000, 0.000000000000000000 ) ) ;
#1116 = CARTESIAN_POINT ( 'NONE',  ( -42.89531131790577234, -57.51718749999999858, 5.000000000000000000 ) ) ;
#1117 = ORIENTED_EDGE ( 'NONE', *, *, #1548, .T. ) ;
#1118 = LINE ( 'NONE', #1692, #896 ) ;
#1119 = ORIENTED_EDGE ( 'NONE', *, *, #975, .F. ) ;
#1120 = EDGE_CURVE ( 'NONE', #1105, #1836, #1112, .T. ) ;
#1121 = EDGE_LOOP ( 'NONE', ( #1734, #155, #1236, #121, #399, #1826 ) ) ;
#1122 = VECTOR ( 'NONE', #906, 1000.000000000000000 ) ;
#1123 = LINE ( 'NONE', #848, #315 ) ;
#1124 = AXIS2_PLACEMENT_3D ( 'NONE', #1234, #819, #1250 ) ;
#1125 = CARTESIAN_POINT ( 'NONE',  ( 27.78281249999997726, -17.31718749999999574, 8.673617379884035472E-15 ) ) ;
#1126 = CYLINDRICAL_SURFACE ( 'NONE', #228, 3.049999999999997158 ) ;
#1127 = VECTOR ( 'NONE', #1631, 1000.000000000000000 ) ;
#1128 = VERTEX_POINT ( 'NONE', #46 ) ;
#1129 = DIRECTION ( 'NONE',  ( 1.442222014787670146E-14, 1.000000000000000000, 0.000000000000000000 ) ) ;
#1130 = VECTOR ( 'NONE', #1572, 1000.000000000000000 ) ;
#1131 = VERTEX_POINT ( 'NONE', #1028 ) ;
#1132 = ORIENTED_EDGE ( 'NONE', *, *, #116, .T. ) ;
#1133 = EDGE_CURVE ( 'NONE', #1838, #1743, #444, .T. ) ;
#1134 = CARTESIAN_POINT ( 'NONE',  ( 12.78281249999997549, -17.31718749999999929, -16.25425208091603224 ) ) ;
#1135 = DIRECTION ( 'NONE',  ( 0.000000000000000000, 1.000000000000000000, 0.000000000000000000 ) ) ;
#1136 = CARTESIAN_POINT ( 'NONE',  ( 12.78281249999997904, 0.000000000000000000, 10.00000000000000000 ) ) ;
#1137 = CARTESIAN_POINT ( 'NONE',  ( -52.41718750000001137, -57.51718749999998437, 9.999999999999987566 ) ) ;
#1138 = ORIENTED_EDGE ( 'NONE', *, *, #843, .F. ) ;
#1139 = VERTEX_POINT ( 'NONE', #598 ) ;
#1140 = DIRECTION ( 'NONE',  ( 0.000000000000000000, -0.000000000000000000, -1.000000000000000000 ) ) ;
#1141 = DIRECTION ( 'NONE',  ( 0.8660254037844360431, -0.5000000000000044409, 0.000000000000000000 ) ) ;
#1142 = CARTESIAN_POINT ( 'NONE',  ( -22.41718750000001847, 2.682812500000020250, 10.00000000000000000 ) ) ;
#1143 = EDGE_CURVE ( 'NONE', #1260, #969, #342, .T. ) ;
#1144 = CARTESIAN_POINT ( 'NONE',  ( -27.81718750000006324, -34.80393884594813159, 5.000000000000000000 ) ) ;
#1145 = VERTEX_POINT ( 'NONE', #465 ) ;
#1146 = ORIENTED_EDGE ( 'NONE', *, *, #1361, .T. ) ;
#1147 = DIRECTION ( 'NONE',  ( -1.726093010922172788E-16, 5.195539962875738412E-16, 1.000000000000000000 ) ) ;
#1148 = CARTESIAN_POINT ( 'NONE',  ( 10.78281249999963087, 14.68281250000000782, 10.00000000000000000 ) ) ;
#1149 = CARTESIAN_POINT ( 'NONE',  ( -24.90474968905482456, -4.804749689054953699, 10.00000000000000000 ) ) ;
#1150 = VECTOR ( 'NONE', #512, 999.9999999999998863 ) ;
#1151 = EDGE_LOOP ( 'NONE', ( #1727, #1080, #965, #1277 ) ) ;
#1152 = ADVANCED_FACE ( 'NONE', ( #474, #1161, #731 ), #606, .F. ) ;
#1153 = CIRCLE ( 'NONE', #284, 2.550000000000000266 ) ;
#1154 = VERTEX_POINT ( 'NONE', #900 ) ;
#1155 = VERTEX_POINT ( 'NONE', #325 ) ;
#1156 = VECTOR ( 'NONE', #1259, 1000.000000000000000 ) ;
#1157 = DIRECTION ( 'NONE',  ( 0.7071067811865511255, -0.7071067811865440200, 0.000000000000000000 ) ) ;
#1158 = CARTESIAN_POINT ( 'NONE',  ( -7.417187500000021139, 2.682812500000002931, 10.00000000000000000 ) ) ;
#1159 = DIRECTION ( 'NONE',  ( 1.000000000000000000, 0.000000000000000000, 0.000000000000000000 ) ) ;
#1160 = EDGE_LOOP ( 'NONE', ( #724, #1817, #1467, #815, #1506, #318, #410, #402, #1256, #1087 ) ) ;
#1161 = FACE_BOUND ( 'NONE', #1630, .T. ) ;
#1162 = EDGE_CURVE ( 'NONE', #63, #171, #1454, .T. ) ;
#1163 = ORIENTED_EDGE ( 'NONE', *, *, #936, .T. ) ;
#1164 = ORIENTED_EDGE ( 'NONE', *, *, #743, .T. ) ;
#1165 = EDGE_CURVE ( 'NONE', #160, #1662, #1482, .T. ) ;
#1166 = CARTESIAN_POINT ( 'NONE',  ( -27.81718750000006324, -34.80393884594813159, 5.000000000000000000 ) ) ;
#1167 = DIRECTION ( 'NONE',  ( 1.000000000000000000, 0.000000000000000000, 0.000000000000000000 ) ) ;
#1168 = DIRECTION ( 'NONE',  ( 1.000000000000000000, -4.807406715958908900E-15, 0.000000000000000000 ) ) ;
#1169 = ORIENTED_EDGE ( 'NONE', *, *, #730, .T. ) ;
#1170 = CARTESIAN_POINT ( 'NONE',  ( 33.18281249999997584, -34.80393884594820975, 5.000000000000000000 ) ) ;
#1171 = ORIENTED_EDGE ( 'NONE', *, *, #1451, .T. ) ;
#1172 = LINE ( 'NONE', #765, #401 ) ;
#1173 = EDGE_CURVE ( 'NONE', #1419, #103, #1300, .T. ) ;
#1174 = CARTESIAN_POINT ( 'NONE',  ( -7.417187500000021139, -9.554531645028535435E-16, 10.00000000000000000 ) ) ;
#1175 = DIRECTION ( 'NONE',  ( 0.000000000000000000, 0.000000000000000000, 1.000000000000000000 ) ) ;
#1176 = DIRECTION ( 'NONE',  ( -3.469446951953617147E-16, -6.314053894799812900E-32, -1.000000000000000000 ) ) ;
#1177 = AXIS2_PLACEMENT_3D ( 'NONE', #1196, #1346, #758 ) ;
#1178 = CARTESIAN_POINT ( 'NONE',  ( -17.81718750000006679, -34.80393884594826659, 0.000000000000000000 ) ) ;
#1179 = COLOUR_RGB ( '',0.9098039215686274384, 0.4431372549019607643, 0.03137254901960784270 ) ;
#1180 = ORIENTED_EDGE ( 'NONE', *, *, #1068, .T. ) ;
#1181 = PRESENTATION_LAYER_ASSIGNMENT (  '', '', ( #1455 ) ) ;
#1182 = ORIENTED_EDGE ( 'NONE', *, *, #8, .F. ) ;
#1183 = VECTOR ( 'NONE', #1082, 1000.000000000000000 ) ;
#1184 = DIRECTION ( 'NONE',  ( 0.000000000000000000, -1.000000000000000000, 0.000000000000000000 ) ) ;
#1185 = EDGE_CURVE ( 'NONE', #281, #734, #1328, .T. ) ;
#1186 = AXIS2_PLACEMENT_3D ( 'NONE', #1282, #11, #569 ) ;
#1187 = DIRECTION ( 'NONE',  ( 1.000000000000000000, 1.819902129140329176E-16, 0.000000000000000000 ) ) ;
#1188 = CARTESIAN_POINT ( 'NONE',  ( 23.18281249999997229, -34.80393884594815290, 0.000000000000000000 ) ) ;
#1189 = DIRECTION ( 'NONE',  ( -0.000000000000000000, -0.000000000000000000, 1.000000000000000000 ) ) ;
#1190 = DIRECTION ( 'NONE',  ( 4.625929269271486900E-16, 1.000000000000000000, 0.000000000000000000 ) ) ;
#1191 = ORIENTED_EDGE ( 'NONE', *, *, #1513, .T. ) ;
#1192 = ORIENTED_EDGE ( 'NONE', *, *, #755, .F. ) ;
#1193 = LINE ( 'NONE', #602, #1787 ) ;
#1194 = CARTESIAN_POINT ( 'NONE',  ( 25.13281249999999289, -31.91718750000005400, -40.00000000000000000 ) ) ;
#1195 = CARTESIAN_POINT ( 'NONE',  ( -17.41718750000001847, -3.667187499999977618, -0.2542520809160307982 ) ) ;
#1196 = CARTESIAN_POINT ( 'NONE',  ( 0.000000000000000000, -17.31718749999999929, 0.000000000000000000 ) ) ;
#1197 = PLANE ( 'NONE',  #1326 ) ;
#1198 = DIRECTION ( 'NONE',  ( -3.499808259662234298E-16, -1.000000000000000000, -0.000000000000000000 ) ) ;
#1199 = ADVANCED_FACE ( 'NONE', ( #744 ), #454, .F. ) ;
#1200 = DIRECTION ( 'NONE',  ( -0.000000000000000000, -0.000000000000000000, -1.000000000000000000 ) ) ;
#1201 = ORIENTED_EDGE ( 'NONE', *, *, #1800, .F. ) ;
#1202 = CARTESIAN_POINT ( 'NONE',  ( 33.18281249999997584, -34.80393884594820975, 0.000000000000000000 ) ) ;
#1203 = ORIENTED_EDGE ( 'NONE', *, *, #1133, .F. ) ;
#1204 = DIRECTION ( 'NONE',  ( -1.288160997012480489E-16, 1.000000000000000000, 0.000000000000000000 ) ) ;
#1205 = CARTESIAN_POINT ( 'NONE',  ( -25.86718750000002132, -31.91718750000006821, 10.00000000000000000 ) ) ;
#1206 = DIRECTION ( 'NONE',  ( 0.7071067811865441310, -0.7071067811865510144, 0.000000000000000000 ) ) ;
#1207 = DIRECTION ( 'NONE',  ( -1.000000000000000000, -1.156482317317871725E-16, 0.000000000000000000 ) ) ;
#1208 = EDGE_CURVE ( 'NONE', #1044, #148, #517, .T. ) ;
#1209 = AXIS2_PLACEMENT_3D ( 'NONE', #1309, #1189, #29 ) ;
#1210 = EDGE_LOOP ( 'NONE', ( #1588, #266, #973, #778, #438, #1052 ) ) ;
#1211 = CIRCLE ( 'NONE', #549, 2.549999999999999378 ) ;
#1212 = FACE_OUTER_BOUND ( 'NONE', #1445, .T. ) ;
#1213 = EDGE_LOOP ( 'NONE', ( #306, #1429, #455, #102 ) ) ;
#1214 = CARTESIAN_POINT ( 'NONE',  ( 12.78281249999997904, 0.000000000000000000, 10.00000000000000000 ) ) ;
#1215 = VECTOR ( 'NONE', #1638, 1000.000000000000000 ) ;
#1216 = DIRECTION ( 'NONE',  ( -0.000000000000000000, 1.000000000000000000, -0.000000000000000000 ) ) ;
#1217 = AXIS2_PLACEMENT_3D ( 'NONE', #1610, #331, #313 ) ;
#1218 = CARTESIAN_POINT ( 'NONE',  ( 12.78281249999997904, 0.000000000000000000, 0.000000000000000000 ) ) ;
#1219 = CARTESIAN_POINT ( 'NONE',  ( -17.41718750000001847, -3.667187499999977618, -5.418084026972009859 ) ) ;
#1220 = PLANE ( 'NONE',  #677 ) ;
#1221 = ORIENTED_EDGE ( 'NONE', *, *, #975, .T. ) ;
#1222 = EDGE_CURVE ( 'NONE', #619, #1691, #218, .T. ) ;
#1223 = LINE ( 'NONE', #1790, #680 ) ;
#1224 = EDGE_CURVE ( 'NONE', #139, #320, #1740, .T. ) ;
#1225 = FACE_OUTER_BOUND ( 'NONE', #1807, .T. ) ;
#1226 = CARTESIAN_POINT ( 'NONE',  ( 22.23393723115566090, 3.231687768844086150, -6.012854492357080360 ) ) ;
#1227 = DIRECTION ( 'NONE',  ( 0.000000000000000000, 0.000000000000000000, -1.000000000000000000 ) ) ;
#1228 = DIRECTION ( 'NONE',  ( 0.4999999999999955591, -0.8660254037844412611, 0.000000000000000000 ) ) ;
#1229 = ORIENTED_EDGE ( 'NONE', *, *, #1570, .T. ) ;
#1230 = ORIENTED_EDGE ( 'NONE', *, *, #635, .T. ) ;
#1231 = EDGE_CURVE ( 'NONE', #281, #383, #1340, .T. ) ;
#1232 = DIRECTION ( 'NONE',  ( -1.000000000000000000, 0.000000000000000000, 0.000000000000000000 ) ) ;
#1233 = CARTESIAN_POINT ( 'NONE',  ( 12.78281249999997549, -17.31718749999999929, -16.25425208091603224 ) ) ;
#1234 = CARTESIAN_POINT ( 'NONE',  ( 22.78281249999997371, -3.667187499999977618, -0.2542520809160307982 ) ) ;
#1235 = LINE ( 'NONE', #1683, #1669 ) ;
#1236 = ORIENTED_EDGE ( 'NONE', *, *, #188, .F. ) ;
#1237 = ORIENTED_EDGE ( 'NONE', *, *, #475, .F. ) ;
#1238 = DIRECTION ( 'NONE',  ( -0.5000000000000131006, -0.8660254037844311581, 0.000000000000000000 ) ) ;
#1239 = AXIS2_PLACEMENT_3D ( 'NONE', #942, #91, #1232 ) ;
#1240 = EDGE_LOOP ( 'NONE', ( #421, #524, #1002, #753 ) ) ;
#1241 = LINE ( 'NONE', #1134, #1013 ) ;
#1242 = EDGE_CURVE ( 'NONE', #687, #174, #1359, .T. ) ;
#1243 = AXIS2_PLACEMENT_3D ( 'NONE', #1094, #1668, #1525 ) ;
#1244 = FACE_OUTER_BOUND ( 'NONE', #1846, .T. ) ;
#1245 = DIRECTION ( 'NONE',  ( 0.000000000000000000, 0.000000000000000000, 1.000000000000000000 ) ) ;
#1246 = VECTOR ( 'NONE', #1738, 1000.000000000000000 ) ;
#1247 = ORIENTED_EDGE ( 'NONE', *, *, #1582, .T. ) ;
#1248 = ORIENTED_EDGE ( 'NONE', *, *, #375, .T. ) ;
#1249 = EDGE_LOOP ( 'NONE', ( #1312, #1182, #1237, #640, #456, #1594 ) ) ;
#1250 = DIRECTION ( 'NONE',  ( 4.625929269271486900E-16, 1.000000000000000000, 0.000000000000000000 ) ) ;
#1251 = CARTESIAN_POINT ( 'NONE',  ( 33.18281249999997584, -34.80393884594820975, 5.000000000000000000 ) ) ;
#1252 = ORIENTED_EDGE ( 'NONE', *, *, #1231, .T. ) ;
#1253 = EDGE_CURVE ( 'NONE', #961, #711, #1785, .T. ) ;
#1254 = LINE ( 'NONE', #834, #1522 ) ;
#1255 = ORIENTED_EDGE ( 'NONE', *, *, #1513, .F. ) ;
#1256 = ORIENTED_EDGE ( 'NONE', *, *, #918, .T. ) ;
#1257 = DIRECTION ( 'NONE',  ( 0.000000000000000000, 1.000000000000000000, 0.000000000000000000 ) ) ;
#1258 = DIRECTION ( 'NONE',  ( -4.625929269271485914E-16, -1.000000000000000000, 0.000000000000000000 ) ) ;
#1259 = DIRECTION ( 'NONE',  ( -4.625929269271485914E-16, -1.000000000000000000, 0.000000000000000000 ) ) ;
#1260 = VERTEX_POINT ( 'NONE', #1676 ) ;
#1261 = DIRECTION ( 'NONE',  ( 1.502314598737161832E-14, 1.000000000000000000, 0.000000000000000000 ) ) ;
#1262 = EDGE_CURVE ( 'NONE', #1139, #147, #1295, .T. ) ;
#1263 = VERTEX_POINT ( 'NONE', #1076 ) ;
#1264 = AXIS2_PLACEMENT_3D ( 'NONE', #1384, #108, #1494 ) ;
#1265 = VERTEX_POINT ( 'NONE', #101 ) ;
#1266 = AXIS2_PLACEMENT_3D ( 'NONE', #491, #311, #1167 ) ;
#1267 = CARTESIAN_POINT ( 'NONE',  ( 28.18281249999999361, -31.91718750000005400, 10.00000000000000000 ) ) ;
#1268 = DIRECTION ( 'NONE',  ( -4.807406715958917577E-15, -1.000000000000000000, 0.000000000000000000 ) ) ;
#1269 = DIRECTION ( 'NONE',  ( 1.000000000000000000, 0.000000000000000000, 0.000000000000000000 ) ) ;
#1270 = VECTOR ( 'NONE', #698, 1000.000000000000000 ) ;
#1271 = ORIENTED_EDGE ( 'NONE', *, *, #1665, .T. ) ;
#1272 = VECTOR ( 'NONE', #1647, 1000.000000000000000 ) ;
#1273 = CARTESIAN_POINT ( 'NONE',  ( 22.78281249999997016, -11.16718749999997762, -5.418084026972009859 ) ) ;
#1274 = VECTOR ( 'NONE', #998, 1000.000000000000114 ) ;
#1275 = ORIENTED_EDGE ( 'NONE', *, *, #1355, .F. ) ;
#1276 = ORIENTED_EDGE ( 'NONE', *, *, #1437, .T. ) ;
#1277 = ORIENTED_EDGE ( 'NONE', *, *, #1641, .T. ) ;
#1278 = ADVANCED_FACE ( 'NONE', ( #232 ), #531, .F. ) ;
#1279 = CARTESIAN_POINT ( 'NONE',  ( -35.83031131790576751, -37.69069019189630865, 8.673617379884035472E-15 ) ) ;
#1280 = ADVANCED_FACE ( 'NONE', ( #1108 ), #945, .F. ) ;
#1281 = DIRECTION ( 'NONE',  ( -0.000000000000000000, -0.000000000000000000, -1.000000000000000000 ) ) ;
#1282 = CARTESIAN_POINT ( 'NONE',  ( 48.26093631790573824, -57.51718749999999858, 5.000000000000002665 ) ) ;
#1283 = VERTEX_POINT ( 'NONE', #1219 ) ;
#1284 = LINE ( 'NONE', #686, #617 ) ;
#1285 = ORIENTED_EDGE ( 'NONE', *, *, #1536, .F. ) ;
#1286 = ORIENTED_EDGE ( 'NONE', *, *, #415, .T. ) ;
#1287 = EDGE_LOOP ( 'NONE', ( #1791, #882, #1547, #254, #47, #763 ) ) ;
#1288 = CARTESIAN_POINT ( 'NONE',  ( -7.417187500000019362, 22.68281250000001137, -16.25425208091602869 ) ) ;
#1289 = EDGE_CURVE ( 'NONE', #746, #179, #1235, .T. ) ;
#1290 = DIRECTION ( 'NONE',  ( 0.000000000000000000, 1.000000000000000000, 0.000000000000000000 ) ) ;
#1291 = CARTESIAN_POINT ( 'NONE',  ( 10.78281249999982450, 14.68281250000000959, -16.25425208091603224 ) ) ;
#1292 = ORIENTED_EDGE ( 'NONE', *, *, #170, .T. ) ;
#1293 = EDGE_LOOP ( 'NONE', ( #1255, #1724, #1311, #386 ) ) ;
#1294 = DIRECTION ( 'NONE',  ( 0.000000000000000000, 1.000000000000000000, 0.000000000000000000 ) ) ;
#1295 = CIRCLE ( 'NONE', #1264, 2.550000000000001155 ) ;
#1296 = DIRECTION ( 'NONE',  ( 1.000000000000000000, -2.312964634635744436E-16, 0.000000000000000000 ) ) ;
#1297 = DIRECTION ( 'NONE',  ( -0.000000000000000000, -0.000000000000000000, -1.000000000000000000 ) ) ;
#1298 = ADVANCED_FACE ( 'NONE', ( #362 ), #1813, .F. ) ;
#1299 = AXIS2_PLACEMENT_3D ( 'NONE', #701, #1135, #1712 ) ;
#1300 = LINE ( 'NONE', #185, #1751 ) ;
#1301 = VECTOR ( 'NONE', #328, 1000.000000000000000 ) ;
#1302 = AXIS2_PLACEMENT_3D ( 'NONE', #603, #1004, #164 ) ;
#1303 = VERTEX_POINT ( 'NONE', #927 ) ;
#1304 = VERTEX_POINT ( 'NONE', #1512 ) ;
#1305 = CARTESIAN_POINT ( 'NONE',  ( -7.417187500000019362, -7.417187499999970512, -9.795210067430017986 ) ) ;
#1306 = FACE_OUTER_BOUND ( 'NONE', #1605, .T. ) ;
#1307 = CARTESIAN_POINT ( 'NONE',  ( -9.917187500000020250, -7.417187499999969624, -9.795210067430017986 ) ) ;
#1308 = VERTEX_POINT ( 'NONE', #789 ) ;
#1309 = CARTESIAN_POINT ( 'NONE',  ( 28.18281249999999361, -31.91718750000005400, 4.999999999999997335 ) ) ;
#1310 = EDGE_CURVE ( 'NONE', #272, #1128, #783, .T. ) ;
#1311 = ORIENTED_EDGE ( 'NONE', *, *, #300, .T. ) ;
#1312 = ORIENTED_EDGE ( 'NONE', *, *, #943, .F. ) ;
#1313 = ADVANCED_FACE ( 'NONE', ( #1649 ), #1804, .T. ) ;
#1314 = ORIENTED_EDGE ( 'NONE', *, *, #1395, .F. ) ;
#1315 = DIRECTION ( 'NONE',  ( 0.000000000000000000, -0.000000000000000000, 1.000000000000000000 ) ) ;
#1316 = CARTESIAN_POINT ( 'NONE',  ( -19.76718750000002700, -31.91718750000006821, 4.999999999999997335 ) ) ;
#1317 = DIRECTION ( 'NONE',  ( 4.807406715958908900E-15, 1.000000000000000000, 0.000000000000000000 ) ) ;
#1318 = DIRECTION ( 'NONE',  ( -0.000000000000000000, -0.000000000000000000, -1.000000000000000000 ) ) ;
#1319 = EDGE_LOOP ( 'NONE', ( #326, #32, #976, #1680 ) ) ;
#1320 = EDGE_CURVE ( 'NONE', #572, #1308, #522, .T. ) ;
#1321 = CARTESIAN_POINT ( 'NONE',  ( -17.41718750000002203, -11.16718749999997762, -5.418084026972008083 ) ) ;
#1322 = EDGE_LOOP ( 'NONE', ( #467, #1542, #564, #718 ) ) ;
#1323 = PLANE ( 'NONE',  #552 ) ;
#1324 = CARTESIAN_POINT ( 'NONE',  ( -9.917187500000022027, -11.16718749999997762, -0.2542520809160307982 ) ) ;
#1325 = CARTESIAN_POINT ( 'NONE',  ( -27.81718749999997797, -29.03043615405186273, 0.000000000000000000 ) ) ;
#1326 = AXIS2_PLACEMENT_3D ( 'NONE', #542, #1238, #968 ) ;
#1327 = VECTOR ( 'NONE', #604, 1000.000000000000000 ) ;
#1328 = LINE ( 'NONE', #194, #1576 ) ;
#1329 = STYLED_ITEM ( 'NONE', ( #308 ), #1009 ) ;
#1330 = EDGE_LOOP ( 'NONE', ( #1163, #1717, #1828, #1569 ) ) ;
#1331 = VERTEX_POINT ( 'NONE', #505 ) ;
#1332 = VECTOR ( 'NONE', #230, 1000.000000000000000 ) ;
#1333 = ORIENTED_EDGE ( 'NONE', *, *, #1320, .F. ) ;
#1334 = VECTOR ( 'NONE', #830, 1000.000000000000227 ) ;
#1335 = DIRECTION ( 'NONE',  ( 0.000000000000000000, 1.000000000000000000, 0.000000000000000000 ) ) ;
#1336 = AXIS2_PLACEMENT_3D ( 'NONE', #343, #332, #94 ) ;
#1337 = EDGE_CURVE ( 'NONE', #1553, #1838, #352, .T. ) ;
#1338 = LINE ( 'NONE', #330, #827 ) ;
#1339 = LINE ( 'NONE', #159, #1246 ) ;
#1340 = LINE ( 'NONE', #1611, #1005 ) ;
#1341 = CARTESIAN_POINT ( 'NONE',  ( 33.18281249999997584, -34.80393884594820975, 5.000000000000000000 ) ) ;
#1342 = ORIENTED_EDGE ( 'NONE', *, *, #300, .F. ) ;
#1343 = SURFACE_SIDE_STYLE ('',( #347 ) ) ;
#1344 = ORIENTED_EDGE ( 'NONE', *, *, #672, .T. ) ;
#1345 = CARTESIAN_POINT ( 'NONE',  ( -22.81718750000011298, -37.69069019189632996, 5.000000000000000000 ) ) ;
#1346 = DIRECTION ( 'NONE',  ( 0.000000000000000000, -1.000000000000000000, 0.000000000000000000 ) ) ;
#1347 = EDGE_CURVE ( 'NONE', #1596, #1260, #221, .T. ) ;
#1348 = DIRECTION ( 'NONE',  ( -1.000000000000000000, -3.499808259662234298E-16, 0.000000000000000000 ) ) ;
#1349 = LINE ( 'NONE', #777, #776 ) ;
#1350 = ORIENTED_EDGE ( 'NONE', *, *, #719, .F. ) ;
#1351 = CARTESIAN_POINT ( 'NONE',  ( 57.78281249999999147, -37.69069019189630865, 0.000000000000000000 ) ) ;
#1352 = CARTESIAN_POINT ( 'NONE',  ( 23.18281250000000071, -29.03043615405190181, 0.000000000000000000 ) ) ;
#1353 = DIRECTION ( 'NONE',  ( -0.000000000000000000, -0.000000000000000000, -1.000000000000000000 ) ) ;
#1354 = DIRECTION ( 'NONE',  ( -0.000000000000000000, -0.000000000000000000, 1.000000000000000000 ) ) ;
#1355 = EDGE_CURVE ( 'NONE', #619, #1705, #1368, .T. ) ;
#1356 = DIRECTION ( 'NONE',  ( 0.000000000000000000, 0.000000000000000000, 1.000000000000000000 ) ) ;
#1357 = FACE_BOUND ( 'NONE', #1618, .T. ) ;
#1358 = VECTOR ( 'NONE', #1318, 1000.000000000000000 ) ;
#1359 = CIRCLE ( 'NONE', #1843, 2.549999999999999378 ) ;
#1360 = ORIENTED_EDGE ( 'NONE', *, *, #1337, .F. ) ;
#1361 = EDGE_CURVE ( 'NONE', #272, #1529, #397, .T. ) ;
#1362 = VECTOR ( 'NONE', #1511, 1000.000000000000000 ) ;
#1363 = CARTESIAN_POINT ( 'NONE',  ( 22.78281249999997371, -3.667187499999977618, -0.2542520809160307982 ) ) ;
#1364 = CARTESIAN_POINT ( 'NONE',  ( 0.000000000000000000, -17.51718749999999503, 10.00000000000000000 ) ) ;
#1365 = LINE ( 'NONE', #502, #977 ) ;
#1366 = VECTOR ( 'NONE', #972, 1000.000000000000000 ) ;
#1367 = CARTESIAN_POINT ( 'NONE',  ( 0.000000000000000000, -57.51718749999999858, 0.000000000000000000 ) ) ;
#1368 = LINE ( 'NONE', #93, #1544 ) ;
#1369 = PLANE ( 'NONE',  #1243 ) ;
#1370 = EDGE_LOOP ( 'NONE', ( #607, #550, #967, #246 ) ) ;
#1371 = EDGE_CURVE ( 'NONE', #119, #1260, #372, .T. ) ;
#1372 = CARTESIAN_POINT ( 'NONE',  ( 22.78281249999997016, -11.16718749999997762, -0.2542520809160307982 ) ) ;
#1373 = EDGE_CURVE ( 'NONE', #706, #572, #812, .T. ) ;
#1374 = FACE_OUTER_BOUND ( 'NONE', #1022, .T. ) ;
#1375 = CARTESIAN_POINT ( 'NONE',  ( -52.41718750000001137, -57.51718749999998437, 9.999999999999987566 ) ) ;
#1376 = PLANE ( 'NONE',  #1815 ) ;
#1377 = DIRECTION ( 'NONE',  ( 0.000000000000000000, 0.000000000000000000, 1.000000000000000000 ) ) ;
#1378 = ORIENTED_EDGE ( 'NONE', *, *, #708, .T. ) ;
#1379 = VERTEX_POINT ( 'NONE', #1796 ) ;
#1380 = EDGE_CURVE ( 'NONE', #688, #364, #530, .T. ) ;
#1381 = ORIENTED_EDGE ( 'NONE', *, *, #1767, .F. ) ;
#1382 =( LENGTH_UNIT ( ) NAMED_UNIT ( * ) SI_UNIT ( .MILLI., .METRE. ) );
#1383 = DIRECTION ( 'NONE',  ( -0.6781842809213142198, 0.000000000000000000, -0.7348918839606544129 ) ) ;
#1384 = CARTESIAN_POINT ( 'NONE',  ( -9.917187500000020250, -7.417187499999969624, -9.795210067430017986 ) ) ;
#1385 = ORIENTED_EDGE ( 'NONE', *, *, #1361, .F. ) ;
#1386 = VECTOR ( 'NONE', #241, 1000.000000000000114 ) ;
#1387 = ORIENTED_EDGE ( 'NONE', *, *, #840, .F. ) ;
#1388 = CARTESIAN_POINT ( 'NONE',  ( -22.81718749999994600, -26.14368480810381357, 5.000000000000000000 ) ) ;
#1389 = CIRCLE ( 'NONE', #520, 3.050000000000000711 ) ;
#1390 = VERTEX_POINT ( 'NONE', #1830 ) ;
#1391 = DIRECTION ( 'NONE',  ( -0.000000000000000000, -0.000000000000000000, 1.000000000000000000 ) ) ;
#1392 = ADVANCED_FACE ( 'NONE', ( #231 ), #1523, .F. ) ;
#1393 = VECTOR ( 'NONE', #1315, 1000.000000000000000 ) ;
#1394 = DIRECTION ( 'NONE',  ( 1.000000000000000000, -0.000000000000000000, -0.000000000000000000 ) ) ;
#1395 = EDGE_CURVE ( 'NONE', #36, #1564, #1546, .T. ) ;
#1396 = CARTESIAN_POINT ( 'NONE',  ( -22.81718749999994600, -26.14368480810381357, 5.000000000000000000 ) ) ;
#1397 = CIRCLE ( 'NONE', #1075, 2.549999999999999378 ) ;
#1398 = VERTEX_POINT ( 'NONE', #944 ) ;
#1399 = CARTESIAN_POINT ( 'NONE',  ( -7.417187500000018474, -17.51718749999999503, 0.000000000000000000 ) ) ;
#1400 = VERTEX_POINT ( 'NONE', #259 ) ;
#1401 = DIRECTION ( 'NONE',  ( 0.000000000000000000, -0.000000000000000000, 1.000000000000000000 ) ) ;
#1402 = ORIENTED_EDGE ( 'NONE', *, *, #1562, .T. ) ;
#1403 = DIRECTION ( 'NONE',  ( -0.000000000000000000, -0.000000000000000000, 1.000000000000000000 ) ) ;
#1404 = LINE ( 'NONE', #536, #1150 ) ;
#1405 = DIRECTION ( 'NONE',  ( 1.000000000000000000, 1.288160997012480489E-16, -0.000000000000000000 ) ) ;
#1406 = ADVANCED_FACE ( 'NONE', ( #1244 ), #1689, .F. ) ;
#1407 = VERTEX_POINT ( 'NONE', #1092 ) ;
#1408 = LINE ( 'NONE', #1144, #557 ) ;
#1409 = ORIENTED_EDGE ( 'NONE', *, *, #178, .T. ) ;
#1410 = ORIENTED_EDGE ( 'NONE', *, *, #220, .T. ) ;
#1411 = CARTESIAN_POINT ( 'NONE',  ( 33.18281249999997584, -34.80393884594820975, 0.000000000000000000 ) ) ;
#1412 = CARTESIAN_POINT ( 'NONE',  ( 23.18281249999997229, -34.80393884594815290, 5.000000000000000000 ) ) ;
#1413 = FACE_OUTER_BOUND ( 'NONE', #872, .T. ) ;
#1414 = ADVANCED_FACE ( 'NONE', ( #971 ), #380, .F. ) ;
#1415 = CARTESIAN_POINT ( 'NONE',  ( -7.417187500000018474, -17.51718749999999503, 10.00000000000000000 ) ) ;
#1416 = DIRECTION ( 'NONE',  ( -3.499808259662234298E-16, 1.000000000000000000, 0.000000000000000000 ) ) ;
#1417 = EDGE_CURVE ( 'NONE', #1677, #1303, #1404, .T. ) ;
#1418 = VERTEX_POINT ( 'NONE', #1540 ) ;
#1419 = VERTEX_POINT ( 'NONE', #811 ) ;
#1420 = AXIS2_PLACEMENT_3D ( 'NONE', #395, #504, #1107 ) ;
#1421 = LINE ( 'NONE', #566, #1393 ) ;
#1422 = CARTESIAN_POINT ( 'NONE',  ( 28.18281249999996163, -37.69069019189630865, 5.000000000000000000 ) ) ;
#1423 = DIRECTION ( 'NONE',  ( 0.000000000000000000, 1.000000000000000000, 0.000000000000000000 ) ) ;
#1424 = CARTESIAN_POINT ( 'NONE',  ( -22.81718750000011298, -37.69069019189632996, 0.000000000000000000 ) ) ;
#1425 = VECTOR ( 'NONE', #1416, 1000.000000000000000 ) ;
#1426 = ORIENTED_EDGE ( 'NONE', *, *, #97, .T. ) ;
#1427 = EDGE_CURVE ( 'NONE', #160, #1653, #124, .T. ) ;
#1428 = EDGE_CURVE ( 'NONE', #130, #745, #521, .T. ) ;
#1429 = ORIENTED_EDGE ( 'NONE', *, *, #437, .F. ) ;
#1430 = CARTESIAN_POINT ( 'NONE',  ( 12.78281249999997549, -17.31718749999999929, -16.25425208091603224 ) ) ;
#1431 = DIRECTION ( 'NONE',  ( -1.000000000000000000, -0.000000000000000000, 1.717547996016640980E-16 ) ) ;
#1432 = LINE ( 'NONE', #1449, #434 ) ;
#1433 = DIRECTION ( 'NONE',  ( 1.000000000000000000, 0.000000000000000000, 0.000000000000000000 ) ) ;
#1434 = ORIENTED_EDGE ( 'NONE', *, *, #840, .T. ) ;
#1435 = ORIENTED_EDGE ( 'NONE', *, *, #1162, .T. ) ;
#1436 = ORIENTED_EDGE ( 'NONE', *, *, #293, .F. ) ;
#1437 = EDGE_CURVE ( 'NONE', #1623, #1553, #248, .T. ) ;
#1438 = CARTESIAN_POINT ( 'NONE',  ( -52.41718750000001137, -57.51718749999998437, 0.000000000000000000 ) ) ;
#1439 = CARTESIAN_POINT ( 'NONE',  ( 57.78281249999999147, -37.69069019189630865, 9.999999999999987566 ) ) ;
#1440 = DIRECTION ( 'NONE',  ( -4.807406715958908900E-15, -1.000000000000000000, 0.000000000000000000 ) ) ;
#1441 = VERTEX_POINT ( 'NONE', #117 ) ;
#1442 = DIRECTION ( 'NONE',  ( 1.000000000000000000, 0.000000000000000000, 0.000000000000000000 ) ) ;
#1443 = ORIENTED_EDGE ( 'NONE', *, *, #1767, .T. ) ;
#1444 = ORIENTED_EDGE ( 'NONE', *, *, #805, .F. ) ;
#1445 = EDGE_LOOP ( 'NONE', ( #679, #556, #974, #22 ) ) ;
#1446 = DIRECTION ( 'NONE',  ( -0.000000000000000000, -1.000000000000000000, -0.000000000000000000 ) ) ;
#1447 = AXIS2_PLACEMENT_3D ( 'NONE', #937, #1823, #212 ) ;
#1448 = CARTESIAN_POINT ( 'NONE',  ( -22.71718750000004050, -4.867187499999967137, -9.795210067430017986 ) ) ;
#1449 = CARTESIAN_POINT ( 'NONE',  ( -22.41718750000001847, -3.667187499999977618, 0.000000000000000000 ) ) ;
#1450 = VECTOR ( 'NONE', #1258, 1000.000000000000000 ) ;
#1451 = EDGE_CURVE ( 'NONE', #867, #961, #1550, .T. ) ;
#1452 = AXIS2_PLACEMENT_3D ( 'NONE', #173, #1069, #1642 ) ;
#1453 = ORIENTED_EDGE ( 'NONE', *, *, #201, .T. ) ;
#1454 = LINE ( 'NONE', #482, #1122 ) ;
#1455 = STYLED_ITEM ( 'NONE', ( #818 ), #341 ) ;
#1456 = ORIENTED_EDGE ( 'NONE', *, *, #1222, .F. ) ;
#1457 = ORIENTED_EDGE ( 'NONE', *, *, #314, .T. ) ;
#1458 = VECTOR ( 'NONE', #1627, 1000.000000000000000 ) ;
#1459 =( NAMED_UNIT ( * ) SI_UNIT ( $, .STERADIAN. ) SOLID_ANGLE_UNIT ( ) );
#1460 = FACE_OUTER_BOUND ( 'NONE', #1759, .T. ) ;
#1461 = FACE_OUTER_BOUND ( 'NONE', #1003, .T. ) ;
#1462 = CARTESIAN_POINT ( 'NONE',  ( -19.76718750000002700, -31.91718750000006821, -40.00000000000000000 ) ) ;
#1463 = EDGE_CURVE ( 'NONE', #383, #1743, #801, .T. ) ;
#1464 = ORIENTED_EDGE ( 'NONE', *, *, #1049, .F. ) ;
#1465 = VERTEX_POINT ( 'NONE', #673 ) ;
#1466 =( NAMED_UNIT ( * ) PLANE_ANGLE_UNIT ( ) SI_UNIT ( $, .RADIAN. ) );
#1467 = ORIENTED_EDGE ( 'NONE', *, *, #877, .T. ) ;
#1468 = FACE_BOUND ( 'NONE', #214, .T. ) ;
#1469 = LINE ( 'NONE', #904, #1515 ) ;
#1470 = CYLINDRICAL_SURFACE ( 'NONE', #1217, 2.549999999999998490 ) ;
#1471 = CARTESIAN_POINT ( 'NONE',  ( 12.78281249999997549, 22.68281250000001137, -16.25425208091603224 ) ) ;
#1472 = ORIENTED_EDGE ( 'NONE', *, *, #510, .T. ) ;
#1473 = ORIENTED_EDGE ( 'NONE', *, *, #1371, .F. ) ;
#1474 = ADVANCED_FACE ( 'NONE', ( #1675, #1666 ), #1376, .T. ) ;
#1475 = CARTESIAN_POINT ( 'NONE',  ( -17.81718750000006679, -34.80393884594826659, 5.000000000000000000 ) ) ;
#1476 = ADVANCED_FACE ( 'NONE', ( #655 ), #963, .F. ) ;
#1477 = DIRECTION ( 'NONE',  ( 1.000000000000000000, 0.000000000000000000, -0.000000000000000000 ) ) ;
#1478 = DIRECTION ( 'NONE',  ( 0.7071067811865510144, 0.7071067811865441310, -1.214489834996738671E-16 ) ) ;
#1479 = DIRECTION ( 'NONE',  ( 0.6781842809213143308, -0.000000000000000000, -0.7348918839606543019 ) ) ;
#1480 = VECTOR ( 'NONE', #636, 1000.000000000000000 ) ;
#1481 = VECTOR ( 'NONE', #1591, 1000.000000000000114 ) ;
#1482 = LINE ( 'NONE', #1471, #700 ) ;
#1483 = LINE ( 'NONE', #353, #736 ) ;
#1484 = PRODUCT_DEFINITION_FORMATION_WITH_SPECIFIED_SOURCE ( 'ANY', '', #991, .NOT_KNOWN. ) ;
#1485 = ORIENTED_EDGE ( 'NONE', *, *, #989, .T. ) ;
#1486 = DIRECTION ( 'NONE',  ( 1.728960275059940457E-16, -1.000000000000000000, 0.000000000000000000 ) ) ;
#1487 = VECTOR ( 'NONE', #1257, 1000.000000000000000 ) ;
#1488 = LINE ( 'NONE', #1475, #1700 ) ;
#1489 = ORIENTED_EDGE ( 'NONE', *, *, #324, .F. ) ;
#1490 = EDGE_CURVE ( 'NONE', #669, #745, #371, .T. ) ;
#1491 = CIRCLE ( 'NONE', #678, 2.550000000000001155 ) ;
#1492 = DIRECTION ( 'NONE',  ( 0.4999999999999877875, -0.8660254037844457020, 0.000000000000000000 ) ) ;
#1493 = CARTESIAN_POINT ( 'NONE',  ( 15.28281249999997371, -11.16718749999997584, -0.2542520809160307982 ) ) ;
#1494 = DIRECTION ( 'NONE',  ( 6.802837160693357694E-16, 1.000000000000000000, 0.000000000000000000 ) ) ;
#1495 = CARTESIAN_POINT ( 'NONE',  ( -9.917187500000018474, -3.667187499999977618, -0.2542520809160307982 ) ) ;
#1496 = PRODUCT_RELATED_PRODUCT_CATEGORY ( 'part', '', ( #991 ) ) ;
#1497 = SHAPE_DEFINITION_REPRESENTATION ( #699, #1009 ) ;
#1498 = PLANE ( 'NONE',  #87 ) ;
#1499 = VERTEX_POINT ( 'NONE', #1531 ) ;
#1500 = CARTESIAN_POINT ( 'NONE',  ( 57.78281249999998437, -57.51718749999998437, 9.999999999999987566 ) ) ;
#1501 = EDGE_CURVE ( 'NONE', #1155, #733, #107, .T. ) ;
#1502 = FACE_OUTER_BOUND ( 'NONE', #1602, .T. ) ;
#1503 = EDGE_CURVE ( 'NONE', #1419, #1154, #1702, .T. ) ;
#1504 = DIRECTION ( 'NONE',  ( 2.312964634635743943E-16, 1.000000000000000000, -0.000000000000000000 ) ) ;
#1505 = FACE_OUTER_BOUND ( 'NONE', #1160, .T. ) ;
#1506 = ORIENTED_EDGE ( 'NONE', *, *, #684, .F. ) ;
#1507 = LINE ( 'NONE', #1194, #1127 ) ;
#1508 = VERTEX_POINT ( 'NONE', #1148 ) ;
#1509 = DIRECTION ( 'NONE',  ( -0.000000000000000000, -0.000000000000000000, -1.000000000000000000 ) ) ;
#1510 = CARTESIAN_POINT ( 'NONE',  ( -42.89531131790577234, -73.69069019189630865, 5.000000000000000000 ) ) ;
#1511 = DIRECTION ( 'NONE',  ( 1.442222014787670146E-14, 1.000000000000000000, 0.000000000000000000 ) ) ;
#1512 = CARTESIAN_POINT ( 'NONE',  ( 33.18281250000000426, -29.03043615405194799, 0.000000000000000000 ) ) ;
#1513 = EDGE_CURVE ( 'NONE', #262, #251, #268, .T. ) ;
#1514 = DIRECTION ( 'NONE',  ( -1.000000000000000000, 4.625929269271486900E-16, 0.000000000000000000 ) ) ;
#1515 = VECTOR ( 'NONE', #462, 1000.000000000000000 ) ;
#1516 = ORIENTED_EDGE ( 'NONE', *, *, #1417, .F. ) ;
#1517 = LINE ( 'NONE', #1372, #831 ) ;
#1518 = COLOUR_RGB ( '',0.9098039215686274384, 0.4431372549019607643, 0.03137254901960784270 ) ;
#1519 = DIRECTION ( 'NONE',  ( -0.000000000000000000, -0.000000000000000000, -1.000000000000000000 ) ) ;
#1520 = AXIS2_PLACEMENT_3D ( 'NONE', #1071, #1793, #933 ) ;
#1521 = DIRECTION ( 'NONE',  ( 3.499808259662234298E-16, 1.000000000000000000, 0.000000000000000000 ) ) ;
#1522 = VECTOR ( 'NONE', #853, 1000.000000000000000 ) ;
#1523 = PLANE ( 'NONE',  #1124 ) ;
#1524 = DIRECTION ( 'NONE',  ( -0.000000000000000000, -0.000000000000000000, -1.000000000000000000 ) ) ;
#1525 = DIRECTION ( 'NONE',  ( 1.000000000000000000, -2.312964634635743943E-16, 0.000000000000000000 ) ) ;
#1526 = EDGE_CURVE ( 'NONE', #1735, #1557, #151, .T. ) ;
#1527 = ORIENTED_EDGE ( 'NONE', *, *, #324, .T. ) ;
#1528 = EDGE_LOOP ( 'NONE', ( #447, #892, #57, #1485 ) ) ;
#1529 = VERTEX_POINT ( 'NONE', #886 ) ;
#1530 = DIRECTION ( 'NONE',  ( -0.6781842809213141088, -0.000000000000000000, -0.7348918839606544129 ) ) ;
#1531 = CARTESIAN_POINT ( 'NONE',  ( -7.417187500000018474, -17.51718749999999503, 10.00000000000000000 ) ) ;
#1532 = CARTESIAN_POINT ( 'NONE',  ( 12.78281249999997549, -11.16718749999997407, -16.25425208091603224 ) ) ;
#1533 = ORIENTED_EDGE ( 'NONE', *, *, #1347, .F. ) ;
#1534 = ORIENTED_EDGE ( 'NONE', *, *, #178, .F. ) ;
#1535 = CARTESIAN_POINT ( 'NONE',  ( -17.41718750000002203, -11.16718749999997762, -0.2542520809160307982 ) ) ;
#1536 = EDGE_CURVE ( 'NONE', #129, #7, #1599, .T. ) ;
#1537 = EDGE_CURVE ( 'NONE', #1595, #687, #158, .T. ) ;
#1538 = ORIENTED_EDGE ( 'NONE', *, *, #38, .T. ) ;
#1539 = DIRECTION ( 'NONE',  ( 0.000000000000000000, 0.000000000000000000, -1.000000000000000000 ) ) ;
#1540 = CARTESIAN_POINT ( 'NONE',  ( -19.76718750000002700, -31.91718750000006821, 10.00000000000000000 ) ) ;
#1541 = CARTESIAN_POINT ( 'NONE',  ( 0.000000000000000000, 0.000000000000000000, 5.000000000000000000 ) ) ;
#1542 = ORIENTED_EDGE ( 'NONE', *, *, #593, .F. ) ;
#1543 = DIRECTION ( 'NONE',  ( 0.000000000000000000, 0.000000000000000000, -1.000000000000000000 ) ) ;
#1544 = VECTOR ( 'NONE', #656, 1000.000000000000000 ) ;
#1545 = ORIENTED_EDGE ( 'NONE', *, *, #282, .T. ) ;
#1546 = CIRCLE ( 'NONE', #795, 3.050000000000000711 ) ;
#1547 = ORIENTED_EDGE ( 'NONE', *, *, #816, .T. ) ;
#1548 = EDGE_CURVE ( 'NONE', #1529, #1441, #435, .T. ) ;
#1549 = MECHANICAL_DESIGN_GEOMETRIC_PRESENTATION_REPRESENTATION (  '', ( #1455 ), #925 ) ;
#1550 = LINE ( 'NONE', #682, #457 ) ;
#1551 = PLANE ( 'NONE',  #378 ) ;
#1552 = AXIS2_PLACEMENT_3D ( 'NONE', #120, #1715, #1011 ) ;
#1553 = VERTEX_POINT ( 'NONE', #1439 ) ;
#1554 = LINE ( 'NONE', #862, #1674 ) ;
#1555 = ORIENTED_EDGE ( 'NONE', *, *, #816, .F. ) ;
#1556 = UNCERTAINTY_MEASURE_WITH_UNIT (LENGTH_MEASURE( 1.000000000000000082E-05 ), #1031, 'distance_accuracy_value', 'NONE');
#1557 = VERTEX_POINT ( 'NONE', #142 ) ;
#1558 = CARTESIAN_POINT ( 'NONE',  ( 48.26093631790573824, -73.69069019189630865, 7.550000000000000711 ) ) ;
#1559 = EDGE_CURVE ( 'NONE', #874, #174, #1737, .T. ) ;
#1560 = CARTESIAN_POINT ( 'NONE',  ( 28.18281249999996163, -37.69069019189630865, 0.000000000000000000 ) ) ;
#1561 = LINE ( 'NONE', #288, #1156 ) ;
#1562 = EDGE_CURVE ( 'NONE', #874, #1595, #1211, .T. ) ;
#1563 = DIRECTION ( 'NONE',  ( -1.000000000000000000, 2.312964634635744436E-16, 0.000000000000000000 ) ) ;
#1564 = VERTEX_POINT ( 'NONE', #1567 ) ;
#1565 = EDGE_LOOP ( 'NONE', ( #1385, #154, #846, #1679 ) ) ;
#1566 = DIRECTION ( 'NONE',  ( -0.7071067811865510144, -0.7071067811865441310, -0.000000000000000000 ) ) ;
#1567 = CARTESIAN_POINT ( 'NONE',  ( 31.23281249999999432, -31.91718750000005400, 10.00000000000000000 ) ) ;
#1568 = FACE_OUTER_BOUND ( 'NONE', #1249, .T. ) ;
#1569 = ORIENTED_EDGE ( 'NONE', *, *, #615, .T. ) ;
#1570 = EDGE_CURVE ( 'NONE', #1390, #1154, #25, .T. ) ;
#1571 = CARTESIAN_POINT ( 'NONE',  ( 33.18281249999997584, -34.80393884594820975, 5.000000000000000000 ) ) ;
#1572 = DIRECTION ( 'NONE',  ( -3.499808259662234298E-16, 1.000000000000000000, 0.000000000000000000 ) ) ;
#1573 = EDGE_CURVE ( 'NONE', #1418, #1705, #548, .T. ) ;
#1574 = EDGE_LOOP ( 'NONE', ( #1741, #39, #847, #122, #291, #292 ) ) ;
#1575 = EDGE_LOOP ( 'NONE', ( #600, #1684, #658, #786 ) ) ;
#1576 = VECTOR ( 'NONE', #1442, 1000.000000000000000 ) ;
#1577 = VERTEX_POINT ( 'NONE', #1125 ) ;
#1578 = VECTOR ( 'NONE', #1519, 1000.000000000000000 ) ;
#1579 = DIRECTION ( 'NONE',  ( 1.000000000000000000, -2.312964634635744436E-16, -0.000000000000000000 ) ) ;
#1580 = DIRECTION ( 'NONE',  ( -1.000000000000000000, 4.807406715958917577E-15, 0.000000000000000000 ) ) ;
#1581 = DIRECTION ( 'NONE',  ( 0.000000000000000000, 0.000000000000000000, -1.000000000000000000 ) ) ;
#1582 = EDGE_CURVE ( 'NONE', #1662, #1154, #275, .T. ) ;
#1583 = ORIENTED_EDGE ( 'NONE', *, *, #418, .F. ) ;
#1584 = VECTOR ( 'NONE', #1721, 1000.000000000000000 ) ;
#1585 = DIRECTION ( 'NONE',  ( 1.000000000000000000, 0.000000000000000000, -0.000000000000000000 ) ) ;
#1586 = ADVANCED_FACE ( 'NONE', ( #575 ), #988, .F. ) ;
#1587 = ORIENTED_EDGE ( 'NONE', *, *, #1711, .T. ) ;
#1588 = ORIENTED_EDGE ( 'NONE', *, *, #1501, .F. ) ;
#1589 = EDGE_LOOP ( 'NONE', ( #526, #591, #1276, #754 ) ) ;
#1590 = PLANE ( 'NONE',  #432 ) ;
#1591 = DIRECTION ( 'NONE',  ( -0.8660254037844360431, 0.5000000000000045519, 0.000000000000000000 ) ) ;
#1592 = CARTESIAN_POINT ( 'NONE',  ( 28.18281250000001492, -26.14368480810379225, 0.000000000000000000 ) ) ;
#1593 = ORIENTED_EDGE ( 'NONE', *, *, #224, .T. ) ;
#1594 = ORIENTED_EDGE ( 'NONE', *, *, #590, .F. ) ;
#1595 = VERTEX_POINT ( 'NONE', #132 ) ;
#1596 = VERTEX_POINT ( 'NONE', #714 ) ;
#1597 = EDGE_CURVE ( 'NONE', #251, #20, #1008, .T. ) ;
#1598 = CARTESIAN_POINT ( 'NONE',  ( -22.71718750000004050, -4.867187499999967137, -9.795210067430017986 ) ) ;
#1599 = LINE ( 'NONE', #997, #1450 ) ;
#1600 = LINE ( 'NONE', #1325, #1732 ) ;
#1601 = VERTEX_POINT ( 'NONE', #858 ) ;
#1602 = EDGE_LOOP ( 'NONE', ( #1444, #1030, #632, #1632 ) ) ;
#1603 = ORIENTED_EDGE ( 'NONE', *, *, #1012, .T. ) ;
#1604 = FILL_AREA_STYLE ('',( #1771 ) ) ;
#1605 = EDGE_LOOP ( 'NONE', ( #49, #1053, #747, #162 ) ) ;
#1606 = DIRECTION ( 'NONE',  ( 0.000000000000000000, 0.000000000000000000, -1.000000000000000000 ) ) ;
#1607 = ADVANCED_FACE ( 'NONE', ( #568 ), #879, .F. ) ;
#1608 = VECTOR ( 'NONE', #1431, 1000.000000000000000 ) ;
#1609 = CARTESIAN_POINT ( 'NONE',  ( 27.78281249999997371, -2.317187500000170264, 0.000000000000000000 ) ) ;
#1610 = CARTESIAN_POINT ( 'NONE',  ( 48.26093631790573824, -73.69069019189630865, 5.000000000000002665 ) ) ;
#1611 = CARTESIAN_POINT ( 'NONE',  ( -52.41718750000001137, -57.51718749999998437, 9.999999999999987566 ) ) ;
#1612 = DIRECTION ( 'NONE',  ( -1.156482317317871725E-16, 1.000000000000000000, 0.000000000000000000 ) ) ;
#1613 = VECTOR ( 'NONE', #451, 1000.000000000000000 ) ;
#1614 = ORIENTED_EDGE ( 'NONE', *, *, #934, .T. ) ;
#1615 = ORIENTED_EDGE ( 'NONE', *, *, #1253, .T. ) ;
#1616 = VECTOR ( 'NONE', #1007, 1000.000000000000000 ) ;
#1617 = LINE ( 'NONE', #621, #829 ) ;
#1618 = EDGE_LOOP ( 'NONE', ( #851, #581 ) ) ;
#1619 = CARTESIAN_POINT ( 'NONE',  ( 15.28281249999997549, -11.16718749999997407, -13.54521006743001799 ) ) ;
#1620 = CARTESIAN_POINT ( 'NONE',  ( 28.18281250000001847, -26.14368480810379580, 5.000000000000000000 ) ) ;
#1621 = DIRECTION ( 'NONE',  ( 0.8660254037844410391, 0.4999999999999957812, 0.000000000000000000 ) ) ;
#1622 = EDGE_CURVE ( 'NONE', #746, #572, #1720, .T. ) ;
#1623 = VERTEX_POINT ( 'NONE', #287 ) ;
#1624 = VERTEX_POINT ( 'NONE', #870 ) ;
#1625 = CARTESIAN_POINT ( 'NONE',  ( 57.78281249999999147, -37.69069019189630865, 0.000000000000000000 ) ) ;
#1626 = PLANE ( 'NONE',  #709 ) ;
#1627 = DIRECTION ( 'NONE',  ( 4.807406715958917577E-15, 1.000000000000000000, 0.000000000000000000 ) ) ;
#1628 = DIRECTION ( 'NONE',  ( -0.000000000000000000, -0.000000000000000000, 1.000000000000000000 ) ) ;
#1629 = EDGE_CURVE ( 'NONE', #1441, #1128, #1097, .T. ) ;
#1630 = EDGE_LOOP ( 'NONE', ( #666, #168, #1533, #932, #393, #1688 ) ) ;
#1631 = DIRECTION ( 'NONE',  ( -0.000000000000000000, -0.000000000000000000, 1.000000000000000000 ) ) ;
#1632 = ORIENTED_EDGE ( 'NONE', *, *, #1559, .F. ) ;
#1633 = CARTESIAN_POINT ( 'NONE',  ( -17.41718750000001847, -3.667187499999977618, -0.2542520809160307982 ) ) ;
#1634 = LINE ( 'NONE', #596, #191 ) ;
#1635 = AXIS2_PLACEMENT_3D ( 'NONE', #1388, #112, #1827 ) ;
#1636 = VECTOR ( 'NONE', #1394, 1000.000000000000000 ) ;
#1637 = CARTESIAN_POINT ( 'NONE',  ( 57.78281249999998437, -57.51718749999998437, 0.000000000000000000 ) ) ;
#1638 = DIRECTION ( 'NONE',  ( -0.3152817635568326837, -0.9489981083060669009, 0.000000000000000000 ) ) ;
#1639 = VERTEX_POINT ( 'NONE', #44 ) ;
#1640 = VECTOR ( 'NONE', #808, 1000.000000000000227 ) ;
#1641 = EDGE_CURVE ( 'NONE', #7, #746, #192, .T. ) ;
#1642 = DIRECTION ( 'NONE',  ( 1.000000000000000000, 0.000000000000000000, 0.000000000000000000 ) ) ;
#1643 = VECTOR ( 'NONE', #869, 1000.000000000000000 ) ;
#1644 = FACE_OUTER_BOUND ( 'NONE', #443, .T. ) ;
#1645 = EDGE_LOOP ( 'NONE', ( #610, #1806, #223, #1221 ) ) ;
#1646 = VECTOR ( 'NONE', #1509, 1000.000000000000000 ) ;
#1647 = DIRECTION ( 'NONE',  ( -0.000000000000000000, -0.000000000000000000, -1.000000000000000000 ) ) ;
#1648 = LINE ( 'NONE', #1324, #339 ) ;
#1649 = FACE_OUTER_BOUND ( 'NONE', #77, .T. ) ;
#1650 = DIRECTION ( 'NONE',  ( -0.000000000000000000, -0.000000000000000000, -1.000000000000000000 ) ) ;
#1651 = ORIENTED_EDGE ( 'NONE', *, *, #1622, .T. ) ;
#1652 = DIRECTION ( 'NONE',  ( 0.8660254037844410391, 0.4999999999999957812, 0.000000000000000000 ) ) ;
#1653 = VERTEX_POINT ( 'NONE', #1609 ) ;
#1654 = DIRECTION ( 'NONE',  ( 0.000000000000000000, -0.000000000000000000, 1.000000000000000000 ) ) ;
#1655 = ADVANCED_FACE ( 'NONE', ( #1047 ), #165, .F. ) ;
#1656 = DIRECTION ( 'NONE',  ( -0.000000000000000000, -0.000000000000000000, -1.000000000000000000 ) ) ;
#1657 = CARTESIAN_POINT ( 'NONE',  ( 12.78281249999997549, -17.31718749999999929, -16.25425208091603224 ) ) ;
#1658 = DIRECTION ( 'NONE',  ( 0.7071067811865510144, 0.7071067811865441310, -0.000000000000000000 ) ) ;
#1659 = DIRECTION ( 'NONE',  ( 1.000000000000000000, 0.000000000000000000, -1.717547996016641473E-16 ) ) ;
#1660 = VERTEX_POINT ( 'NONE', #749 ) ;
#1661 = EDGE_LOOP ( 'NONE', ( #1333, #528, #1716, #485 ) ) ;
#1662 = VERTEX_POINT ( 'NONE', #1745 ) ;
#1663 = DIRECTION ( 'NONE',  ( -0.8660254037844311581, 0.5000000000000131006, 0.000000000000000000 ) ) ;
#1664 = CYLINDRICAL_SURFACE ( 'NONE', #764, 2.549999999999999378 ) ;
#1665 = EDGE_CURVE ( 'NONE', #734, #1743, #935, .T. ) ;
#1666 = FACE_OUTER_BOUND ( 'NONE', #205, .T. ) ;
#1667 = DIRECTION ( 'NONE',  ( 3.499808259662234298E-16, -1.000000000000000000, 0.000000000000000000 ) ) ;
#1668 = DIRECTION ( 'NONE',  ( -2.312964634635743943E-16, -1.000000000000000000, 0.000000000000000000 ) ) ;
#1669 = VECTOR ( 'NONE', #1504, 1000.000000000000000 ) ;
#1670 = AXIS2_PLACEMENT_3D ( 'NONE', #624, #1774, #1187 ) ;
#1671 = ORIENTED_EDGE ( 'NONE', *, *, #661, .T. ) ;
#1672 = AXIS2_PLACEMENT_3D ( 'NONE', #1495, #813, #1190 ) ;
#1673 = CARTESIAN_POINT ( 'NONE',  ( -9.917187500000020250, -11.16718749999997762, -13.54521006743002332 ) ) ;
#1674 = VECTOR ( 'NONE', #128, 1000.000000000000000 ) ;
#1675 = FACE_BOUND ( 'NONE', #1661, .T. ) ;
#1676 = CARTESIAN_POINT ( 'NONE',  ( -17.81718750000006679, -34.80393884594826659, 0.000000000000000000 ) ) ;
#1677 = VERTEX_POINT ( 'NONE', #1620 ) ;
#1678 = ADVANCED_FACE ( 'NONE', ( #322 ), #1056, .F. ) ;
#1679 = ORIENTED_EDGE ( 'NONE', *, *, #1548, .F. ) ;
#1680 = ORIENTED_EDGE ( 'NONE', *, *, #1049, .T. ) ;
#1681 = SURFACE_STYLE_FILL_AREA ( #379 ) ;
#1682 = DIRECTION ( 'NONE',  ( 0.000000000000000000, 0.000000000000000000, 1.000000000000000000 ) ) ;
#1683 = CARTESIAN_POINT ( 'NONE',  ( 15.28281249999997549, -3.667187499999978506, -0.2542520809160307982 ) ) ;
#1684 = ORIENTED_EDGE ( 'NONE', *, *, #475, .T. ) ;
#1685 = EDGE_CURVE ( 'NONE', #1379, #1465, #1338, .T. ) ;
#1686 = ORIENTED_EDGE ( 'NONE', *, *, #1800, .T. ) ;
#1687 = DIRECTION ( 'NONE',  ( 0.000000000000000000, 1.000000000000000000, 0.000000000000000000 ) ) ;
#1688 = ORIENTED_EDGE ( 'NONE', *, *, #1380, .F. ) ;
#1689 = CYLINDRICAL_SURFACE ( 'NONE', #1420, 2.549999999999998490 ) ;
#1690 = CARTESIAN_POINT ( 'NONE',  ( -42.89531131790577234, -57.51718749999999858, 7.549999999999999822 ) ) ;
#1691 = VERTEX_POINT ( 'NONE', #1316 ) ;
#1692 = CARTESIAN_POINT ( 'NONE',  ( -17.81718749999998153, -29.03043615405202260, 5.000000000000000000 ) ) ;
#1693 = VECTOR ( 'NONE', #1524, 1000.000000000000000 ) ;
#1694 = APPLICATION_CONTEXT ( 'automotive_design' ) ;
#1695 = ORIENTED_EDGE ( 'NONE', *, *, #1812, .F. ) ;
#1696 = EDGE_CURVE ( 'NONE', #742, #1508, #1469, .T. ) ;
#1697 = AXIS2_PLACEMENT_3D ( 'NONE', #219, #100, #1803 ) ;
#1698 = ORIENTED_EDGE ( 'NONE', *, *, #1262, .T. ) ;
#1699 = ADVANCED_FACE ( 'NONE', ( #1073 ), #1755, .F. ) ;
#1700 = VECTOR ( 'NONE', #1079, 1000.000000000000114 ) ;
#1701 =( NAMED_UNIT ( * ) SI_UNIT ( $, .STERADIAN. ) SOLID_ANGLE_UNIT ( ) );
#1702 = LINE ( 'NONE', #1158, #890 ) ;
#1703 = CARTESIAN_POINT ( 'NONE',  ( -22.81718750000002416, -31.91718750000006821, -40.00000000000000000 ) ) ;
#1704 = VECTOR ( 'NONE', #1020, 1000.000000000000000 ) ;
#1705 = VERTEX_POINT ( 'NONE', #1205 ) ;
#1706 = CARTESIAN_POINT ( 'NONE',  ( 15.28281249999997371, -11.16718749999997584, -0.2542520809160307982 ) ) ;
#1707 = ORIENTED_EDGE ( 'NONE', *, *, #1641, .F. ) ;
#1708 = UNCERTAINTY_MEASURE_WITH_UNIT (LENGTH_MEASURE( 1.000000000000000082E-05 ), #1382, 'distance_accuracy_value', 'NONE');
#1709 = ORIENTED_EDGE ( 'NONE', *, *, #1242, .F. ) ;
#1710 = LINE ( 'NONE', #1279, #225 ) ;
#1711 = EDGE_CURVE ( 'NONE', #1419, #1499, #1035, .T. ) ;
#1712 = DIRECTION ( 'NONE',  ( 0.000000000000000000, 0.000000000000000000, 1.000000000000000000 ) ) ;
#1713 = ADVANCED_FACE ( 'NONE', ( #1461 ), #340, .T. ) ;
#1714 = CYLINDRICAL_SURFACE ( 'NONE', #835, 3.050000000000000711 ) ;
#1715 = DIRECTION ( 'NONE',  ( -0.000000000000000000, -0.000000000000000000, 1.000000000000000000 ) ) ;
#1716 = ORIENTED_EDGE ( 'NONE', *, *, #710, .F. ) ;
#1717 = ORIENTED_EDGE ( 'NONE', *, *, #498, .F. ) ;
#1718 = ORIENTED_EDGE ( 'NONE', *, *, #170, .F. ) ;
#1719 = DIRECTION ( 'NONE',  ( 0.5000000000000039968, 0.8660254037844363761, -0.000000000000000000 ) ) ;
#1720 = LINE ( 'NONE', #423, #1845 ) ;
#1721 = DIRECTION ( 'NONE',  ( 2.134485754670348759E-16, -0.000000000000000000, 1.000000000000000000 ) ) ;
#1722 = ADVANCED_FACE ( 'NONE', ( #1306 ), #66, .F. ) ;
#1723 = CARTESIAN_POINT ( 'NONE',  ( 12.78281249999997726, -7.417187499999974953, -9.795210067430017986 ) ) ;
#1724 = ORIENTED_EDGE ( 'NONE', *, *, #934, .F. ) ;
#1725 = EDGE_LOOP ( 'NONE', ( #59, #1426, #821, #1763 ) ) ;
#1726 = VECTOR ( 'NONE', #513, 1000.000000000000000 ) ;
#1727 = ORIENTED_EDGE ( 'NONE', *, *, #1289, .T. ) ;
#1728 = AXIS2_PLACEMENT_3D ( 'NONE', #472, #1175, #351 ) ;
#1729 = CARTESIAN_POINT ( 'NONE',  ( -27.81718749999997797, -29.03043615405186273, 0.000000000000000000 ) ) ;
#1730 = CARTESIAN_POINT ( 'NONE',  ( 23.18281250000000071, -29.03043615405190181, 5.000000000000000000 ) ) ;
#1731 = LINE ( 'NONE', #463, #30 ) ;
#1732 = VECTOR ( 'NONE', #887, 1000.000000000000000 ) ;
#1733 = EDGE_CURVE ( 'NONE', #580, #1105, #1648, .T. ) ;
#1734 = ORIENTED_EDGE ( 'NONE', *, *, #349, .F. ) ;
#1735 = VERTEX_POINT ( 'NONE', #176 ) ;
#1736 = CARTESIAN_POINT ( 'NONE',  ( -27.81718749999997797, -29.03043615405186273, 5.000000000000000000 ) ) ;
#1737 = LINE ( 'NONE', #10, #82 ) ;
#1738 = DIRECTION ( 'NONE',  ( -0.000000000000000000, -0.000000000000000000, -1.000000000000000000 ) ) ;
#1739 = ORIENTED_EDGE ( 'NONE', *, *, #1711, .F. ) ;
#1740 = LINE ( 'NONE', #1170, #250 ) ;
#1741 = ORIENTED_EDGE ( 'NONE', *, *, #966, .T. ) ;
#1742 = EDGE_CURVE ( 'NONE', #179, #1308, #480, .T. ) ;
#1743 = VERTEX_POINT ( 'NONE', #1063 ) ;
#1744 = CARTESIAN_POINT ( 'NONE',  ( -9.917187500000018474, -3.667187499999977618, -0.2542520809160307982 ) ) ;
#1745 = CARTESIAN_POINT ( 'NONE',  ( 12.78281249999997549, 2.682812500000002931, -16.25425208091603224 ) ) ;
#1746 = DIRECTION ( 'NONE',  ( 0.000000000000000000, 1.000000000000000000, 0.000000000000000000 ) ) ;
#1747 = DIRECTION ( 'NONE',  ( -0.000000000000000000, 0.000000000000000000, 1.000000000000000000 ) ) ;
#1748 = EDGE_LOOP ( 'NONE', ( #1286, #446, #532, #1686 ) ) ;
#1749 = ORIENTED_EDGE ( 'NONE', *, *, #1526, .T. ) ;
#1750 = EDGE_CURVE ( 'NONE', #354, #1596, #1634, .T. ) ;
#1751 = VECTOR ( 'NONE', #760, 1000.000000000000000 ) ;
#1752 = FACE_OUTER_BOUND ( 'NONE', #1322, .T. ) ;
#1753 = AXIS2_PLACEMENT_3D ( 'NONE', #897, #913, #1765 ) ;
#1754 = ADVANCED_FACE ( 'NONE', ( #73 ), #924, .T. ) ;
#1755 = CYLINDRICAL_SURFACE ( 'NONE', #1753, 2.550000000000000266 ) ;
#1756 = DIRECTION ( 'NONE',  ( 1.288160997012480489E-16, -1.000000000000000000, 0.000000000000000000 ) ) ;
#1757 = VECTOR ( 'NONE', #1098, 1000.000000000000000 ) ;
#1758 = AXIS2_PLACEMENT_3D ( 'NONE', #489, #769, #1335 ) ;
#1759 = EDGE_LOOP ( 'NONE', ( #430, #594, #1230, #1110 ) ) ;
#1760 = ORIENTED_EDGE ( 'NONE', *, *, #41, .T. ) ;
#1761 = AXIS2_PLACEMENT_3D ( 'NONE', #396, #722, #979 ) ;
#1762 = DIRECTION ( 'NONE',  ( -0.8660254037844360431, 0.5000000000000045519, 0.000000000000000000 ) ) ;
#1763 = ORIENTED_EDGE ( 'NONE', *, *, #334, .F. ) ;
#1764 = PLANE ( 'NONE',  #1045 ) ;
#1765 = DIRECTION ( 'NONE',  ( 0.000000000000000000, 1.000000000000000000, 0.000000000000000000 ) ) ;
#1766 = FACE_BOUND ( 'NONE', #273, .T. ) ;
#1767 = EDGE_CURVE ( 'NONE', #148, #1044, #1389, .T. ) ;
#1768 = ADVANCED_FACE ( 'NONE', ( #1502 ), #1664, .F. ) ;
#1769 = EDGE_LOOP ( 'NONE', ( #431, #676, #1285, #1015 ) ) ;
#1770 = ORIENTED_EDGE ( 'NONE', *, *, #415, .F. ) ;
#1771 = FILL_AREA_STYLE_COLOUR ( '', #1179 ) ;
#1772 = CARTESIAN_POINT ( 'NONE',  ( 12.78281249999997904, 2.682812500000002931, 10.00000000000000000 ) ) ;
#1773 = FACE_OUTER_BOUND ( 'NONE', #571, .T. ) ;
#1774 = DIRECTION ( 'NONE',  ( 1.819902129140329176E-16, -1.000000000000000000, 0.000000000000000000 ) ) ;
#1775 = ADVANCED_FACE ( 'NONE', ( #662, #1225 ), #643, .T. ) ;
#1776 = CARTESIAN_POINT ( 'NONE',  ( 0.000000000000000000, 0.000000000000000000, 0.000000000000000000 ) ) ;
#1777 = LINE ( 'NONE', #195, #527 ) ;
#1778 = ORIENTED_EDGE ( 'NONE', *, *, #558, .T. ) ;
#1779 = SURFACE_STYLE_USAGE ( .BOTH. , #1343 ) ;
#1780 = CARTESIAN_POINT ( 'NONE',  ( -17.41718750000001847, -3.667187499999977618, -0.2542520809160307982 ) ) ;
#1781 = CARTESIAN_POINT ( 'NONE',  ( -9.917187500000022027, -11.16718749999997762, -0.2542520809160307982 ) ) ;
#1782 = CARTESIAN_POINT ( 'NONE',  ( -7.417187500000021139, -9.554531645028535435E-16, 10.00000000000000000 ) ) ;
#1783 = CARTESIAN_POINT ( 'NONE',  ( 57.78281249999999147, -37.69069019189630865, 9.999999999999987566 ) ) ;
#1784 = AXIS2_PLACEMENT_3D ( 'NONE', #1802, #809, #952 ) ;
#1785 = LINE ( 'NONE', #674, #1037 ) ;
#1786 = FACE_BOUND ( 'NONE', #6, .T. ) ;
#1787 = VECTOR ( 'NONE', #1762, 1000.000000000000114 ) ;
#1788 = ORIENTED_EDGE ( 'NONE', *, *, #282, .F. ) ;
#1789 = EDGE_CURVE ( 'NONE', #1331, #1407, #1083, .T. ) ;
#1790 = CARTESIAN_POINT ( 'NONE',  ( 12.73281249999976517, 12.73281249999989306, 10.00000000000000000 ) ) ;
#1791 = ORIENTED_EDGE ( 'NONE', *, *, #1812, .T. ) ;
#1792 = AXIS2_PLACEMENT_3D ( 'NONE', #1541, #1581, #249 ) ;
#1793 = DIRECTION ( 'NONE',  ( 0.000000000000000000, 1.000000000000000000, 0.000000000000000000 ) ) ;
#1794 = DIRECTION ( 'NONE',  ( -4.625929269271486900E-16, -1.000000000000000000, 5.012734696748428992E-16 ) ) ;
#1795 = FACE_OUTER_BOUND ( 'NONE', #629, .T. ) ;
#1796 = CARTESIAN_POINT ( 'NONE',  ( -7.417187500000019362, 12.68281249999968452, -16.25425208091602869 ) ) ;
#1797 = CARTESIAN_POINT ( 'NONE',  ( 15.28281249999997193, -17.31718749999999929, -13.54521006743002864 ) ) ;
#1798 = DIRECTION ( 'NONE',  ( 1.717547996016641473E-16, -0.000000000000000000, 1.000000000000000000 ) ) ;
#1799 = CARTESIAN_POINT ( 'NONE',  ( -27.81718749999997797, -29.03043615405186273, 5.000000000000000000 ) ) ;
#1800 = EDGE_CURVE ( 'NONE', #580, #305, #511, .T. ) ;
#1801 = LINE ( 'NONE', #428, #585 ) ;
#1802 = CARTESIAN_POINT ( 'NONE',  ( -22.41718750000001847, -17.31718749999999929, 0.000000000000000000 ) ) ;
#1803 = DIRECTION ( 'NONE',  ( 0.000000000000000000, 0.000000000000000000, 1.000000000000000000 ) ) ;
#1804 = PLANE ( 'NONE',  #488 ) ;
#1805 = PLANE ( 'NONE',  #1672 ) ;
#1806 = ORIENTED_EDGE ( 'NONE', *, *, #1224, .F. ) ;
#1807 = EDGE_LOOP ( 'NONE', ( #389, #111, #543, #237, #1132 ) ) ;
#1808 = LINE ( 'NONE', #81, #1067 ) ;
#1809 = DIRECTION ( 'NONE',  ( 1.000000000000000000, -2.312964634635744436E-16, -0.000000000000000000 ) ) ;
#1810 = EDGE_CURVE ( 'NONE', #1145, #305, #1808, .T. ) ;
#1811 = CARTESIAN_POINT ( 'NONE',  ( -22.71718750000004050, -7.417187499999966960, -9.795210067430017986 ) ) ;
#1812 = EDGE_CURVE ( 'NONE', #103, #1662, #1365, .T. ) ;
#1813 = CYLINDRICAL_SURFACE ( 'NONE', #1447, 2.550000000000000266 ) ;
#1814 = AXIS2_PLACEMENT_3D ( 'NONE', #37, #1628, #589 ) ;
#1815 = AXIS2_PLACEMENT_3D ( 'NONE', #1657, #361, #1383 ) ;
#1816 = EDGE_LOOP ( 'NONE', ( #1443, #289 ) ) ;
#1817 = ORIENTED_EDGE ( 'NONE', *, *, #405, .T. ) ;
#1818 = VECTOR ( 'NONE', #84, 1000.000000000000000 ) ;
#1819 = EDGE_LOOP ( 'NONE', ( #1527, #1410, #1164, #459, #1378, #21 ) ) ;
#1820 = CIRCLE ( 'NONE', #1552, 3.049999999999997158 ) ;
#1821 = FILL_AREA_STYLE_COLOUR ( '', #1518 ) ;
#1822 = CARTESIAN_POINT ( 'NONE',  ( 0.000000000000000000, -17.51718749999999503, 0.000000000000000000 ) ) ;
#1823 = DIRECTION ( 'NONE',  ( 1.000000000000000000, -2.312964634635744436E-16, -0.000000000000000000 ) ) ;
#1824 = ADVANCED_FACE ( 'NONE', ( #1374 ), #98, .T. ) ;
#1825 = ORIENTED_EDGE ( 'NONE', *, *, #1503, .F. ) ;
#1826 = ORIENTED_EDGE ( 'NONE', *, *, #405, .F. ) ;
#1827 = DIRECTION ( 'NONE',  ( -0.8660254037844312691, 0.5000000000000126565, 0.000000000000000000 ) ) ;
#1828 = ORIENTED_EDGE ( 'NONE', *, *, #1162, .F. ) ;
#1829 = SURFACE_STYLE_USAGE ( .BOTH. , #962 ) ;
#1830 = CARTESIAN_POINT ( 'NONE',  ( -7.417187500000019362, -17.31718749999999929, -16.25425208091603224 ) ) ;
#1831 = LINE ( 'NONE', #1396, #1616 ) ;
#1832 = EDGE_CURVE ( 'NONE', #1653, #1577, #217, .T. ) ;
#1833 = EDGE_LOOP ( 'NONE', ( #1695, #1113, #817, #1078 ) ) ;
#1834 = PLANE ( 'NONE',  #197 ) ;
#1835 = EDGE_CURVE ( 'NONE', #1842, #180, #1193, .T. ) ;
#1836 = VERTEX_POINT ( 'NONE', #1321 ) ;
#1837 = FACE_OUTER_BOUND ( 'NONE', #1213, .T. ) ;
#1838 = VERTEX_POINT ( 'NONE', #1351 ) ;
#1839 = DIRECTION ( 'NONE',  ( 0.000000000000000000, 0.000000000000000000, 1.000000000000000000 ) ) ;
#1840 = DIRECTION ( 'NONE',  ( 0.000000000000000000, 1.000000000000000000, 0.000000000000000000 ) ) ;
#1841 = CARTESIAN_POINT ( 'NONE',  ( 28.18281249999999361, -31.91718750000005400, -40.00000000000000000 ) ) ;
#1842 = VERTEX_POINT ( 'NONE', #910 ) ;
#1843 = AXIS2_PLACEMENT_3D ( 'NONE', #493, #74, #1377 ) ;
#1844 = DIRECTION ( 'NONE',  ( 1.000000000000000000, -1.502314598737161832E-14, 0.000000000000000000 ) ) ;
#1845 = VECTOR ( 'NONE', #1006, 1000.000000000000000 ) ;
#1846 = EDGE_LOOP ( 'NONE', ( #822, #1191, #767, #1342 ) ) ;
#1847 =( GEOMETRIC_REPRESENTATION_CONTEXT ( 3 ) GLOBAL_UNCERTAINTY_ASSIGNED_CONTEXT ( ( #1556 ) ) GLOBAL_UNIT_ASSIGNED_CONTEXT ( ( #1031, #458, #1459 ) ) REPRESENTATION_CONTEXT ( 'NONE', 'WORKASPACE' ) );
#1848 = EDGE_CURVE ( 'NONE', #179, #129, #1172, .T. ) ;
#1849 = EDGE_CURVE ( 'NONE', #1304, #320, #1617, .T. ) ;
#1850 = ORIENTED_EDGE ( 'NONE', *, *, #863, .T. ) ;
ENDSEC;
END-ISO-10303-21;
