ISO-10303-21;
HEADER;
FILE_DESCRIPTION (( 'STEP AP214' ),
    '1' );
FILE_NAME ('WheelCarriage.STEP',
    '2024-04-22T20:25:48',
    ( '' ),
    ( '' ),
    'SwSTEP 2.0',
    'SolidWorks 2022',
    '' );
FILE_SCHEMA (( 'AUTOMOTIVE_DESIGN' ));
ENDSEC;

DATA;
#1 = ORIENTED_EDGE ( 'NONE', *, *, #13, .F. ) ;
#2 = ORIENTED_EDGE ( 'NONE', *, *, #9209, .T. ) ;
#3 = EDGE_CURVE ( 'NONE', #11665, #2202, #2221, .T. ) ;
#4 = VECTOR ( 'NONE', #6487, 1000.000000000000000 ) ;
#5 = SURFACE_SIDE_STYLE ('',( #7969 ) ) ;
#6 = DIRECTION ( 'NONE',  ( 1.000000000000000000, 4.003208021484940511E-16, 0.000000000000000000 ) ) ;
#7 = DIRECTION ( 'NONE',  ( 0.4999999999999997780, 0.8660254037844388186, 0.000000000000000000 ) ) ;
#8 = CARTESIAN_POINT ( 'NONE',  ( -30.34310355970659501, -12.50000000000001776, 6.350000000000022737 ) ) ;
#9 = LINE ( 'NONE', #3607, #1972 ) ;
#10 = VERTEX_POINT ( 'NONE', #7646 ) ;
#11 =( NAMED_UNIT ( * ) SI_UNIT ( $, .STERADIAN. ) SOLID_ANGLE_UNIT ( ) );
#12 = DIRECTION ( 'NONE',  ( 1.000000000000000000, 0.000000000000000000, 0.000000000000000000 ) ) ;
#13 = EDGE_CURVE ( 'NONE', #4636, #8753, #2684, .T. ) ;
#14 = ORIENTED_EDGE ( 'NONE', *, *, #5057, .T. ) ;
#15 = VERTEX_POINT ( 'NONE', #10714 ) ;
#16 = DIRECTION ( 'NONE',  ( 0.000000000000000000, -0.000000000000000000, -1.000000000000000000 ) ) ;
#17 = DIRECTION ( 'NONE',  ( 3.373073425510458458E-16, -1.000000000000000000, 0.000000000000000000 ) ) ;
#18 = CARTESIAN_POINT ( 'NONE',  ( -12.96626054182323173, 0.000000000000000000, 0.000000000000000000 ) ) ;
#19 = DIRECTION ( 'NONE',  ( 0.5000000000000001110, -0.8660254037844385966, 0.000000000000000000 ) ) ;
#21 = CARTESIAN_POINT ( 'NONE',  ( 6.423021744734590754, 11.87499999999994316, 6.350000000000022737 ) ) ;
#20 = DIRECTION ( 'NONE',  ( 0.000000000000000000, 0.000000000000000000, 1.000000000000000000 ) ) ;
#22 = EDGE_CURVE ( 'NONE', #5432, #224, #2521, .T. ) ;
#23 = DIRECTION ( 'NONE',  ( 0.8660254037844385966, -0.5000000000000001110, 0.000000000000000000 ) ) ;
#24 = VECTOR ( 'NONE', #7260, 1000.000000000000000 ) ;
#25 = CARTESIAN_POINT ( 'NONE',  ( -3.536270398786454550, 5.374999999999964473, 2.255140518769849223E-14 ) ) ;
#26 = ORIENTED_EDGE ( 'NONE', *, *, #3645, .F. ) ;
#27 = CARTESIAN_POINT ( 'NONE',  ( -7.794228634059964911, -12.74999999999995026, 2.255140518769849223E-14 ) ) ;
#28 = EDGE_CURVE ( 'NONE', #1763, #2406, #976, .T. ) ;
#29 = ORIENTED_EDGE ( 'NONE', *, *, #5873, .F. ) ;
#30 = EDGE_CURVE ( 'NONE', #286, #11137, #4523, .T. ) ;
#31 = ORIENTED_EDGE ( 'NONE', *, *, #6613, .T. ) ;
#32 = LINE ( 'NONE', #4522, #3048 ) ;
#33 = CARTESIAN_POINT ( 'NONE',  ( -3.250000000000002665, -27.70000000000000284, 0.000000000000000000 ) ) ;
#35 = LINE ( 'NONE', #9119, #6856 ) ;
#34 = DIRECTION ( 'NONE',  ( -0.000000000000000000, 0.000000000000000000, -1.000000000000000000 ) ) ;
#36 = ADVANCED_FACE ( 'NONE', ( #6122 ), #7001, .F. ) ;
#37 = DIRECTION ( 'NONE',  ( 0.000000000000000000, 0.000000000000000000, 1.000000000000000000 ) ) ;
#38 = EDGE_CURVE ( 'NONE', #7435, #3367, #924, .T. ) ;
#39 = AXIS2_PLACEMENT_3D ( 'NONE', #4659, #4714, #10145 ) ;
#40 = CARTESIAN_POINT ( 'NONE',  ( -2.453738644055895701, 17.99999999999996447, -3.649999999999986589 ) ) ;
#41 = ADVANCED_FACE ( 'NONE', ( #10821 ), #1860, .F. ) ;
#42 = EDGE_CURVE ( 'NONE', #132, #3783, #9003, .T. ) ;
#43 = PLANE ( 'NONE',  #4445 ) ;
#44 = EDGE_CURVE ( 'NONE', #6690, #7587, #4468, .T. ) ;
#45 = ORIENTED_EDGE ( 'NONE', *, *, #4883, .T. ) ;
#46 = VECTOR ( 'NONE', #5493, 1000.000000000000114 ) ;
#47 = AXIS2_PLACEMENT_3D ( 'NONE', #4823, #10019, #5533 ) ;
#48 = EDGE_CURVE ( 'NONE', #5152, #8710, #5410, .T. ) ;
#49 = CARTESIAN_POINT ( 'NONE',  ( 24.28373945817674695, -30.00000000000002132, 0.000000000000000000 ) ) ;
#50 = ORIENTED_EDGE ( 'NONE', *, *, #4247, .T. ) ;
#51 = ORIENTED_EDGE ( 'NONE', *, *, #8832, .F. ) ;
#52 = CARTESIAN_POINT ( 'NONE',  ( -4.979646071760535087, 11.87499999999994316, 6.350000000000022737 ) ) ;
#53 = CARTESIAN_POINT ( 'NONE',  ( 11.40266781649511785, -8.249999999999975131, 6.350000000000022737 ) ) ;
#54 = CARTESIAN_POINT ( 'NONE',  ( 0.000000000000000000, 0.000000000000000000, 6.350000000000022737 ) ) ;
#55 = LINE ( 'NONE', #6425, #3676 ) ;
#56 = AXIS2_PLACEMENT_3D ( 'NONE', #4127, #4961, #5899 ) ;
#57 = VERTEX_POINT ( 'NONE', #11599 ) ;
#58 = CARTESIAN_POINT ( 'NONE',  ( -4.979646071760535087, 11.87499999999994316, 2.255140518769849223E-14 ) ) ;
#59 = CARTESIAN_POINT ( 'NONE',  ( -7.794228634059968464, 18.49999999999993250, 2.255140518769849223E-14 ) ) ;
#60 = ORIENTED_EDGE ( 'NONE', *, *, #4143, .F. ) ;
#61 = ORIENTED_EDGE ( 'NONE', *, *, #2407, .T. ) ;
#62 = EDGE_LOOP ( 'NONE', ( #2455, #2933, #9745, #11578 ) ) ;
#63 = EDGE_CURVE ( 'NONE', #6690, #2441, #803, .T. ) ;
#64 = VERTEX_POINT ( 'NONE', #9947 ) ;
#65 = DIRECTION ( 'NONE',  ( 4.003208021484940511E-16, -1.000000000000000000, 0.000000000000000000 ) ) ;
#66 = CARTESIAN_POINT ( 'NONE',  ( -2.165063509461109259, 12.74999999999994138, 2.255140518769849223E-14 ) ) ;
#67 = LINE ( 'NONE', #8090, #4148 ) ;
#68 = FACE_BOUND ( 'NONE', #9449, .T. ) ;
#69 = ORIENTED_EDGE ( 'NONE', *, *, #4435, .T. ) ;
#70 = LINE ( 'NONE', #4954, #2478 ) ;
#71 = VECTOR ( 'NONE', #4804, 1000.000000000000000 ) ;
#72 = ORIENTED_EDGE ( 'NONE', *, *, #6231, .T. ) ;
#73 = VERTEX_POINT ( 'NONE', #33 ) ;
#74 = ORIENTED_EDGE ( 'NONE', *, *, #11206, .T. ) ;
#75 = AXIS2_PLACEMENT_3D ( 'NONE', #7531, #9485, #3292 ) ;
#76 = CARTESIAN_POINT ( 'NONE',  ( 2.814582562299425827, 7.374999999999965361, 6.350000000000022737 ) ) ;
#77 = LINE ( 'NONE', #10048, #4195 ) ;
#78 = LINE ( 'NONE', #8157, #6848 ) ;
#79 = LINE ( 'NONE', #10871, #8588 ) ;
#80 = ORIENTED_EDGE ( 'NONE', *, *, #252, .F. ) ;
#82 = DIRECTION ( 'NONE',  ( -0.000000000000000000, 0.000000000000000000, 1.000000000000000000 ) ) ;
#81 = FACE_BOUND ( 'NONE', #6678, .T. ) ;
#83 = CARTESIAN_POINT ( 'NONE',  ( -12.96626054182323173, 17.99999999999996092, 6.350000000000022737 ) ) ;
#84 = PLANE ( 'NONE',  #8899 ) ;
#85 = VERTEX_POINT ( 'NONE', #2629 ) ;
#86 = FACE_OUTER_BOUND ( 'NONE', #999, .T. ) ;
#87 = EDGE_LOOP ( 'NONE', ( #5035, #50, #652, #10585 ) ) ;
#88 = ORIENTED_EDGE ( 'NONE', *, *, #11514, .T. ) ;
#89 = DIRECTION ( 'NONE',  ( 0.5000000000000001110, -0.8660254037844385966, 0.000000000000000000 ) ) ;
#90 = DIRECTION ( 'NONE',  ( 1.000000000000000000, 0.000000000000000000, 0.000000000000000000 ) ) ;
#92 = CARTESIAN_POINT ( 'NONE',  ( 32.78373945817675406, 12.50000000000001776, 46.84999999999998721 ) ) ;
#91 = CARTESIAN_POINT ( 'NONE',  ( -3.536270398786454106, 5.374999999999964473, 2.255140518769849223E-14 ) ) ;
#93 = CARTESIAN_POINT ( 'NONE',  ( -7.264682050764862176, -12.50000000000001776, 31.15000000000001279 ) ) ;
#94 = ADVANCED_FACE ( 'NONE', ( #6230 ), #8885, .F. ) ;
#95 = PLANE ( 'NONE',  #6564 ) ;
#96 = DIRECTION ( 'NONE',  ( 0.000000000000000000, 1.000000000000000000, 0.000000000000000000 ) ) ;
#97 = VECTOR ( 'NONE', #6484, 1000.000000000000000 ) ;
#98 = ORIENTED_EDGE ( 'NONE', *, *, #6903, .F. ) ;
#99 = CIRCLE ( 'NONE', #2742, 1.750000000000005107 ) ;
#100 = VECTOR ( 'NONE', #5110, 1000.000000000000000 ) ;
#101 = EDGE_CURVE ( 'NONE', #8796, #5015, #2573, .T. ) ;
#102 = ORIENTED_EDGE ( 'NONE', *, *, #128, .F. ) ;
#103 = EDGE_CURVE ( 'NONE', #5062, #1755, #11653, .T. ) ;
#104 = CARTESIAN_POINT ( 'NONE',  ( 3.536270398786447888, 5.374999999999964473, 6.350000000000022737 ) ) ;
#105 = VERTEX_POINT ( 'NONE', #1804 ) ;
#106 = ORIENTED_EDGE ( 'NONE', *, *, #11386, .F. ) ;
#107 = FACE_OUTER_BOUND ( 'NONE', #170, .T. ) ;
#108 = AXIS2_PLACEMENT_3D ( 'NONE', #452, #8475, #6003 ) ;
#109 = ADVANCED_FACE ( 'NONE', ( #10603 ), #6349, .T. ) ;
#111 = VECTOR ( 'NONE', #6702, 1000.000000000000000 ) ;
#110 = CARTESIAN_POINT ( 'NONE',  ( 1.876388374866279296, 20.49999999999993605, 3.350000000000019629 ) ) ;
#112 = DIRECTION ( 'NONE',  ( 0.7071067811865485719, 0.7071067811865465735, 0.000000000000000000 ) ) ;
#113 = LINE ( 'NONE', #7300, #8379 ) ;
#114 = ORIENTED_EDGE ( 'NONE', *, *, #1854, .F. ) ;
#115 = DIRECTION ( 'NONE',  ( 0.5000000000000001110, -0.8660254037844385966, 0.000000000000000000 ) ) ;
#116 = DIRECTION ( 'NONE',  ( 0.000000000000000000, -0.000000000000000000, -1.000000000000000000 ) ) ;
#117 = ORIENTED_EDGE ( 'NONE', *, *, #8166, .T. ) ;
#118 = ORIENTED_EDGE ( 'NONE', *, *, #7493, .T. ) ;
#119 = VECTOR ( 'NONE', #19, 1000.000000000000000 ) ;
#120 = EDGE_LOOP ( 'NONE', ( #9624, #5920, #6145, #1281 ) ) ;
#121 = EDGE_CURVE ( 'NONE', #11270, #224, #7169, .T. ) ;
#122 = ORIENTED_EDGE ( 'NONE', *, *, #7461, .T. ) ;
#123 = CARTESIAN_POINT ( 'NONE',  ( 7.144709581221627026, 18.87499999999993250, 2.255140518769849223E-14 ) ) ;
#124 = CARTESIAN_POINT ( 'NONE',  ( -7.794228634059964911, -6.999999999999973355, 6.350000000000022737 ) ) ;
#125 = CARTESIAN_POINT ( 'NONE',  ( 6.423021744734602301, -17.62499999999993960, 2.255140518769849223E-14 ) ) ;
#126 = FACE_BOUND ( 'NONE', #7823, .T. ) ;
#127 = ORIENTED_EDGE ( 'NONE', *, *, #6113, .T. ) ;
#128 = EDGE_CURVE ( 'NONE', #5589, #1540, #2958, .T. ) ;
#129 = LINE ( 'NONE', #1294, #6058 ) ;
#130 = ADVANCED_FACE ( 'NONE', ( #10063 ), #263, .T. ) ;
#131 = EDGE_CURVE ( 'NONE', #421, #7257, #11110, .T. ) ;
#132 = VERTEX_POINT ( 'NONE', #6633 ) ;
#133 = ORIENTED_EDGE ( 'NONE', *, *, #847, .T. ) ;
#134 = ORIENTED_EDGE ( 'NONE', *, *, #3498, .F. ) ;
#135 = CARTESIAN_POINT ( 'NONE',  ( -12.84604348946919039, -17.24999999999992895, 2.255140518769849223E-14 ) ) ;
#136 = DIRECTION ( 'NONE',  ( -0.000000000000000000, -1.000000000000000000, -0.000000000000000000 ) ) ;
#137 = DIRECTION ( 'NONE',  ( 0.5000000000000001110, -0.8660254037844385966, 0.000000000000000000 ) ) ;
#138 = EDGE_LOOP ( 'NONE', ( #6282, #10444, #4021, #2792, #7295, #2169 ) ) ;
#139 = AXIS2_PLACEMENT_3D ( 'NONE', #4335, #2560, #907 ) ;
#141 = CARTESIAN_POINT ( 'NONE',  ( -1.443375672974066992, 14.74999999999993072, 6.350000000000022737 ) ) ;
#140 = DIRECTION ( 'NONE',  ( 0.4999999999999997780, 0.8660254037844388186, 0.000000000000000000 ) ) ;
#142 = LINE ( 'NONE', #3743, #10911 ) ;
#143 = DIRECTION ( 'NONE',  ( 0.000000000000000000, -1.000000000000000000, 0.000000000000000000 ) ) ;
#144 = ORIENTED_EDGE ( 'NONE', *, *, #8765, .F. ) ;
#145 = VECTOR ( 'NONE', #9851, 1000.000000000000000 ) ;
#146 = CARTESIAN_POINT ( 'NONE',  ( -2.818925648462311528E-15, 19.74999999999993605, 6.350000000000022737 ) ) ;
#147 = ORIENTED_EDGE ( 'NONE', *, *, #9870, .T. ) ;
#148 = EDGE_LOOP ( 'NONE', ( #10909, #10417, #813, #11171 ) ) ;
#149 = VECTOR ( 'NONE', #1465, 1000.000000000000000 ) ;
#150 = CARTESIAN_POINT ( 'NONE',  ( -3.250000000000002665, -27.70000000000000284, 3.350000000000019629 ) ) ;
#151 = FACE_OUTER_BOUND ( 'NONE', #7070, .T. ) ;
#152 = AXIS2_PLACEMENT_3D ( 'NONE', #866, #10769, #6290 ) ;
#154 = LINE ( 'NONE', #9950, #8940 ) ;
#153 = DIRECTION ( 'NONE',  ( 0.000000000000000000, 0.000000000000000000, 1.000000000000000000 ) ) ;
#155 = DIRECTION ( 'NONE',  ( 0.5000000000000001110, 0.8660254037844385966, 0.000000000000000000 ) ) ;
#156 = PLANE ( 'NONE',  #3186 ) ;
#157 = CARTESIAN_POINT ( 'NONE',  ( -3.536270398786467428, 6.124999999999965361, 2.255140518769849223E-14 ) ) ;
#158 = CARTESIAN_POINT ( 'NONE',  ( -3.536270398786458102, 11.12499999999994138, 2.255140518769849223E-14 ) ) ;
#159 = ORIENTED_EDGE ( 'NONE', *, *, #4165, .F. ) ;
#160 = AXIS2_PLACEMENT_3D ( 'NONE', #8876, #10593, #792 ) ;
#161 = ORIENTED_EDGE ( 'NONE', *, *, #605, .F. ) ;
#162 = DIRECTION ( 'NONE',  ( 0.5000000000000001110, -0.8660254037844385966, 0.000000000000000000 ) ) ;
#163 = ORIENTED_EDGE ( 'NONE', *, *, #10267, .F. ) ;
#164 = VERTEX_POINT ( 'NONE', #3752 ) ;
#165 = VECTOR ( 'NONE', #10412, 1000.000000000000000 ) ;
#166 = CARTESIAN_POINT ( 'NONE',  ( -9.959292143521061291, 3.249999999999978240, 2.255140518769849223E-14 ) ) ;
#167 = CARTESIAN_POINT ( 'NONE',  ( 12.77387470582047513, 7.374999999999976907, 6.350000000000022737 ) ) ;
#168 = LINE ( 'NONE', #5768, #11044 ) ;
#169 = DIRECTION ( 'NONE',  ( 1.000000000000000000, 0.000000000000000000, 0.000000000000000000 ) ) ;
#170 = EDGE_LOOP ( 'NONE', ( #3554, #5891, #7020, #5757 ) ) ;
#171 = CARTESIAN_POINT ( 'NONE',  ( 1.443375672974076096, -8.999999999999973355, 2.255140518769849223E-14 ) ) ;
#172 = PLANE ( 'NONE',  #2641 ) ;
#173 = ADVANCED_FACE ( 'NONE', ( #2087 ), #7282, .T. ) ;
#174 = VERTEX_POINT ( 'NONE', #11054 ) ;
#175 = VERTEX_POINT ( 'NONE', #7342 ) ;
#176 = VECTOR ( 'NONE', #1025, 1000.000000000000000 ) ;
#177 = ORIENTED_EDGE ( 'NONE', *, *, #6831, .T. ) ;
#178 = ADVANCED_FACE ( 'NONE', ( #6465 ), #4638, .T. ) ;
#179 = ADVANCED_FACE ( 'NONE', ( #151 ), #5636, .F. ) ;
#180 = VERTEX_POINT ( 'NONE', #2861 ) ;
#181 = DIRECTION ( 'NONE',  ( 1.000000000000000000, 0.000000000000000000, 0.000000000000000000 ) ) ;
#182 = DIRECTION ( 'NONE',  ( 0.5000000000000001110, -0.8660254037844385966, 0.000000000000000000 ) ) ;
#183 = LINE ( 'NONE', #7488, #3943 ) ;
#184 = FACE_BOUND ( 'NONE', #1526, .T. ) ;
#185 = ORIENTED_EDGE ( 'NONE', *, *, #2340, .F. ) ;
#186 = ADVANCED_FACE ( 'NONE', ( #1152 ), #1974, .T. ) ;
#187 = EDGE_CURVE ( 'NONE', #6042, #4907, #4809, .T. ) ;
#188 = ORIENTED_EDGE ( 'NONE', *, *, #9636, .T. ) ;
#189 = EDGE_CURVE ( 'NONE', #4775, #1173, #3035, .T. ) ;
#190 = AXIS2_PLACEMENT_3D ( 'NONE', #5771, #5711, #10146 ) ;
#191 = EDGE_CURVE ( 'NONE', #8575, #2471, #4288, .T. ) ;
#192 = ORIENTED_EDGE ( 'NONE', *, *, #8059, .F. ) ;
#193 = ORIENTED_EDGE ( 'NONE', *, *, #10459, .F. ) ;
#194 = DIRECTION ( 'NONE',  ( -0.8660254037844385966, -0.5000000000000001110, 0.000000000000000000 ) ) ;
#195 = CARTESIAN_POINT ( 'NONE',  ( 2.814582562299429380, 13.12499999999994316, 6.350000000000022737 ) ) ;
#196 = EDGE_CURVE ( 'NONE', #11393, #2926, #10886, .T. ) ;
#197 = EDGE_CURVE ( 'NONE', #7670, #2610, #8288, .T. ) ;
#198 = CARTESIAN_POINT ( 'NONE',  ( -2.092894725812403323, -2.874999999999983569, 2.255140518769849223E-14 ) ) ;
#199 = VERTEX_POINT ( 'NONE', #3805 ) ;
#201 = DIRECTION ( 'NONE',  ( 0.000000000000000000, -1.000000000000000000, 0.000000000000000000 ) ) ;
#200 = CARTESIAN_POINT ( 'NONE',  ( 3.536270398786449221, -17.62499999999993960, 2.255140518769849223E-14 ) ) ;
#202 = CARTESIAN_POINT ( 'NONE',  ( 2.092894725812396217, -8.624999999999960920, 6.350000000000022737 ) ) ;
#203 = LINE ( 'NONE', #7447, #2679 ) ;
#204 = VERTEX_POINT ( 'NONE', #5749 ) ;
#205 = LINE ( 'NONE', #6514, #4405 ) ;
#206 = ORIENTED_EDGE ( 'NONE', *, *, #1845, .T. ) ;
#207 = CARTESIAN_POINT ( 'NONE',  ( 2.814582562299425827, -1.625000000000000666, 2.255140518769849223E-14 ) ) ;
#208 = CARTESIAN_POINT ( 'NONE',  ( -2.165063509461105706, -15.99999999999994138, 2.255140518769849223E-14 ) ) ;
#210 = DIRECTION ( 'NONE',  ( 1.000000000000000000, 0.000000000000000000, 0.000000000000000000 ) ) ;
#209 = FACE_OUTER_BOUND ( 'NONE', #7877, .T. ) ;
#211 = PLANE ( 'NONE',  #3732 ) ;
#212 = CARTESIAN_POINT ( 'NONE',  ( 7.866397417708654416, -8.624999999999960920, 2.255140518769849223E-14 ) ) ;
#213 = DIRECTION ( 'NONE',  ( -0.7071067811865489050, 0.7071067811865461294, -0.000000000000000000 ) ) ;
#214 = DIRECTION ( 'NONE',  ( 0.000000000000000000, 0.000000000000000000, 1.000000000000000000 ) ) ;
#215 = ORIENTED_EDGE ( 'NONE', *, *, #6875, .T. ) ;
#216 = LINE ( 'NONE', #7293, #11336 ) ;
#217 = ORIENTED_EDGE ( 'NONE', *, *, #10851, .T. ) ;
#218 = ORIENTED_EDGE ( 'NONE', *, *, #1754, .T. ) ;
#219 = VECTOR ( 'NONE', #9672, 1000.000000000000114 ) ;
#220 = CARTESIAN_POINT ( 'NONE',  ( -7.264682050764862176, -36.50000000000001421, 31.15000000000001279 ) ) ;
#221 = DIRECTION ( 'NONE',  ( -0.8660254037844385966, -0.5000000000000001110, 0.000000000000000000 ) ) ;
#222 = LINE ( 'NONE', #5828, #9927 ) ;
#223 = LINE ( 'NONE', #4056, #861 ) ;
#224 = VERTEX_POINT ( 'NONE', #2805 ) ;
#225 = CARTESIAN_POINT ( 'NONE',  ( -7.072540797572933080, 5.749999999999979572, 2.255140518769849223E-14 ) ) ;
#226 = DIRECTION ( 'NONE',  ( 0.000000000000000000, -1.000000000000000000, 0.000000000000000000 ) ) ;
#227 = ORIENTED_EDGE ( 'NONE', *, *, #3152, .F. ) ;
#228 = EDGE_LOOP ( 'NONE', ( #9361, #185, #1645, #7425 ) ) ;
#229 = CIRCLE ( 'NONE', #2299, 2.550000000000000266 ) ;
#230 = ORIENTED_EDGE ( 'NONE', *, *, #541, .F. ) ;
#231 = VECTOR ( 'NONE', #5513, 1000.000000000000000 ) ;
#232 = ORIENTED_EDGE ( 'NONE', *, *, #7182, .F. ) ;
#233 = AXIS2_PLACEMENT_3D ( 'NONE', #4737, #8325, #9629 ) ;
#234 = DIRECTION ( 'NONE',  ( 0.5000000000000001110, 0.8660254037844385966, 0.000000000000000000 ) ) ;
#235 = DIRECTION ( 'NONE',  ( 0.000000000000000000, -1.000000000000000000, 0.000000000000000000 ) ) ;
#236 = AXIS2_PLACEMENT_3D ( 'NONE', #4197, #9690, #6030 ) ;
#237 = FACE_OUTER_BOUND ( 'NONE', #4916, .T. ) ;
#238 = DIRECTION ( 'NONE',  ( 0.000000000000000000, 0.000000000000000000, 1.000000000000000000 ) ) ;
#239 = EDGE_LOOP ( 'NONE', ( #8149, #10044, #9082 ) ) ;
#240 = EDGE_CURVE ( 'NONE', #11359, #3396, #11001, .T. ) ;
#241 = ORIENTED_EDGE ( 'NONE', *, *, #7179, .F. ) ;
#242 = AXIS2_PLACEMENT_3D ( 'NONE', #1795, #3570, #8105 ) ;
#243 = VERTEX_POINT ( 'NONE', #6520 ) ;
#244 = ORIENTED_EDGE ( 'NONE', *, *, #6753, .T. ) ;
#245 = ADVANCED_FACE ( 'NONE', ( #2031 ), #4752, .T. ) ;
#246 = DIRECTION ( 'NONE',  ( -0.5000000000000001110, -0.8660254037844385966, 0.000000000000000000 ) ) ;
#247 = EDGE_CURVE ( 'NONE', #5015, #8694, #8171, .T. ) ;
#248 = DIRECTION ( 'NONE',  ( -0.000000000000000000, 0.000000000000000000, 1.000000000000000000 ) ) ;
#249 = EDGE_CURVE ( 'NONE', #4028, #9296, #1917, .T. ) ;
#250 = PLANE ( 'NONE',  #3324 ) ;
#251 = ORIENTED_EDGE ( 'NONE', *, *, #6311, .T. ) ;
#252 = EDGE_CURVE ( 'NONE', #1367, #5662, #6694, .T. ) ;
#253 = AXIS2_PLACEMENT_3D ( 'NONE', #11050, #9226, #3914 ) ;
#255 = DIRECTION ( 'NONE',  ( 0.000000000000000000, -1.000000000000000000, 0.000000000000000000 ) ) ;
#254 = LINE ( 'NONE', #7442, #8393 ) ;
#256 = CARTESIAN_POINT ( 'NONE',  ( -2.886751345948132208, -11.49999999999995204, 2.255140518769849223E-14 ) ) ;
#257 = DIRECTION ( 'NONE',  ( 0.4999999999999997224, 0.8660254037844387076, 0.000000000000000000 ) ) ;
#258 = ORIENTED_EDGE ( 'NONE', *, *, #507, .T. ) ;
#259 = LINE ( 'NONE', #3971, #7789 ) ;
#260 = AXIS2_PLACEMENT_3D ( 'NONE', #5412, #10945, #9391 ) ;
#261 = VERTEX_POINT ( 'NONE', #10467 ) ;
#262 = PLANE ( 'NONE',  #11149 ) ;
#263 = PLANE ( 'NONE',  #5955 ) ;
#264 = DIRECTION ( 'NONE',  ( 0.000000000000000000, 0.000000000000000000, 1.000000000000000000 ) ) ;
#265 = DIRECTION ( 'NONE',  ( 0.000000000000000000, 0.000000000000000000, 1.000000000000000000 ) ) ;
#266 = CARTESIAN_POINT ( 'NONE',  ( -3.536270398786453661, -6.124999999999985789, 2.255140518769849223E-14 ) ) ;
#267 = VECTOR ( 'NONE', #8680, 1000.000000000000000 ) ;
#268 = PLANE ( 'NONE',  #6578 ) ;
#269 = FACE_OUTER_BOUND ( 'NONE', #7761, .T. ) ;
#270 = ADVANCED_FACE ( 'NONE', ( #10406 ), #11293, .F. ) ;
#271 = ORIENTED_EDGE ( 'NONE', *, *, #9994, .F. ) ;
#272 = EDGE_CURVE ( 'NONE', #987, #6825, #3095, .T. ) ;
#273 = VERTEX_POINT ( 'NONE', #7573 ) ;
#274 = CARTESIAN_POINT ( 'NONE',  ( -12.05218686933346284, 2.874999999999992895, 2.255140518769849223E-14 ) ) ;
#275 = EDGE_LOOP ( 'NONE', ( #10318, #9270, #952, #11092 ) ) ;
#276 = VERTEX_POINT ( 'NONE', #4156 ) ;
#278 = LINE ( 'NONE', #3820, #10059 ) ;
#277 = CARTESIAN_POINT ( 'NONE',  ( -2.886751345948135317, 11.49999999999995381, 2.255140518769849223E-14 ) ) ;
#279 = LINE ( 'NONE', #8189, #10327 ) ;
#280 = LINE ( 'NONE', #3707, #8220 ) ;
#281 = LINE ( 'NONE', #400, #11414 ) ;
#282 = ORIENTED_EDGE ( 'NONE', *, *, #4739, .T. ) ;
#283 = VECTOR ( 'NONE', #4250, 1000.000000000000114 ) ;
#284 = FACE_OUTER_BOUND ( 'NONE', #3641, .T. ) ;
#285 = LINE ( 'NONE', #7596, #7343 ) ;
#286 = VERTEX_POINT ( 'NONE', #10532 ) ;
#287 = ORIENTED_EDGE ( 'NONE', *, *, #5082, .T. ) ;
#288 = ORIENTED_EDGE ( 'NONE', *, *, #1630, .T. ) ;
#289 = AXIS2_PLACEMENT_3D ( 'NONE', #1828, #65, #6 ) ;
#290 = EDGE_LOOP ( 'NONE', ( #8907, #2814, #8402, #363 ) ) ;
#291 = CIRCLE ( 'NONE', #6893, 2.550000000000000266 ) ;
#292 = VECTOR ( 'NONE', #9515, 1000.000000000000000 ) ;
#293 = CARTESIAN_POINT ( 'NONE',  ( 12.12435565298215145, -12.74999999999994849, 6.350000000000022737 ) ) ;
#294 = PLANE ( 'NONE',  #4291 ) ;
#295 = CARTESIAN_POINT ( 'NONE',  ( -7.072540797572933080, 5.749999999999979572, 2.255140518769849223E-14 ) ) ;
#296 = DIRECTION ( 'NONE',  ( -0.000000000000000000, 0.000000000000000000, 1.000000000000000000 ) ) ;
#297 = VERTEX_POINT ( 'NONE', #8698 ) ;
#298 = VECTOR ( 'NONE', #8328, 1000.000000000000000 ) ;
#299 = ORIENTED_EDGE ( 'NONE', *, *, #2517, .F. ) ;
#300 = VERTEX_POINT ( 'NONE', #3336 ) ;
#301 = EDGE_LOOP ( 'NONE', ( #7666, #3349, #687, #3196 ) ) ;
#302 = EDGE_CURVE ( 'NONE', #2419, #7668, #10298, .T. ) ;
#303 = CARTESIAN_POINT ( 'NONE',  ( -4.979646071760531534, -6.124999999999985789, 2.255140518769849223E-14 ) ) ;
#304 = PLANE ( 'NONE',  #6840 ) ;
#305 = DIRECTION ( 'NONE',  ( 0.5000000000000001110, -0.8660254037844385966, 0.000000000000000000 ) ) ;
#306 = ORIENTED_EDGE ( 'NONE', *, *, #3950, .T. ) ;
#307 = AXIS2_PLACEMENT_3D ( 'NONE', #8303, #7358, #10082 ) ;
#309 = PLANE ( 'NONE',  #8078 ) ;
#308 = LINE ( 'NONE', #11045, #1044 ) ;
#310 = DIRECTION ( 'NONE',  ( 0.000000000000000000, -1.000000000000000000, 0.000000000000000000 ) ) ;
#311 = CARTESIAN_POINT ( 'NONE',  ( 2.092894725812397994, 2.874999999999990230, 6.350000000000022737 ) ) ;
#312 = ORIENTED_EDGE ( 'NONE', *, *, #2474, .T. ) ;
#313 = EDGE_CURVE ( 'NONE', #10084, #388, #1612, .T. ) ;
#314 = DIRECTION ( 'NONE',  ( 1.000000000000000000, 0.000000000000000000, 0.000000000000000000 ) ) ;
#315 = EDGE_CURVE ( 'NONE', #2539, #6734, #8579, .T. ) ;
#316 = EDGE_LOOP ( 'NONE', ( #9976, #1088, #9802, #10833 ) ) ;
#317 = EDGE_CURVE ( 'NONE', #10688, #11289, #11352, .T. ) ;
#318 = DIRECTION ( 'NONE',  ( -0.5000000000000002220, 0.8660254037844384856, 0.000000000000000000 ) ) ;
#319 = DIRECTION ( 'NONE',  ( 0.000000000000000000, 0.000000000000000000, 1.000000000000000000 ) ) ;
#320 = FACE_OUTER_BOUND ( 'NONE', #7980, .T. ) ;
#321 = LINE ( 'NONE', #11295, #9018 ) ;
#322 = CARTESIAN_POINT ( 'NONE',  ( -12.77387470582048579, -13.12499999999995204, 2.255140518769849223E-14 ) ) ;
#323 = VECTOR ( 'NONE', #5494, 1000.000000000000000 ) ;
#324 = CARTESIAN_POINT ( 'NONE',  ( -6.423021744734612071, 5.374999999999964473, 6.350000000000022737 ) ) ;
#325 = ADVANCED_FACE ( 'NONE', ( #5810 ), #2383, .F. ) ;
#326 = CARTESIAN_POINT ( 'NONE',  ( 0.000000000000000000, 24.69999999999997087, 0.000000000000000000 ) ) ;
#327 = ADVANCED_FACE ( 'NONE', ( #5924 ), #1445, .T. ) ;
#328 = VERTEX_POINT ( 'NONE', #4214 ) ;
#329 = CIRCLE ( 'NONE', #6935, 1.750000000000001554 ) ;
#330 = ORIENTED_EDGE ( 'NONE', *, *, #191, .T. ) ;
#331 = CARTESIAN_POINT ( 'NONE',  ( -2.886751345948132208, 5.749999999999976907, 2.255140518769849223E-14 ) ) ;
#332 = ORIENTED_EDGE ( 'NONE', *, *, #5538, .F. ) ;
#333 = ADVANCED_FACE ( 'NONE', ( #7808 ), #11412, .F. ) ;
#334 = EDGE_LOOP ( 'NONE', ( #8626, #885, #258, #8751 ) ) ;
#336 = LINE ( 'NONE', #2159, #6671 ) ;
#335 = CARTESIAN_POINT ( 'NONE',  ( 13.03373945817677004, -1.174901045822594803, 6.350000000000022737 ) ) ;
#337 = EDGE_CURVE ( 'NONE', #8311, #563, #8459, .T. ) ;
#338 = ADVANCED_FACE ( 'NONE', ( #497 ), #4097, .F. ) ;
#339 = DIRECTION ( 'NONE',  ( 1.000000000000000000, 0.000000000000000000, 0.000000000000000000 ) ) ;
#340 = DIRECTION ( 'NONE',  ( 0.4999999999999997224, 0.8660254037844387076, 0.000000000000000000 ) ) ;
#341 = CARTESIAN_POINT ( 'NONE',  ( -7.649891066762603664, -12.50000000000002132, 6.350000000000022737 ) ) ;
#342 = LINE ( 'NONE', #3942, #2483 ) ;
#343 = CARTESIAN_POINT ( 'NONE',  ( 12.77387470582047868, -13.12499999999994849, 2.255140518769849223E-14 ) ) ;
#344 = VECTOR ( 'NONE', #4411, 1000.000000000000000 ) ;
#345 = PLANE ( 'NONE',  #6184 ) ;
#346 = VERTEX_POINT ( 'NONE', #377 ) ;
#347 = ORIENTED_EDGE ( 'NONE', *, *, #9428, .T. ) ;
#348 = ORIENTED_EDGE ( 'NONE', *, *, #8281, .F. ) ;
#349 = CIRCLE ( 'NONE', #6201, 1.750000000000001554 ) ;
#350 = ORIENTED_EDGE ( 'NONE', *, *, #6024, .F. ) ;
#351 = VECTOR ( 'NONE', #2510, 1000.000000000000000 ) ;
#352 = CARTESIAN_POINT ( 'NONE',  ( 4.979646071760526205, 11.87499999999994316, 2.255140518769849223E-14 ) ) ;
#353 = CARTESIAN_POINT ( 'NONE',  ( -3.536270398786454994, -11.87499999999996447, 2.255140518769849223E-14 ) ) ;
#354 = DIRECTION ( 'NONE',  ( -0.5000000000000002220, 0.8660254037844384856, 0.000000000000000000 ) ) ;
#355 = DIRECTION ( 'NONE',  ( 1.000000000000000000, 0.000000000000000000, 0.000000000000000000 ) ) ;
#356 = ORIENTED_EDGE ( 'NONE', *, *, #8398, .F. ) ;
#357 = VECTOR ( 'NONE', #7275, 1000.000000000000000 ) ;
#358 = EDGE_LOOP ( 'NONE', ( #10596, #7659, #11399, #2418, #6820, #1823 ) ) ;
#359 = ORIENTED_EDGE ( 'NONE', *, *, #10079, .F. ) ;
#360 = VECTOR ( 'NONE', #4727, 1000.000000000000000 ) ;
#361 = ADVANCED_FACE ( 'NONE', ( #3974 ), #3159, .F. ) ;
#362 = ORIENTED_EDGE ( 'NONE', *, *, #11298, .T. ) ;
#363 = ORIENTED_EDGE ( 'NONE', *, *, #544, .T. ) ;
#364 = CARTESIAN_POINT ( 'NONE',  ( 3.319764047840297216, -18.00000000000001421, 0.000000000000000000 ) ) ;
#365 = CARTESIAN_POINT ( 'NONE',  ( 0.000000000000000000, 0.000000000000000000, 6.350000000000022737 ) ) ;
#366 = UNCERTAINTY_MEASURE_WITH_UNIT (LENGTH_MEASURE( 1.000000000000000082E-05 ), #8971, 'distance_accuracy_value', 'NONE');
#367 = DIRECTION ( 'NONE',  ( 0.7071067811865463515, 6.839255870354896916E-17, -0.7071067811865487940 ) ) ;
#368 = ORIENTED_EDGE ( 'NONE', *, *, #6761, .T. ) ;
#369 = EDGE_CURVE ( 'NONE', #6767, #5381, #2264, .T. ) ;
#371 = DIRECTION ( 'NONE',  ( 1.000000000000000000, 0.000000000000000000, 0.000000000000000000 ) ) ;
#370 = PLANE ( 'NONE',  #5947 ) ;
#372 = CARTESIAN_POINT ( 'NONE',  ( -20.09626054182323074, 0.000000000000000000, 6.350000000000022737 ) ) ;
#373 = DIRECTION ( 'NONE',  ( 0.000000000000000000, -1.000000000000000000, 0.000000000000000000 ) ) ;
#374 = DIRECTION ( 'NONE',  ( -1.000000000000000000, -4.003208021484940511E-16, 0.000000000000000000 ) ) ;
#375 = ORIENTED_EDGE ( 'NONE', *, *, #6338, .F. ) ;
#376 = CARTESIAN_POINT ( 'NONE',  ( -2.165063509461105706, -4.499999999999984901, 2.255140518769849223E-14 ) ) ;
#377 = CARTESIAN_POINT ( 'NONE',  ( -17.54626054182323003, 3.122849337825748940E-16, 6.350000000000022737 ) ) ;
#378 = AXIS2_PLACEMENT_3D ( 'NONE', #1551, #8745, #7798 ) ;
#379 = DIRECTION ( 'NONE',  ( -0.000000000000000000, 0.000000000000000000, 1.000000000000000000 ) ) ;
#380 = CARTESIAN_POINT ( 'NONE',  ( -8.515916470546983419, -14.74999999999995204, 2.255140518769849223E-14 ) ) ;
#381 = PLANE ( 'NONE',  #6006 ) ;
#382 = EDGE_CURVE ( 'NONE', #3892, #5742, #672, .T. ) ;
#383 = DIRECTION ( 'NONE',  ( 0.4999999999999997224, 0.8660254037844387076, 0.000000000000000000 ) ) ;
#384 = EDGE_CURVE ( 'NONE', #10937, #10204, #8816, .T. ) ;
#385 = CARTESIAN_POINT ( 'NONE',  ( -3.536270398786467428, -5.374999999999985789, 2.255140518769849223E-14 ) ) ;
#386 = VERTEX_POINT ( 'NONE', #3399 ) ;
#387 = VERTEX_POINT ( 'NONE', #8987 ) ;
#388 = VERTEX_POINT ( 'NONE', #5395 ) ;
#389 = CARTESIAN_POINT ( 'NONE',  ( -12.96626054182323173, 17.99999999999996092, -3.649999999999986589 ) ) ;
#390 = EDGE_LOOP ( 'NONE', ( #2016, #1578, #6943, #2736 ) ) ;
#391 = ORIENTED_EDGE ( 'NONE', *, *, #848, .F. ) ;
#392 = EDGE_CURVE ( 'NONE', #3734, #4304, #4285, .T. ) ;
#393 = EDGE_CURVE ( 'NONE', #4574, #11068, #7871, .T. ) ;
#395 = DIRECTION ( 'NONE',  ( 0.4999999999999997780, 0.8660254037844388186, 0.000000000000000000 ) ) ;
#394 = CYLINDRICAL_SURFACE ( 'NONE', #108, 1.750000000000001554 ) ;
#396 = EDGE_CURVE ( 'NONE', #4008, #4502, #6991, .T. ) ;
#397 = ADVANCED_FACE ( 'NONE', ( #4508 ), #9708, .F. ) ;
#398 = DIRECTION ( 'NONE',  ( 0.000000000000000000, 1.000000000000000000, -0.000000000000000000 ) ) ;
#399 = DIRECTION ( 'NONE',  ( 1.000000000000000000, 0.000000000000000000, 0.000000000000000000 ) ) ;
#400 = CARTESIAN_POINT ( 'NONE',  ( 7.072540797572925086, -5.749999999999974243, 2.255140518769849223E-14 ) ) ;
#401 = ADVANCED_FACE ( 'NONE', ( #1619 ), #11471, .T. ) ;
#402 = LINE ( 'NONE', #7595, #5498 ) ;
#403 = CARTESIAN_POINT ( 'NONE',  ( 1.220317949235150801, -12.50000000000001776, 20.91499999999998138 ) ) ;
#404 = FACE_OUTER_BOUND ( 'NONE', #5607, .T. ) ;
#405 = ORIENTED_EDGE ( 'NONE', *, *, #7449, .F. ) ;
#406 = EDGE_LOOP ( 'NONE', ( #9761, #1324, #11369, #4733 ) ) ;
#407 = ORIENTED_EDGE ( 'NONE', *, *, #10269, .T. ) ;
#408 = EDGE_LOOP ( 'NONE', ( #10295, #11525, #3588, #5995 ) ) ;
#409 = DIRECTION ( 'NONE',  ( 0.5000000000000001110, 0.8660254037844385966, 0.000000000000000000 ) ) ;
#410 = DIRECTION ( 'NONE',  ( 0.000000000000000000, -0.000000000000000000, 1.000000000000000000 ) ) ;
#411 = DIRECTION ( 'NONE',  ( -0.4999999999999997780, -0.8660254037844387076, 0.000000000000000000 ) ) ;
#412 = DIRECTION ( 'NONE',  ( 0.000000000000000000, 0.000000000000000000, 1.000000000000000000 ) ) ;
#413 = ORIENTED_EDGE ( 'NONE', *, *, #634, .F. ) ;
#414 = AXIS2_PLACEMENT_3D ( 'NONE', #5121, #8944, #11540 ) ;
#415 = EDGE_LOOP ( 'NONE', ( #3346, #10247, #9341, #10363 ) ) ;
#416 = ORIENTED_EDGE ( 'NONE', *, *, #6972, .F. ) ;
#417 = EDGE_CURVE ( 'NONE', #8662, #2895, #10752, .T. ) ;
#418 = EDGE_CURVE ( 'NONE', #2949, #6647, #7102, .T. ) ;
#419 = AXIS2_PLACEMENT_3D ( 'NONE', #5319, #3382, #2657 ) ;
#420 = ORIENTED_EDGE ( 'NONE', *, *, #7032, .F. ) ;
#421 = VERTEX_POINT ( 'NONE', #9764 ) ;
#422 = VECTOR ( 'NONE', #9287, 1000.000000000000000 ) ;
#423 = CARTESIAN_POINT ( 'NONE',  ( 2.092894725812396661, -8.624999999999960920, 2.255140518769849223E-14 ) ) ;
#424 = FACE_OUTER_BOUND ( 'NONE', #2777, .T. ) ;
#425 = LINE ( 'NONE', #11335, #11005 ) ;
#426 = DIRECTION ( 'NONE',  ( 0.000000000000000000, 0.000000000000000000, 1.000000000000000000 ) ) ;
#427 = ORIENTED_EDGE ( 'NONE', *, *, #9997, .T. ) ;
#429 = CARTESIAN_POINT ( 'NONE',  ( 8.515916470546978090, 2.499999999999976019, 2.255140518769849223E-14 ) ) ;
#428 = DIRECTION ( 'NONE',  ( 0.000000000000000000, -1.000000000000000000, 0.000000000000000000 ) ) ;
#430 = DIRECTION ( 'NONE',  ( -0.000000000000000000, 0.000000000000000000, -1.000000000000000000 ) ) ;
#431 = VECTOR ( 'NONE', #9849, 1000.000000000000114 ) ;
#432 = LINE ( 'NONE', #2314, #8110 ) ;
#433 = VECTOR ( 'NONE', #4139, 1000.000000000000000 ) ;
#434 = CARTESIAN_POINT ( 'NONE',  ( -2.814582562299429824, 18.87499999999993250, 2.255140518769849223E-14 ) ) ;
#435 = ORIENTED_EDGE ( 'NONE', *, *, #2133, .F. ) ;
#436 = EDGE_LOOP ( 'NONE', ( #3730, #3280, #3713, #5075 ) ) ;
#437 = CYLINDRICAL_SURFACE ( 'NONE', #578, 4.499999999999997335 ) ;
#438 = CARTESIAN_POINT ( 'NONE',  ( -12.84604348946919039, -17.24999999999992895, 6.350000000000022737 ) ) ;
#439 = DIRECTION ( 'NONE',  ( -1.000000000000000000, -1.437200963164487406E-16, 0.000000000000000000 ) ) ;
#440 = PLANE ( 'NONE',  #4075 ) ;
#441 = DIRECTION ( 'NONE',  ( 0.000000000000000000, -1.000000000000000000, 0.000000000000000000 ) ) ;
#442 = DIRECTION ( 'NONE',  ( 0.5000000000000001110, 0.8660254037844385966, 0.000000000000000000 ) ) ;
#443 = PLANE ( 'NONE',  #4777 ) ;
#444 = LINE ( 'NONE', #8524, #10839 ) ;
#445 = ORIENTED_EDGE ( 'NONE', *, *, #9289, .T. ) ;
#446 = VERTEX_POINT ( 'NONE', #846 ) ;
#447 = DIRECTION ( 'NONE',  ( 3.373073425510458458E-16, -1.000000000000000000, 0.000000000000000000 ) ) ;
#448 = ORIENTED_EDGE ( 'NONE', *, *, #1401, .T. ) ;
#449 = ORIENTED_EDGE ( 'NONE', *, *, #5442, .F. ) ;
#450 = EDGE_CURVE ( 'NONE', #3878, #4750, #5281, .T. ) ;
#451 = VECTOR ( 'NONE', #8655, 1000.000000000000000 ) ;
#453 = LINE ( 'NONE', #10310, #451 ) ;
#452 = CARTESIAN_POINT ( 'NONE',  ( 1.220317949235080635, -36.50000000000001421, 37.88500000000002643 ) ) ;
#454 = CARTESIAN_POINT ( 'NONE',  ( -2.092894725812406875, 14.37499999999994316, 2.255140518769849223E-14 ) ) ;
#455 = CARTESIAN_POINT ( 'NONE',  ( 6.423021744734602301, -17.62499999999993960, 2.255140518769849223E-14 ) ) ;
#456 = CARTESIAN_POINT ( 'NONE',  ( -11.40266781649512495, -13.99999999999995204, 2.255140518769849223E-14 ) ) ;
#457 = DIRECTION ( 'NONE',  ( 0.000000000000000000, 0.000000000000000000, 1.000000000000000000 ) ) ;
#458 = CARTESIAN_POINT ( 'NONE',  ( 2.814582562299419166, 9.874999999999953815, 2.255140518769849223E-14 ) ) ;
#459 = DIRECTION ( 'NONE',  ( 0.8660254037844385966, -0.5000000000000001110, 0.000000000000000000 ) ) ;
#460 = ORIENTED_EDGE ( 'NONE', *, *, #10590, .F. ) ;
#461 = ORIENTED_EDGE ( 'NONE', *, *, #10910, .T. ) ;
#462 = EDGE_CURVE ( 'NONE', #1910, #9541, #7210, .T. ) ;
#463 = EDGE_LOOP ( 'NONE', ( #9614, #6455, #494, #5848, #1248, #3575 ) ) ;
#464 = EDGE_CURVE ( 'NONE', #6691, #9375, #11529, .T. ) ;
#465 = ORIENTED_EDGE ( 'NONE', *, *, #4099, .T. ) ;
#466 = CARTESIAN_POINT ( 'NONE',  ( -3.536270398786467428, 6.124999999999965361, 2.255140518769849223E-14 ) ) ;
#467 = VECTOR ( 'NONE', #1533, 1000.000000000000000 ) ;
#468 = DIRECTION ( 'NONE',  ( 0.000000000000000000, 0.000000000000000000, 1.000000000000000000 ) ) ;
#469 = CARTESIAN_POINT ( 'NONE',  ( 1.220317949234429156, 7.500000000000017764, 29.40000000000003766 ) ) ;
#470 = PLANE ( 'NONE',  #2163 ) ;
#471 = ORIENTED_EDGE ( 'NONE', *, *, #317, .T. ) ;
#472 = VERTEX_POINT ( 'NONE', #2728 ) ;
#473 = VECTOR ( 'NONE', #8849, 1000.000000000000000 ) ;
#474 = EDGE_CURVE ( 'NONE', #73, #2876, #2615, .T. ) ;
#475 = ORIENTED_EDGE ( 'NONE', *, *, #7182, .T. ) ;
#476 = VECTOR ( 'NONE', #10169, 1000.000000000000000 ) ;
#477 = ORIENTED_EDGE ( 'NONE', *, *, #11206, .F. ) ;
#478 = CARTESIAN_POINT ( 'NONE',  ( 6.423021744734602301, 17.62499999999994671, 6.350000000000022737 ) ) ;
#479 = LINE ( 'NONE', #2131, #10411 ) ;
#480 = EDGE_CURVE ( 'NONE', #8710, #1161, #8933, .T. ) ;
#481 = LINE ( 'NONE', #9452, #7801 ) ;
#482 = CARTESIAN_POINT ( 'NONE',  ( 7.794228634059952476, -4.499999999999986677, 6.350000000000022737 ) ) ;
#483 = VERTEX_POINT ( 'NONE', #10644 ) ;
#484 = AXIS2_PLACEMENT_3D ( 'NONE', #6827, #10483, #2398 ) ;
#485 = EDGE_CURVE ( 'NONE', #243, #1576, #11582, .T. ) ;
#486 = ADVANCED_FACE ( 'NONE', ( #6272 ), #4452, .F. ) ;
#488 = DIRECTION ( 'NONE',  ( 1.000000000000000000, 0.000000000000000000, 0.000000000000000000 ) ) ;
#487 = LINE ( 'NONE', #3146, #5019 ) ;
#489 = CARTESIAN_POINT ( 'NONE',  ( -3.536270398786458546, 11.12499999999994138, 2.255140518769849223E-14 ) ) ;
#490 = CARTESIAN_POINT ( 'NONE',  ( -12.96626054182323173, 0.000000000000000000, 0.000000000000000000 ) ) ;
#491 = DIRECTION ( 'NONE',  ( 0.000000000000000000, 0.000000000000000000, 1.000000000000000000 ) ) ;
#492 = VECTOR ( 'NONE', #1565, 1000.000000000000000 ) ;
#493 = ORIENTED_EDGE ( 'NONE', *, *, #1050, .F. ) ;
#494 = ORIENTED_EDGE ( 'NONE', *, *, #5372, .F. ) ;
#495 = CARTESIAN_POINT ( 'NONE',  ( 2.814582562299424939, 1.624999999999999778, 6.350000000000022737 ) ) ;
#496 = CARTESIAN_POINT ( 'NONE',  ( 6.639528095680752529, -18.00000000000001421, 0.000000000000000000 ) ) ;
#497 = FACE_OUTER_BOUND ( 'NONE', #10623, .T. ) ;
#498 = VECTOR ( 'NONE', #1523, 1000.000000000000000 ) ;
#499 = CARTESIAN_POINT ( 'NONE',  ( 3.536270398786462099, 0.3749999999999877320, 2.255140518769849223E-14 ) ) ;
#500 = PLANE ( 'NONE',  #8263 ) ;
#501 = DIRECTION ( 'NONE',  ( -0.8660254037844385966, -0.5000000000000001110, 0.000000000000000000 ) ) ;
#502 = CARTESIAN_POINT ( 'NONE',  ( 3.536270398786447000, 17.62499999999994671, 2.255140518769849223E-14 ) ) ;
#503 = VERTEX_POINT ( 'NONE', #1563 ) ;
#504 = DIRECTION ( 'NONE',  ( 1.000000000000000000, 0.000000000000000000, 0.000000000000000000 ) ) ;
#505 = ORIENTED_EDGE ( 'NONE', *, *, #4290, .T. ) ;
#506 = VECTOR ( 'NONE', #3579, 999.9999999999998863 ) ;
#507 = EDGE_CURVE ( 'NONE', #10168, #4020, #5166, .T. ) ;
#508 = ORIENTED_EDGE ( 'NONE', *, *, #5017, .F. ) ;
#509 = DIRECTION ( 'NONE',  ( 0.5000000000000001110, -0.8660254037844385966, 0.000000000000000000 ) ) ;
#510 = ORIENTED_EDGE ( 'NONE', *, *, #2133, .T. ) ;
#511 = ORIENTED_EDGE ( 'NONE', *, *, #3792, .T. ) ;
#513 = LINE ( 'NONE', #11189, #1018 ) ;
#512 = DIRECTION ( 'NONE',  ( 0.000000000000000000, 0.000000000000000000, 1.000000000000000000 ) ) ;
#514 = LINE ( 'NONE', #10311, #1096 ) ;
#515 = CARTESIAN_POINT ( 'NONE',  ( 6.423021744734589866, -16.87499999999994316, 2.255140518769849223E-14 ) ) ;
#516 = LINE ( 'NONE', #5067, #10842 ) ;
#517 = DIRECTION ( 'NONE',  ( -0.000000000000000000, 1.000000000000000000, -0.000000000000000000 ) ) ;
#518 = DIRECTION ( 'NONE',  ( 0.4999999999999997224, 0.8660254037844387076, 0.000000000000000000 ) ) ;
#519 = EDGE_LOOP ( 'NONE', ( #6479, #3202, #8197, #8336, #6788, #7824 ) ) ;
#520 = ORIENTED_EDGE ( 'NONE', *, *, #11631, .T. ) ;
#521 = VECTOR ( 'NONE', #468, 1000.000000000000000 ) ;
#522 = VERTEX_POINT ( 'NONE', #5454 ) ;
#523 = ORIENTED_EDGE ( 'NONE', *, *, #3659, .T. ) ;
#524 = CARTESIAN_POINT ( 'NONE',  ( 24.28373945817669011, 12.50000000000001776, 6.350000000000022737 ) ) ;
#525 = FACE_OUTER_BOUND ( 'NONE', #8254, .T. ) ;
#526 = PLANE ( 'NONE',  #8039 ) ;
#527 = VECTOR ( 'NONE', #5297, 1000.000000000000000 ) ;
#528 = CARTESIAN_POINT ( 'NONE',  ( 7.866397417708654416, 2.874999999999989342, 2.255140518769849223E-14 ) ) ;
#529 = ORIENTED_EDGE ( 'NONE', *, *, #6315, .F. ) ;
#530 = EDGE_CURVE ( 'NONE', #1284, #6797, #9044, .T. ) ;
#531 = ORIENTED_EDGE ( 'NONE', *, *, #10523, .F. ) ;
#532 = ORIENTED_EDGE ( 'NONE', *, *, #6530, .F. ) ;
#533 = EDGE_CURVE ( 'NONE', #7485, #9171, #1843, .T. ) ;
#534 = VERTEX_POINT ( 'NONE', #7270 ) ;
#535 = VECTOR ( 'NONE', #2852, 1000.000000000000000 ) ;
#536 = DIRECTION ( 'NONE',  ( 0.5000000000000001110, -0.8660254037844385966, 0.000000000000000000 ) ) ;
#537 = CARTESIAN_POINT ( 'NONE',  ( 3.536270398786461655, -5.374999999999987566, 6.350000000000022737 ) ) ;
#538 = EDGE_CURVE ( 'NONE', #10980, #10403, #78, .T. ) ;
#539 = LINE ( 'NONE', #3200, #2337 ) ;
#540 = VECTOR ( 'NONE', #4399, 1000.000000000000000 ) ;
#541 = EDGE_CURVE ( 'NONE', #6959, #8613, #4161, .T. ) ;
#542 = CYLINDRICAL_SURFACE ( 'NONE', #6713, 1.750000000000005107 ) ;
#543 = ORIENTED_EDGE ( 'NONE', *, *, #3141, .F. ) ;
#544 = EDGE_CURVE ( 'NONE', #5408, #9584, #2211, .T. ) ;
#546 = LINE ( 'NONE', #11046, #4320 ) ;
#545 = FACE_OUTER_BOUND ( 'NONE', #1458, .T. ) ;
#547 = EDGE_CURVE ( 'NONE', #9154, #4474, #3279, .T. ) ;
#548 = LINE ( 'NONE', #4146, #8857 ) ;
#549 = FACE_OUTER_BOUND ( 'NONE', #3432, .T. ) ;
#550 = VECTOR ( 'NONE', #11006, 1000.000000000000000 ) ;
#551 = CARTESIAN_POINT ( 'NONE',  ( -11.40266781649512851, 14.74999999999993072, 6.350000000000022737 ) ) ;
#552 = EDGE_CURVE ( 'NONE', #1779, #4859, #9656, .T. ) ;
#553 = EDGE_CURVE ( 'NONE', #7542, #7470, #2326, .T. ) ;
#554 = ORIENTED_EDGE ( 'NONE', *, *, #9775, .T. ) ;
#555 = ORIENTED_EDGE ( 'NONE', *, *, #9782, .T. ) ;
#556 = DIRECTION ( 'NONE',  ( 0.7071067811865464625, -0.7071067811865485719, 0.000000000000000000 ) ) ;
#557 = PLANE ( 'NONE',  #7763 ) ;
#558 = CARTESIAN_POINT ( 'NONE',  ( 2.165063509461097269, 6.999999999999965361, 6.350000000000022737 ) ) ;
#559 = CARTESIAN_POINT ( 'NONE',  ( 12.12435565298215145, -6.999999999999973355, 2.255140518769849223E-14 ) ) ;
#560 = CARTESIAN_POINT ( 'NONE',  ( -12.96626054182323173, 1.291777957386640585, 0.000000000000000000 ) ) ;
#561 = CARTESIAN_POINT ( 'NONE',  ( -12.77387470582048756, -15.62499999999992717, 6.350000000000022737 ) ) ;
#562 = DIRECTION ( 'NONE',  ( 0.000000000000000000, 0.000000000000000000, 1.000000000000000000 ) ) ;
#563 = VERTEX_POINT ( 'NONE', #2450 ) ;
#564 = DIRECTION ( 'NONE',  ( -3.373073425510458458E-16, 1.000000000000000000, 0.000000000000000000 ) ) ;
#565 = EDGE_LOOP ( 'NONE', ( #9804, #4970, #1261, #10775 ) ) ;
#566 = ORIENTED_EDGE ( 'NONE', *, *, #9274, .F. ) ;
#567 = AXIS2_PLACEMENT_3D ( 'NONE', #6746, #4090, #3088 ) ;
#568 = DIRECTION ( 'NONE',  ( 0.4999999999999997224, 0.8660254037844387076, 0.000000000000000000 ) ) ;
#569 = ORIENTED_EDGE ( 'NONE', *, *, #6676, .T. ) ;
#570 = VERTEX_POINT ( 'NONE', #4219 ) ;
#572 = CARTESIAN_POINT ( 'NONE',  ( 12.84604348946917796, 5.749999999999977796, 2.255140518769849223E-14 ) ) ;
#571 = LINE ( 'NONE', #5880, #1616 ) ;
#573 = AXIS2_PLACEMENT_3D ( 'NONE', #9340, #7627, #5799 ) ;
#574 = DIRECTION ( 'NONE',  ( 0.000000000000000000, 0.000000000000000000, 1.000000000000000000 ) ) ;
#575 = DIRECTION ( 'NONE',  ( 0.5000000000000001110, -0.8660254037844385966, 0.000000000000000000 ) ) ;
#576 = CARTESIAN_POINT ( 'NONE',  ( -23.79626054182323003, -20.00000000000001776, 6.350000000000022737 ) ) ;
#577 = DIRECTION ( 'NONE',  ( -0.8660254037844385966, -0.5000000000000001110, 0.000000000000000000 ) ) ;
#578 = AXIS2_PLACEMENT_3D ( 'NONE', #11233, #3157, #9465 ) ;
#579 = DIRECTION ( 'NONE',  ( 0.5000000000000001110, -0.8660254037844385966, 0.000000000000000000 ) ) ;
#580 = ORIENTED_EDGE ( 'NONE', *, *, #918, .T. ) ;
#581 = VERTEX_POINT ( 'NONE', #3342 ) ;
#582 = ORIENTED_EDGE ( 'NONE', *, *, #2282, .T. ) ;
#583 = ORIENTED_EDGE ( 'NONE', *, *, #480, .T. ) ;
#584 = CARTESIAN_POINT ( 'NONE',  ( -7.144709581221635908, -18.87499999999992895, 2.255140518769849223E-14 ) ) ;
#585 = DIRECTION ( 'NONE',  ( 0.5000000000000001110, -0.8660254037844385966, 0.000000000000000000 ) ) ;
#586 = DIRECTION ( 'NONE',  ( 0.4999999999999997780, 0.8660254037844388186, 0.000000000000000000 ) ) ;
#587 = CARTESIAN_POINT ( 'NONE',  ( 11.40266781649511607, -14.74999999999992895, 6.350000000000022737 ) ) ;
#588 = ORIENTED_EDGE ( 'NONE', *, *, #8558, .F. ) ;
#589 = AXIS2_PLACEMENT_3D ( 'NONE', #11577, #9642, #9757 ) ;
#590 = ORIENTED_EDGE ( 'NONE', *, *, #873, .T. ) ;
#591 = ORIENTED_EDGE ( 'NONE', *, *, #4883, .F. ) ;
#592 = ORIENTED_EDGE ( 'NONE', *, *, #3489, .F. ) ;
#593 = CARTESIAN_POINT ( 'NONE',  ( -12.12435565298215856, 12.74999999999995381, 6.350000000000022737 ) ) ;
#594 = LINE ( 'NONE', #5208, #6087 ) ;
#595 = EDGE_CURVE ( 'NONE', #2259, #7668, #8523, .T. ) ;
#596 = CARTESIAN_POINT ( 'NONE',  ( -12.84604348946919039, 5.749999999999978684, 6.350000000000022737 ) ) ;
#597 = VECTOR ( 'NONE', #6776, 1000.000000000000000 ) ;
#598 = DIRECTION ( 'NONE',  ( 1.000000000000000000, 0.000000000000000000, 0.000000000000000000 ) ) ;
#599 = VERTEX_POINT ( 'NONE', #5928 ) ;
#601 = CARTESIAN_POINT ( 'NONE',  ( 2.165063509461090607, 10.24999999999995559, 2.255140518769849223E-14 ) ) ;
#600 = DIRECTION ( 'NONE',  ( 0.000000000000000000, 1.000000000000000000, 0.000000000000000000 ) ) ;
#602 = LINE ( 'NONE', #3652, #4533 ) ;
#603 = DIRECTION ( 'NONE',  ( 0.4999999999999997224, 0.8660254037844387076, 0.000000000000000000 ) ) ;
#604 = CARTESIAN_POINT ( 'NONE',  ( 1.220317949235150801, 7.500000000000020428, 20.91499999999998138 ) ) ;
#605 = EDGE_CURVE ( 'NONE', #11024, #10421, #1569, .T. ) ;
#606 = VECTOR ( 'NONE', #4998, 1000.000000000000114 ) ;
#607 = ADVANCED_FACE ( 'NONE', ( #11178 ), #9532, .F. ) ;
#608 = ORIENTED_EDGE ( 'NONE', *, *, #2195, .T. ) ;
#609 = ORIENTED_EDGE ( 'NONE', *, *, #10278, .T. ) ;
#610 = VERTEX_POINT ( 'NONE', #4104 ) ;
#611 = CARTESIAN_POINT ( 'NONE',  ( -30.34310355970659501, -12.50000000000001776, 6.350000000000022737 ) ) ;
#612 = EDGE_CURVE ( 'NONE', #2099, #7408, #8760, .T. ) ;
#613 = DIRECTION ( 'NONE',  ( -1.000000000000000000, 0.000000000000000000, 0.000000000000000000 ) ) ;
#614 = DIRECTION ( 'NONE',  ( 1.000000000000000000, 1.067522139062644163E-15, 0.000000000000000000 ) ) ;
#615 = AXIS2_PLACEMENT_3D ( 'NONE', #8313, #5667, #181 ) ;
#616 = DIRECTION ( 'NONE',  ( 1.000000000000000000, 0.000000000000000000, 0.000000000000000000 ) ) ;
#617 = DIRECTION ( 'NONE',  ( 4.003208021484940511E-16, -1.000000000000000000, 0.000000000000000000 ) ) ;
#618 = AXIS2_PLACEMENT_3D ( 'NONE', #8458, #2204, #5809 ) ;
#619 = DIRECTION ( 'NONE',  ( 1.000000000000000000, 0.000000000000000000, 0.000000000000000000 ) ) ;
#620 = LINE ( 'NONE', #8585, #814 ) ;
#621 = ORIENTED_EDGE ( 'NONE', *, *, #7772, .T. ) ;
#622 = DIRECTION ( 'NONE',  ( 1.000000000000000000, 0.000000000000000000, 0.000000000000000000 ) ) ;
#623 = ORIENTED_EDGE ( 'NONE', *, *, #6473, .F. ) ;
#624 = ADVANCED_FACE ( 'NONE', ( #1510 ), #443, .T. ) ;
#625 = ORIENTED_EDGE ( 'NONE', *, *, #5791, .T. ) ;
#626 = PLANE ( 'NONE',  #7012 ) ;
#627 = ORIENTED_EDGE ( 'NONE', *, *, #7528, .T. ) ;
#628 = ORIENTED_EDGE ( 'NONE', *, *, #9982, .F. ) ;
#630 = CARTESIAN_POINT ( 'NONE',  ( 2.886751345948125103, -17.24999999999992895, 2.255140518769849223E-14 ) ) ;
#629 = LINE ( 'NONE', #9606, #3315 ) ;
#631 = EDGE_CURVE ( 'NONE', #164, #9575, #620, .T. ) ;
#632 = LINE ( 'NONE', #10608, #4303 ) ;
#633 = CARTESIAN_POINT ( 'NONE',  ( 3.536270398786461655, -11.12499999999996092, 6.350000000000022737 ) ) ;
#634 = EDGE_CURVE ( 'NONE', #4475, #9299, #11358, .T. ) ;
#635 = LINE ( 'NONE', #3237, #1726 ) ;
#636 = VECTOR ( 'NONE', #5517, 1000.000000000000000 ) ;
#637 = ADVANCED_FACE ( 'NONE', ( #10473 ), #3099, .F. ) ;
#638 = FACE_OUTER_BOUND ( 'NONE', #9568, .T. ) ;
#639 = ORIENTED_EDGE ( 'NONE', *, *, #48, .F. ) ;
#640 = EDGE_LOOP ( 'NONE', ( #9169, #375, #7601, #2530 ) ) ;
#641 = ORIENTED_EDGE ( 'NONE', *, *, #7024, .T. ) ;
#642 = VECTOR ( 'NONE', #8534, 1000.000000000000000 ) ;
#643 = VERTEX_POINT ( 'NONE', #6701 ) ;
#644 = CARTESIAN_POINT ( 'NONE',  ( -6.423021744734599636, 16.87499999999994671, 6.350000000000022737 ) ) ;
#645 = LINE ( 'NONE', #5136, #9569 ) ;
#646 = CARTESIAN_POINT ( 'NONE',  ( -7.866397417708663298, 14.37499999999994316, 2.255140518769849223E-14 ) ) ;
#647 = CARTESIAN_POINT ( 'NONE',  ( 2.814582562299424939, 1.624999999999999778, 2.255140518769849223E-14 ) ) ;
#648 = ORIENTED_EDGE ( 'NONE', *, *, #9264, .F. ) ;
#649 = VECTOR ( 'NONE', #6917, 1000.000000000000000 ) ;
#650 = ORIENTED_EDGE ( 'NONE', *, *, #5584, .F. ) ;
#651 = ORIENTED_EDGE ( 'NONE', *, *, #8709, .F. ) ;
#652 = ORIENTED_EDGE ( 'NONE', *, *, #1856, .F. ) ;
#653 = CARTESIAN_POINT ( 'NONE',  ( -12.77387470582048579, 9.874999999999953815, 2.255140518769849223E-14 ) ) ;
#654 = LINE ( 'NONE', #6146, #4004 ) ;
#655 = DIRECTION ( 'NONE',  ( 1.000000000000000000, 0.000000000000000000, 0.000000000000000000 ) ) ;
#656 = DIRECTION ( 'NONE',  ( 1.000000000000000000, 0.000000000000000000, 0.000000000000000000 ) ) ;
#657 = ORIENTED_EDGE ( 'NONE', *, *, #6614, .T. ) ;
#659 = CARTESIAN_POINT ( 'NONE',  ( -12.84604348946919039, 5.749999999999978684, 2.255140518769849223E-14 ) ) ;
#658 = LINE ( 'NONE', #8805, #11036 ) ;
#660 = PLANE ( 'NONE',  #5841 ) ;
#661 = VECTOR ( 'NONE', #238, 1000.000000000000000 ) ;
#662 = DIRECTION ( 'NONE',  ( 0.8660254037844385966, 0.5000000000000003331, -0.000000000000000000 ) ) ;
#663 = VECTOR ( 'NONE', #20, 1000.000000000000000 ) ;
#664 = LINE ( 'NONE', #4983, #3084 ) ;
#665 = VECTOR ( 'NONE', #8406, 1000.000000000000000 ) ;
#666 = EDGE_CURVE ( 'NONE', #9685, #2842, #8702, .T. ) ;
#667 = EDGE_LOOP ( 'NONE', ( #5028, #6143, #1646, #10494 ) ) ;
#668 = VERTEX_POINT ( 'NONE', #7813 ) ;
#669 = AXIS2_PLACEMENT_3D ( 'NONE', #9891, #6124, #10606 ) ;
#670 = DIRECTION ( 'NONE',  ( 0.4999999999999997224, 0.8660254037844387076, 0.000000000000000000 ) ) ;
#671 = DIRECTION ( 'NONE',  ( 0.5000000000000001110, -0.8660254037844385966, 0.000000000000000000 ) ) ;
#672 = LINE ( 'NONE', #10589, #9370 ) ;
#673 = VECTOR ( 'NONE', #1512, 1000.000000000000000 ) ;
#674 = VECTOR ( 'NONE', #2966, 1000.000000000000000 ) ;
#675 = LINE ( 'NONE', #6161, #8596 ) ;
#676 = CARTESIAN_POINT ( 'NONE',  ( -2.165063509461099933, -18.49999999999992895, 2.255140518769849223E-14 ) ) ;
#677 = EDGE_CURVE ( 'NONE', #8662, #7408, #2269, .T. ) ;
#678 = CARTESIAN_POINT ( 'NONE',  ( 2.165063509461094160, -12.74999999999995026, 2.255140518769849223E-14 ) ) ;
#679 = DIRECTION ( 'NONE',  ( 0.000000000000000000, 0.000000000000000000, 1.000000000000000000 ) ) ;
#680 = VERTEX_POINT ( 'NONE', #10537 ) ;
#681 = DIRECTION ( 'NONE',  ( 1.000000000000000000, 0.000000000000000000, 0.000000000000000000 ) ) ;
#682 = VECTOR ( 'NONE', #6622, 1000.000000000000000 ) ;
#683 = EDGE_CURVE ( 'NONE', #7615, #9989, #9473, .T. ) ;
#684 = ORIENTED_EDGE ( 'NONE', *, *, #1066, .T. ) ;
#685 = EDGE_CURVE ( 'NONE', #3475, #8942, #4992, .T. ) ;
#686 = VECTOR ( 'NONE', #2252, 1000.000000000000000 ) ;
#687 = ORIENTED_EDGE ( 'NONE', *, *, #5886, .F. ) ;
#688 = CARTESIAN_POINT ( 'NONE',  ( 9.959292143521054186, 14.74999999999993072, 2.255140518769849223E-14 ) ) ;
#689 = ORIENTED_EDGE ( 'NONE', *, *, #7986, .T. ) ;
#690 = ORIENTED_EDGE ( 'NONE', *, *, #4047, .T. ) ;
#692 = DIRECTION ( 'NONE',  ( 0.7071067811865462405, 0.7071067811865487940, 0.000000000000000000 ) ) ;
#691 = CARTESIAN_POINT ( 'NONE',  ( -7.144709581221635908, 9.874999999999953815, 6.350000000000022737 ) ) ;
#693 = ADVANCED_FACE ( 'NONE', ( #10703 ), #11533, .F. ) ;
#694 = DIRECTION ( 'NONE',  ( 0.000000000000000000, -0.000000000000000000, -1.000000000000000000 ) ) ;
#695 = CARTESIAN_POINT ( 'NONE',  ( -7.794228634059964911, 4.499999999999979572, 2.255140518769849223E-14 ) ) ;
#696 = EDGE_CURVE ( 'NONE', #2153, #8813, #7051, .T. ) ;
#697 = CARTESIAN_POINT ( 'NONE',  ( 8.515916470546990524, -8.249999999999975131, 2.255140518769849223E-14 ) ) ;
#698 = EDGE_CURVE ( 'NONE', #10020, #9857, #4280, .T. ) ;
#699 = DIRECTION ( 'NONE',  ( 0.000000000000000000, -0.000000000000000000, -1.000000000000000000 ) ) ;
#700 = ORIENTED_EDGE ( 'NONE', *, *, #5896, .F. ) ;
#701 = VERTEX_POINT ( 'NONE', #10814 ) ;
#702 = ADVANCED_FACE ( 'NONE', ( #11476 ), #2513, .T. ) ;
#703 = EDGE_CURVE ( 'NONE', #10168, #9314, #9712, .T. ) ;
#704 = ORIENTED_EDGE ( 'NONE', *, *, #9955, .T. ) ;
#705 = ADVANCED_FACE ( 'NONE', ( #4458 ), #8054, .F. ) ;
#706 = ORIENTED_EDGE ( 'NONE', *, *, #1208, .T. ) ;
#707 = LINE ( 'NONE', #763, #8526 ) ;
#708 = VECTOR ( 'NONE', #4562, 1000.000000000000000 ) ;
#709 = CARTESIAN_POINT ( 'NONE',  ( 6.423021744734599636, 5.374999999999964473, 2.255140518769849223E-14 ) ) ;
#710 = FACE_BOUND ( 'NONE', #2458, .T. ) ;
#711 = CARTESIAN_POINT ( 'NONE',  ( 4.979646071760526205, -16.87499999999994316, 2.255140518769849223E-14 ) ) ;
#712 = ORIENTED_EDGE ( 'NONE', *, *, #7600, .F. ) ;
#713 = VECTOR ( 'NONE', #2892, 1000.000000000000000 ) ;
#714 = ORIENTED_EDGE ( 'NONE', *, *, #10863, .F. ) ;
#715 = EDGE_LOOP ( 'NONE', ( #5929, #3466, #8363, #10474, #7305, #5277, #1684, #10367, #4535, #1784, #11424, #3387, #6842, #10387 ) ) ;
#716 = VERTEX_POINT ( 'NONE', #6165 ) ;
#717 = AXIS2_PLACEMENT_3D ( 'NONE', #1837, #9309, #1231 ) ;
#718 = VECTOR ( 'NONE', #995, 1000.000000000000000 ) ;
#719 = LINE ( 'NONE', #4322, #1943 ) ;
#720 = CARTESIAN_POINT ( 'NONE',  ( 4.979646071760526205, -6.124999999999987566, 2.255140518769849223E-14 ) ) ;
#721 = DIRECTION ( 'NONE',  ( 0.4999999999999997224, 0.8660254037844387076, 0.000000000000000000 ) ) ;
#722 = ORIENTED_EDGE ( 'NONE', *, *, #3305, .F. ) ;
#724 = CARTESIAN_POINT ( 'NONE',  ( 1.443375672974060997, -13.99999999999995204, 6.350000000000022737 ) ) ;
#723 = PLANE ( 'NONE',  #4068 ) ;
#725 = CARTESIAN_POINT ( 'NONE',  ( 7.072540797572925086, 17.24999999999993250, 2.255140518769849223E-14 ) ) ;
#726 = CARTESIAN_POINT ( 'NONE',  ( -25.79626054182322648, 20.00000000000001776, 6.350000000000022737 ) ) ;
#727 = AXIS2_PLACEMENT_3D ( 'NONE', #4627, #255, #4565 ) ;
#728 = CARTESIAN_POINT ( 'NONE',  ( -7.144709581221639461, 18.87499999999993250, 6.350000000000022737 ) ) ;
#729 = VERTEX_POINT ( 'NONE', #25 ) ;
#730 = ORIENTED_EDGE ( 'NONE', *, *, #10565, .F. ) ;
#731 = AXIS2_PLACEMENT_3D ( 'NONE', #7050, #1568, #2563 ) ;
#732 = LINE ( 'NONE', #958, #3777 ) ;
#733 = CARTESIAN_POINT ( 'NONE',  ( 12.77387470582047868, 15.62499999999993072, 2.255140518769849223E-14 ) ) ;
#734 = CARTESIAN_POINT ( 'NONE',  ( 0.000000000000000000, -18.00000000000001421, 0.000000000000000000 ) ) ;
#735 = DIRECTION ( 'NONE',  ( -0.000000000000000000, -1.000000000000000000, -0.000000000000000000 ) ) ;
#736 = LINE ( 'NONE', #8758, #7311 ) ;
#737 = DIRECTION ( 'NONE',  ( -0.5000000000000002220, 0.8660254037844384856, 0.000000000000000000 ) ) ;
#738 = DIRECTION ( 'NONE',  ( -0.5000000000000001110, -0.8660254037844385966, 0.000000000000000000 ) ) ;
#739 = ORIENTED_EDGE ( 'NONE', *, *, #5833, .T. ) ;
#740 = VECTOR ( 'NONE', #3569, 1000.000000000000000 ) ;
#741 = PLANE ( 'NONE',  #8927 ) ;
#742 = EDGE_LOOP ( 'NONE', ( #6379, #3463, #8531, #193, #9110 ) ) ;
#743 = ORIENTED_EDGE ( 'NONE', *, *, #7889, .F. ) ;
#744 = LINE ( 'NONE', #9831, #5322 ) ;
#745 = CARTESIAN_POINT ( 'NONE',  ( 27.14186972908832729, 27.14186972908841611, 6.350000000000022737 ) ) ;
#746 = ORIENTED_EDGE ( 'NONE', *, *, #11051, .T. ) ;
#748 = DIRECTION ( 'NONE',  ( -0.5000000000000001110, -0.8660254037844385966, 0.000000000000000000 ) ) ;
#747 = LINE ( 'NONE', #691, #2172 ) ;
#749 = FACE_OUTER_BOUND ( 'NONE', #10792, .T. ) ;
#750 = ADVANCED_FACE ( 'NONE', ( #10758 ), #794, .T. ) ;
#751 = LINE ( 'NONE', #4528, #6382 ) ;
#752 = DIRECTION ( 'NONE',  ( 0.000000000000000000, -0.000000000000000000, -1.000000000000000000 ) ) ;
#753 = DIRECTION ( 'NONE',  ( -0.4999999999999997780, -0.8660254037844387076, 0.000000000000000000 ) ) ;
#754 = ORIENTED_EDGE ( 'NONE', *, *, #9055, .F. ) ;
#755 = ORIENTED_EDGE ( 'NONE', *, *, #4376, .T. ) ;
#756 = VECTOR ( 'NONE', #11284, 1000.000000000000000 ) ;
#757 = EDGE_CURVE ( 'NONE', #680, #7084, #10968, .T. ) ;
#758 = EDGE_CURVE ( 'NONE', #9299, #9584, #1624, .T. ) ;
#759 = EDGE_CURVE ( 'NONE', #11118, #4180, #6278, .T. ) ;
#760 = VERTEX_POINT ( 'NONE', #8822 ) ;
#761 = ORIENTED_EDGE ( 'NONE', *, *, #11508, .F. ) ;
#762 = ADVANCED_FACE ( 'NONE', ( #8879 ), #7935, .F. ) ;
#763 = CARTESIAN_POINT ( 'NONE',  ( 1.220317949234430710, 7.500000000000017764, 16.65000000000004121 ) ) ;
#764 = EDGE_CURVE ( 'NONE', #2406, #10511, #9770, .T. ) ;
#765 = DIRECTION ( 'NONE',  ( 0.5000000000000001110, -0.8660254037844385966, 0.000000000000000000 ) ) ;
#766 = VECTOR ( 'NONE', #1675, 1000.000000000000000 ) ;
#767 = DIRECTION ( 'NONE',  ( 0.5000000000000001110, -0.8660254037844385966, 0.000000000000000000 ) ) ;
#768 = CARTESIAN_POINT ( 'NONE',  ( -7.144709581221635908, -13.12499999999995204, 2.255140518769849223E-14 ) ) ;
#769 = ORIENTED_EDGE ( 'NONE', *, *, #11150, .F. ) ;
#770 = VERTEX_POINT ( 'NONE', #3620 ) ;
#771 = ORIENTED_EDGE ( 'NONE', *, *, #5396, .F. ) ;
#772 = ORIENTED_EDGE ( 'NONE', *, *, #10779, .T. ) ;
#773 = FACE_OUTER_BOUND ( 'NONE', #301, .T. ) ;
#774 = DIRECTION ( 'NONE',  ( 0.000000000000000000, -0.000000000000000000, -1.000000000000000000 ) ) ;
#775 = FACE_OUTER_BOUND ( 'NONE', #1699, .T. ) ;
#776 = CARTESIAN_POINT ( 'NONE',  ( -6.423021744734599636, 16.87499999999994671, 2.255140518769849223E-14 ) ) ;
#777 = DIRECTION ( 'NONE',  ( 0.000000000000000000, -1.000000000000000000, 0.000000000000000000 ) ) ;
#778 = ORIENTED_EDGE ( 'NONE', *, *, #1556, .T. ) ;
#779 = CARTESIAN_POINT ( 'NONE',  ( 6.423021744734589866, 11.87499999999994316, 2.255140518769849223E-14 ) ) ;
#780 = DIRECTION ( 'NONE',  ( 0.000000000000000000, -1.000000000000000000, 0.000000000000000000 ) ) ;
#781 = CARTESIAN_POINT ( 'NONE',  ( -12.12435565298215856, -4.499999999999974243, 6.350000000000022737 ) ) ;
#782 = ADVANCED_FACE ( 'NONE', ( #7215 ), #2735, .F. ) ;
#783 = EDGE_CURVE ( 'NONE', #10856, #3803, #10595, .T. ) ;
#784 = VERTEX_POINT ( 'NONE', #5462 ) ;
#785 = EDGE_LOOP ( 'NONE', ( #7939, #3076, #2756, #3185 ) ) ;
#786 = VECTOR ( 'NONE', #4328, 999.9999999999998863 ) ;
#787 = DIRECTION ( 'NONE',  ( 4.003208021484940511E-16, -1.000000000000000000, 0.000000000000000000 ) ) ;
#788 = PLANE ( 'NONE',  #11356 ) ;
#789 = DIRECTION ( 'NONE',  ( 0.000000000000000000, -0.000000000000000000, 1.000000000000000000 ) ) ;
#790 = LINE ( 'NONE', #11415, #10292 ) ;
#792 = DIRECTION ( 'NONE',  ( 1.000000000000000000, 0.000000000000000000, 0.000000000000000000 ) ) ;
#791 = CARTESIAN_POINT ( 'NONE',  ( -2.818925648462311528E-15, 13.99999999999993072, 2.255140518769849223E-14 ) ) ;
#793 = CARTESIAN_POINT ( 'NONE',  ( 8.515916470546990524, 14.74999999999993072, 2.255140518769849223E-14 ) ) ;
#794 = PLANE ( 'NONE',  #242 ) ;
#795 = VERTEX_POINT ( 'NONE', #11588 ) ;
#796 = AXIS2_PLACEMENT_3D ( 'NONE', #10764, #7000, #5178 ) ;
#797 = DIRECTION ( 'NONE',  ( 1.000000000000000000, 0.000000000000000000, 0.000000000000000000 ) ) ;
#798 = AXIS2_PLACEMENT_3D ( 'NONE', #5685, #10172, #2969 ) ;
#799 = ORIENTED_EDGE ( 'NONE', *, *, #1276, .T. ) ;
#800 = EDGE_LOOP ( 'NONE', ( #7190, #2261, #6149, #4772 ) ) ;
#801 = VECTOR ( 'NONE', #6444, 1000.000000000000000 ) ;
#802 = DIRECTION ( 'NONE',  ( 0.000000000000000000, 0.000000000000000000, 1.000000000000000000 ) ) ;
#803 = LINE ( 'NONE', #9060, #8609 ) ;
#804 = VECTOR ( 'NONE', #1960, 1000.000000000000114 ) ;
#806 = CARTESIAN_POINT ( 'NONE',  ( 6.639528095680749864, -18.00000000000001066, 3.350000000000019629 ) ) ;
#805 = DIRECTION ( 'NONE',  ( 0.5000000000000001110, -0.8660254037844385966, 0.000000000000000000 ) ) ;
#807 = PLANE ( 'NONE',  #6367 ) ;
#808 = CARTESIAN_POINT ( 'NONE',  ( 7.144709581221628802, -18.87499999999992895, 2.255140518769849223E-14 ) ) ;
#809 = CARTESIAN_POINT ( 'NONE',  ( -2.818925648462311528E-15, -8.999999999999973355, 2.255140518769849223E-14 ) ) ;
#810 = AXIS2_PLACEMENT_3D ( 'NONE', #3125, #10501, #4901 ) ;
#811 = PLANE ( 'NONE',  #4820 ) ;
#812 = ORIENTED_EDGE ( 'NONE', *, *, #3928, .F. ) ;
#813 = ORIENTED_EDGE ( 'NONE', *, *, #5027, .F. ) ;
#814 = VECTOR ( 'NONE', #5114, 1000.000000000000000 ) ;
#815 = EDGE_CURVE ( 'NONE', #1752, #6420, #3403, .T. ) ;
#816 = ORIENTED_EDGE ( 'NONE', *, *, #9572, .F. ) ;
#817 = ORIENTED_EDGE ( 'NONE', *, *, #7452, .F. ) ;
#818 = LINE ( 'NONE', #8791, #5521 ) ;
#819 = AXIS2_PLACEMENT_3D ( 'NONE', #11229, #5918, #7688 ) ;
#820 = PLANE ( 'NONE',  #5419 ) ;
#821 = DIRECTION ( 'NONE',  ( 1.000000000000000000, 0.000000000000000000, 0.000000000000000000 ) ) ;
#822 = DIRECTION ( 'NONE',  ( -1.000000000000000000, 0.000000000000000000, 0.000000000000000000 ) ) ;
#823 = EDGE_LOOP ( 'NONE', ( #769, #714, #5761, #1340 ) ) ;
#824 = ADVANCED_FACE ( 'NONE', ( #3911 ), #2910, .F. ) ;
#825 = ORIENTED_EDGE ( 'NONE', *, *, #7889, .T. ) ;
#826 = EDGE_LOOP ( 'NONE', ( #1944, #2393, #6485, #9357, #5703 ) ) ;
#827 = VECTOR ( 'NONE', #7765, 1000.000000000000114 ) ;
#828 = VERTEX_POINT ( 'NONE', #3854 ) ;
#829 = EDGE_CURVE ( 'NONE', #2245, #1588, #5630, .T. ) ;
#830 = ORIENTED_EDGE ( 'NONE', *, *, #1353, .F. ) ;
#831 = CARTESIAN_POINT ( 'NONE',  ( 7.368161339686246869, -19.26202979870127052, 6.350000000000022737 ) ) ;
#832 = FACE_OUTER_BOUND ( 'NONE', #5912, .T. ) ;
#833 = PLANE ( 'NONE',  #3164 ) ;
#834 = DIRECTION ( 'NONE',  ( -1.000000000000000000, 0.000000000000000000, 0.000000000000000000 ) ) ;
#835 = VECTOR ( 'NONE', #9006, 1000.000000000000000 ) ;
#836 = LINE ( 'NONE', #10631, #5932 ) ;
#837 = EDGE_LOOP ( 'NONE', ( #5190, #8382, #11646, #6343 ) ) ;
#838 = DIRECTION ( 'NONE',  ( 0.000000000000000000, 0.000000000000000000, 1.000000000000000000 ) ) ;
#839 = EDGE_CURVE ( 'NONE', #9873, #3046, #4746, .T. ) ;
#840 = DIRECTION ( 'NONE',  ( -0.000000000000000000, 0.000000000000000000, -1.000000000000000000 ) ) ;
#841 = EDGE_CURVE ( 'NONE', #5357, #6691, #6571, .T. ) ;
#842 = EDGE_LOOP ( 'NONE', ( #10380, #2380, #5862, #583 ) ) ;
#843 = ORIENTED_EDGE ( 'NONE', *, *, #6804, .T. ) ;
#844 = DIRECTION ( 'NONE',  ( 1.000000000000000000, 0.000000000000000000, 0.000000000000000000 ) ) ;
#845 = DIRECTION ( 'NONE',  ( -0.8660254037844385966, -0.5000000000000001110, 0.000000000000000000 ) ) ;
#846 = CARTESIAN_POINT ( 'NONE',  ( 12.05218686933345396, 14.37499999999994138, 2.255140518769849223E-14 ) ) ;
#847 = EDGE_CURVE ( 'NONE', #6420, #1915, #7507, .T. ) ;
#848 = EDGE_CURVE ( 'NONE', #5820, #10509, #203, .T. ) ;
#849 = DIRECTION ( 'NONE',  ( 0.5000000000000001110, 0.8660254037844385966, 0.000000000000000000 ) ) ;
#850 = VECTOR ( 'NONE', #2592, 1000.000000000000000 ) ;
#852 = FACE_OUTER_BOUND ( 'NONE', #6252, .T. ) ;
#851 = CARTESIAN_POINT ( 'NONE',  ( 24.28373945817674695, -30.00000000000002132, 0.000000000000000000 ) ) ;
#853 = DIRECTION ( 'NONE',  ( 3.373073425510458458E-16, -1.000000000000000000, 0.000000000000000000 ) ) ;
#854 = CARTESIAN_POINT ( 'NONE',  ( -10.28405166994018316, 5.937499999999987566, 3.350000000000019629 ) ) ;
#855 = ORIENTED_EDGE ( 'NONE', *, *, #2872, .T. ) ;
#856 = DIRECTION ( 'NONE',  ( 0.000000000000000000, -0.000000000000000000, -1.000000000000000000 ) ) ;
#857 = VERTEX_POINT ( 'NONE', #8335 ) ;
#858 = VECTOR ( 'NONE', #7253, 1000.000000000000000 ) ;
#859 = ORIENTED_EDGE ( 'NONE', *, *, #10293, .T. ) ;
#860 = AXIS2_PLACEMENT_3D ( 'NONE', #9068, #9953, #1867 ) ;
#861 = VECTOR ( 'NONE', #8362, 1000.000000000000000 ) ;
#862 = CARTESIAN_POINT ( 'NONE',  ( 0.000000000000000000, 0.000000000000000000, 6.350000000000022737 ) ) ;
#863 = CARTESIAN_POINT ( 'NONE',  ( 3.283739458176782033, 26.19999999999997442, 6.350000000000022737 ) ) ;
#865 = DIRECTION ( 'NONE',  ( 1.000000000000000000, 0.000000000000000000, 0.000000000000000000 ) ) ;
#864 = CARTESIAN_POINT ( 'NONE',  ( -8.515916470546997630, 8.999999999999953815, 2.255140518769849223E-14 ) ) ;
#866 = CARTESIAN_POINT ( 'NONE',  ( -2.814582562299434709, -4.124999999999984013, 2.255140518769849223E-14 ) ) ;
#867 = CARTESIAN_POINT ( 'NONE',  ( 0.000000000000000000, -20.49999999999992895, 3.350000000000019629 ) ) ;
#868 = AXIS2_PLACEMENT_3D ( 'NONE', #9469, #1507, #7635 ) ;
#869 = COLOUR_RGB ( '',0.9098039215686274384, 0.4431372549019607643, 0.03137254901960784270 ) ;
#870 = CARTESIAN_POINT ( 'NONE',  ( -3.536270398786470981, 11.87499999999994316, 2.255140518769849223E-14 ) ) ;
#871 = ORIENTED_EDGE ( 'NONE', *, *, #8339, .T. ) ;
#872 = ORIENTED_EDGE ( 'NONE', *, *, #6447, .T. ) ;
#873 = EDGE_CURVE ( 'NONE', #7419, #8202, #7276, .T. ) ;
#874 = VECTOR ( 'NONE', #10452, 1000.000000000000000 ) ;
#875 = EDGE_LOOP ( 'NONE', ( #9144, #6198, #7996 ) ) ;
#876 = VERTEX_POINT ( 'NONE', #311 ) ;
#877 = DIRECTION ( 'NONE',  ( 1.000000000000000000, 0.000000000000000000, 0.000000000000000000 ) ) ;
#878 = VECTOR ( 'NONE', #9192, 1000.000000000000000 ) ;
#879 = LINE ( 'NONE', #4422, #10880 ) ;
#880 = CARTESIAN_POINT ( 'NONE',  ( -8.515916470546983419, 2.499999999999977796, 2.255140518769849223E-14 ) ) ;
#881 = CARTESIAN_POINT ( 'NONE',  ( -12.77387470582048756, 1.625000000000004885, 2.255140518769849223E-14 ) ) ;
#882 = VERTEX_POINT ( 'NONE', #1147 ) ;
#883 = ORIENTED_EDGE ( 'NONE', *, *, #10566, .T. ) ;
#884 = VERTEX_POINT ( 'NONE', #6512 ) ;
#885 = ORIENTED_EDGE ( 'NONE', *, *, #1238, .T. ) ;
#886 = VECTOR ( 'NONE', #4347, 999.9999999999998863 ) ;
#887 = ORIENTED_EDGE ( 'NONE', *, *, #4969, .T. ) ;
#888 = EDGE_CURVE ( 'NONE', #2327, #4182, #2082, .T. ) ;
#889 = CARTESIAN_POINT ( 'NONE',  ( 2.165063509461093272, 18.49999999999993250, 6.350000000000022737 ) ) ;
#890 = DIRECTION ( 'NONE',  ( 0.5000000000000001110, -0.8660254037844385966, 0.000000000000000000 ) ) ;
#891 = CARTESIAN_POINT ( 'NONE',  ( -3.536270398786454550, 17.62499999999994671, 2.255140518769849223E-14 ) ) ;
#892 = CYLINDRICAL_SURFACE ( 'NONE', #8483, 1.499999999999996225 ) ;
#893 = FACE_BOUND ( 'NONE', #6330, .T. ) ;
#894 = ORIENTED_EDGE ( 'NONE', *, *, #2544, .F. ) ;
#895 = ADVANCED_FACE ( 'NONE', ( #4802 ), #11105, .F. ) ;
#896 = LINE ( 'NONE', #8925, #2175 ) ;
#897 = EDGE_CURVE ( 'NONE', #10402, #4193, #10115, .T. ) ;
#898 = CARTESIAN_POINT ( 'NONE',  ( 20.78373945817676827, -20.00000000000001776, 6.350000000000022737 ) ) ;
#899 = VECTOR ( 'NONE', #1705, 1000.000000000000000 ) ;
#900 = EDGE_CURVE ( 'NONE', #483, #5179, #4569, .T. ) ;
#901 = ORIENTED_EDGE ( 'NONE', *, *, #11499, .T. ) ;
#902 = EDGE_LOOP ( 'NONE', ( #8355, #7135, #7483, #2595 ) ) ;
#903 = ADVANCED_FACE ( 'NONE', ( #8163 ), #84, .F. ) ;
#904 = DIRECTION ( 'NONE',  ( 0.5000000000000001110, 0.8660254037844385966, 0.000000000000000000 ) ) ;
#905 = EDGE_CURVE ( 'NONE', #563, #11359, #9109, .T. ) ;
#906 = CARTESIAN_POINT ( 'NONE',  ( -2.814582562299434709, -15.62499999999993960, 2.255140518769849223E-14 ) ) ;
#907 = DIRECTION ( 'NONE',  ( 1.000000000000000000, 0.000000000000000000, 0.000000000000000000 ) ) ;
#908 = ADVANCED_FACE ( 'NONE', ( #10992 ), #4631, .T. ) ;
#909 = DIRECTION ( 'NONE',  ( 0.000000000000000000, -1.000000000000000000, 0.000000000000000000 ) ) ;
#910 = EDGE_CURVE ( 'NONE', #10481, #6400, #6454, .T. ) ;
#912 = LINE ( 'NONE', #2908, #10154 ) ;
#911 = FACE_BOUND ( 'NONE', #7523, .T. ) ;
#913 = CARTESIAN_POINT ( 'NONE',  ( -4.979646071760531534, -0.3750000000000107692, 6.350000000000022737 ) ) ;
#914 = VECTOR ( 'NONE', #10193, 1000.000000000000000 ) ;
#915 = DIRECTION ( 'NONE',  ( -0.4999999999999997780, -0.8660254037844387076, 0.000000000000000000 ) ) ;
#916 = ORIENTED_EDGE ( 'NONE', *, *, #396, .T. ) ;
#917 = CARTESIAN_POINT ( 'NONE',  ( 0.000000000000000000, 0.000000000000000000, 6.350000000000022737 ) ) ;
#918 = EDGE_CURVE ( 'NONE', #9703, #1237, #9168, .T. ) ;
#919 = ORIENTED_EDGE ( 'NONE', *, *, #8974, .F. ) ;
#920 = VECTOR ( 'NONE', #2690, 1000.000000000000000 ) ;
#921 = ORIENTED_EDGE ( 'NONE', *, *, #4946, .F. ) ;
#922 = AXIS2_PLACEMENT_3D ( 'NONE', #2732, #6397, #963 ) ;
#923 = CARTESIAN_POINT ( 'NONE',  ( 7.072540797572925086, -11.49999999999995026, 2.255140518769849223E-14 ) ) ;
#924 = LINE ( 'NONE', #745, #886 ) ;
#926 = CARTESIAN_POINT ( 'NONE',  ( -12.77387470582048756, 1.625000000000004885, 2.255140518769849223E-14 ) ) ;
#925 = CARTESIAN_POINT ( 'NONE',  ( -2.814582562299434709, -15.62499999999993960, 6.350000000000022737 ) ) ;
#927 = CARTESIAN_POINT ( 'NONE',  ( 2.165063509461097269, 6.999999999999965361, 2.255140518769849223E-14 ) ) ;
#928 = VECTOR ( 'NONE', #2139, 1000.000000000000000 ) ;
#929 = LINE ( 'NONE', #7007, #5074 ) ;
#930 = CARTESIAN_POINT ( 'NONE',  ( -2.165063509461097713, 1.249999999999999778, 6.350000000000022737 ) ) ;
#931 = EDGE_CURVE ( 'NONE', #1499, #11185, #3796, .T. ) ;
#932 = AXIS2_PLACEMENT_3D ( 'NONE', #9235, #8349, #10948 ) ;
#933 = ORIENTED_EDGE ( 'NONE', *, *, #196, .T. ) ;
#934 = ORIENTED_EDGE ( 'NONE', *, *, #4798, .T. ) ;
#935 = ORIENTED_EDGE ( 'NONE', *, *, #5515, .F. ) ;
#936 = FACE_OUTER_BOUND ( 'NONE', #6770, .T. ) ;
#937 = DIRECTION ( 'NONE',  ( 0.000000000000000000, 0.000000000000000000, 1.000000000000000000 ) ) ;
#938 = FACE_OUTER_BOUND ( 'NONE', #8008, .T. ) ;
#939 = CARTESIAN_POINT ( 'NONE',  ( 12.12435565298215145, -4.499999999999973355, 2.255140518769849223E-14 ) ) ;
#940 = EDGE_LOOP ( 'NONE', ( #8851, #10735, #3522, #9012, #7468, #1724 ) ) ;
#941 = CARTESIAN_POINT ( 'NONE',  ( -7.866397417708661521, -2.874999999999984457, 6.350000000000022737 ) ) ;
#942 = VERTEX_POINT ( 'NONE', #8510 ) ;
#943 = ORIENTED_EDGE ( 'NONE', *, *, #7330, .F. ) ;
#944 = VERTEX_POINT ( 'NONE', #1438 ) ;
#945 = ORIENTED_EDGE ( 'NONE', *, *, #11301, .T. ) ;
#946 = AXIS2_PLACEMENT_3D ( 'NONE', #6598, #5604, #9196 ) ;
#947 = CARTESIAN_POINT ( 'NONE',  ( 1.443375672974061219, 3.249999999999976463, 6.350000000000022737 ) ) ;
#948 = FACE_OUTER_BOUND ( 'NONE', #7728, .T. ) ;
#949 = DIRECTION ( 'NONE',  ( 0.000000000000000000, 0.000000000000000000, 1.000000000000000000 ) ) ;
#950 = CARTESIAN_POINT ( 'NONE',  ( 3.536270398786462099, 11.87499999999994316, 2.255140518769849223E-14 ) ) ;
#951 = FACE_BOUND ( 'NONE', #4652, .T. ) ;
#952 = ORIENTED_EDGE ( 'NONE', *, *, #2482, .F. ) ;
#953 = DIRECTION ( 'NONE',  ( 0.000000000000000000, 0.000000000000000000, -1.000000000000000000 ) ) ;
#954 = EDGE_LOOP ( 'NONE', ( #5760, #6069, #10271 ) ) ;
#955 = EDGE_LOOP ( 'NONE', ( #6561, #2751, #5906, #9105, #5729 ) ) ;
#956 = VERTEX_POINT ( 'NONE', #3970 ) ;
#957 = ADVANCED_FACE ( 'NONE', ( #2376 ), #10398, .F. ) ;
#958 = CARTESIAN_POINT ( 'NONE',  ( -12.05218686933346284, 2.874999999999993339, 2.255140518769849223E-14 ) ) ;
#959 = PLANE ( 'NONE',  #1930 ) ;
#960 = DIRECTION ( 'NONE',  ( -2.118746230200681237E-16, 1.000000000000000000, -0.000000000000000000 ) ) ;
#961 = LINE ( 'NONE', #9995, #5212 ) ;
#963 = DIRECTION ( 'NONE',  ( 1.000000000000000000, 0.000000000000000000, 0.000000000000000000 ) ) ;
#962 = DIRECTION ( 'NONE',  ( 0.000000000000000000, 0.000000000000000000, 1.000000000000000000 ) ) ;
#964 = DIRECTION ( 'NONE',  ( -0.5000000000000001110, -0.8660254037844385966, 0.000000000000000000 ) ) ;
#965 = VECTOR ( 'NONE', #8150, 1000.000000000000000 ) ;
#966 = DIRECTION ( 'NONE',  ( -0.8660254037844385966, -0.5000000000000001110, 0.000000000000000000 ) ) ;
#967 = ORIENTED_EDGE ( 'NONE', *, *, #2489, .T. ) ;
#968 = EDGE_CURVE ( 'NONE', #5348, #8682, #11404, .T. ) ;
#969 = CARTESIAN_POINT ( 'NONE',  ( 8.515916470546986972, 3.249999999999976463, 6.350000000000022737 ) ) ;
#970 = ADVANCED_FACE ( 'NONE', ( #4204 ), #3328, .T. ) ;
#971 = ORIENTED_EDGE ( 'NONE', *, *, #1836, .F. ) ;
#972 = VECTOR ( 'NONE', #7037, 1000.000000000000000 ) ;
#973 = EDGE_CURVE ( 'NONE', #4028, #599, #432, .T. ) ;
#974 = ORIENTED_EDGE ( 'NONE', *, *, #5368, .T. ) ;
#975 = DIRECTION ( 'NONE',  ( 0.000000000000000000, 0.000000000000000000, 1.000000000000000000 ) ) ;
#976 = LINE ( 'NONE', #4408, #506 ) ;
#978 = FACE_BOUND ( 'NONE', #7604, .T. ) ;
#977 = CARTESIAN_POINT ( 'NONE',  ( -1.443375672974066992, 3.249999999999976463, 2.255140518769849223E-14 ) ) ;
#979 = LINE ( 'NONE', #2920, #8071 ) ;
#980 = AXIS2_PLACEMENT_3D ( 'NONE', #9422, #8472, #3228 ) ;
#981 = DIRECTION ( 'NONE',  ( 0.000000000000000000, -0.000000000000000000, -1.000000000000000000 ) ) ;
#982 = CARTESIAN_POINT ( 'NONE',  ( -7.072540797572933080, -11.49999999999995204, 6.350000000000022737 ) ) ;
#983 = ADVANCED_FACE ( 'NONE', ( #6862 ), #4091, .F. ) ;
#984 = ORIENTED_EDGE ( 'NONE', *, *, #7979, .F. ) ;
#985 = VECTOR ( 'NONE', #3319, 1000.000000000000114 ) ;
#986 = AXIS2_PLACEMENT_3D ( 'NONE', #9390, #5677, #5909 ) ;
#987 = VERTEX_POINT ( 'NONE', #9581 ) ;
#988 = CARTESIAN_POINT ( 'NONE',  ( -2.092894725812403323, -14.37499999999993960, 6.350000000000022737 ) ) ;
#989 = EDGE_LOOP ( 'NONE', ( #7453, #7108, #11368, #2585 ) ) ;
#990 = EDGE_CURVE ( 'NONE', #11329, #4419, #6923, .T. ) ;
#991 = ORIENTED_EDGE ( 'NONE', *, *, #6313, .T. ) ;
#992 = PLANE ( 'NONE',  #4223 ) ;
#993 = EDGE_CURVE ( 'NONE', #4051, #10421, #10522, .T. ) ;
#994 = EDGE_CURVE ( 'NONE', #1284, #5015, #6747, .T. ) ;
#995 = DIRECTION ( 'NONE',  ( 0.5000000000000001110, -0.8660254037844385966, 0.000000000000000000 ) ) ;
#996 = CARTESIAN_POINT ( 'NONE',  ( 0.000000000000000000, 0.000000000000000000, 6.350000000000022737 ) ) ;
#997 = LINE ( 'NONE', #6246, #1790 ) ;
#998 = VECTOR ( 'NONE', #6191, 1000.000000000000000 ) ;
#999 = EDGE_LOOP ( 'NONE', ( #1501, #771, #591, #6239 ) ) ;
#1000 = DIRECTION ( 'NONE',  ( 0.8660254037844388186, -0.4999999999999997780, 0.000000000000000000 ) ) ;
#1001 = DIRECTION ( 'NONE',  ( 0.000000000000000000, -0.000000000000000000, -1.000000000000000000 ) ) ;
#1002 = VECTOR ( 'NONE', #11513, 1000.000000000000000 ) ;
#1003 = VERTEX_POINT ( 'NONE', #11167 ) ;
#1004 = EDGE_LOOP ( 'NONE', ( #6937, #4984, #10213, #1770, #449, #1537 ) ) ;
#1005 = ORIENTED_EDGE ( 'NONE', *, *, #1505, .F. ) ;
#1006 = ORIENTED_EDGE ( 'NONE', *, *, #5519, .T. ) ;
#1007 = LINE ( 'NONE', #293, #46 ) ;
#1008 = LINE ( 'NONE', #6494, #5428 ) ;
#1009 = DIRECTION ( 'NONE',  ( 1.000000000000000000, 0.000000000000000000, 0.000000000000000000 ) ) ;
#1010 = FACE_BOUND ( 'NONE', #7277, .T. ) ;
#1011 = ORIENTED_EDGE ( 'NONE', *, *, #5118, .F. ) ;
#1012 = DIRECTION ( 'NONE',  ( 0.000000000000000000, 0.000000000000000000, 1.000000000000000000 ) ) ;
#1013 = CARTESIAN_POINT ( 'NONE',  ( -30.34310355970660211, 3.999999999999982681, 6.350000000000022737 ) ) ;
#1014 = AXIS2_PLACEMENT_3D ( 'NONE', #5289, #7162, #9886 ) ;
#1015 = ORIENTED_EDGE ( 'NONE', *, *, #7452, .T. ) ;
#1016 = VERTEX_POINT ( 'NONE', #5100 ) ;
#1017 = ORIENTED_EDGE ( 'NONE', *, *, #3924, .T. ) ;
#1018 = VECTOR ( 'NONE', #4115, 1000.000000000000000 ) ;
#1019 = DIRECTION ( 'NONE',  ( 0.000000000000000000, -0.000000000000000000, -1.000000000000000000 ) ) ;
#1020 = DIRECTION ( 'NONE',  ( 0.5000000000000001110, -0.8660254037844385966, 0.000000000000000000 ) ) ;
#1021 = CARTESIAN_POINT ( 'NONE',  ( -7.794228634059964911, -1.249999999999995337, 2.255140518769849223E-14 ) ) ;
#1022 = ORIENTED_EDGE ( 'NONE', *, *, #10916, .T. ) ;
#1024 = CARTESIAN_POINT ( 'NONE',  ( 9.959292143521054186, -3.250000000000000888, 2.255140518769849223E-14 ) ) ;
#1023 = LINE ( 'NONE', #3677, #5759 ) ;
#1025 = DIRECTION ( 'NONE',  ( 0.000000000000000000, 0.000000000000000000, -1.000000000000000000 ) ) ;
#1026 = DIRECTION ( 'NONE',  ( 0.000000000000000000, 0.000000000000000000, 1.000000000000000000 ) ) ;
#1027 = VERTEX_POINT ( 'NONE', #3089 ) ;
#1028 = LINE ( 'NONE', #10233, #3833 ) ;
#1029 = EDGE_LOOP ( 'NONE', ( #650, #3699, #5861, #1600 ) ) ;
#1030 = VERTEX_POINT ( 'NONE', #7686 ) ;
#1031 = LINE ( 'NONE', #923, #10032 ) ;
#1032 = CARTESIAN_POINT ( 'NONE',  ( 32.78373945817675406, 21.50000000000001066, 6.350000000000022737 ) ) ;
#1033 = EDGE_CURVE ( 'NONE', #15, #9628, #8688, .T. ) ;
#1035 = DIRECTION ( 'NONE',  ( -0.5000000000000001110, -0.8660254037844385966, 0.000000000000000000 ) ) ;
#1034 = CARTESIAN_POINT ( 'NONE',  ( 3.536270398786449665, -17.62499999999993960, 2.255140518769849223E-14 ) ) ;
#1036 = CARTESIAN_POINT ( 'NONE',  ( -2.814582562299428936, -13.12499999999995204, 2.255140518769849223E-14 ) ) ;
#1037 = PLANE ( 'NONE',  #11278 ) ;
#1038 = ADVANCED_FACE ( 'NONE', ( #549 ), #5741, .T. ) ;
#1039 = DIRECTION ( 'NONE',  ( 0.000000000000000000, 0.000000000000000000, 1.000000000000000000 ) ) ;
#1040 = EDGE_CURVE ( 'NONE', #11271, #5467, #9400, .T. ) ;
#1041 = CARTESIAN_POINT ( 'NONE',  ( 9.705317949235135799, -36.50000000000001421, 31.14999999999995595 ) ) ;
#1042 = VECTOR ( 'NONE', #656, 1000.000000000000000 ) ;
#1043 = VERTEX_POINT ( 'NONE', #3150 ) ;
#1044 = VECTOR ( 'NONE', #5681, 1000.000000000000000 ) ;
#1045 = VECTOR ( 'NONE', #2446, 1000.000000000000000 ) ;
#1046 = ORIENTED_EDGE ( 'NONE', *, *, #3715, .T. ) ;
#1047 = PLANE ( 'NONE',  #6251 ) ;
#1048 = ORIENTED_EDGE ( 'NONE', *, *, #7811, .T. ) ;
#1049 = ORIENTED_EDGE ( 'NONE', *, *, #5433, .T. ) ;
#1050 = EDGE_CURVE ( 'NONE', #1043, #8786, #10345, .T. ) ;
#1051 = CARTESIAN_POINT ( 'NONE',  ( -1.443375672974064994, 2.500000000000001332, 6.350000000000022737 ) ) ;
#1052 = VECTOR ( 'NONE', #8594, 1000.000000000000000 ) ;
#1053 = EDGE_CURVE ( 'NONE', #944, #8939, #9519, .T. ) ;
#1054 = EDGE_CURVE ( 'NONE', #4847, #3261, #4982, .T. ) ;
#1055 = CARTESIAN_POINT ( 'NONE',  ( 12.12435565298215145, -15.99999999999992717, 2.255140518769849223E-14 ) ) ;
#1056 = CARTESIAN_POINT ( 'NONE',  ( -4.979646071760531534, -5.374999999999985789, 6.350000000000022737 ) ) ;
#1057 = PLANE ( 'NONE',  #7634 ) ;
#1058 = ORIENTED_EDGE ( 'NONE', *, *, #10410, .F. ) ;
#1059 = CARTESIAN_POINT ( 'NONE',  ( 16.23373945817677111, 20.00000000000001776, 6.350000000000022737 ) ) ;
#1060 = LINE ( 'NONE', #1292, #2256 ) ;
#1061 = ORIENTED_EDGE ( 'NONE', *, *, #7261, .F. ) ;
#1062 = EDGE_CURVE ( 'NONE', #9805, #2041, #8630, .T. ) ;
#1063 = ORIENTED_EDGE ( 'NONE', *, *, #6284, .F. ) ;
#1064 = VECTOR ( 'NONE', #8874, 1000.000000000000114 ) ;
#1065 = VERTEX_POINT ( 'NONE', #11342 ) ;
#1066 = EDGE_CURVE ( 'NONE', #1772, #11019, #7164, .T. ) ;
#1067 = ADVANCED_FACE ( 'NONE', ( #6265 ), #8746, .F. ) ;
#1068 = VECTOR ( 'NONE', #5484, 1000.000000000000000 ) ;
#1069 = ORIENTED_EDGE ( 'NONE', *, *, #1925, .F. ) ;
#1070 = FACE_OUTER_BOUND ( 'NONE', #10006, .T. ) ;
#1071 = DIRECTION ( 'NONE',  ( 0.5000000000000001110, 0.8660254037844385966, 0.000000000000000000 ) ) ;
#1072 = DIRECTION ( 'NONE',  ( 0.000000000000000000, 0.000000000000000000, 1.000000000000000000 ) ) ;
#1073 = FACE_BOUND ( 'NONE', #1851, .T. ) ;
#1074 = ORIENTED_EDGE ( 'NONE', *, *, #240, .T. ) ;
#1075 = FILL_AREA_STYLE ('',( #2720 ) ) ;
#1076 = VERTEX_POINT ( 'NONE', #4269 ) ;
#1077 = ORIENTED_EDGE ( 'NONE', *, *, #9623, .T. ) ;
#1078 = ORIENTED_EDGE ( 'NONE', *, *, #9417, .T. ) ;
#1079 = DIRECTION ( 'NONE',  ( 0.5000000000000001110, -0.8660254037844385966, 0.000000000000000000 ) ) ;
#1080 = DIRECTION ( 'NONE',  ( 0.8660254037844388186, -0.4999999999999997780, 0.000000000000000000 ) ) ;
#1081 = CARTESIAN_POINT ( 'NONE',  ( -30.34310355970659501, -12.50000000000001776, 6.350000000000022737 ) ) ;
#1082 = ORIENTED_EDGE ( 'NONE', *, *, #9915, .T. ) ;
#1083 = AXIS2_PLACEMENT_3D ( 'NONE', #11235, #7695, #5048 ) ;
#1085 = CARTESIAN_POINT ( 'NONE',  ( 18.23373945817677111, 20.00000000000001776, 4.350000000000027178 ) ) ;
#1084 = CARTESIAN_POINT ( 'NONE',  ( 7.866397417708654416, 14.37499999999994316, 2.255140518769849223E-14 ) ) ;
#1086 = CARTESIAN_POINT ( 'NONE',  ( 6.423021744734603189, 11.12499999999994138, 6.350000000000022737 ) ) ;
#1087 = CARTESIAN_POINT ( 'NONE',  ( 4.979646071760526205, -0.3750000000000124900, 2.255140518769849223E-14 ) ) ;
#1088 = ORIENTED_EDGE ( 'NONE', *, *, #9419, .T. ) ;
#1089 = AXIS2_PLACEMENT_3D ( 'NONE', #1531, #3126, #6725 ) ;
#1090 = CARTESIAN_POINT ( 'NONE',  ( -12.12435565298215856, -18.49999999999992895, 2.255140518769849223E-14 ) ) ;
#1091 = VERTEX_POINT ( 'NONE', #10637 ) ;
#1092 = ORIENTED_EDGE ( 'NONE', *, *, #3047, .F. ) ;
#1093 = CIRCLE ( 'NONE', #10884, 3.700000000000001954 ) ;
#1094 = LINE ( 'NONE', #4578, #9843 ) ;
#1095 = DIRECTION ( 'NONE',  ( 0.7071067811865489050, -0.7071067811865461294, -0.000000000000000000 ) ) ;
#1096 = VECTOR ( 'NONE', #6005, 1000.000000000000114 ) ;
#1098 = CARTESIAN_POINT ( 'NONE',  ( 0.000000000000000000, 0.000000000000000000, 6.350000000000022737 ) ) ;
#1097 = LINE ( 'NONE', #977, #8576 ) ;
#1099 = CARTESIAN_POINT ( 'NONE',  ( 1.220317949234430710, 12.50000000000001776, 16.65000000000003766 ) ) ;
#1100 = CARTESIAN_POINT ( 'NONE',  ( -2.165063509461105706, -4.499999999999984901, 6.350000000000022737 ) ) ;
#1101 = LINE ( 'NONE', #157, #4511 ) ;
#1102 = CARTESIAN_POINT ( 'NONE',  ( 7.866397417708654416, -14.37499999999993960, 6.350000000000022737 ) ) ;
#1103 = EDGE_LOOP ( 'NONE', ( #7014, #3832 ) ) ;
#1104 = CIRCLE ( 'NONE', #922, 4.549999999999998934 ) ;
#1105 = ORIENTED_EDGE ( 'NONE', *, *, #9955, .F. ) ;
#1106 = CARTESIAN_POINT ( 'NONE',  ( -12.05218686933346284, -8.624999999999960920, 2.255140518769849223E-14 ) ) ;
#1107 = ORIENTED_EDGE ( 'NONE', *, *, #8778, .F. ) ;
#1108 = EDGE_LOOP ( 'NONE', ( #5218, #1005, #10439, #7692 ) ) ;
#1109 = EDGE_CURVE ( 'NONE', #4226, #1396, #1723, .T. ) ;
#1110 = VECTOR ( 'NONE', #6639, 1000.000000000000000 ) ;
#1111 = DIRECTION ( 'NONE',  ( 0.000000000000000000, -1.000000000000000000, 0.000000000000000000 ) ) ;
#1112 = LINE ( 'NONE', #3706, #3919 ) ;
#1113 = CARTESIAN_POINT ( 'NONE',  ( -3.216260541823223740, 26.19999999999997442, 3.350000000000019629 ) ) ;
#1114 = LINE ( 'NONE', #3111, #7250 ) ;
#1115 = EDGE_LOOP ( 'NONE', ( #1908, #6345, #11096, #10175, #1131 ) ) ;
#1116 = CARTESIAN_POINT ( 'NONE',  ( 12.84604348946918329, 11.49999999999995381, 6.350000000000022737 ) ) ;
#1117 = AXIS2_PLACEMENT_3D ( 'NONE', #469, #3128, #7782 ) ;
#1118 = DIRECTION ( 'NONE',  ( 0.000000000000000000, 1.000000000000000000, 0.000000000000000000 ) ) ;
#1119 = ORIENTED_EDGE ( 'NONE', *, *, #5397, .T. ) ;
#1120 = VERTEX_POINT ( 'NONE', #2499 ) ;
#1121 = EDGE_CURVE ( 'NONE', #6709, #1751, #7094, .T. ) ;
#1122 = ADVANCED_FACE ( 'NONE', ( #7041 ), #8808, .F. ) ;
#1123 = VERTEX_POINT ( 'NONE', #6153 ) ;
#1124 = EDGE_CURVE ( 'NONE', #7191, #1030, #7978, .T. ) ;
#1125 = EDGE_CURVE ( 'NONE', #5012, #8106, #6038, .T. ) ;
#1126 = VERTEX_POINT ( 'NONE', #726 ) ;
#1127 = CARTESIAN_POINT ( 'NONE',  ( -20.09626054182323074, 0.000000000000000000, 6.350000000000022737 ) ) ;
#1128 = LINE ( 'NONE', #7548, #1656 ) ;
#1129 = CARTESIAN_POINT ( 'NONE',  ( -2.886751345948129543, 0.000000000000000000, 2.255140518769849223E-14 ) ) ;
#1130 = FACE_BOUND ( 'NONE', #2973, .T. ) ;
#1131 = ORIENTED_EDGE ( 'NONE', *, *, #3643, .T. ) ;
#1132 = ORIENTED_EDGE ( 'NONE', *, *, #3714, .T. ) ;
#1133 = VECTOR ( 'NONE', #5275, 1000.000000000000000 ) ;
#1134 = ORIENTED_EDGE ( 'NONE', *, *, #2068, .T. ) ;
#1135 = ORIENTED_EDGE ( 'NONE', *, *, #4814, .T. ) ;
#1136 = LINE ( 'NONE', #5676, #4568 ) ;
#1137 = CARTESIAN_POINT ( 'NONE',  ( 1.220317949235080635, 7.500000000000020428, 37.88500000000002643 ) ) ;
#1138 = VECTOR ( 'NONE', #11285, 1000.000000000000000 ) ;
#1139 = LINE ( 'NONE', #4741, #4264 ) ;
#1140 = ORIENTED_EDGE ( 'NONE', *, *, #5958, .F. ) ;
#1141 = EDGE_CURVE ( 'NONE', #7084, #680, #7555, .T. ) ;
#1143 = DIRECTION ( 'NONE',  ( -0.7071067811865483499, 8.659560562354942719E-17, 0.7071067811865467956 ) ) ;
#1142 = DIRECTION ( 'NONE',  ( -3.373073425510458458E-16, 1.000000000000000000, 0.000000000000000000 ) ) ;
#1144 = ADVANCED_FACE ( 'NONE', ( #3444 ), #6098, .F. ) ;
#1145 = VECTOR ( 'NONE', #5987, 1000.000000000000000 ) ;
#1146 = LINE ( 'NONE', #10053, #5449 ) ;
#1147 = CARTESIAN_POINT ( 'NONE',  ( 13.03373945817677715, -10.32509895417736701, 6.350000000000022737 ) ) ;
#1148 = ORIENTED_EDGE ( 'NONE', *, *, #9717, .T. ) ;
#1149 = FACE_OUTER_BOUND ( 'NONE', #7997, .T. ) ;
#1150 = ORIENTED_EDGE ( 'NONE', *, *, #1186, .F. ) ;
#1151 = CARTESIAN_POINT ( 'NONE',  ( -2.453738644055865503, 18.00000000000001421, 3.350000000000019629 ) ) ;
#1152 = FACE_OUTER_BOUND ( 'NONE', #6213, .T. ) ;
#1153 = DIRECTION ( 'NONE',  ( -0.5000000000000001110, -0.8660254037844385966, 0.000000000000000000 ) ) ;
#1154 = CARTESIAN_POINT ( 'NONE',  ( -6.423021744734599636, 16.87499999999994671, 2.255140518769849223E-14 ) ) ;
#1155 = DIRECTION ( 'NONE',  ( 0.000000000000000000, 0.000000000000000000, 1.000000000000000000 ) ) ;
#1156 = DIRECTION ( 'NONE',  ( 1.000000000000000000, 0.000000000000000000, 0.000000000000000000 ) ) ;
#1157 = DIRECTION ( 'NONE',  ( 0.000000000000000000, -1.000000000000000000, 0.000000000000000000 ) ) ;
#1158 = ORIENTED_EDGE ( 'NONE', *, *, #5385, .F. ) ;
#1159 = ORIENTED_EDGE ( 'NONE', *, *, #5967, .F. ) ;
#1160 = DIRECTION ( 'NONE',  ( 0.5000000000000001110, -0.8660254037844385966, 0.000000000000000000 ) ) ;
#1161 = VERTEX_POINT ( 'NONE', #3500 ) ;
#1162 = ORIENTED_EDGE ( 'NONE', *, *, #8187, .T. ) ;
#1163 = VECTOR ( 'NONE', #3998, 1000.000000000000114 ) ;
#1165 = CARTESIAN_POINT ( 'NONE',  ( 7.866397417708654416, 2.874999999999989342, 2.255140518769849223E-14 ) ) ;
#1164 = LINE ( 'NONE', #2713, #5384 ) ;
#1166 = CARTESIAN_POINT ( 'NONE',  ( -7.866397417708663298, 14.37499999999994316, 6.350000000000022737 ) ) ;
#1167 = CARTESIAN_POINT ( 'NONE',  ( -12.96626054182322996, 12.79177795738659640, 6.350000000000022737 ) ) ;
#1168 = CARTESIAN_POINT ( 'NONE',  ( 6.639528095680749864, -18.00000000000001066, -3.649999999999986589 ) ) ;
#1169 = VERTEX_POINT ( 'NONE', #7203 ) ;
#1170 = DIRECTION ( 'NONE',  ( 0.5000000000000001110, -0.8660254037844385966, 0.000000000000000000 ) ) ;
#1171 = DIRECTION ( 'NONE',  ( -0.000000000000000000, 0.000000000000000000, 1.000000000000000000 ) ) ;
#1172 = EDGE_LOOP ( 'NONE', ( #2113, #7543, #2718, #5175 ) ) ;
#1173 = VERTEX_POINT ( 'NONE', #10746 ) ;
#1174 = VECTOR ( 'NONE', #8636, 1000.000000000000000 ) ;
#1175 = ADVANCED_FACE ( 'NONE', ( #2608 ), #2438, .F. ) ;
#1176 = ORIENTED_EDGE ( 'NONE', *, *, #4098, .T. ) ;
#1177 = ORIENTED_EDGE ( 'NONE', *, *, #3511, .T. ) ;
#1178 = COLOUR_RGB ( '',0.9098039215686274384, 0.4431372549019607643, 0.03137254901960784270 ) ;
#1179 = LINE ( 'NONE', #3661, #3627 ) ;
#1180 = DIRECTION ( 'NONE',  ( 0.5000000000000001110, -0.8660254037844385966, 0.000000000000000000 ) ) ;
#1181 = EDGE_CURVE ( 'NONE', #10274, #2656, #6211, .T. ) ;
#1182 = VECTOR ( 'NONE', #5923, 1000.000000000000000 ) ;
#1183 = CARTESIAN_POINT ( 'NONE',  ( -21.84310355970657724, -30.00000000000002132, 6.350000000000022737 ) ) ;
#1184 = CARTESIAN_POINT ( 'NONE',  ( -11.40266781649512673, -3.249999999999972911, 2.255140518769849223E-14 ) ) ;
#1185 = ORIENTED_EDGE ( 'NONE', *, *, #4734, .F. ) ;
#1186 = EDGE_CURVE ( 'NONE', #1126, #7961, #9070, .T. ) ;
#1187 = ORIENTED_EDGE ( 'NONE', *, *, #4319, .F. ) ;
#1188 = EDGE_CURVE ( 'NONE', #1397, #581, #5156, .T. ) ;
#1189 = VECTOR ( 'NONE', #3165, 1000.000000000000000 ) ;
#1190 = ORIENTED_EDGE ( 'NONE', *, *, #5433, .F. ) ;
#1191 = ORIENTED_EDGE ( 'NONE', *, *, #4154, .T. ) ;
#1192 = CARTESIAN_POINT ( 'NONE',  ( -1.443375672974082979, 13.99999999999993072, 2.255140518769849223E-14 ) ) ;
#1193 = CARTESIAN_POINT ( 'NONE',  ( -7.794228634059964911, -18.49999999999992539, 6.350000000000022737 ) ) ;
#1194 = EDGE_CURVE ( 'NONE', #2989, #387, #3391, .T. ) ;
#1195 = CARTESIAN_POINT ( 'NONE',  ( 7.794228634059957805, -12.74999999999995026, 2.255140518769849223E-14 ) ) ;
#1196 = ORIENTED_EDGE ( 'NONE', *, *, #2397, .T. ) ;
#1197 = EDGE_CURVE ( 'NONE', #8082, #2327, #10580, .T. ) ;
#1198 = VECTOR ( 'NONE', #10706, 1000.000000000000000 ) ;
#1200 = FACE_OUTER_BOUND ( 'NONE', #7235, .T. ) ;
#1199 = LINE ( 'NONE', #4799, #8581 ) ;
#1201 = PLANE ( 'NONE',  #3935 ) ;
#1202 = DIRECTION ( 'NONE',  ( -1.000000000000000000, -4.003208021484940511E-16, 0.000000000000000000 ) ) ;
#1203 = EDGE_LOOP ( 'NONE', ( #5105, #5714, #9615, #8299 ) ) ;
#1204 = CARTESIAN_POINT ( 'NONE',  ( -4.979646071760531534, 0.3749999999999895084, 2.255140518769849223E-14 ) ) ;
#1205 = EDGE_CURVE ( 'NONE', #9957, #8863, #5216, .T. ) ;
#1206 = AXIS2_PLACEMENT_3D ( 'NONE', #4410, #6180, #6125 ) ;
#1207 = EDGE_CURVE ( 'NONE', #1534, #5665, #2721, .T. ) ;
#1208 = EDGE_CURVE ( 'NONE', #4112, #10319, #129, .T. ) ;
#1209 = ORIENTED_EDGE ( 'NONE', *, *, #7623, .T. ) ;
#1210 = DIRECTION ( 'NONE',  ( 1.000000000000000000, 0.000000000000000000, 0.000000000000000000 ) ) ;
#1211 = CARTESIAN_POINT ( 'NONE',  ( 0.000000000000000000, 0.000000000000000000, 6.350000000000022737 ) ) ;
#1212 = FACE_OUTER_BOUND ( 'NONE', #11650, .T. ) ;
#1213 = CARTESIAN_POINT ( 'NONE',  ( -7.072540797572933080, -5.749999999999973355, 6.350000000000022737 ) ) ;
#1214 = DIRECTION ( 'NONE',  ( 1.000000000000000000, 4.003208021484940511E-16, 0.000000000000000000 ) ) ;
#1215 = CIRCLE ( 'NONE', #2901, 4.549999999999998934 ) ;
#1216 = CARTESIAN_POINT ( 'NONE',  ( 4.979646071760526205, -11.87499999999996270, 2.255140518769849223E-14 ) ) ;
#1217 = DIRECTION ( 'NONE',  ( 1.000000000000000000, 0.000000000000000000, 0.000000000000000000 ) ) ;
#1218 = EDGE_LOOP ( 'NONE', ( #10732, #543, #5333, #1246 ) ) ;
#1219 = DIRECTION ( 'NONE',  ( -1.000000000000000000, -0.000000000000000000, -0.000000000000000000 ) ) ;
#1220 = ORIENTED_EDGE ( 'NONE', *, *, #5452, .T. ) ;
#1221 = ORIENTED_EDGE ( 'NONE', *, *, #11301, .F. ) ;
#1223 = DIRECTION ( 'NONE',  ( 0.000000000000000000, 0.000000000000000000, 1.000000000000000000 ) ) ;
#1222 = LINE ( 'NONE', #4826, #858 ) ;
#1224 = CARTESIAN_POINT ( 'NONE',  ( -6.639528095680761410, -18.00000000000001421, 3.350000000000019629 ) ) ;
#1225 = PLANE ( 'NONE',  #4081 ) ;
#1226 = LINE ( 'NONE', #2162, #5199 ) ;
#1227 = VECTOR ( 'NONE', #9574, 1000.000000000000000 ) ;
#1228 = CARTESIAN_POINT ( 'NONE',  ( 3.536270398786462099, -16.87499999999994316, 2.255140518769849223E-14 ) ) ;
#1229 = LINE ( 'NONE', #9141, #4 ) ;
#1230 = EDGE_CURVE ( 'NONE', #9438, #6618, #5499, .T. ) ;
#1231 = DIRECTION ( 'NONE',  ( 0.000000000000000000, 0.000000000000000000, -1.000000000000000000 ) ) ;
#1232 = VECTOR ( 'NONE', #5578, 1000.000000000000000 ) ;
#1233 = ORIENTED_EDGE ( 'NONE', *, *, #905, .T. ) ;
#1234 = EDGE_LOOP ( 'NONE', ( #6223, #3183, #3814, #1049 ) ) ;
#1235 = ORIENTED_EDGE ( 'NONE', *, *, #7669, .T. ) ;
#1236 = VECTOR ( 'NONE', #2934, 1000.000000000000000 ) ;
#1237 = VERTEX_POINT ( 'NONE', #8210 ) ;
#1238 = EDGE_CURVE ( 'NONE', #6741, #10168, #4896, .T. ) ;
#1239 = VECTOR ( 'NONE', #214, 1000.000000000000000 ) ;
#1240 = VECTOR ( 'NONE', #9766, 1000.000000000000114 ) ;
#1241 = DIRECTION ( 'NONE',  ( 0.000000000000000000, 0.000000000000000000, 1.000000000000000000 ) ) ;
#1242 = LINE ( 'NONE', #4841, #2971 ) ;
#1243 = CARTESIAN_POINT ( 'NONE',  ( 12.12435565298215145, 15.99999999999993427, 2.255140518769849223E-14 ) ) ;
#1244 = FACE_BOUND ( 'NONE', #10736, .T. ) ;
#1245 = ORIENTED_EDGE ( 'NONE', *, *, #11148, .F. ) ;
#1246 = ORIENTED_EDGE ( 'NONE', *, *, #8043, .T. ) ;
#1247 = STYLED_ITEM ( 'NONE', ( #4730 ), #9799 ) ;
#1248 = ORIENTED_EDGE ( 'NONE', *, *, #2624, .F. ) ;
#1249 = ORIENTED_EDGE ( 'NONE', *, *, #3199, .F. ) ;
#1250 = LINE ( 'NONE', #9160, #4388 ) ;
#1251 = EDGE_CURVE ( 'NONE', #9142, #1558, #3729, .T. ) ;
#1252 = CARTESIAN_POINT ( 'NONE',  ( 7.794228634059952476, 12.74999999999994138, 6.350000000000022737 ) ) ;
#1253 = EDGE_CURVE ( 'NONE', #7805, #1779, #9436, .T. ) ;
#1254 = CARTESIAN_POINT ( 'NONE',  ( 2.814582562299422719, 15.62499999999993072, 6.350000000000022737 ) ) ;
#1255 = ORIENTED_EDGE ( 'NONE', *, *, #8686, .F. ) ;
#1256 = AXIS2_PLACEMENT_3D ( 'NONE', #54, #1761, #9077 ) ;
#1258 = FACE_OUTER_BOUND ( 'NONE', #8021, .T. ) ;
#1257 = LINE ( 'NONE', #7681, #7844 ) ;
#1259 = DIRECTION ( 'NONE',  ( -0.000000000000000000, -0.000000000000000000, -1.000000000000000000 ) ) ;
#1260 = CARTESIAN_POINT ( 'NONE',  ( 23.33373945817676898, -20.00000000000001776, 6.350000000000022737 ) ) ;
#1261 = ORIENTED_EDGE ( 'NONE', *, *, #4047, .F. ) ;
#1262 = FACE_OUTER_BOUND ( 'NONE', #9025, .T. ) ;
#1263 = EDGE_CURVE ( 'NONE', #2157, #7294, #7541, .T. ) ;
#1264 = EDGE_CURVE ( 'NONE', #610, #10033, #70, .T. ) ;
#1265 = EDGE_CURVE ( 'NONE', #1169, #1297, #11078, .T. ) ;
#1266 = EDGE_CURVE ( 'NONE', #8882, #2243, #8542, .T. ) ;
#1267 = VERTEX_POINT ( 'NONE', #3667 ) ;
#1268 = EDGE_CURVE ( 'NONE', #3269, #3261, #4834, .T. ) ;
#1269 = CARTESIAN_POINT ( 'NONE',  ( 12.12435565298215145, -10.24999999999995026, 2.255140518769849223E-14 ) ) ;
#1270 = DIRECTION ( 'NONE',  ( 0.000000000000000000, -1.000000000000000000, 0.000000000000000000 ) ) ;
#1271 = CARTESIAN_POINT ( 'NONE',  ( 7.794228634059957805, -18.49999999999992895, 6.350000000000022737 ) ) ;
#1272 = CARTESIAN_POINT ( 'NONE',  ( 7.794228634059948924, 6.999999999999965361, 2.255140518769849223E-14 ) ) ;
#1273 = CARTESIAN_POINT ( 'NONE',  ( -12.12435565298215856, -12.74999999999995204, 6.350000000000022737 ) ) ;
#1274 = VECTOR ( 'NONE', #11325, 1000.000000000000114 ) ;
#1275 = CARTESIAN_POINT ( 'NONE',  ( 7.368161339686246869, -19.26202979870126342, 3.350000000000019629 ) ) ;
#1276 = EDGE_CURVE ( 'NONE', #7043, #6298, #3057, .T. ) ;
#1277 = CARTESIAN_POINT ( 'NONE',  ( 13.03373945817677537, -4.575098954177390098, 6.350000000000022737 ) ) ;
#1278 = ORIENTED_EDGE ( 'NONE', *, *, #9982, .T. ) ;
#1279 = ORIENTED_EDGE ( 'NONE', *, *, #9850, .F. ) ;
#1280 = AXIS2_PLACEMENT_3D ( 'NONE', #8246, #221, #7357 ) ;
#1281 = ORIENTED_EDGE ( 'NONE', *, *, #3679, .F. ) ;
#1282 = CARTESIAN_POINT ( 'NONE',  ( 6.423021744734602301, 17.62499999999994671, 2.255140518769849223E-14 ) ) ;
#1283 = ORIENTED_EDGE ( 'NONE', *, *, #3443, .F. ) ;
#1284 = VERTEX_POINT ( 'NONE', #1013 ) ;
#1286 = FACE_OUTER_BOUND ( 'NONE', #10639, .T. ) ;
#1285 = DIRECTION ( 'NONE',  ( -1.000000000000000000, -0.000000000000000000, -0.000000000000000000 ) ) ;
#1287 = CARTESIAN_POINT ( 'NONE',  ( -30.34310355970660567, 21.50000000000000711, 6.350000000000022737 ) ) ;
#1288 = LINE ( 'NONE', #8361, #2384 ) ;
#1289 = DIRECTION ( 'NONE',  ( -0.5000000000000001110, 0.8660254037844387076, 0.000000000000000000 ) ) ;
#1290 = ADVANCED_FACE ( 'NONE', ( #1349 ), #9036, .T. ) ;
#1291 = CARTESIAN_POINT ( 'NONE',  ( 7.794228634059954253, 4.499999999999976907, 6.350000000000022737 ) ) ;
#1292 = CARTESIAN_POINT ( 'NONE',  ( 9.959292143521054186, -14.74999999999995026, 2.255140518769849223E-14 ) ) ;
#1293 = VECTOR ( 'NONE', #10226, 1000.000000000000000 ) ;
#1294 = CARTESIAN_POINT ( 'NONE',  ( 1.443375672974074986, -14.74999999999995204, 2.255140518769849223E-14 ) ) ;
#1295 = VERTEX_POINT ( 'NONE', #7597 ) ;
#1296 = ORIENTED_EDGE ( 'NONE', *, *, #2779, .F. ) ;
#1297 = VERTEX_POINT ( 'NONE', #9984 ) ;
#1298 = VECTOR ( 'NONE', #6581, 1000.000000000000000 ) ;
#1299 = ORIENTED_EDGE ( 'NONE', *, *, #196, .F. ) ;
#1300 = VECTOR ( 'NONE', #2373, 1000.000000000000000 ) ;
#1301 = LINE ( 'NONE', #2413, #1939 ) ;
#1302 = DIRECTION ( 'NONE',  ( 0.000000000000000000, 0.000000000000000000, 1.000000000000000000 ) ) ;
#1303 = DIRECTION ( 'NONE',  ( 0.5000000000000001110, 0.8660254037844385966, 0.000000000000000000 ) ) ;
#1304 = FACE_BOUND ( 'NONE', #11380, .T. ) ;
#1305 = EDGE_LOOP ( 'NONE', ( #3332, #4312, #11618, #2890 ) ) ;
#1306 = VECTOR ( 'NONE', #7106, 1000.000000000000114 ) ;
#1307 = ORIENTED_EDGE ( 'NONE', *, *, #121, .T. ) ;
#1308 = ORIENTED_EDGE ( 'NONE', *, *, #4664, .T. ) ;
#1309 = VECTOR ( 'NONE', #383, 1000.000000000000114 ) ;
#1310 = EDGE_LOOP ( 'NONE', ( #9812, #10153, #1413, #4651 ) ) ;
#1311 = ORIENTED_EDGE ( 'NONE', *, *, #5531, .T. ) ;
#1312 = CARTESIAN_POINT ( 'NONE',  ( -7.794228634059964911, -6.999999999999973355, 2.255140518769849223E-14 ) ) ;
#1313 = LINE ( 'NONE', #1193, #10232 ) ;
#1314 = CARTESIAN_POINT ( 'NONE',  ( 2.814582562299422719, -18.87499999999992895, 2.255140518769849223E-14 ) ) ;
#1315 = LINE ( 'NONE', #6857, #874 ) ;
#1316 = VERTEX_POINT ( 'NONE', #1893 ) ;
#1318 = CARTESIAN_POINT ( 'NONE',  ( 2.814582562299422719, 4.124999999999976907, 2.255140518769849223E-14 ) ) ;
#1317 = LINE ( 'NONE', #7737, #686 ) ;
#1319 = FACE_OUTER_BOUND ( 'NONE', #7280, .T. ) ;
#1320 = DIRECTION ( 'NONE',  ( 0.5000000000000001110, -0.8660254037844385966, 0.000000000000000000 ) ) ;
#1321 = VECTOR ( 'NONE', #10254, 1000.000000000000000 ) ;
#1322 = CARTESIAN_POINT ( 'NONE',  ( -30.34310355970660567, 21.50000000000000711, -3.649999999999977707 ) ) ;
#1323 = ADVANCED_FACE ( 'NONE', ( #8427 ), #2109, .T. ) ;
#1324 = ORIENTED_EDGE ( 'NONE', *, *, #7742, .F. ) ;
#1325 = ORIENTED_EDGE ( 'NONE', *, *, #7111, .F. ) ;
#1326 = LINE ( 'NONE', #1385, #10776 ) ;
#1327 = CARTESIAN_POINT ( 'NONE',  ( 2.814582562299429380, -4.124999999999986677, 6.350000000000022737 ) ) ;
#1328 = VECTOR ( 'NONE', #10465, 1000.000000000000000 ) ;
#1329 = PLANE ( 'NONE',  #11034 ) ;
#1330 = CARTESIAN_POINT ( 'NONE',  ( 1.443375672974059887, 19.74999999999993605, 3.350000000000019629 ) ) ;
#1331 = ADVANCED_FACE ( 'NONE', ( #5834 ), #345, .T. ) ;
#1332 = LINE ( 'NONE', #1273, #165 ) ;
#1333 = DIRECTION ( 'NONE',  ( 0.5000000000000001110, 0.8660254037844385966, 0.000000000000000000 ) ) ;
#1334 = CARTESIAN_POINT ( 'NONE',  ( 0.000000000000000000, -19.74999999999993250, 3.350000000000019629 ) ) ;
#1335 = ADVANCED_FACE ( 'NONE', ( #404 ), #5773, .T. ) ;
#1336 = ORIENTED_EDGE ( 'NONE', *, *, #1978, .F. ) ;
#1337 = EDGE_LOOP ( 'NONE', ( #2095, #6305, #3395, #6779, #690 ) ) ;
#1338 = FACE_OUTER_BOUND ( 'NONE', #10976, .T. ) ;
#1339 = EDGE_LOOP ( 'NONE', ( #5143, #5026, #9240, #6057, #10723, #5576 ) ) ;
#1340 = ORIENTED_EDGE ( 'NONE', *, *, #4642, .T. ) ;
#1342 = CARTESIAN_POINT ( 'NONE',  ( 23.33373945817676898, 20.00000000000001776, 6.350000000000022737 ) ) ;
#1341 = CARTESIAN_POINT ( 'NONE',  ( -7.794228634059964911, -12.74999999999995026, 2.255140518769849223E-14 ) ) ;
#1343 = CARTESIAN_POINT ( 'NONE',  ( -2.814582562299428936, -13.12499999999995204, 6.350000000000022737 ) ) ;
#1344 = DIRECTION ( 'NONE',  ( 0.000000000000000000, 0.000000000000000000, 1.000000000000000000 ) ) ;
#1345 = DIRECTION ( 'NONE',  ( -1.000000000000000000, -0.000000000000000000, -0.000000000000000000 ) ) ;
#1346 = EDGE_CURVE ( 'NONE', #297, #446, #4061, .T. ) ;
#1347 = CARTESIAN_POINT ( 'NONE',  ( -4.979646071760531534, -5.374999999999985789, 2.255140518769849223E-14 ) ) ;
#1348 = DIRECTION ( 'NONE',  ( 0.000000000000000000, -1.000000000000000000, 0.000000000000000000 ) ) ;
#1349 = FACE_OUTER_BOUND ( 'NONE', #5763, .T. ) ;
#1350 = ORIENTED_EDGE ( 'NONE', *, *, #4850, .T. ) ;
#1351 = ORIENTED_EDGE ( 'NONE', *, *, #5373, .F. ) ;
#1352 = ORIENTED_EDGE ( 'NONE', *, *, #829, .T. ) ;
#1353 = EDGE_CURVE ( 'NONE', #5957, #3916, #8721, .T. ) ;
#1354 = VECTOR ( 'NONE', #11377, 1000.000000000000000 ) ;
#1355 = ADVANCED_FACE ( 'NONE', ( #9494 ), #8840, .T. ) ;
#1356 = EDGE_CURVE ( 'NONE', #6954, #8180, #1093, .T. ) ;
#1357 = ORIENTED_EDGE ( 'NONE', *, *, #10650, .F. ) ;
#1358 = CARTESIAN_POINT ( 'NONE',  ( -20.09626054182323074, -20.00000000000001776, 0.000000000000000000 ) ) ;
#1359 = LINE ( 'NONE', #6136, #145 ) ;
#1360 = FACE_OUTER_BOUND ( 'NONE', #1004, .T. ) ;
#1361 = DIRECTION ( 'NONE',  ( -0.000000000000000000, 0.000000000000000000, 1.000000000000000000 ) ) ;
#1362 = ORIENTED_EDGE ( 'NONE', *, *, #7612, .F. ) ;
#1363 = VECTOR ( 'NONE', #5876, 1000.000000000000000 ) ;
#1364 = ORIENTED_EDGE ( 'NONE', *, *, #3572, .T. ) ;
#1365 = EDGE_LOOP ( 'NONE', ( #627, #9676, #7301, #10379 ) ) ;
#1366 = VECTOR ( 'NONE', #5622, 1000.000000000000000 ) ;
#1367 = VERTEX_POINT ( 'NONE', #10612 ) ;
#1368 = VERTEX_POINT ( 'NONE', #7009 ) ;
#1369 = VECTOR ( 'NONE', #8679, 1000.000000000000000 ) ;
#1370 = DIRECTION ( 'NONE',  ( 0.000000000000000000, 0.000000000000000000, 1.000000000000000000 ) ) ;
#1371 = CARTESIAN_POINT ( 'NONE',  ( -2.886751345948136205, 11.49999999999995381, 6.350000000000022737 ) ) ;
#1372 = DIRECTION ( 'NONE',  ( -0.000000000000000000, 0.000000000000000000, 1.000000000000000000 ) ) ;
#1373 = DIRECTION ( 'NONE',  ( 1.000000000000000000, 0.000000000000000000, 0.000000000000000000 ) ) ;
#1374 = ORIENTED_EDGE ( 'NONE', *, *, #5503, .T. ) ;
#1376 = DIRECTION ( 'NONE',  ( 0.000000000000000000, 0.000000000000000000, 1.000000000000000000 ) ) ;
#1375 = DIRECTION ( 'NONE',  ( 0.000000000000000000, -0.000000000000000000, -1.000000000000000000 ) ) ;
#1377 = DIRECTION ( 'NONE',  ( -0.000000000000000000, -1.000000000000000000, -0.000000000000000000 ) ) ;
#1378 = VECTOR ( 'NONE', #9616, 1000.000000000000000 ) ;
#1379 = DIRECTION ( 'NONE',  ( -0.5000000000000001110, 0.8660254037844385966, -0.000000000000000000 ) ) ;
#1380 = EDGE_CURVE ( 'NONE', #1755, #3599, #9733, .T. ) ;
#1381 = DIRECTION ( 'NONE',  ( 0.000000000000000000, 0.000000000000000000, 1.000000000000000000 ) ) ;
#1382 = ORIENTED_EDGE ( 'NONE', *, *, #5036, .F. ) ;
#1383 = ORIENTED_EDGE ( 'NONE', *, *, #8400, .F. ) ;
#1384 = CARTESIAN_POINT ( 'NONE',  ( 12.41303078757693967, 18.00000000000001776, 0.000000000000000000 ) ) ;
#1385 = CARTESIAN_POINT ( 'NONE',  ( -11.40266781649512673, -8.999999999999950262, 2.255140518769849223E-14 ) ) ;
#1386 = DIRECTION ( 'NONE',  ( 0.000000000000000000, 0.000000000000000000, 1.000000000000000000 ) ) ;
#1387 = CARTESIAN_POINT ( 'NONE',  ( 2.453738644055850404, -18.00000000000001421, 3.350000000000019629 ) ) ;
#1388 = CARTESIAN_POINT ( 'NONE',  ( 7.794228634059956917, 18.49999999999993250, 2.255140518769849223E-14 ) ) ;
#1389 = DIRECTION ( 'NONE',  ( 0.000000000000000000, 0.000000000000000000, 1.000000000000000000 ) ) ;
#1390 = DIRECTION ( 'NONE',  ( -0.5000000000000002220, 0.8660254037844384856, 0.000000000000000000 ) ) ;
#1391 = VECTOR ( 'NONE', #9427, 1000.000000000000000 ) ;
#1392 = CARTESIAN_POINT ( 'NONE',  ( -22.64626054182323145, 0.000000000000000000, 6.350000000000022737 ) ) ;
#1393 = ORIENTED_EDGE ( 'NONE', *, *, #11142, .F. ) ;
#1394 = ORIENTED_EDGE ( 'NONE', *, *, #1895, .T. ) ;
#1395 = LINE ( 'NONE', #9360, #9271 ) ;
#1396 = VERTEX_POINT ( 'NONE', #1643 ) ;
#1397 = VERTEX_POINT ( 'NONE', #4300 ) ;
#1398 = AXIS2_PLACEMENT_3D ( 'NONE', #5378, #1775, #10859 ) ;
#1400 = LINE ( 'NONE', #572, #6292 ) ;
#1399 = DIRECTION ( 'NONE',  ( 0.8660254037844388186, -0.4999999999999997780, 0.000000000000000000 ) ) ;
#1401 = EDGE_CURVE ( 'NONE', #11406, #4020, #11257, .T. ) ;
#1402 = CARTESIAN_POINT ( 'NONE',  ( 12.77387470582047868, 15.62499999999993072, 2.255140518769849223E-14 ) ) ;
#1403 = EDGE_CURVE ( 'NONE', #6056, #9154, #10431, .T. ) ;
#1404 = PLANE ( 'NONE',  #1816 ) ;
#1405 = LINE ( 'NONE', #1792, #1427 ) ;
#1406 = DIRECTION ( 'NONE',  ( -4.003208021484940511E-16, 1.000000000000000000, 0.000000000000000000 ) ) ;
#1407 = DIRECTION ( 'NONE',  ( 0.5000000000000001110, -0.8660254037844385966, 0.000000000000000000 ) ) ;
#1408 = ORIENTED_EDGE ( 'NONE', *, *, #5036, .T. ) ;
#1409 = ORIENTED_EDGE ( 'NONE', *, *, #1978, .T. ) ;
#1410 = ORIENTED_EDGE ( 'NONE', *, *, #2066, .F. ) ;
#1411 = ADVANCED_FACE ( 'NONE', ( #638 ), #1525, .F. ) ;
#1412 = ADVANCED_FACE ( 'NONE', ( #4121 ), #4179, .F. ) ;
#1413 = ORIENTED_EDGE ( 'NONE', *, *, #5230, .F. ) ;
#1414 = ADVANCED_FACE ( 'NONE', ( #5948 ), #9611, .F. ) ;
#1415 = CARTESIAN_POINT ( 'NONE',  ( 1.220317949235151023, -36.50000000000001421, 19.16499999999998138 ) ) ;
#1416 = VECTOR ( 'NONE', #11504, 1000.000000000000000 ) ;
#1417 = DIRECTION ( 'NONE',  ( 0.000000000000000000, -1.000000000000000000, 0.000000000000000000 ) ) ;
#1418 = CARTESIAN_POINT ( 'NONE',  ( -12.05218686933346284, 8.624999999999968026, 6.350000000000022737 ) ) ;
#1419 = PLANE ( 'NONE',  #2550 ) ;
#1420 = EDGE_LOOP ( 'NONE', ( #2709, #31, #5534, #2359 ) ) ;
#1421 = EDGE_CURVE ( 'NONE', #2187, #11561, #3359, .T. ) ;
#1422 = ADVANCED_FACE ( 'NONE', ( #10377 ), #2288, .T. ) ;
#1423 = EDGE_LOOP ( 'NONE', ( #1015, #11120, #1491 ) ) ;
#1424 = VECTOR ( 'NONE', #34, 1000.000000000000000 ) ;
#1425 = VERTEX_POINT ( 'NONE', #5011 ) ;
#1426 = VECTOR ( 'NONE', #11179, 1000.000000000000000 ) ;
#1427 = VECTOR ( 'NONE', #2344, 1000.000000000000000 ) ;
#1428 = CARTESIAN_POINT ( 'NONE',  ( 12.77387470582047868, 15.62499999999993072, 6.350000000000022737 ) ) ;
#1429 = FACE_OUTER_BOUND ( 'NONE', #2334, .T. ) ;
#1430 = LINE ( 'NONE', #3259, #649 ) ;
#1431 = LINE ( 'NONE', #3906, #682 ) ;
#1432 = ORIENTED_EDGE ( 'NONE', *, *, #8852, .T. ) ;
#1433 = VECTOR ( 'NONE', #6050, 1000.000000000000000 ) ;
#1435 = CARTESIAN_POINT ( 'NONE',  ( -25.92155177985326375, 25.92155177985333481, 6.350000000000022737 ) ) ;
#1434 = FACE_OUTER_BOUND ( 'NONE', #8953, .T. ) ;
#1436 = LINE ( 'NONE', #3029, #2827 ) ;
#1437 = VECTOR ( 'NONE', #5213, 1000.000000000000000 ) ;
#1438 = CARTESIAN_POINT ( 'NONE',  ( -7.072540797572933080, 11.49999999999995381, 6.350000000000022737 ) ) ;
#1439 = DIRECTION ( 'NONE',  ( 0.000000000000000000, 0.000000000000000000, 1.000000000000000000 ) ) ;
#1440 = VECTOR ( 'NONE', #721, 1000.000000000000114 ) ;
#1441 = EDGE_LOOP ( 'NONE', ( #825, #10800, #7706, #799 ) ) ;
#1442 = ORIENTED_EDGE ( 'NONE', *, *, #11128, .F. ) ;
#1443 = DIRECTION ( 'NONE',  ( -1.000000000000000000, 0.000000000000000000, -0.000000000000000000 ) ) ;
#1444 = CARTESIAN_POINT ( 'NONE',  ( 9.959292143521054186, -8.249999999999975131, 2.255140518769849223E-14 ) ) ;
#1445 = PLANE ( 'NONE',  #4252 ) ;
#1446 = CIRCLE ( 'NONE', #10491, 1.499999999999996669 ) ;
#1447 = DIRECTION ( 'NONE',  ( -0.000000000000000000, 1.000000000000000000, -0.000000000000000000 ) ) ;
#1448 = CARTESIAN_POINT ( 'NONE',  ( 3.319764047840296328, -18.00000000000001421, 3.350000000000019629 ) ) ;
#1449 = CARTESIAN_POINT ( 'NONE',  ( -11.40266781649512495, -2.499999999999996891, 2.255140518769849223E-14 ) ) ;
#1450 = DIRECTION ( 'NONE',  ( 0.000000000000000000, 0.000000000000000000, -1.000000000000000000 ) ) ;
#1451 = ORIENTED_EDGE ( 'NONE', *, *, #9042, .T. ) ;
#1452 = LINE ( 'NONE', #9475, #3123 ) ;
#1453 = ORIENTED_EDGE ( 'NONE', *, *, #10766, .F. ) ;
#1454 = VECTOR ( 'NONE', #8115, 1000.000000000000000 ) ;
#1455 = ORIENTED_EDGE ( 'NONE', *, *, #3869, .F. ) ;
#1456 = LINE ( 'NONE', #4881, #1363 ) ;
#1457 = ORIENTED_EDGE ( 'NONE', *, *, #4642, .F. ) ;
#1458 = EDGE_LOOP ( 'NONE', ( #9945, #9437, #5784, #1477 ) ) ;
#1460 = LINE ( 'NONE', #1342, #7982 ) ;
#1459 = DIRECTION ( 'NONE',  ( 0.000000000000000000, 0.000000000000000000, 1.000000000000000000 ) ) ;
#1461 = DIRECTION ( 'NONE',  ( 0.000000000000000000, 1.000000000000000000, 0.000000000000000000 ) ) ;
#1462 = DIRECTION ( 'NONE',  ( 0.000000000000000000, 0.000000000000000000, 1.000000000000000000 ) ) ;
#1463 = DIRECTION ( 'NONE',  ( 0.000000000000000000, 0.000000000000000000, 1.000000000000000000 ) ) ;
#1464 = LINE ( 'NONE', #1291, #6630 ) ;
#1465 = DIRECTION ( 'NONE',  ( 0.000000000000000000, 0.000000000000000000, 1.000000000000000000 ) ) ;
#1466 = ORIENTED_EDGE ( 'NONE', *, *, #2840, .F. ) ;
#1467 = VERTEX_POINT ( 'NONE', #5129 ) ;
#1468 = CIRCLE ( 'NONE', #2775, 1.500000000000001332 ) ;
#1469 = ORIENTED_EDGE ( 'NONE', *, *, #4509, .F. ) ;
#1470 = ADVANCED_FACE ( 'NONE', ( #7716 ), #11318, .F. ) ;
#1471 = EDGE_LOOP ( 'NONE', ( #5997, #6807, #1383, #9713 ) ) ;
#1472 = DIRECTION ( 'NONE',  ( 1.000000000000000000, 0.000000000000000000, 0.000000000000000000 ) ) ;
#1473 = CARTESIAN_POINT ( 'NONE',  ( 0.000000000000000000, 0.000000000000000000, 6.350000000000022737 ) ) ;
#1474 = DIRECTION ( 'NONE',  ( 1.000000000000000000, 2.118746230200681237E-16, 0.000000000000000000 ) ) ;
#1475 = AXIS2_PLACEMENT_3D ( 'NONE', #7402, #4754, #155 ) ;
#1476 = PLANE ( 'NONE',  #9716 ) ;
#1477 = ORIENTED_EDGE ( 'NONE', *, *, #9773, .T. ) ;
#1478 = EDGE_CURVE ( 'NONE', #6500, #4051, #6837, .T. ) ;
#1479 = EDGE_CURVE ( 'NONE', #10604, #5478, #6895, .T. ) ;
#1480 = ORIENTED_EDGE ( 'NONE', *, *, #8980, .T. ) ;
#1481 = ORIENTED_EDGE ( 'NONE', *, *, #10638, .F. ) ;
#1482 = CIRCLE ( 'NONE', #10339, 2.550000000000000266 ) ;
#1483 = ORIENTED_EDGE ( 'NONE', *, *, #7248, .F. ) ;
#1484 = EDGE_CURVE ( 'NONE', #2157, #7431, #2466, .T. ) ;
#1485 = AXIS2_PLACEMENT_3D ( 'NONE', #3028, #3968, #1376 ) ;
#1486 = DIRECTION ( 'NONE',  ( 1.000000000000000000, 0.000000000000000000, 0.000000000000000000 ) ) ;
#1487 = FACE_OUTER_BOUND ( 'NONE', #6566, .T. ) ;
#1488 = DIRECTION ( 'NONE',  ( 0.5000000000000001110, -0.8660254037844385966, 0.000000000000000000 ) ) ;
#1489 = VECTOR ( 'NONE', #3923, 1000.000000000000000 ) ;
#1490 = LINE ( 'NONE', #5092, #6314 ) ;
#1491 = ORIENTED_EDGE ( 'NONE', *, *, #7839, .T. ) ;
#1493 = DIRECTION ( 'NONE',  ( -0.000000000000000000, 1.000000000000000000, -0.000000000000000000 ) ) ;
#1492 = CARTESIAN_POINT ( 'NONE',  ( -6.423021744734614735, 17.62499999999994671, 6.350000000000022737 ) ) ;
#1494 = CARTESIAN_POINT ( 'NONE',  ( -16.39626054182322790, 20.00000000000001776, 4.350000000000028955 ) ) ;
#1495 = DIRECTION ( 'NONE',  ( -0.000000000000000000, 0.000000000000000000, -1.000000000000000000 ) ) ;
#1496 = VECTOR ( 'NONE', #8810, 1000.000000000000000 ) ;
#1497 = CARTESIAN_POINT ( 'NONE',  ( -6.423021744734610294, -6.124999999999984901, 6.350000000000022737 ) ) ;
#1498 = ADVANCED_FACE ( 'NONE', ( #8950 ), #43, .F. ) ;
#1499 = VERTEX_POINT ( 'NONE', #7123 ) ;
#1500 = VERTEX_POINT ( 'NONE', #4589 ) ;
#1501 = ORIENTED_EDGE ( 'NONE', *, *, #2496, .T. ) ;
#1502 = CARTESIAN_POINT ( 'NONE',  ( 11.40266781649511785, -8.249999999999975131, 2.255140518769849223E-14 ) ) ;
#1503 = CARTESIAN_POINT ( 'NONE',  ( 9.959292143521054186, 8.999999999999953815, 2.255140518769849223E-14 ) ) ;
#1504 = CARTESIAN_POINT ( 'NONE',  ( 7.144709581221628802, 15.62499999999993072, 2.255140518769849223E-14 ) ) ;
#1505 = EDGE_CURVE ( 'NONE', #784, #6765, #5474, .T. ) ;
#1506 = ADVANCED_FACE ( 'NONE', ( #9839 ), #8179, .F. ) ;
#1507 = DIRECTION ( 'NONE',  ( -1.067522139062644163E-15, 1.000000000000000000, 0.000000000000000000 ) ) ;
#1508 = DIRECTION ( 'NONE',  ( 0.5000000000000001110, -0.8660254037844385966, 0.000000000000000000 ) ) ;
#1509 = DIRECTION ( 'NONE',  ( 0.000000000000000000, -1.000000000000000000, 0.000000000000000000 ) ) ;
#1510 = FACE_OUTER_BOUND ( 'NONE', #8560, .T. ) ;
#1511 = EDGE_LOOP ( 'NONE', ( #10164, #6001, #7230, #5618 ) ) ;
#1512 = DIRECTION ( 'NONE',  ( 0.5000000000000001110, -0.8660254037844385966, 0.000000000000000000 ) ) ;
#1513 = ORIENTED_EDGE ( 'NONE', *, *, #2695, .T. ) ;
#1514 = VERTEX_POINT ( 'NONE', #5356 ) ;
#1515 = VECTOR ( 'NONE', #1776, 1000.000000000000000 ) ;
#1516 = CARTESIAN_POINT ( 'NONE',  ( 12.77387470582047868, -15.62499999999992895, 6.350000000000022737 ) ) ;
#1517 = ORIENTED_EDGE ( 'NONE', *, *, #6969, .F. ) ;
#1518 = ORIENTED_EDGE ( 'NONE', *, *, #1263, .F. ) ;
#1520 = DIRECTION ( 'NONE',  ( -0.4999999999999997780, -0.8660254037844387076, 0.000000000000000000 ) ) ;
#1519 = DIRECTION ( 'NONE',  ( 0.4999999999999997780, 0.8660254037844388186, 0.000000000000000000 ) ) ;
#1521 = VECTOR ( 'NONE', #5276, 1000.000000000000114 ) ;
#1522 = CARTESIAN_POINT ( 'NONE',  ( 12.12435565298215145, -1.249999999999998668, 6.350000000000022737 ) ) ;
#1523 = DIRECTION ( 'NONE',  ( 0.5000000000000001110, -0.8660254037844385966, 0.000000000000000000 ) ) ;
#1524 = LINE ( 'NONE', #11254, #4370 ) ;
#1525 = PLANE ( 'NONE',  #9191 ) ;
#1526 = EDGE_LOOP ( 'NONE', ( #3600, #2644, #4332 ) ) ;
#1527 = VERTEX_POINT ( 'NONE', #4531 ) ;
#1528 = VERTEX_POINT ( 'NONE', #5415 ) ;
#1529 = ORIENTED_EDGE ( 'NONE', *, *, #9067, .T. ) ;
#1530 = CARTESIAN_POINT ( 'NONE',  ( 12.26869322027950027, -12.50000000000002487, 6.350000000000022737 ) ) ;
#1531 = CARTESIAN_POINT ( 'NONE',  ( -2.818925648462311528E-15, -8.249999999999973355, 2.255140518769849223E-14 ) ) ;
#1532 = DIRECTION ( 'NONE',  ( 0.5000000000000001110, 0.8660254037844385966, 0.000000000000000000 ) ) ;
#1533 = DIRECTION ( 'NONE',  ( 0.000000000000000000, 0.000000000000000000, 1.000000000000000000 ) ) ;
#1534 = VERTEX_POINT ( 'NONE', #9128 ) ;
#1535 = AXIS2_PLACEMENT_3D ( 'NONE', #1552, #6984, #9815 ) ;
#1536 = EDGE_CURVE ( 'NONE', #5249, #5970, #8005, .T. ) ;
#1537 = ORIENTED_EDGE ( 'NONE', *, *, #2274, .T. ) ;
#1538 = EDGE_LOOP ( 'NONE', ( #8549, #1991, #2606, #11182, #8750, #7709 ) ) ;
#1539 = VECTOR ( 'NONE', #7771, 1000.000000000000000 ) ;
#1540 = VERTEX_POINT ( 'NONE', #7229 ) ;
#1541 = CARTESIAN_POINT ( 'NONE',  ( 6.423021744734602301, -17.62499999999993960, 6.350000000000022737 ) ) ;
#1542 = CARTESIAN_POINT ( 'NONE',  ( -3.536270398786458102, 11.12499999999994138, 6.350000000000022737 ) ) ;
#1543 = CARTESIAN_POINT ( 'NONE',  ( 7.794228634059957805, -1.250000000000000000, 2.255140518769849223E-14 ) ) ;
#1544 = AXIS2_PLACEMENT_3D ( 'NONE', #10490, #9492, #9368 ) ;
#1545 = DIRECTION ( 'NONE',  ( 0.4999999999999997224, 0.8660254037844387076, 0.000000000000000000 ) ) ;
#1546 = ORIENTED_EDGE ( 'NONE', *, *, #30, .T. ) ;
#1547 = EDGE_CURVE ( 'NONE', #4486, #7071, #3689, .T. ) ;
#1549 = CARTESIAN_POINT ( 'NONE',  ( 12.84604348946918151, -11.49999999999995026, 2.255140518769849223E-14 ) ) ;
#1548 = DIRECTION ( 'NONE',  ( 3.373073425510458458E-16, -1.000000000000000000, 0.000000000000000000 ) ) ;
#1550 = EDGE_CURVE ( 'NONE', #5489, #6978, #11606, .T. ) ;
#1551 = CARTESIAN_POINT ( 'NONE',  ( 12.12435565298214790, 4.499999999999977796, 2.255140518769849223E-14 ) ) ;
#1552 = CARTESIAN_POINT ( 'NONE',  ( -20.09626054182323074, 20.00000000000001776, 6.350000000000022737 ) ) ;
#1553 = DIRECTION ( 'NONE',  ( 0.8660254037844385966, -0.5000000000000001110, 0.000000000000000000 ) ) ;
#1554 = AXIS2_PLACEMENT_3D ( 'NONE', #2018, #8216, #9217 ) ;
#1555 = AXIS2_PLACEMENT_3D ( 'NONE', #7352, #9132, #5645 ) ;
#1556 = EDGE_CURVE ( 'NONE', #261, #10159, #11662, .T. ) ;
#1557 = VERTEX_POINT ( 'NONE', #10893 ) ;
#1558 = VERTEX_POINT ( 'NONE', #5301 ) ;
#1559 = VERTEX_POINT ( 'NONE', #8892 ) ;
#1560 = LINE ( 'NONE', #3397, #4909 ) ;
#1561 = ADVANCED_FACE ( 'NONE', ( #8120 ), #811, .F. ) ;
#1562 = CYLINDRICAL_SURFACE ( 'NONE', #1745, 1.499999999999996225 ) ;
#1563 = CARTESIAN_POINT ( 'NONE',  ( 1.443375672974074764, 13.99999999999993072, 6.350000000000022737 ) ) ;
#1564 = AXIS2_PLACEMENT_3D ( 'NONE', #11201, #6724, #5839 ) ;
#1565 = DIRECTION ( 'NONE',  ( 1.000000000000000000, 0.000000000000000000, -0.000000000000000000 ) ) ;
#1566 = DIRECTION ( 'NONE',  ( 0.5000000000000001110, -0.8660254037844385966, 0.000000000000000000 ) ) ;
#1567 = CIRCLE ( 'NONE', #618, 1.750000000000001554 ) ;
#1568 = DIRECTION ( 'NONE',  ( -0.000000000000000000, 0.000000000000000000, 1.000000000000000000 ) ) ;
#1569 = LINE ( 'NONE', #6814, #1189 ) ;
#1570 = ADVANCED_FACE ( 'NONE', ( #6354 ), #10014, .T. ) ;
#1571 = ORIENTED_EDGE ( 'NONE', *, *, #1479, .F. ) ;
#1572 = CARTESIAN_POINT ( 'NONE',  ( 12.77387470582047513, 7.374999999999976907, 2.255140518769849223E-14 ) ) ;
#1573 = EDGE_CURVE ( 'NONE', #5348, #2187, #7076, .T. ) ;
#1574 = ORIENTED_EDGE ( 'NONE', *, *, #759, .T. ) ;
#1575 = EDGE_CURVE ( 'NONE', #3599, #10188, #3584, .T. ) ;
#1576 = VERTEX_POINT ( 'NONE', #6293 ) ;
#1577 = CARTESIAN_POINT ( 'NONE',  ( -7.794228634059957805, 1.249999999999989786, 2.255140518769849223E-14 ) ) ;
#1578 = ORIENTED_EDGE ( 'NONE', *, *, #9566, .F. ) ;
#1579 = VERTEX_POINT ( 'NONE', #10720 ) ;
#1581 = CYLINDRICAL_SURFACE ( 'NONE', #1206, 2.550000000000000266 ) ;
#1580 = DIRECTION ( 'NONE',  ( -0.4999999999999997780, -0.8660254037844387076, 0.000000000000000000 ) ) ;
#1582 = DIRECTION ( 'NONE',  ( -0.5000000000000001110, -0.8660254037844385966, 0.000000000000000000 ) ) ;
#1583 = LINE ( 'NONE', #7065, #3561 ) ;
#1584 = CARTESIAN_POINT ( 'NONE',  ( 12.12435565298215145, 1.250000000000000666, 2.255140518769849223E-14 ) ) ;
#1585 = AXIS2_PLACEMENT_3D ( 'NONE', #2566, #2678, #856 ) ;
#1586 = DIRECTION ( 'NONE',  ( 0.000000000000000000, 0.000000000000000000, 1.000000000000000000 ) ) ;
#1587 = VERTEX_POINT ( 'NONE', #2638 ) ;
#1588 = VERTEX_POINT ( 'NONE', #982 ) ;
#1589 = AXIS2_PLACEMENT_3D ( 'NONE', #4245, #9901, #5135 ) ;
#1590 = ORIENTED_EDGE ( 'NONE', *, *, #6960, .T. ) ;
#1591 = ORIENTED_EDGE ( 'NONE', *, *, #6515, .F. ) ;
#1592 = LINE ( 'NONE', #11500, #6480 ) ;
#1593 = EDGE_CURVE ( 'NONE', #8692, #73, #8783, .T. ) ;
#1594 = CARTESIAN_POINT ( 'NONE',  ( 7.794228634059952476, 12.74999999999994138, 2.255140518769849223E-14 ) ) ;
#1595 = CARTESIAN_POINT ( 'NONE',  ( -2.165063509461105706, -10.24999999999996447, 2.255140518769849223E-14 ) ) ;
#1596 = CARTESIAN_POINT ( 'NONE',  ( -30.34310355970659856, 3.999999999999984457, 55.35000000000005116 ) ) ;
#1597 = ORIENTED_EDGE ( 'NONE', *, *, #9701, .T. ) ;
#1598 = ORIENTED_EDGE ( 'NONE', *, *, #3209, .F. ) ;
#1599 = ORIENTED_EDGE ( 'NONE', *, *, #8747, .T. ) ;
#1600 = ORIENTED_EDGE ( 'NONE', *, *, #1066, .F. ) ;
#1601 = LINE ( 'NONE', #9571, #433 ) ;
#1602 = CARTESIAN_POINT ( 'NONE',  ( 3.319764047840297216, 18.00000000000001421, 2.255140518769849223E-14 ) ) ;
#1603 = CARTESIAN_POINT ( 'NONE',  ( 20.78373945817676827, -20.00000000000001776, 6.350000000000022737 ) ) ;
#1604 = ORIENTED_EDGE ( 'NONE', *, *, #4371, .T. ) ;
#1606 = LINE ( 'NONE', #5427, #7893 ) ;
#1605 = DIRECTION ( 'NONE',  ( -0.000000000000000000, 0.000000000000000000, -1.000000000000000000 ) ) ;
#1607 = CARTESIAN_POINT ( 'NONE',  ( 6.423021744734589866, 0.3749999999999877320, 2.255140518769849223E-14 ) ) ;
#1608 = VECTOR ( 'NONE', #2761, 1000.000000000000000 ) ;
#1609 = DIRECTION ( 'NONE',  ( 0.000000000000000000, 0.000000000000000000, -1.000000000000000000 ) ) ;
#1610 = VECTOR ( 'NONE', #2672, 1000.000000000000114 ) ;
#1611 = LINE ( 'NONE', #6986, #1496 ) ;
#1612 = CIRCLE ( 'NONE', #2734, 1.750000000000005107 ) ;
#1613 = EDGE_LOOP ( 'NONE', ( #8485, #8058, #8894, #3791 ) ) ;
#1614 = EDGE_LOOP ( 'NONE', ( #6971, #8790 ) ) ;
#1615 = ADVANCED_FACE ( 'NONE', ( #2691 ), #9895, .F. ) ;
#1616 = VECTOR ( 'NONE', #512, 1000.000000000000000 ) ;
#1617 = LINE ( 'NONE', #2726, #4157 ) ;
#1618 = DIRECTION ( 'NONE',  ( 0.5000000000000001110, -0.8660254037844385966, 0.000000000000000000 ) ) ;
#1619 = FACE_OUTER_BOUND ( 'NONE', #6248, .T. ) ;
#1620 = VECTOR ( 'NONE', #4283, 999.9999999999998863 ) ;
#1621 = DIRECTION ( 'NONE',  ( -0.000000000000000000, 1.000000000000000000, -0.000000000000000000 ) ) ;
#1622 = CARTESIAN_POINT ( 'NONE',  ( -7.144709581221628802, -4.124999999999984901, 2.255140518769849223E-14 ) ) ;
#1623 = LINE ( 'NONE', #8820, #9973 ) ;
#1624 = LINE ( 'NONE', #7160, #2868 ) ;
#1625 = ORIENTED_EDGE ( 'NONE', *, *, #10139, .T. ) ;
#1626 = EDGE_CURVE ( 'NONE', #11561, #3062, #3874, .T. ) ;
#1627 = ADVANCED_FACE ( 'NONE', ( #9354 ), #1983, .F. ) ;
#1628 = DIRECTION ( 'NONE',  ( 0.5000000000000001110, 0.8660254037844385966, 0.000000000000000000 ) ) ;
#1629 = AXIS2_PLACEMENT_3D ( 'NONE', #4915, #6796, #6683 ) ;
#1630 = EDGE_CURVE ( 'NONE', #8863, #1499, #6641, .T. ) ;
#1631 = VERTEX_POINT ( 'NONE', #10128 ) ;
#1632 = EDGE_CURVE ( 'NONE', #9257, #3830, #3813, .T. ) ;
#1633 = ADVANCED_FACE ( 'NONE', ( #5642 ), #5697, .F. ) ;
#1634 = ORIENTED_EDGE ( 'NONE', *, *, #4519, .F. ) ;
#1635 = LINE ( 'NONE', #4407, #1737 ) ;
#1636 = CARTESIAN_POINT ( 'NONE',  ( -12.12435565298215856, -1.249999999999996447, 2.255140518769849223E-14 ) ) ;
#1637 = EDGE_LOOP ( 'NONE', ( #2135, #7495, #4002, #10018, #4591, #11205, #2085, #10954, #10681, #4315, #4776, #743, #1006, #1092, #10134, #9678, #1191, #569, #4190, #391, #407, #8545, #2692, #1255, #4488, #10055, #127, #4416, #8073, #2785, #531, #8237, #7128, #11394, #8842, #6601, #10378, #448, #5466, #7501, #582, #532 ) ) ;
#1639 = CARTESIAN_POINT ( 'NONE',  ( -7.072540797572933080, -11.49999999999995204, 2.255140518769849223E-14 ) ) ;
#1638 = CARTESIAN_POINT ( 'NONE',  ( -12.41303078757692546, -18.00000000000001421, 6.350000000000022737 ) ) ;
#1640 = CARTESIAN_POINT ( 'NONE',  ( -12.77387470582048579, -7.374999999999974243, 2.255140518769849223E-14 ) ) ;
#1641 = CARTESIAN_POINT ( 'NONE',  ( -2.818925648462311528E-15, 3.249999999999976463, 6.350000000000022737 ) ) ;
#1642 = FACE_OUTER_BOUND ( 'NONE', #2370, .T. ) ;
#1643 = CARTESIAN_POINT ( 'NONE',  ( -12.84604348946919039, -5.749999999999974243, 6.350000000000022737 ) ) ;
#1644 = ORIENTED_EDGE ( 'NONE', *, *, #10374, .F. ) ;
#1645 = ORIENTED_EDGE ( 'NONE', *, *, #4376, .F. ) ;
#1646 = ORIENTED_EDGE ( 'NONE', *, *, #1771, .F. ) ;
#1647 = EDGE_LOOP ( 'NONE', ( #2409, #2141, #2831, #2911 ) ) ;
#1648 = CARTESIAN_POINT ( 'NONE',  ( -30.34310355970659856, -21.50000000000003197, 0.000000000000000000 ) ) ;
#1649 = EDGE_CURVE ( 'NONE', #4803, #8942, #9294, .T. ) ;
#1650 = VECTOR ( 'NONE', #789, 1000.000000000000000 ) ;
#1651 = EDGE_CURVE ( 'NONE', #10704, #2021, #10468, .T. ) ;
#1652 = LINE ( 'NONE', #7907, #7673 ) ;
#1653 = CARTESIAN_POINT ( 'NONE',  ( -12.77387470582048756, 13.12499999999995559, 2.255140518769849223E-14 ) ) ;
#1654 = CARTESIAN_POINT ( 'NONE',  ( -2.814582562299438262, 13.12499999999994316, 6.350000000000022737 ) ) ;
#1655 = EDGE_LOOP ( 'NONE', ( #10434, #1453, #359, #510 ) ) ;
#1656 = VECTOR ( 'NONE', #3836, 1000.000000000000000 ) ;
#1657 = VERTEX_POINT ( 'NONE', #1277 ) ;
#1658 = ORIENTED_EDGE ( 'NONE', *, *, #6167, .T. ) ;
#1659 = ORIENTED_EDGE ( 'NONE', *, *, #6821, .F. ) ;
#1660 = VECTOR ( 'NONE', #3182, 1000.000000000000000 ) ;
#1661 = VECTOR ( 'NONE', #6539, 1000.000000000000000 ) ;
#1662 =( NAMED_UNIT ( * ) SI_UNIT ( $, .STERADIAN. ) SOLID_ANGLE_UNIT ( ) );
#1663 = CARTESIAN_POINT ( 'NONE',  ( -12.77387470582048579, -7.374999999999974243, 6.350000000000022737 ) ) ;
#1664 = DIRECTION ( 'NONE',  ( 1.000000000000000000, 0.000000000000000000, 0.000000000000000000 ) ) ;
#1665 = CARTESIAN_POINT ( 'NONE',  ( -20.09626054182323074, -20.00000000000001776, 6.350000000000022737 ) ) ;
#1666 = CARTESIAN_POINT ( 'NONE',  ( 2.165063509461094160, 4.499999999999977796, 6.350000000000022737 ) ) ;
#1667 = VERTEX_POINT ( 'NONE', #9237 ) ;
#1668 = FACE_OUTER_BOUND ( 'NONE', #8648, .T. ) ;
#1669 = DIRECTION ( 'NONE',  ( 0.5000000000000001110, -0.8660254037844385966, 0.000000000000000000 ) ) ;
#1670 = DIRECTION ( 'NONE',  ( 0.4999999999999997780, 0.8660254037844388186, 0.000000000000000000 ) ) ;
#1671 = AXIS2_PLACEMENT_3D ( 'NONE', #7990, #3457, #6933 ) ;
#1672 = EDGE_LOOP ( 'NONE', ( #4152, #11067, #1061, #3102 ) ) ;
#1673 = ORIENTED_EDGE ( 'NONE', *, *, #7818, .T. ) ;
#1674 = VECTOR ( 'NONE', #10648, 1000.000000000000000 ) ;
#1675 = DIRECTION ( 'NONE',  ( 0.5000000000000001110, -0.8660254037844385966, 0.000000000000000000 ) ) ;
#1676 = CARTESIAN_POINT ( 'NONE',  ( -3.216260541823223740, 24.69999999999997087, 3.350000000000019629 ) ) ;
#1677 = CARTESIAN_POINT ( 'NONE',  ( 12.77387470582047513, 7.374999999999976907, 2.255140518769849223E-14 ) ) ;
#1678 = CARTESIAN_POINT ( 'NONE',  ( -8.515916470546997630, -2.499999999999996891, 6.350000000000022737 ) ) ;
#1679 = AXIS2_PLACEMENT_3D ( 'NONE', #11169, #3090, #6689 ) ;
#1681 = FACE_OUTER_BOUND ( 'NONE', #8909, .T. ) ;
#1680 = FACE_BOUND ( 'NONE', #6882, .T. ) ;
#1682 = FACE_OUTER_BOUND ( 'NONE', #2519, .T. ) ;
#1683 = CARTESIAN_POINT ( 'NONE',  ( 32.78373945817675406, 0.000000000000000000, 46.84999999999998721 ) ) ;
#1684 = ORIENTED_EDGE ( 'NONE', *, *, #3915, .T. ) ;
#1685 = CARTESIAN_POINT ( 'NONE',  ( -23.79626054182323003, -20.00000000000001776, 0.000000000000000000 ) ) ;
#1686 = ORIENTED_EDGE ( 'NONE', *, *, #8315, .F. ) ;
#1687 = ORIENTED_EDGE ( 'NONE', *, *, #4227, .F. ) ;
#1688 = FACE_OUTER_BOUND ( 'NONE', #2662, .T. ) ;
#1689 = DIRECTION ( 'NONE',  ( 0.000000000000000000, 0.000000000000000000, 1.000000000000000000 ) ) ;
#1690 = EDGE_CURVE ( 'NONE', #1425, #1631, #11061, .T. ) ;
#1692 = LINE ( 'NONE', #6004, #2532 ) ;
#1691 = CARTESIAN_POINT ( 'NONE',  ( -2.165063509461097713, 1.249999999999999778, 2.255140518769849223E-14 ) ) ;
#1693 = DIRECTION ( 'NONE',  ( -1.000000000000000000, -3.373073425510458458E-16, 0.000000000000000000 ) ) ;
#1694 = DIRECTION ( 'NONE',  ( 0.4999999999999997780, 0.8660254037844388186, 0.000000000000000000 ) ) ;
#1695 = ADVANCED_FACE ( 'NONE', ( #269 ), #2094, .F. ) ;
#1696 = DIRECTION ( 'NONE',  ( 0.5000000000000001110, 0.8660254037844385966, 0.000000000000000000 ) ) ;
#1697 = DIRECTION ( 'NONE',  ( 0.5000000000000001110, -0.8660254037844385966, 0.000000000000000000 ) ) ;
#1698 = VERTEX_POINT ( 'NONE', #6584 ) ;
#1699 = EDGE_LOOP ( 'NONE', ( #5000, #7324, #6616, #4553 ) ) ;
#1700 = VECTOR ( 'NONE', #7362, 1000.000000000000000 ) ;
#1701 = ORIENTED_EDGE ( 'NONE', *, *, #187, .F. ) ;
#1702 = ORIENTED_EDGE ( 'NONE', *, *, #1264, .F. ) ;
#1703 = DIRECTION ( 'NONE',  ( 0.000000000000000000, -1.000000000000000000, 0.000000000000000000 ) ) ;
#1704 = EDGE_CURVE ( 'NONE', #7071, #4486, #6705, .T. ) ;
#1705 = DIRECTION ( 'NONE',  ( 1.000000000000000000, 0.000000000000000000, 0.000000000000000000 ) ) ;
#1706 = AXIS2_PLACEMENT_3D ( 'NONE', #6808, #3562, #4560 ) ;
#1707 = CARTESIAN_POINT ( 'NONE',  ( 0.000000000000000000, 0.000000000000000000, 6.350000000000022737 ) ) ;
#1708 = DIRECTION ( 'NONE',  ( 1.000000000000000000, 0.000000000000000000, 0.000000000000000000 ) ) ;
#1709 = ORIENTED_EDGE ( 'NONE', *, *, #2843, .F. ) ;
#1710 = VERTEX_POINT ( 'NONE', #5755 ) ;
#1711 = EDGE_CURVE ( 'NONE', #7609, #1120, #4759, .T. ) ;
#1712 = ORIENTED_EDGE ( 'NONE', *, *, #839, .T. ) ;
#1713 = ORIENTED_EDGE ( 'NONE', *, *, #6821, .T. ) ;
#1714 = EDGE_CURVE ( 'NONE', #6550, #5404, #9180, .T. ) ;
#1715 = EDGE_CURVE ( 'NONE', #11524, #4846, #2869, .T. ) ;
#1716 = LINE ( 'NONE', #8858, #5512 ) ;
#1717 = DIRECTION ( 'NONE',  ( 0.000000000000000000, 0.000000000000000000, 1.000000000000000000 ) ) ;
#1718 = LINE ( 'NONE', #5269, #5238 ) ;
#1719 = PLANE ( 'NONE',  #3019 ) ;
#1720 = CARTESIAN_POINT ( 'NONE',  ( 12.05218686933345396, -8.624999999999962697, 2.255140518769849223E-14 ) ) ;
#1721 = EDGE_LOOP ( 'NONE', ( #10897, #7736, #8448, #347 ) ) ;
#1722 = DIRECTION ( 'NONE',  ( 1.000000000000000000, 0.000000000000000000, 0.000000000000000000 ) ) ;
#1723 = LINE ( 'NONE', #781, #6604 ) ;
#1724 = ORIENTED_EDGE ( 'NONE', *, *, #3354, .F. ) ;
#1725 = VERTEX_POINT ( 'NONE', #7462 ) ;
#1726 = VECTOR ( 'NONE', #8719, 1000.000000000000000 ) ;
#1727 = CARTESIAN_POINT ( 'NONE',  ( -2.818925648462311528E-15, -20.49999999999992895, 2.255140518769849223E-14 ) ) ;
#1728 = PLANE ( 'NONE',  #2685 ) ;
#1729 = CARTESIAN_POINT ( 'NONE',  ( 12.77387470582047868, -13.12499999999994849, 6.350000000000022737 ) ) ;
#1730 = CARTESIAN_POINT ( 'NONE',  ( -9.959292143521061291, 3.249999999999978240, 6.350000000000022737 ) ) ;
#1732 = DIRECTION ( 'NONE',  ( 1.000000000000000000, 0.000000000000000000, 0.000000000000000000 ) ) ;
#1731 = DIRECTION ( 'NONE',  ( 1.000000000000000000, 0.000000000000000000, 0.000000000000000000 ) ) ;
#1733 = EDGE_CURVE ( 'NONE', #4685, #3155, #10184, .T. ) ;
#1734 = DIRECTION ( 'NONE',  ( 1.000000000000000000, 0.000000000000000000, 0.000000000000000000 ) ) ;
#1735 = DIRECTION ( 'NONE',  ( 1.000000000000000000, 0.000000000000000000, 0.000000000000000000 ) ) ;
#1736 = EDGE_LOOP ( 'NONE', ( #9959, #4923, #7588, #6130 ) ) ;
#1737 = VECTOR ( 'NONE', #5235, 1000.000000000000000 ) ;
#1738 = PLANE ( 'NONE',  #1014 ) ;
#1739 = AXIS2_PLACEMENT_3D ( 'NONE', #10649, #2564, #915 ) ;
#1740 = ORIENTED_EDGE ( 'NONE', *, *, #11332, .F. ) ;
#1741 = ORIENTED_EDGE ( 'NONE', *, *, #7040, .T. ) ;
#1742 = VECTOR ( 'NONE', #5435, 1000.000000000000000 ) ;
#1743 = CARTESIAN_POINT ( 'NONE',  ( 20.78373945817676827, 0.000000000000000000, 6.350000000000022737 ) ) ;
#1744 = DIRECTION ( 'NONE',  ( 1.000000000000000000, 0.000000000000000000, 0.000000000000000000 ) ) ;
#1745 = AXIS2_PLACEMENT_3D ( 'NONE', #7046, #2559, #613 ) ;
#1747 = LINE ( 'NONE', #8947, #10996 ) ;
#1746 = DIRECTION ( 'NONE',  ( -0.5000000000000001110, 0.8660254037844387076, 0.000000000000000000 ) ) ;
#1748 = CARTESIAN_POINT ( 'NONE',  ( 2.814582562299429380, -4.124999999999986677, 2.255140518769849223E-14 ) ) ;
#1749 = DIRECTION ( 'NONE',  ( -0.7071067811865489050, 0.7071067811865461294, -0.000000000000000000 ) ) ;
#1750 = CARTESIAN_POINT ( 'NONE',  ( 7.794228634059957805, -6.999999999999974243, 2.255140518769849223E-14 ) ) ;
#1751 = VERTEX_POINT ( 'NONE', #1102 ) ;
#1752 = VERTEX_POINT ( 'NONE', #4704 ) ;
#1753 = VECTOR ( 'NONE', #7700, 1000.000000000000114 ) ;
#1754 = EDGE_CURVE ( 'NONE', #7325, #10733, #8236, .T. ) ;
#1755 = VERTEX_POINT ( 'NONE', #7405 ) ;
#1756 = ORIENTED_EDGE ( 'NONE', *, *, #11084, .T. ) ;
#1757 = EDGE_CURVE ( 'NONE', #2243, #5665, #8412, .T. ) ;
#1758 = CARTESIAN_POINT ( 'NONE',  ( 7.505553499465182909, -18.00000000000001066, 6.350000000000022737 ) ) ;
#1759 = VECTOR ( 'NONE', #1381, 1000.000000000000000 ) ;
#1760 = DIRECTION ( 'NONE',  ( 0.8660254037844388186, -0.4999999999999997780, 0.000000000000000000 ) ) ;
#1761 = DIRECTION ( 'NONE',  ( -0.000000000000000000, 0.000000000000000000, 1.000000000000000000 ) ) ;
#1762 = LINE ( 'NONE', #3649, #97 ) ;
#1763 = VERTEX_POINT ( 'NONE', #3927 ) ;
#1764 = ORIENTED_EDGE ( 'NONE', *, *, #369, .T. ) ;
#1765 = ORIENTED_EDGE ( 'NONE', *, *, #7519, .F. ) ;
#1766 = EDGE_CURVE ( 'NONE', #4391, #6709, #3041, .T. ) ;
#1767 = EDGE_CURVE ( 'NONE', #8377, #9805, #444, .T. ) ;
#1768 = VECTOR ( 'NONE', #10889, 1000.000000000000000 ) ;
#1769 = EDGE_CURVE ( 'NONE', #8329, #9746, #3344, .T. ) ;
#1770 = ORIENTED_EDGE ( 'NONE', *, *, #703, .T. ) ;
#1771 = EDGE_CURVE ( 'NONE', #11019, #1772, #291, .T. ) ;
#1772 = VERTEX_POINT ( 'NONE', #11300 ) ;
#1773 = PRESENTATION_STYLE_ASSIGNMENT (( #10738 ) ) ;
#1774 = CARTESIAN_POINT ( 'NONE',  ( -30.79146613135289101, 30.00000000000002132, 6.350000000000022737 ) ) ;
#1775 = DIRECTION ( 'NONE',  ( -0.000000000000000000, 1.000000000000000000, -0.000000000000000000 ) ) ;
#1776 = DIRECTION ( 'NONE',  ( -3.373073425510458458E-16, 1.000000000000000000, 0.000000000000000000 ) ) ;
#1777 = VECTOR ( 'NONE', #6795, 1000.000000000000000 ) ;
#1778 = LINE ( 'NONE', #4552, #4806 ) ;
#1779 = VERTEX_POINT ( 'NONE', #4164 ) ;
#1780 = ADVANCED_FACE ( 'NONE', ( #5930 ), #7757, .F. ) ;
#1781 = EDGE_CURVE ( 'NONE', #563, #8195, #2271, .T. ) ;
#1782 = DIRECTION ( 'NONE',  ( 0.8660254037844385966, 0.5000000000000003331, -0.000000000000000000 ) ) ;
#1783 = DIRECTION ( 'NONE',  ( 1.000000000000000000, 0.000000000000000000, 0.000000000000000000 ) ) ;
#1784 = ORIENTED_EDGE ( 'NONE', *, *, #9033, .T. ) ;
#1785 = EDGE_LOOP ( 'NONE', ( #7762, #8984, #739, #2038 ) ) ;
#1786 = FACE_OUTER_BOUND ( 'NONE', #358, .T. ) ;
#1787 = DIRECTION ( 'NONE',  ( 0.000000000000000000, 0.000000000000000000, 1.000000000000000000 ) ) ;
#1788 = DIRECTION ( 'NONE',  ( 3.373073425510458458E-16, -1.000000000000000000, 0.000000000000000000 ) ) ;
#1789 = DIRECTION ( 'NONE',  ( 0.5000000000000001110, -0.8660254037844385966, 0.000000000000000000 ) ) ;
#1790 = VECTOR ( 'NONE', #1877, 1000.000000000000000 ) ;
#1791 = EDGE_CURVE ( 'NONE', #9857, #10305, #10475, .T. ) ;
#1793 = LINE ( 'NONE', #5401, #11464 ) ;
#1792 = CARTESIAN_POINT ( 'NONE',  ( -21.84310355970657724, -30.00000000000002132, -3.649999999999977707 ) ) ;
#1794 = DIRECTION ( 'NONE',  ( 0.7071067811865485719, 0.7071067811865465735, -0.000000000000000000 ) ) ;
#1795 = CARTESIAN_POINT ( 'NONE',  ( 7.794228634059952476, -10.24999999999996092, 2.255140518769849223E-14 ) ) ;
#1796 = VERTEX_POINT ( 'NONE', #11479 ) ;
#1797 = CARTESIAN_POINT ( 'NONE',  ( 7.144709581221628802, 9.874999999999953815, 6.350000000000022737 ) ) ;
#1798 = ORIENTED_EDGE ( 'NONE', *, *, #3347, .F. ) ;
#1799 = VECTOR ( 'NONE', #8654, 1000.000000000000114 ) ;
#1800 = ORIENTED_EDGE ( 'NONE', *, *, #5726, .T. ) ;
#1801 = VECTOR ( 'NONE', #7878, 1000.000000000000000 ) ;
#1802 = AXIS2_PLACEMENT_3D ( 'NONE', #5977, #8627, #4030 ) ;
#1803 = DIRECTION ( 'NONE',  ( 0.000000000000000000, -1.000000000000000000, 0.000000000000000000 ) ) ;
#1804 = CARTESIAN_POINT ( 'NONE',  ( 12.05218686933345573, -2.874999999999987121, 6.350000000000022737 ) ) ;
#1806 = CARTESIAN_POINT ( 'NONE',  ( 7.794228634059952476, -15.99999999999994138, 2.255140518769849223E-14 ) ) ;
#1805 = CARTESIAN_POINT ( 'NONE',  ( -2.814582562299428936, -18.87499999999992895, 2.255140518769849223E-14 ) ) ;
#1807 = CARTESIAN_POINT ( 'NONE',  ( -2.818925648462311528E-15, -19.74999999999993250, 2.255140518769849223E-14 ) ) ;
#1808 = DIRECTION ( 'NONE',  ( 0.5000000000000001110, -0.8660254037844385966, 0.000000000000000000 ) ) ;
#1809 = AXIS2_PLACEMENT_3D ( 'NONE', #2020, #909, #9219 ) ;
#1810 = AXIS2_PLACEMENT_3D ( 'NONE', #3497, #838, #11629 ) ;
#1811 = CARTESIAN_POINT ( 'NONE',  ( 0.000000000000000000, 0.000000000000000000, 6.350000000000022737 ) ) ;
#1812 = EDGE_LOOP ( 'NONE', ( #5123, #9860, #5838, #9319 ) ) ;
#1813 = EDGE_LOOP ( 'NONE', ( #6155, #9040, #3072, #4658 ) ) ;
#1814 = ORIENTED_EDGE ( 'NONE', *, *, #3476, .T. ) ;
#1815 = CARTESIAN_POINT ( 'NONE',  ( -2.092894725812402434, 2.874999999999987121, 2.255140518769849223E-14 ) ) ;
#1816 = AXIS2_PLACEMENT_3D ( 'NONE', #10488, #3295, #2401 ) ;
#1817 = CARTESIAN_POINT ( 'NONE',  ( -12.96626054182323173, -18.00000000000001421, 3.350000000000019629 ) ) ;
#1818 = DIRECTION ( 'NONE',  ( 0.8660254037844388186, -0.4999999999999997780, 0.000000000000000000 ) ) ;
#1819 = LINE ( 'NONE', #9967, #3502 ) ;
#1820 = ORIENTED_EDGE ( 'NONE', *, *, #4673, .T. ) ;
#1821 = DIRECTION ( 'NONE',  ( 0.5000000000000001110, -0.8660254037844385966, 0.000000000000000000 ) ) ;
#1822 = ORIENTED_EDGE ( 'NONE', *, *, #2278, .T. ) ;
#1823 = ORIENTED_EDGE ( 'NONE', *, *, #11059, .T. ) ;
#1824 = EDGE_CURVE ( 'NONE', #4847, #9563, #11362, .T. ) ;
#1825 = ORIENTED_EDGE ( 'NONE', *, *, #11119, .T. ) ;
#1826 = VERTEX_POINT ( 'NONE', #10415 ) ;
#1827 = PLANE ( 'NONE',  #2682 ) ;
#1828 = CARTESIAN_POINT ( 'NONE',  ( -12.96626054182323173, -18.00000000000001421, -3.649999999999986589 ) ) ;
#1829 = DIRECTION ( 'NONE',  ( 0.000000000000000000, 0.000000000000000000, -1.000000000000000000 ) ) ;
#1830 = EDGE_CURVE ( 'NONE', #8202, #2593, #2390, .T. ) ;
#1831 = LINE ( 'NONE', #8147, #3960 ) ;
#1832 = AXIS2_PLACEMENT_3D ( 'NONE', #5021, #4070, #4902 ) ;
#1833 = FACE_BOUND ( 'NONE', #2029, .T. ) ;
#1834 = EDGE_LOOP ( 'NONE', ( #5177, #2129, #3839, #9052 ) ) ;
#1835 = ADVANCED_FACE ( 'NONE', ( #5996 ), #2330, .F. ) ;
#1836 = EDGE_CURVE ( 'NONE', #1940, #8854, #9598, .T. ) ;
#1837 = CARTESIAN_POINT ( 'NONE',  ( 24.28373945817674695, -30.00000000000002132, -3.649999999999977707 ) ) ;
#1838 = VECTOR ( 'NONE', #1995, 1000.000000000000000 ) ;
#1839 = EDGE_LOOP ( 'NONE', ( #9384, #147, #1325, #11328 ) ) ;
#1840 = EDGE_LOOP ( 'NONE', ( #5774, #4184 ) ) ;
#1841 = DIRECTION ( 'NONE',  ( 0.8660254037844385966, -0.5000000000000001110, 0.000000000000000000 ) ) ;
#1842 = DIRECTION ( 'NONE',  ( 0.000000000000000000, 0.000000000000000000, 1.000000000000000000 ) ) ;
#1843 = LINE ( 'NONE', #3673, #708 ) ;
#1844 = CARTESIAN_POINT ( 'NONE',  ( -1.876388374866287290, 20.49999999999993605, 3.350000000000019629 ) ) ;
#1845 = EDGE_CURVE ( 'NONE', #5024, #2871, #1452, .T. ) ;
#1847 = CARTESIAN_POINT ( 'NONE',  ( 1.220317949211389141, -12.50000000000001776, 24.89999999999898250 ) ) ;
#1846 = CARTESIAN_POINT ( 'NONE',  ( 6.423021744734589866, 0.3749999999999877320, 2.255140518769849223E-14 ) ) ;
#1848 = CARTESIAN_POINT ( 'NONE',  ( 2.165063509461100377, -4.499999999999986677, 6.350000000000022737 ) ) ;
#1849 = VECTOR ( 'NONE', #7443, 1000.000000000000000 ) ;
#1850 = CARTESIAN_POINT ( 'NONE',  ( 3.536270398786446556, -6.124999999999987566, 2.255140518769849223E-14 ) ) ;
#1851 = EDGE_LOOP ( 'NONE', ( #755, #3686, #2350, #10040, #1971, #2017 ) ) ;
#1852 = LINE ( 'NONE', #2623, #5717 ) ;
#1853 = EDGE_LOOP ( 'NONE', ( #4420, #29, #460, #4122 ) ) ;
#1854 = EDGE_CURVE ( 'NONE', #10564, #1540, #5116, .T. ) ;
#1855 = AXIS2_PLACEMENT_3D ( 'NONE', #4160, #9472, #6759 ) ;
#1856 = EDGE_CURVE ( 'NONE', #6956, #4859, #2515, .T. ) ;
#1857 = ORIENTED_EDGE ( 'NONE', *, *, #5418, .F. ) ;
#1858 = VECTOR ( 'NONE', #10113, 1000.000000000000000 ) ;
#1859 = DIRECTION ( 'NONE',  ( 1.000000000000000000, 5.337610695313253357E-16, 0.000000000000000000 ) ) ;
#1860 = CYLINDRICAL_SURFACE ( 'NONE', #2015, 1.500000000000001554 ) ;
#1862 = FACE_BOUND ( 'NONE', #5290, .T. ) ;
#1861 = DIRECTION ( 'NONE',  ( 0.000000000000000000, 0.000000000000000000, -1.000000000000000000 ) ) ;
#1863 = LINE ( 'NONE', #2979, #5629 ) ;
#1864 = CIRCLE ( 'NONE', #2430, 1.750000000000001554 ) ;
#1865 = DIRECTION ( 'NONE',  ( 3.373073425510458458E-16, -1.000000000000000000, 0.000000000000000000 ) ) ;
#1866 = APPLICATION_CONTEXT ( 'automotive_design' ) ;
#1867 = DIRECTION ( 'NONE',  ( 1.000000000000000000, 0.000000000000000000, 0.000000000000000000 ) ) ;
#1868 = VECTOR ( 'NONE', #5079, 1000.000000000000000 ) ;
#1869 = VERTEX_POINT ( 'NONE', #9416 ) ;
#1870 = ORIENTED_EDGE ( 'NONE', *, *, #10727, .F. ) ;
#1871 = DIRECTION ( 'NONE',  ( 0.000000000000000000, 0.000000000000000000, -1.000000000000000000 ) ) ;
#1872 = ORIENTED_EDGE ( 'NONE', *, *, #5833, .F. ) ;
#1873 = ORIENTED_EDGE ( 'NONE', *, *, #1109, .T. ) ;
#1874 = LINE ( 'NONE', #1815, #3091 ) ;
#1875 = LINE ( 'NONE', #5483, #4679 ) ;
#1876 = CARTESIAN_POINT ( 'NONE',  ( -6.423021744734596084, -11.12499999999996270, 2.255140518769849223E-14 ) ) ;
#1877 = DIRECTION ( 'NONE',  ( -1.000000000000000000, -4.003208021484940511E-16, 0.000000000000000000 ) ) ;
#1878 = ORIENTED_EDGE ( 'NONE', *, *, #758, .F. ) ;
#1879 = DIRECTION ( 'NONE',  ( 0.000000000000000000, -0.000000000000000000, 1.000000000000000000 ) ) ;
#1880 = DIRECTION ( 'NONE',  ( -0.4999999999999999445, 0.8660254037844385966, 0.000000000000000000 ) ) ;
#1881 = VERTEX_POINT ( 'NONE', #2452 ) ;
#1882 = VERTEX_POINT ( 'NONE', #6055 ) ;
#1883 = EDGE_LOOP ( 'NONE', ( #7249, #8181, #3486, #9941 ) ) ;
#1884 = ORIENTED_EDGE ( 'NONE', *, *, #2341, .F. ) ;
#1885 = VECTOR ( 'NONE', #5323, 1000.000000000000000 ) ;
#1886 = DIRECTION ( 'NONE',  ( 0.5000000000000001110, -0.8660254037844385966, 0.000000000000000000 ) ) ;
#1887 = LINE ( 'NONE', #6375, #10130 ) ;
#1888 = DIRECTION ( 'NONE',  ( 0.000000000000000000, 0.000000000000000000, 1.000000000000000000 ) ) ;
#1889 = LINE ( 'NONE', #5496, #661 ) ;
#1890 = EDGE_CURVE ( 'NONE', #3101, #8616, #9493, .T. ) ;
#1891 = ORIENTED_EDGE ( 'NONE', *, *, #8401, .T. ) ;
#1892 = SURFACE_STYLE_FILL_AREA ( #1075 ) ;
#1893 = CARTESIAN_POINT ( 'NONE',  ( 8.515916470546990524, -2.500000000000000444, 2.255140518769849223E-14 ) ) ;
#1894 = ORIENTED_EDGE ( 'NONE', *, *, #2126, .T. ) ;
#1895 = EDGE_CURVE ( 'NONE', #3504, #4592, #4106, .T. ) ;
#1896 = ORIENTED_EDGE ( 'NONE', *, *, #5737, .F. ) ;
#1897 = ORIENTED_EDGE ( 'NONE', *, *, #2188, .T. ) ;
#1898 = CARTESIAN_POINT ( 'NONE',  ( -2.165063509461099933, -12.74999999999995204, 2.255140518769849223E-14 ) ) ;
#1899 = EDGE_CURVE ( 'NONE', #6200, #4302, #3225, .T. ) ;
#1900 = DIRECTION ( 'NONE',  ( -0.8660254037844385966, -0.5000000000000001110, 0.000000000000000000 ) ) ;
#1901 = ADVANCED_FACE ( 'NONE', ( #7815 ), #9659, .F. ) ;
#1902 = DIRECTION ( 'NONE',  ( 0.000000000000000000, -1.000000000000000000, 0.000000000000000000 ) ) ;
#1903 = ORIENTED_EDGE ( 'NONE', *, *, #4074, .T. ) ;
#1905 = CARTESIAN_POINT ( 'NONE',  ( 2.775557561562891351E-14, -24.69999999999999929, 0.000000000000000000 ) ) ;
#1904 = CARTESIAN_POINT ( 'NONE',  ( 3.250000000000030642, -24.69999999999999929, 3.350000000000019629 ) ) ;
#1906 = CARTESIAN_POINT ( 'NONE',  ( -12.96626054182322640, 1.291777957386650133, -3.649999999999986589 ) ) ;
#1907 = DIRECTION ( 'NONE',  ( 1.000000000000000000, 0.000000000000000000, 0.000000000000000000 ) ) ;
#1908 = ORIENTED_EDGE ( 'NONE', *, *, #382, .T. ) ;
#1909 = LINE ( 'NONE', #4633, #8736 ) ;
#1910 = VERTEX_POINT ( 'NONE', #6224 ) ;
#1911 = EDGE_CURVE ( 'NONE', #2293, #2153, #8165, .T. ) ;
#1912 = VECTOR ( 'NONE', #5187, 1000.000000000000000 ) ;
#1913 = EDGE_CURVE ( 'NONE', #3270, #8268, #6116, .T. ) ;
#1914 = ADVANCED_FACE ( 'NONE', ( #86 ), #4460, .F. ) ;
#1915 = VERTEX_POINT ( 'NONE', #969 ) ;
#1916 = DIRECTION ( 'NONE',  ( -3.373073425510458458E-16, 1.000000000000000000, 0.000000000000000000 ) ) ;
#1917 = LINE ( 'NONE', #1327, #1045 ) ;
#1919 = PLANE ( 'NONE',  #260 ) ;
#1918 = CARTESIAN_POINT ( 'NONE',  ( -12.84604348946919394, 17.24999999999993250, 2.255140518769849223E-14 ) ) ;
#1920 = ADVANCED_FACE ( 'NONE', ( #9714 ), #7278, .T. ) ;
#1921 = CARTESIAN_POINT ( 'NONE',  ( -1.443375672974067880, 19.74999999999993605, 3.350000000000019629 ) ) ;
#1922 = AXIS2_PLACEMENT_3D ( 'NONE', #1577, #11483, #6576 ) ;
#1923 = DIRECTION ( 'NONE',  ( -0.8660254037844385966, -0.5000000000000001110, 0.000000000000000000 ) ) ;
#1924 = FACE_OUTER_BOUND ( 'NONE', #8070, .T. ) ;
#1925 = EDGE_CURVE ( 'NONE', #6751, #6959, #9295, .T. ) ;
#1926 = EDGE_CURVE ( 'NONE', #3270, #534, #8056, .T. ) ;
#1927 = DIRECTION ( 'NONE',  ( -0.000000000000000000, 0.000000000000000000, 1.000000000000000000 ) ) ;
#1928 = ORIENTED_EDGE ( 'NONE', *, *, #9209, .F. ) ;
#1929 = VECTOR ( 'NONE', #11622, 1000.000000000000000 ) ;
#1930 = AXIS2_PLACEMENT_3D ( 'NONE', #5563, #3789, #8986 ) ;
#1931 = ORIENTED_EDGE ( 'NONE', *, *, #2645, .T. ) ;
#1932 = DIRECTION ( 'NONE',  ( 1.000000000000000000, 0.000000000000000000, 0.000000000000000000 ) ) ;
#1933 = ORIENTED_EDGE ( 'NONE', *, *, #3018, .F. ) ;
#1934 = VERTEX_POINT ( 'NONE', #7217 ) ;
#1935 = DIRECTION ( 'NONE',  ( -0.8660254037844385966, 0.5000000000000001110, 0.000000000000000000 ) ) ;
#1936 = CARTESIAN_POINT ( 'NONE',  ( 4.979646071760526205, 11.12499999999994138, 2.255140518769849223E-14 ) ) ;
#1937 = CARTESIAN_POINT ( 'NONE',  ( -21.84310355970654172, -12.50000000000001776, 46.84999999999998721 ) ) ;
#1938 = DIRECTION ( 'NONE',  ( 0.000000000000000000, 0.000000000000000000, -1.000000000000000000 ) ) ;
#1939 = VECTOR ( 'NONE', #3307, 1000.000000000000000 ) ;
#1940 = VERTEX_POINT ( 'NONE', #10760 ) ;
#1941 = CARTESIAN_POINT ( 'NONE',  ( -2.814582562299432045, 9.874999999999953815, 2.255140518769849223E-14 ) ) ;
#1942 = DIRECTION ( 'NONE',  ( 1.000000000000000000, 0.000000000000000000, 0.000000000000000000 ) ) ;
#1943 = VECTOR ( 'NONE', #11456, 1000.000000000000000 ) ;
#1944 = ORIENTED_EDGE ( 'NONE', *, *, #6119, .T. ) ;
#1945 = ORIENTED_EDGE ( 'NONE', *, *, #2695, .F. ) ;
#1946 = EDGE_LOOP ( 'NONE', ( #11467, #11610, #8041, #4404 ) ) ;
#1947 = ORIENTED_EDGE ( 'NONE', *, *, #6376, .T. ) ;
#1948 = LINE ( 'NONE', #10035, #4577 ) ;
#1949 = LINE ( 'NONE', #2009, #4670 ) ;
#1950 = DIRECTION ( 'NONE',  ( 0.000000000000000000, 0.000000000000000000, 1.000000000000000000 ) ) ;
#1951 = FACE_BOUND ( 'NONE', #6070, .T. ) ;
#1952 = ORIENTED_EDGE ( 'NONE', *, *, #11514, .F. ) ;
#1953 = AXIS2_PLACEMENT_3D ( 'NONE', #2461, #6947, #11545 ) ;
#1954 = ORIENTED_EDGE ( 'NONE', *, *, #10523, .T. ) ;
#1955 = ADVANCED_FACE ( 'NONE', ( #3573 ), #1738, .T. ) ;
#1956 = ORIENTED_EDGE ( 'NONE', *, *, #11363, .F. ) ;
#1957 = ORIENTED_EDGE ( 'NONE', *, *, #9577, .T. ) ;
#1958 = VECTOR ( 'NONE', #2576, 1000.000000000000000 ) ;
#1959 = DIRECTION ( 'NONE',  ( 0.5000000000000001110, -0.8660254037844385966, 0.000000000000000000 ) ) ;
#1960 = DIRECTION ( 'NONE',  ( -0.4999999999999997780, -0.8660254037844387076, 0.000000000000000000 ) ) ;
#1961 = DIRECTION ( 'NONE',  ( 0.000000000000000000, -0.000000000000000000, -1.000000000000000000 ) ) ;
#1962 = ORIENTED_EDGE ( 'NONE', *, *, #7903, .T. ) ;
#1964 = DIRECTION ( 'NONE',  ( 0.4999999999999997224, 0.8660254037844387076, 0.000000000000000000 ) ) ;
#1963 = CARTESIAN_POINT ( 'NONE',  ( 8.515916470546976313, -8.999999999999975131, 2.255140518769849223E-14 ) ) ;
#1965 = DIRECTION ( 'NONE',  ( 0.5000000000000001110, -0.8660254037844385966, 0.000000000000000000 ) ) ;
#1966 = CARTESIAN_POINT ( 'NONE',  ( -6.423021744734596084, -16.87499999999994316, 2.255140518769849223E-14 ) ) ;
#1967 = ORIENTED_EDGE ( 'NONE', *, *, #4019, .T. ) ;
#1968 = FACE_OUTER_BOUND ( 'NONE', #3763, .T. ) ;
#1969 = ORIENTED_EDGE ( 'NONE', *, *, #10995, .F. ) ;
#1970 = EDGE_CURVE ( 'NONE', #3972, #9407, #8825, .T. ) ;
#1971 = ORIENTED_EDGE ( 'NONE', *, *, #2216, .F. ) ;
#1972 = VECTOR ( 'NONE', #2011, 1000.000000000000000 ) ;
#1973 = FACE_OUTER_BOUND ( 'NONE', #3045, .T. ) ;
#1974 = PLANE ( 'NONE',  #7821 ) ;
#1976 = LINE ( 'NONE', #1314, #1768 ) ;
#1975 = DIRECTION ( 'NONE',  ( 1.000000000000000000, 0.000000000000000000, 0.000000000000000000 ) ) ;
#1977 = LINE ( 'NONE', #8118, #4860 ) ;
#1978 = EDGE_CURVE ( 'NONE', #3785, #2503, #10817, .T. ) ;
#1979 = DIRECTION ( 'NONE',  ( 0.5000000000000001110, -0.8660254037844385966, 0.000000000000000000 ) ) ;
#1980 = ADVANCED_FACE ( 'NONE', ( #8996 ), #741, .F. ) ;
#1981 = CARTESIAN_POINT ( 'NONE',  ( 13.03373945817677004, -4.575098954177375887, -3.649999999999986589 ) ) ;
#1982 = EDGE_CURVE ( 'NONE', #11122, #10173, #6344, .T. ) ;
#1983 = PLANE ( 'NONE',  #10093 ) ;
#1984 = VECTOR ( 'NONE', #153, 1000.000000000000000 ) ;
#1985 = EDGE_CURVE ( 'NONE', #5408, #9200, #1852, .T. ) ;
#1986 = ORIENTED_EDGE ( 'NONE', *, *, #9129, .F. ) ;
#1987 = VECTOR ( 'NONE', #10598, 1000.000000000000000 ) ;
#1988 = AXIS2_PLACEMENT_3D ( 'NONE', #10930, #4564, #9106 ) ;
#1989 = ORIENTED_EDGE ( 'NONE', *, *, #6958, .T. ) ;
#1990 = CARTESIAN_POINT ( 'NONE',  ( -12.84604348946919039, 3.903127820947815962E-15, 6.350000000000022737 ) ) ;
#1991 = ORIENTED_EDGE ( 'NONE', *, *, #272, .T. ) ;
#1992 = ORIENTED_EDGE ( 'NONE', *, *, #1970, .F. ) ;
#1993 = DIRECTION ( 'NONE',  ( 0.000000000000000000, 0.000000000000000000, 1.000000000000000000 ) ) ;
#1994 = VECTOR ( 'NONE', #805, 1000.000000000000000 ) ;
#1995 = DIRECTION ( 'NONE',  ( -0.5000000000000002220, 0.8660254037844384856, 0.000000000000000000 ) ) ;
#1996 = CARTESIAN_POINT ( 'NONE',  ( -2.818925648462311528E-15, -14.74999999999995204, 6.350000000000022737 ) ) ;
#1997 = LINE ( 'NONE', #5366, #6692 ) ;
#1998 = EDGE_LOOP ( 'NONE', ( #6060, #817, #3948, #7206 ) ) ;
#1999 = DIRECTION ( 'NONE',  ( 0.4999999999999997224, 0.8660254037844387076, 0.000000000000000000 ) ) ;
#2000 = CARTESIAN_POINT ( 'NONE',  ( 24.28373945817674695, -30.00000000000002132, 6.350000000000022737 ) ) ;
#2001 = ORIENTED_EDGE ( 'NONE', *, *, #5298, .F. ) ;
#2002 = VERTEX_POINT ( 'NONE', #9772 ) ;
#2003 = AXIS2_PLACEMENT_3D ( 'NONE', #559, #4158, #3275 ) ;
#2004 = ORIENTED_EDGE ( 'NONE', *, *, #5594, .F. ) ;
#2005 = EDGE_CURVE ( 'NONE', #7257, #6825, #3685, .T. ) ;
#2006 = ORIENTED_EDGE ( 'NONE', *, *, #2624, .T. ) ;
#2007 = ADVANCED_FACE ( 'NONE', ( #11536 ), #9053, .T. ) ;
#2008 = DIRECTION ( 'NONE',  ( 0.5000000000000001110, -0.8660254037844385966, 0.000000000000000000 ) ) ;
#2009 = CARTESIAN_POINT ( 'NONE',  ( 12.84604348946918151, 1.084202172485504434E-15, 2.255140518769849223E-14 ) ) ;
#2010 = LINE ( 'NONE', #3897, #10543 ) ;
#2011 = DIRECTION ( 'NONE',  ( -0.5000000000000001110, -0.8660254037844385966, 0.000000000000000000 ) ) ;
#2012 = ORIENTED_EDGE ( 'NONE', *, *, #1547, .F. ) ;
#2013 = APPLICATION_PROTOCOL_DEFINITION ( 'draft international standard', 'automotive_design', 1998, #10540 ) ;
#2014 = VERTEX_POINT ( 'NONE', #1685 ) ;
#2015 = AXIS2_PLACEMENT_3D ( 'NONE', #863, #11484, #3410 ) ;
#2016 = ORIENTED_EDGE ( 'NONE', *, *, #973, .F. ) ;
#2017 = ORIENTED_EDGE ( 'NONE', *, *, #10079, .T. ) ;
#2018 = CARTESIAN_POINT ( 'NONE',  ( 12.77387470582047868, -9.874999999999950262, 2.255140518769849223E-14 ) ) ;
#2019 = CARTESIAN_POINT ( 'NONE',  ( -12.12435565298216211, 15.99999999999993072, 2.255140518769849223E-14 ) ) ;
#2020 = CARTESIAN_POINT ( 'NONE',  ( -4.979646071760535087, 11.87499999999994316, 2.255140518769849223E-14 ) ) ;
#2021 = VERTEX_POINT ( 'NONE', #7995 ) ;
#2023 = CARTESIAN_POINT ( 'NONE',  ( -12.84604348946919039, 11.49999999999995381, 2.255140518769849223E-14 ) ) ;
#2022 = CARTESIAN_POINT ( 'NONE',  ( 12.12435565298215145, -12.74999999999994849, 6.350000000000022737 ) ) ;
#2024 = DIRECTION ( 'NONE',  ( 0.000000000000000000, 0.000000000000000000, 1.000000000000000000 ) ) ;
#2025 = CARTESIAN_POINT ( 'NONE',  ( -2.814582562299434709, -4.124999999999984013, 6.350000000000022737 ) ) ;
#2026 = ORIENTED_EDGE ( 'NONE', *, *, #2778, .T. ) ;
#2027 = VECTOR ( 'NONE', #10325, 1000.000000000000000 ) ;
#2028 = CARTESIAN_POINT ( 'NONE',  ( 12.12435565298215145, 10.24999999999995559, 6.350000000000022737 ) ) ;
#2029 = EDGE_LOOP ( 'NONE', ( #8574, #2026, #8722, #11108, #5698, #7124 ) ) ;
#2030 = DIRECTION ( 'NONE',  ( 1.000000000000000000, 0.000000000000000000, 0.000000000000000000 ) ) ;
#2031 = FACE_OUTER_BOUND ( 'NONE', #6279, .T. ) ;
#2032 = DIRECTION ( 'NONE',  ( 0.000000000000000000, 0.000000000000000000, -1.000000000000000000 ) ) ;
#2033 = FACE_OUTER_BOUND ( 'NONE', #1337, .T. ) ;
#2034 = FACE_OUTER_BOUND ( 'NONE', #10368, .T. ) ;
#2035 = ADVANCED_FACE ( 'NONE', ( #10652 ), #8881, .F. ) ;
#2036 = PLANE ( 'NONE',  #932 ) ;
#2037 = DIRECTION ( 'NONE',  ( 0.000000000000000000, 0.000000000000000000, -1.000000000000000000 ) ) ;
#2038 = ORIENTED_EDGE ( 'NONE', *, *, #3216, .T. ) ;
#2039 = VECTOR ( 'NONE', #2673, 1000.000000000000000 ) ;
#2040 = EDGE_CURVE ( 'NONE', #5012, #2215, #5632, .T. ) ;
#2041 = VERTEX_POINT ( 'NONE', #10994 ) ;
#2042 = CARTESIAN_POINT ( 'NONE',  ( 7.144709581221628802, 15.62499999999993072, 6.350000000000022737 ) ) ;
#2043 = ORIENTED_EDGE ( 'NONE', *, *, #7121, .F. ) ;
#2044 = ORIENTED_EDGE ( 'NONE', *, *, #4439, .T. ) ;
#2045 = AXIS2_PLACEMENT_3D ( 'NONE', #7768, #8478, #575 ) ;
#2047 = LINE ( 'NONE', #3881, #3471 ) ;
#2046 = DIRECTION ( 'NONE',  ( 0.5000000000000001110, -0.8660254037844385966, 0.000000000000000000 ) ) ;
#2048 = EDGE_CURVE ( 'NONE', #10058, #6400, #205, .T. ) ;
#2049 = LINE ( 'NONE', #5651, #11077 ) ;
#2050 = CARTESIAN_POINT ( 'NONE',  ( -7.144709581221628802, 7.374999999999965361, 6.350000000000022737 ) ) ;
#2051 = CARTESIAN_POINT ( 'NONE',  ( -2.092894725812402434, 2.874999999999986233, 2.255140518769849223E-14 ) ) ;
#2052 = EDGE_LOOP ( 'NONE', ( #3187, #5426, #9803, #6312, #730, #8607 ) ) ;
#2053 = FACE_OUTER_BOUND ( 'NONE', #2568, .T. ) ;
#2054 = AXIS2_PLACEMENT_3D ( 'NONE', #10442, #8794, #10326 ) ;
#2055 = CARTESIAN_POINT ( 'NONE',  ( 3.536270398786461211, 16.87499999999994671, 6.350000000000022737 ) ) ;
#2056 = ORIENTED_EDGE ( 'NONE', *, *, #4098, .F. ) ;
#2057 = ORIENTED_EDGE ( 'NONE', *, *, #677, .T. ) ;
#2058 = VERTEX_POINT ( 'NONE', #6401 ) ;
#2059 = ADVANCED_FACE ( 'NONE', ( #1262 ), #10936, .T. ) ;
#2060 = ORIENTED_EDGE ( 'NONE', *, *, #3645, .T. ) ;
#2061 = CARTESIAN_POINT ( 'NONE',  ( -7.794228634059967575, 15.99999999999993427, 2.255140518769849223E-14 ) ) ;
#2062 = DIRECTION ( 'NONE',  ( -0.8660254037844388186, 0.4999999999999998335, 0.000000000000000000 ) ) ;
#2063 = PLANE ( 'NONE',  #6962 ) ;
#2064 = FACE_BOUND ( 'NONE', #3323, .T. ) ;
#2065 = ORIENTED_EDGE ( 'NONE', *, *, #6023, .F. ) ;
#2066 = EDGE_CURVE ( 'NONE', #2610, #8742, #5687, .T. ) ;
#2067 = ADVANCED_FACE ( 'NONE', ( #1149 ), #5743, .T. ) ;
#2068 = EDGE_CURVE ( 'NONE', #6118, #7955, #10117, .T. ) ;
#2069 = ORIENTED_EDGE ( 'NONE', *, *, #7237, .F. ) ;
#2070 = VECTOR ( 'NONE', #10029, 1000.000000000000000 ) ;
#2071 = ORIENTED_EDGE ( 'NONE', *, *, #1188, .F. ) ;
#2072 = VERTEX_POINT ( 'NONE', #6629 ) ;
#2073 = DIRECTION ( 'NONE',  ( 0.8660254037844385966, 0.5000000000000003331, -0.000000000000000000 ) ) ;
#2074 = DIRECTION ( 'NONE',  ( 1.000000000000000000, 0.000000000000000000, 0.000000000000000000 ) ) ;
#2075 = VECTOR ( 'NONE', #5571, 999.9999999999998863 ) ;
#2076 = CARTESIAN_POINT ( 'NONE',  ( 8.515916470546976313, -3.250000000000000444, 6.350000000000022737 ) ) ;
#2077 = ORIENTED_EDGE ( 'NONE', *, *, #7030, .T. ) ;
#2079 = CARTESIAN_POINT ( 'NONE',  ( -2.886751345948132208, -17.24999999999992895, 2.255140518769849223E-14 ) ) ;
#2078 = CARTESIAN_POINT ( 'NONE',  ( 13.03373945817676294, 18.00000000000001421, -3.649999999999986589 ) ) ;
#2080 = VECTOR ( 'NONE', #6214, 1000.000000000000000 ) ;
#2081 = FACE_OUTER_BOUND ( 'NONE', #2291, .T. ) ;
#2082 = LINE ( 'NONE', #8394, #4758 ) ;
#2083 = ORIENTED_EDGE ( 'NONE', *, *, #6170, .F. ) ;
#2084 = DIRECTION ( 'NONE',  ( 0.000000000000000000, 0.000000000000000000, -1.000000000000000000 ) ) ;
#2085 = ORIENTED_EDGE ( 'NONE', *, *, #10224, .T. ) ;
#2086 = CYLINDRICAL_SURFACE ( 'NONE', #3068, 1.750000000000001554 ) ;
#2087 = FACE_OUTER_BOUND ( 'NONE', #10815, .T. ) ;
#2088 = EDGE_CURVE ( 'NONE', #1030, #2411, #8338, .T. ) ;
#2089 = CARTESIAN_POINT ( 'NONE',  ( -2.814582562299428936, 4.124999999999976907, 2.255140518769849223E-14 ) ) ;
#2090 = VECTOR ( 'NONE', #10864, 1000.000000000000000 ) ;
#2091 = DIRECTION ( 'NONE',  ( 1.000000000000000000, 0.000000000000000000, 0.000000000000000000 ) ) ;
#2092 = CARTESIAN_POINT ( 'NONE',  ( -12.96626054182323173, 17.99999999999996092, 3.350000000000019629 ) ) ;
#2093 = DIRECTION ( 'NONE',  ( 0.000000000000000000, -0.000000000000000000, -1.000000000000000000 ) ) ;
#2094 = PLANE ( 'NONE',  #11596 ) ;
#2095 = ORIENTED_EDGE ( 'NONE', *, *, #6254, .T. ) ;
#2096 = EDGE_CURVE ( 'NONE', #6209, #2480, #8454, .T. ) ;
#2097 = LINE ( 'NONE', #2042, #5317 ) ;
#2098 = ORIENTED_EDGE ( 'NONE', *, *, #1711, .F. ) ;
#2099 = VERTEX_POINT ( 'NONE', #2142 ) ;
#2100 = AXIS2_PLACEMENT_3D ( 'NONE', #2581, #6183, #4414 ) ;
#2102 = CARTESIAN_POINT ( 'NONE',  ( 2.165063509461095936, 1.250000000000000222, 2.255140518769849223E-14 ) ) ;
#2101 = FACE_OUTER_BOUND ( 'NONE', #3411, .T. ) ;
#2103 = CARTESIAN_POINT ( 'NONE',  ( -3.175426480542906216, -12.50000000000001776, 6.350000000000022737 ) ) ;
#2104 = DIRECTION ( 'NONE',  ( -3.373073425510458458E-16, 1.000000000000000000, 0.000000000000000000 ) ) ;
#2105 = DIRECTION ( 'NONE',  ( 0.000000000000000000, 0.000000000000000000, -1.000000000000000000 ) ) ;
#2106 = CARTESIAN_POINT ( 'NONE',  ( 2.165063509461094160, -6.999999999999971578, 6.350000000000022737 ) ) ;
#2107 = DIRECTION ( 'NONE',  ( 1.000000000000000000, 0.000000000000000000, 0.000000000000000000 ) ) ;
#2108 = ADVANCED_FACE ( 'NONE', ( #9170 ), #7450, .F. ) ;
#2109 = PLANE ( 'NONE',  #717 ) ;
#2110 = ORIENTED_EDGE ( 'NONE', *, *, #121, .F. ) ;
#2111 = ORIENTED_EDGE ( 'NONE', *, *, #6528, .F. ) ;
#2112 = AXIS2_PLACEMENT_3D ( 'NONE', #8416, #4049, #11184 ) ;
#2113 = ORIENTED_EDGE ( 'NONE', *, *, #2820, .T. ) ;
#2114 = EDGE_CURVE ( 'NONE', #2899, #1579, #259, .T. ) ;
#2115 = EDGE_CURVE ( 'NONE', #8126, #4305, #1028, .T. ) ;
#2116 = ORIENTED_EDGE ( 'NONE', *, *, #9795, .T. ) ;
#2117 = FACE_OUTER_BOUND ( 'NONE', #3764, .T. ) ;
#2118 = LINE ( 'NONE', #9316, #8063 ) ;
#2119 = CARTESIAN_POINT ( 'NONE',  ( 7.866397417708651751, 8.624999999999966249, 6.350000000000022737 ) ) ;
#2120 = CARTESIAN_POINT ( 'NONE',  ( 0.000000000000000000, 0.000000000000000000, 6.350000000000022737 ) ) ;
#2121 = ORIENTED_EDGE ( 'NONE', *, *, #7166, .T. ) ;
#2122 = EDGE_CURVE ( 'NONE', #10682, #4226, #9285, .T. ) ;
#2123 = EDGE_CURVE ( 'NONE', #346, #10564, #10430, .T. ) ;
#2124 = ADVANCED_FACE ( 'NONE', ( #6457 ), #9342, .F. ) ;
#2125 = ORIENTED_EDGE ( 'NONE', *, *, #9401, .F. ) ;
#2126 = EDGE_CURVE ( 'NONE', #10268, #5367, #1909, .T. ) ;
#2127 = ADVANCED_FACE ( 'NONE', ( #1968 ), #5573, .F. ) ;
#2128 = ORIENTED_EDGE ( 'NONE', *, *, #10459, .T. ) ;
#2129 = ORIENTED_EDGE ( 'NONE', *, *, #11199, .F. ) ;
#2130 = CARTESIAN_POINT ( 'NONE',  ( -9.959292143521061291, -3.249999999999997335, 6.350000000000022737 ) ) ;
#2131 = CARTESIAN_POINT ( 'NONE',  ( -12.77387470582048756, -9.874999999999950262, 2.255140518769849223E-14 ) ) ;
#2132 = UNCERTAINTY_MEASURE_WITH_UNIT (LENGTH_MEASURE( 1.000000000000000082E-05 ), #3728, 'distance_accuracy_value', 'NONE');
#2133 = EDGE_CURVE ( 'NONE', #64, #2470, #9583, .T. ) ;
#2134 = LINE ( 'NONE', #482, #10100 ) ;
#2135 = ORIENTED_EDGE ( 'NONE', *, *, #4864, .F. ) ;
#2136 = VECTOR ( 'NONE', #4403, 1000.000000000000000 ) ;
#2138 = CARTESIAN_POINT ( 'NONE',  ( -9.959292143521061291, 8.999999999999953815, 2.255140518769849223E-14 ) ) ;
#2137 = CARTESIAN_POINT ( 'NONE',  ( -3.250000000000002665, -27.70000000000000284, 6.350000000000022737 ) ) ;
#2139 = DIRECTION ( 'NONE',  ( 0.000000000000000000, 0.000000000000000000, 1.000000000000000000 ) ) ;
#2140 = CARTESIAN_POINT ( 'NONE',  ( -2.165063509461109259, 12.74999999999994138, 6.350000000000022737 ) ) ;
#2141 = ORIENTED_EDGE ( 'NONE', *, *, #6315, .T. ) ;
#2142 = CARTESIAN_POINT ( 'NONE',  ( -12.05218686933346284, -14.37499999999993783, 6.350000000000022737 ) ) ;
#2143 = VECTOR ( 'NONE', #11125, 1000.000000000000000 ) ;
#2144 = ORIENTED_EDGE ( 'NONE', *, *, #8614, .T. ) ;
#2145 = CARTESIAN_POINT ( 'NONE',  ( 4.979646071760526205, 11.87499999999994316, 6.350000000000022737 ) ) ;
#2146 = CARTESIAN_POINT ( 'NONE',  ( -25.92155177985325665, -25.92155177985336323, 6.350000000000022737 ) ) ;
#2147 = EDGE_CURVE ( 'NONE', #1076, #5601, #2440, .T. ) ;
#2148 = DIRECTION ( 'NONE',  ( 1.000000000000000000, 0.000000000000000000, 0.000000000000000000 ) ) ;
#2149 = DIRECTION ( 'NONE',  ( 0.000000000000000000, 0.000000000000000000, 1.000000000000000000 ) ) ;
#2150 = LINE ( 'NONE', #7753, #7318 ) ;
#2151 = CARTESIAN_POINT ( 'NONE',  ( 2.814582562299422719, 4.124999999999976907, 6.350000000000022737 ) ) ;
#2152 = DIRECTION ( 'NONE',  ( 1.000000000000000000, 0.000000000000000000, 0.000000000000000000 ) ) ;
#2153 = VERTEX_POINT ( 'NONE', #1497 ) ;
#2154 = ORIENTED_EDGE ( 'NONE', *, *, #1251, .T. ) ;
#2155 = CARTESIAN_POINT ( 'NONE',  ( -6.423021744734610294, -11.87499999999996447, 2.255140518769849223E-14 ) ) ;
#2156 = EDGE_LOOP ( 'NONE', ( #7660, #2960, #80, #8169, #5949 ) ) ;
#2157 = VERTEX_POINT ( 'NONE', #6803 ) ;
#2159 = CARTESIAN_POINT ( 'NONE',  ( 9.959292143521050633, 3.249999999999976463, 6.350000000000022737 ) ) ;
#2158 = LINE ( 'NONE', #5765, #9729 ) ;
#2160 = DIRECTION ( 'NONE',  ( 0.5000000000000001110, -0.8660254037844385966, 0.000000000000000000 ) ) ;
#2161 = DIRECTION ( 'NONE',  ( 0.5000000000000001110, -0.8660254037844385966, 0.000000000000000000 ) ) ;
#2162 = CARTESIAN_POINT ( 'NONE',  ( -9.959292143521061291, -14.74999999999995204, 6.350000000000022737 ) ) ;
#2163 = AXIS2_PLACEMENT_3D ( 'NONE', #2240, #11268, #9444 ) ;
#2164 = FACE_OUTER_BOUND ( 'NONE', #9988, .T. ) ;
#2165 = LINE ( 'NONE', #2884, #2456 ) ;
#2166 = AXIS2_PLACEMENT_3D ( 'NONE', #939, #2703, #6304 ) ;
#2167 = DIRECTION ( 'NONE',  ( 0.5000000000000001110, -0.8660254037844385966, 0.000000000000000000 ) ) ;
#2168 = VECTOR ( 'NONE', #11173, 1000.000000000000000 ) ;
#2169 = ORIENTED_EDGE ( 'NONE', *, *, #7373, .T. ) ;
#2170 = VERTEX_POINT ( 'NONE', #11405 ) ;
#2171 = ORIENTED_EDGE ( 'NONE', *, *, #5683, .T. ) ;
#2172 = VECTOR ( 'NONE', #10548, 1000.000000000000000 ) ;
#2173 = EDGE_LOOP ( 'NONE', ( #3542, #8952, #4087, #9027 ) ) ;
#2174 = VECTOR ( 'NONE', #3532, 1000.000000000000114 ) ;
#2175 = VECTOR ( 'NONE', #6034, 1000.000000000000000 ) ;
#2176 = PLANE ( 'NONE',  #56 ) ;
#2177 = LINE ( 'NONE', #5779, #8811 ) ;
#2178 = LINE ( 'NONE', #5780, #1868 ) ;
#2179 = CARTESIAN_POINT ( 'NONE',  ( -23.79626054182323003, 20.00000000000001776, 4.350000000000028955 ) ) ;
#2180 = ORIENTED_EDGE ( 'NONE', *, *, #7231, .F. ) ;
#2181 = EDGE_CURVE ( 'NONE', #1528, #199, #5347, .T. ) ;
#2182 = VECTOR ( 'NONE', #9592, 999.9999999999998863 ) ;
#2183 = ORIENTED_EDGE ( 'NONE', *, *, #3521, .F. ) ;
#2184 =( GEOMETRIC_REPRESENTATION_CONTEXT ( 3 ) GLOBAL_UNCERTAINTY_ASSIGNED_CONTEXT ( ( #7560 ) ) GLOBAL_UNIT_ASSIGNED_CONTEXT ( ( #5556, #7372, #11 ) ) REPRESENTATION_CONTEXT ( 'NONE', 'WORKASPACE' ) );
#2185 = ORIENTED_EDGE ( 'NONE', *, *, #7977, .T. ) ;
#2186 = ORIENTED_EDGE ( 'NONE', *, *, #9038, .T. ) ;
#2187 = VERTEX_POINT ( 'NONE', #10525 ) ;
#2188 = EDGE_CURVE ( 'NONE', #6209, #5686, #10346, .T. ) ;
#2189 = DIRECTION ( 'NONE',  ( 0.5000000000000001110, -0.8660254037844385966, 0.000000000000000000 ) ) ;
#2190 = EDGE_CURVE ( 'NONE', #300, #1123, #6749, .T. ) ;
#2191 = CARTESIAN_POINT ( 'NONE',  ( -12.41303078757695921, 17.99999999999996092, 6.350000000000022737 ) ) ;
#2192 = DIRECTION ( 'NONE',  ( 1.000000000000000000, 0.000000000000000000, 0.000000000000000000 ) ) ;
#2193 = DIRECTION ( 'NONE',  ( -0.5000000000000002220, 0.8660254037844384856, 0.000000000000000000 ) ) ;
#2194 = VERTEX_POINT ( 'NONE', #2377 ) ;
#2195 = EDGE_CURVE ( 'NONE', #2627, #7098, #664, .T. ) ;
#2197 = LINE ( 'NONE', #9397, #5819 ) ;
#2196 = FACE_OUTER_BOUND ( 'NONE', #11259, .T. ) ;
#2198 = CARTESIAN_POINT ( 'NONE',  ( 7.368161339686235323, 34.17780897597563694, 6.350000000000022737 ) ) ;
#2199 = DIRECTION ( 'NONE',  ( 0.000000000000000000, -0.000000000000000000, -1.000000000000000000 ) ) ;
#2200 = CARTESIAN_POINT ( 'NONE',  ( 7.072540797572925086, 11.49999999999995381, 6.350000000000022737 ) ) ;
#2201 = ORIENTED_EDGE ( 'NONE', *, *, #9509, .F. ) ;
#2202 = VERTEX_POINT ( 'NONE', #551 ) ;
#2203 = ADVANCED_FACE ( 'NONE', ( #4149 ), #4034, .F. ) ;
#2204 = DIRECTION ( 'NONE',  ( 0.000000000000000000, 1.000000000000000000, 0.000000000000000000 ) ) ;
#2205 = DIRECTION ( 'NONE',  ( 0.000000000000000000, -0.000000000000000000, -1.000000000000000000 ) ) ;
#2206 = VECTOR ( 'NONE', #4040, 1000.000000000000000 ) ;
#2207 = LINE ( 'NONE', #8461, #7092 ) ;
#2208 = CARTESIAN_POINT ( 'NONE',  ( 12.77387470582047868, -9.874999999999950262, 6.350000000000022737 ) ) ;
#2209 = DIRECTION ( 'NONE',  ( 0.000000000000000000, 0.000000000000000000, 1.000000000000000000 ) ) ;
#2210 = VECTOR ( 'NONE', #2238, 1000.000000000000000 ) ;
#2211 = LINE ( 'NONE', #9595, #9863 ) ;
#2212 = EDGE_CURVE ( 'NONE', #668, #8240, #7741, .T. ) ;
#2213 = DIRECTION ( 'NONE',  ( 0.000000000000000000, 0.000000000000000000, 1.000000000000000000 ) ) ;
#2214 = EDGE_CURVE ( 'NONE', #6797, #10, #5102, .T. ) ;
#2215 = VERTEX_POINT ( 'NONE', #5983 ) ;
#2216 = EDGE_CURVE ( 'NONE', #64, #204, #4206, .T. ) ;
#2217 = AXIS2_PLACEMENT_3D ( 'NONE', #5248, #3417, #8785 ) ;
#2218 = VERTEX_POINT ( 'NONE', #5859 ) ;
#2219 = AXIS2_PLACEMENT_3D ( 'NONE', #9488, #398, #10250 ) ;
#2220 = CARTESIAN_POINT ( 'NONE',  ( -3.319764047840303878, -18.00000000000001421, 3.350000000000019629 ) ) ;
#2221 = LINE ( 'NONE', #8592, #8990 ) ;
#2222 = ORIENTED_EDGE ( 'NONE', *, *, #5230, .T. ) ;
#2224 = CARTESIAN_POINT ( 'NONE',  ( -2.818925648462311528E-15, -13.99999999999995204, 6.350000000000022737 ) ) ;
#2223 = DIRECTION ( 'NONE',  ( 0.000000000000000000, 0.000000000000000000, 1.000000000000000000 ) ) ;
#2225 = CARTESIAN_POINT ( 'NONE',  ( 7.144709581221628802, 9.874999999999953815, 2.255140518769849223E-14 ) ) ;
#2226 = DIRECTION ( 'NONE',  ( -0.000000000000000000, 0.000000000000000000, -1.000000000000000000 ) ) ;
#2227 = DIRECTION ( 'NONE',  ( 0.5000000000000001110, -0.8660254037844385966, 0.000000000000000000 ) ) ;
#2228 = CARTESIAN_POINT ( 'NONE',  ( 2.165063509461094160, -12.74999999999995026, 6.350000000000022737 ) ) ;
#2229 = PLANE ( 'NONE',  #9231 ) ;
#2230 = AXIS2_PLACEMENT_3D ( 'NONE', #6352, #9064, #7285 ) ;
#2231 = DIRECTION ( 'NONE',  ( 1.000000000000000000, 0.000000000000000000, 0.000000000000000000 ) ) ;
#2232 = ORIENTED_EDGE ( 'NONE', *, *, #7248, .T. ) ;
#2233 = ORIENTED_EDGE ( 'NONE', *, *, #4946, .T. ) ;
#2234 = ORIENTED_EDGE ( 'NONE', *, *, #7309, .F. ) ;
#2235 = VECTOR ( 'NONE', #5299, 1000.000000000000000 ) ;
#2236 = ORIENTED_EDGE ( 'NONE', *, *, #2040, .F. ) ;
#2237 = DIRECTION ( 'NONE',  ( 0.000000000000000000, 0.000000000000000000, 1.000000000000000000 ) ) ;
#2238 = DIRECTION ( 'NONE',  ( 0.5000000000000001110, -0.8660254037844385966, 0.000000000000000000 ) ) ;
#2239 = DIRECTION ( 'NONE',  ( 0.8660254037844388186, -0.4999999999999997780, 0.000000000000000000 ) ) ;
#2240 = CARTESIAN_POINT ( 'NONE',  ( 12.12435565298215145, 10.24999999999995559, 2.255140518769849223E-14 ) ) ;
#2241 = ORIENTED_EDGE ( 'NONE', *, *, #8550, .F. ) ;
#2242 = VECTOR ( 'NONE', #4339, 1000.000000000000000 ) ;
#2243 = VERTEX_POINT ( 'NONE', #9520 ) ;
#2244 = ORIENTED_EDGE ( 'NONE', *, *, #10127, .F. ) ;
#2245 = VERTEX_POINT ( 'NONE', #5043 ) ;
#2246 = ORIENTED_EDGE ( 'NONE', *, *, #8185, .T. ) ;
#2247 = DIRECTION ( 'NONE',  ( -0.8660254037844385966, -0.5000000000000001110, 0.000000000000000000 ) ) ;
#2248 = LINE ( 'NONE', #5851, #9091 ) ;
#2249 = FACE_OUTER_BOUND ( 'NONE', #5237, .T. ) ;
#2250 = DIRECTION ( 'NONE',  ( 0.5000000000000001110, -0.8660254037844385966, 0.000000000000000000 ) ) ;
#2251 = ORIENTED_EDGE ( 'NONE', *, *, #10227, .F. ) ;
#2253 = DIRECTION ( 'NONE',  ( 1.000000000000000000, 4.003208021484940511E-16, 0.000000000000000000 ) ) ;
#2252 = DIRECTION ( 'NONE',  ( 0.000000000000000000, 0.000000000000000000, 1.000000000000000000 ) ) ;
#2254 = DIRECTION ( 'NONE',  ( 0.7071067811865477948, 0.000000000000000000, 0.7071067811865473507 ) ) ;
#2255 = CARTESIAN_POINT ( 'NONE',  ( -12.12435565298215856, -15.99999999999992717, 6.350000000000022737 ) ) ;
#2256 = VECTOR ( 'NONE', #1942, 1000.000000000000000 ) ;
#2257 = DIRECTION ( 'NONE',  ( 0.5000000000000001110, 0.8660254037844385966, 0.000000000000000000 ) ) ;
#2258 = ADVANCED_FACE ( 'NONE', ( #9460 ), #3330, .T. ) ;
#2259 = VERTEX_POINT ( 'NONE', #11343 ) ;
#2260 = EDGE_CURVE ( 'NONE', #4691, #8240, #5801, .T. ) ;
#2261 = ORIENTED_EDGE ( 'NONE', *, *, #393, .F. ) ;
#2262 = CARTESIAN_POINT ( 'NONE',  ( 1.220317949235080857, 7.500000000000020428, 36.13500000000002643 ) ) ;
#2263 = CARTESIAN_POINT ( 'NONE',  ( 1.443375672974076318, -3.250000000000001332, 6.350000000000022737 ) ) ;
#2264 = LINE ( 'NONE', #9467, #10874 ) ;
#2265 = AXIS2_PLACEMENT_3D ( 'NONE', #11580, #1841, #904 ) ;
#2266 = DIRECTION ( 'NONE',  ( 0.5000000000000001110, -0.8660254037844385966, 0.000000000000000000 ) ) ;
#2267 = FACE_OUTER_BOUND ( 'NONE', #6939, .T. ) ;
#2268 = LINE ( 'NONE', #1449, #5265 ) ;
#2269 = LINE ( 'NONE', #4931, #7785 ) ;
#2270 = ADVANCED_FACE ( 'NONE', ( #7800 ), #6040, .T. ) ;
#2271 = LINE ( 'NONE', #6997, #5758 ) ;
#2272 = ADVANCED_FACE ( 'NONE', ( #5157 ), #8748, .T. ) ;
#2273 = VERTEX_POINT ( 'NONE', #2200 ) ;
#2274 = EDGE_CURVE ( 'NONE', #10058, #6082, #8511, .T. ) ;
#2275 = VERTEX_POINT ( 'NONE', #5217 ) ;
#2276 = LINE ( 'NONE', #8651, #8714 ) ;
#2277 = ORIENTED_EDGE ( 'NONE', *, *, #7689, .F. ) ;
#2278 = EDGE_CURVE ( 'NONE', #2857, #8922, #1611, .T. ) ;
#2279 = ORIENTED_EDGE ( 'NONE', *, *, #8978, .T. ) ;
#2281 = PLANE ( 'NONE',  #6115 ) ;
#2280 = CARTESIAN_POINT ( 'NONE',  ( 9.634532617101850605, 5.562499999999985789, 3.350000000000019629 ) ) ;
#2282 = EDGE_CURVE ( 'NONE', #11439, #7621, #10581, .T. ) ;
#2283 = ADVANCED_FACE ( 'NONE', ( #2500 ), #11465, .T. ) ;
#2284 = CARTESIAN_POINT ( 'NONE',  ( -2.092894725812403323, 8.624999999999966249, 2.255140518769849223E-14 ) ) ;
#2285 = LINE ( 'NONE', #2748, #2612 ) ;
#2286 = DIRECTION ( 'NONE',  ( 1.000000000000000000, 0.000000000000000000, 0.000000000000000000 ) ) ;
#2287 = DIRECTION ( 'NONE',  ( 0.000000000000000000, 0.000000000000000000, 1.000000000000000000 ) ) ;
#2288 = PLANE ( 'NONE',  #3731 ) ;
#2289 = ORIENTED_EDGE ( 'NONE', *, *, #2328, .F. ) ;
#2290 = ORIENTED_EDGE ( 'NONE', *, *, #11660, .T. ) ;
#2291 = EDGE_LOOP ( 'NONE', ( #8134, #11364, #5162, #9827, #4619 ) ) ;
#2292 = VECTOR ( 'NONE', #8182, 1000.000000000000000 ) ;
#2293 = VERTEX_POINT ( 'NONE', #5641 ) ;
#2294 = DIRECTION ( 'NONE',  ( 1.000000000000000000, 0.000000000000000000, 0.000000000000000000 ) ) ;
#2295 = CARTESIAN_POINT ( 'NONE',  ( -16.39626054182322790, 20.00000000000001776, 6.350000000000022737 ) ) ;
#2296 = DIRECTION ( 'NONE',  ( -0.000000000000000000, 1.000000000000000000, -0.000000000000000000 ) ) ;
#2297 = DIRECTION ( 'NONE',  ( 0.000000000000000000, 0.000000000000000000, 1.000000000000000000 ) ) ;
#2298 = VERTEX_POINT ( 'NONE', #1275 ) ;
#2299 = AXIS2_PLACEMENT_3D ( 'NONE', #7221, #10007, #8170 ) ;
#2300 = VECTOR ( 'NONE', #9224, 999.9999999999998863 ) ;
#2301 = EDGE_LOOP ( 'NONE', ( #3891, #6418, #588, #6476 ) ) ;
#2302 = EDGE_LOOP ( 'NONE', ( #4545, #9897 ) ) ;
#2303 = VECTOR ( 'NONE', #9450, 1000.000000000000000 ) ;
#2304 = VECTOR ( 'NONE', #8815, 1000.000000000000000 ) ;
#2305 = DIRECTION ( 'NONE',  ( 1.000000000000000000, 0.000000000000000000, 0.000000000000000000 ) ) ;
#2306 = DIRECTION ( 'NONE',  ( -0.5000000000000001110, -0.8660254037844385966, 0.000000000000000000 ) ) ;
#2307 = CARTESIAN_POINT ( 'NONE',  ( 1.220317949235150801, -12.50000000000001776, 20.91499999999998138 ) ) ;
#2308 = CARTESIAN_POINT ( 'NONE',  ( -7.264682050764862176, -36.50000000000001421, 29.40000000000000924 ) ) ;
#2309 = ORIENTED_EDGE ( 'NONE', *, *, #10060, .F. ) ;
#2311 = CARTESIAN_POINT ( 'NONE',  ( 7.866397417708654416, 14.37499999999994316, 2.255140518769849223E-14 ) ) ;
#2310 = CARTESIAN_POINT ( 'NONE',  ( 1.876388374866279296, 20.49999999999993605, 6.350000000000022737 ) ) ;
#2312 = CARTESIAN_POINT ( 'NONE',  ( -30.34310355970659856, 12.50000000000001776, 6.350000000000022737 ) ) ;
#2313 = VECTOR ( 'NONE', #3722, 1000.000000000000000 ) ;
#2314 = CARTESIAN_POINT ( 'NONE',  ( 2.814582562299425827, -1.625000000000000666, 6.350000000000022737 ) ) ;
#2315 = DIRECTION ( 'NONE',  ( 0.5000000000000001110, 0.8660254037844385966, 0.000000000000000000 ) ) ;
#2316 = AXIS2_PLACEMENT_3D ( 'NONE', #7107, #2621, #8938 ) ;
#2317 = ORIENTED_EDGE ( 'NONE', *, *, #3742, .T. ) ;
#2318 = ORIENTED_EDGE ( 'NONE', *, *, #2487, .T. ) ;
#2319 = LINE ( 'NONE', #6045, #11317 ) ;
#2320 = CARTESIAN_POINT ( 'NONE',  ( -1.443375672974079427, -14.74999999999995204, 6.350000000000022737 ) ) ;
#2321 = DIRECTION ( 'NONE',  ( 0.000000000000000000, -0.000000000000000000, -1.000000000000000000 ) ) ;
#2322 = VECTOR ( 'NONE', #622, 1000.000000000000000 ) ;
#2323 = FACE_OUTER_BOUND ( 'NONE', #6900, .T. ) ;
#2324 = FACE_OUTER_BOUND ( 'NONE', #715, .T. ) ;
#2325 = PLANE ( 'NONE',  #9586 ) ;
#2326 = LINE ( 'NONE', #8644, #6280 ) ;
#2327 = VERTEX_POINT ( 'NONE', #4757 ) ;
#2328 = EDGE_CURVE ( 'NONE', #2273, #3946, #9179, .T. ) ;
#2329 = VECTOR ( 'NONE', #4235, 1000.000000000000000 ) ;
#2330 = PLANE ( 'NONE',  #8212 ) ;
#2331 = EDGE_LOOP ( 'NONE', ( #1022, #943, #4036, #3819 ) ) ;
#2332 = ORIENTED_EDGE ( 'NONE', *, *, #6113, .F. ) ;
#2333 = LINE ( 'NONE', #5934, #9461 ) ;
#2334 = EDGE_LOOP ( 'NONE', ( #2767, #10477, #1283, #7720, #163, #9657 ) ) ;
#2335 = ORIENTED_EDGE ( 'NONE', *, *, #8177, .T. ) ;
#2336 = EDGE_CURVE ( 'NONE', #5370, #8869, #4645, .T. ) ;
#2337 = VECTOR ( 'NONE', #7856, 1000.000000000000000 ) ;
#2339 = DIRECTION ( 'NONE',  ( -0.8660254037844385966, -0.5000000000000001110, 0.000000000000000000 ) ) ;
#2338 = LINE ( 'NONE', #6946, #6326 ) ;
#2340 = EDGE_CURVE ( 'NONE', #5115, #11049, #1101, .T. ) ;
#2341 = EDGE_CURVE ( 'NONE', #10941, #1558, #4703, .T. ) ;
#2342 = DIRECTION ( 'NONE',  ( 0.4999999999999997224, 0.8660254037844387076, 0.000000000000000000 ) ) ;
#2343 = DIRECTION ( 'NONE',  ( 0.4999999999999997780, 0.8660254037844388186, 0.000000000000000000 ) ) ;
#2344 = DIRECTION ( 'NONE',  ( 0.000000000000000000, 0.000000000000000000, -1.000000000000000000 ) ) ;
#2345 = ADVANCED_FACE ( 'NONE', ( #10240 ), #6414, .T. ) ;
#2346 = FACE_OUTER_BOUND ( 'NONE', #9553, .T. ) ;
#2347 = DIRECTION ( 'NONE',  ( 0.000000000000000000, 0.000000000000000000, 1.000000000000000000 ) ) ;
#2348 = EDGE_LOOP ( 'NONE', ( #10259, #5849, #4478, #11492 ) ) ;
#2349 = ORIENTED_EDGE ( 'NONE', *, *, #9212, .T. ) ;
#2350 = ORIENTED_EDGE ( 'NONE', *, *, #3083, .F. ) ;
#2351 = VERTEX_POINT ( 'NONE', #324 ) ;
#2352 = CARTESIAN_POINT ( 'NONE',  ( -12.77387470582048756, -15.62499999999992717, 2.255140518769849223E-14 ) ) ;
#2353 = VECTOR ( 'NONE', #6787, 1000.000000000000000 ) ;
#2354 = LINE ( 'NONE', #8552, #2210 ) ;
#2355 = FACE_OUTER_BOUND ( 'NONE', #2970, .T. ) ;
#2356 = DIRECTION ( 'NONE',  ( -1.000000000000000000, 0.000000000000000000, 0.000000000000000000 ) ) ;
#2357 = ORIENTED_EDGE ( 'NONE', *, *, #6551, .F. ) ;
#2358 = ORIENTED_EDGE ( 'NONE', *, *, #7831, .F. ) ;
#2359 = ORIENTED_EDGE ( 'NONE', *, *, #11453, .F. ) ;
#2360 = VECTOR ( 'NONE', #2806, 1000.000000000000000 ) ;
#2361 = ORIENTED_EDGE ( 'NONE', *, *, #6676, .F. ) ;
#2362 = EDGE_CURVE ( 'NONE', #876, #8255, #2811, .T. ) ;
#2363 = EDGE_CURVE ( 'NONE', #8922, #273, #7348, .T. ) ;
#2364 = VECTOR ( 'NONE', #4415, 1000.000000000000000 ) ;
#2365 = CIRCLE ( 'NONE', #1802, 3.700000000000001954 ) ;
#2366 = CARTESIAN_POINT ( 'NONE',  ( -7.794228634059961358, 12.74999999999994138, 2.255140518769849223E-14 ) ) ;
#2367 = CARTESIAN_POINT ( 'NONE',  ( -1.443375672974082979, -3.250000000000001332, 2.255140518769849223E-14 ) ) ;
#2368 = DIRECTION ( 'NONE',  ( 0.4999999999999997780, 0.8660254037844388186, 0.000000000000000000 ) ) ;
#2369 = DIRECTION ( 'NONE',  ( 0.5000000000000001110, 0.8660254037844385966, 0.000000000000000000 ) ) ;
#2370 = EDGE_LOOP ( 'NONE', ( #5476, #4766, #3547, #10969 ) ) ;
#2371 = AXIS2_PLACEMENT_3D ( 'NONE', #11112, #10237, #2148 ) ;
#2373 = DIRECTION ( 'NONE',  ( -1.000000000000000000, -4.003208021484940511E-16, 0.000000000000000000 ) ) ;
#2372 = DIRECTION ( 'NONE',  ( -1.000000000000000000, 0.000000000000000000, 0.000000000000000000 ) ) ;
#2374 = CARTESIAN_POINT ( 'NONE',  ( -2.165063509461097269, -1.250000000000000444, 2.255140518769849223E-14 ) ) ;
#2375 = VECTOR ( 'NONE', #8507, 1000.000000000000000 ) ;
#2376 = FACE_OUTER_BOUND ( 'NONE', #4911, .T. ) ;
#2377 = CARTESIAN_POINT ( 'NONE',  ( 1.443375672974071655, 8.249999999999953815, 2.255140518769849223E-14 ) ) ;
#2378 = ORIENTED_EDGE ( 'NONE', *, *, #8037, .T. ) ;
#2379 = EDGE_LOOP ( 'NONE', ( #11620, #4959, #7241, #8092 ) ) ;
#2380 = ORIENTED_EDGE ( 'NONE', *, *, #1575, .T. ) ;
#2381 = DIRECTION ( 'NONE',  ( 0.000000000000000000, 0.000000000000000000, -1.000000000000000000 ) ) ;
#2382 = FACE_OUTER_BOUND ( 'NONE', #11320, .T. ) ;
#2383 = PLANE ( 'NONE',  #9323 ) ;
#2384 = VECTOR ( 'NONE', #3822, 1000.000000000000000 ) ;
#2385 = DIRECTION ( 'NONE',  ( 1.000000000000000000, 0.000000000000000000, 0.000000000000000000 ) ) ;
#2386 = PLANE ( 'NONE',  #6570 ) ;
#2387 = CARTESIAN_POINT ( 'NONE',  ( 9.959292143521054186, -14.74999999999995026, 2.255140518769849223E-14 ) ) ;
#2388 = DIRECTION ( 'NONE',  ( 0.4999999999999997780, 0.8660254037844388186, 0.000000000000000000 ) ) ;
#2389 = ORIENTED_EDGE ( 'NONE', *, *, #6041, .F. ) ;
#2390 = LINE ( 'NONE', #3282, #4257 ) ;
#2391 = ORIENTED_EDGE ( 'NONE', *, *, #1690, .F. ) ;
#2392 = VECTOR ( 'NONE', #7114, 1000.000000000000000 ) ;
#2393 = ORIENTED_EDGE ( 'NONE', *, *, #6829, .F. ) ;
#2394 = CARTESIAN_POINT ( 'NONE',  ( 2.453738644055859286, 18.00000000000001421, 3.350000000000019629 ) ) ;
#2395 = ORIENTED_EDGE ( 'NONE', *, *, #9355, .T. ) ;
#2396 = ORIENTED_EDGE ( 'NONE', *, *, #8763, .F. ) ;
#2397 = EDGE_CURVE ( 'NONE', #11156, #9039, #7520, .T. ) ;
#2399 = LINE ( 'NONE', #630, #2329 ) ;
#2398 = DIRECTION ( 'NONE',  ( 0.000000000000000000, -0.000000000000000000, -1.000000000000000000 ) ) ;
#2400 = CARTESIAN_POINT ( 'NONE',  ( 20.78373945817676827, -20.00000000000001776, 0.000000000000000000 ) ) ;
#2401 = DIRECTION ( 'NONE',  ( 0.000000000000000000, -0.000000000000000000, -1.000000000000000000 ) ) ;
#2402 = LINE ( 'NONE', #8991, #9339 ) ;
#2403 = LINE ( 'NONE', #2228, #7006 ) ;
#2404 = CARTESIAN_POINT ( 'NONE',  ( 4.979646071760526205, 16.87499999999994671, 2.255140518769849223E-14 ) ) ;
#2405 = VERTEX_POINT ( 'NONE', #11060 ) ;
#2406 = VERTEX_POINT ( 'NONE', #2922 ) ;
#2407 = EDGE_CURVE ( 'NONE', #8473, #9171, #3189, .T. ) ;
#2408 = AXIS2_PLACEMENT_3D ( 'NONE', #11144, #2062, #11030 ) ;
#2409 = ORIENTED_EDGE ( 'NONE', *, *, #5372, .T. ) ;
#2410 = ADVANCED_FACE ( 'NONE', ( #3758 ), #2036, .T. ) ;
#2411 = VERTEX_POINT ( 'NONE', #2867 ) ;
#2412 = EDGE_CURVE ( 'NONE', #3404, #1657, #3039, .T. ) ;
#2413 = CARTESIAN_POINT ( 'NONE',  ( 2.165063509461100377, -4.499999999999986677, 2.255140518769849223E-14 ) ) ;
#2414 = LINE ( 'NONE', #6963, #2594 ) ;
#2415 = LINE ( 'NONE', #6020, #2950 ) ;
#2416 = VECTOR ( 'NONE', #9304, 999.9999999999998863 ) ;
#2417 = CARTESIAN_POINT ( 'NONE',  ( -21.84310355970653816, -12.50000000000001421, 55.35000000000005116 ) ) ;
#2418 = ORIENTED_EDGE ( 'NONE', *, *, #993, .F. ) ;
#2419 = VERTEX_POINT ( 'NONE', #6640 ) ;
#2420 = ORIENTED_EDGE ( 'NONE', *, *, #10835, .F. ) ;
#2421 = ADVANCED_FACE ( 'NONE', ( #1924, #6471 ), #5585, .T. ) ;
#2422 = AXIS2_PLACEMENT_3D ( 'NONE', #2526, #8780, #4412 ) ;
#2423 = EDGE_CURVE ( 'NONE', #1698, #8312, #10069, .T. ) ;
#2424 = VERTEX_POINT ( 'NONE', #7287 ) ;
#2425 = AXIS2_PLACEMENT_3D ( 'NONE', #5340, #5284, #2448 ) ;
#2426 = LINE ( 'NONE', #6029, #2501 ) ;
#2427 = PLANE ( 'NONE',  #7584 ) ;
#2428 = EDGE_CURVE ( 'NONE', #5404, #3774, #7404, .T. ) ;
#2429 = PLANE ( 'NONE',  #5731 ) ;
#2430 = AXIS2_PLACEMENT_3D ( 'NONE', #3264, #1377, #9338 ) ;
#2431 = LINE ( 'NONE', #8862, #5374 ) ;
#2432 = ORIENTED_EDGE ( 'NONE', *, *, #9631, .F. ) ;
#2433 = ADVANCED_FACE ( 'NONE', ( #10126 ), #268, .F. ) ;
#2434 = ADVANCED_FACE ( 'NONE', ( #3955 ), #9380, .F. ) ;
#2436 = DIRECTION ( 'NONE',  ( -0.4999999999999997780, -0.8660254037844387076, 0.000000000000000000 ) ) ;
#2435 = PLANE ( 'NONE',  #2942 ) ;
#2437 = CARTESIAN_POINT ( 'NONE',  ( -2.814582562299428936, 4.124999999999976907, 2.255140518769849223E-14 ) ) ;
#2438 = PLANE ( 'NONE',  #6617 ) ;
#2439 = AXIS2_PLACEMENT_3D ( 'NONE', #1216, #8410, #2093 ) ;
#2440 = LINE ( 'NONE', #8632, #6662 ) ;
#2441 = VERTEX_POINT ( 'NONE', #11090 ) ;
#2442 = EDGE_LOOP ( 'NONE', ( #9704, #413, #8605, #4747 ) ) ;
#2443 = ORIENTED_EDGE ( 'NONE', *, *, #7743, .F. ) ;
#2444 = CARTESIAN_POINT ( 'NONE',  ( 3.536270398786462099, -16.87499999999994316, 6.350000000000022737 ) ) ;
#2445 = FACE_OUTER_BOUND ( 'NONE', #1655, .T. ) ;
#2446 = DIRECTION ( 'NONE',  ( 0.5000000000000001110, -0.8660254037844385966, 0.000000000000000000 ) ) ;
#2447 = CARTESIAN_POINT ( 'NONE',  ( -8.515916470546983419, -14.74999999999995204, 2.255140518769849223E-14 ) ) ;
#2448 = DIRECTION ( 'NONE',  ( -0.4999999999999997780, -0.8660254037844387076, 0.000000000000000000 ) ) ;
#2449 = LINE ( 'NONE', #5170, #1306 ) ;
#2450 = CARTESIAN_POINT ( 'NONE',  ( -6.423021744734596084, -16.87499999999994316, 2.255140518769849223E-14 ) ) ;
#2451 = ORIENTED_EDGE ( 'NONE', *, *, #3212, .F. ) ;
#2452 = CARTESIAN_POINT ( 'NONE',  ( 11.40266781649511785, -8.249999999999975131, 2.255140518769849223E-14 ) ) ;
#2453 = EDGE_LOOP ( 'NONE', ( #7879, #4172, #3071, #3213 ) ) ;
#2454 = EDGE_CURVE ( 'NONE', #11270, #2327, #6435, .T. ) ;
#2455 = ORIENTED_EDGE ( 'NONE', *, *, #10350, .T. ) ;
#2456 = VECTOR ( 'NONE', #3944, 999.9999999999998863 ) ;
#2457 = CARTESIAN_POINT ( 'NONE',  ( -2.818925648462311528E-15, 2.499999999999976019, 2.255140518769849223E-14 ) ) ;
#2458 = EDGE_LOOP ( 'NONE', ( #9130, #641 ) ) ;
#2459 = ORIENTED_EDGE ( 'NONE', *, *, #5457, .T. ) ;
#2461 = CARTESIAN_POINT ( 'NONE',  ( -12.77387470582048579, 9.874999999999953815, 2.255140518769849223E-14 ) ) ;
#2460 = LINE ( 'NONE', #6179, #9523 ) ;
#2462 = LINE ( 'NONE', #10664, #6941 ) ;
#2463 = LINE ( 'NONE', #8657, #7137 ) ;
#2464 = PLANE ( 'NONE',  #1544 ) ;
#2465 = ADVANCED_FACE ( 'NONE', ( #237, #10209 ), #9317, .T. ) ;
#2466 = LINE ( 'NONE', #6068, #11263 ) ;
#2467 = ORIENTED_EDGE ( 'NONE', *, *, #9491, .F. ) ;
#2468 = VERTEX_POINT ( 'NONE', #4842 ) ;
#2469 = ORIENTED_EDGE ( 'NONE', *, *, #7057, .F. ) ;
#2470 = VERTEX_POINT ( 'NONE', #8266 ) ;
#2471 = VERTEX_POINT ( 'NONE', #1183 ) ;
#2472 = LINE ( 'NONE', #7015, #7610 ) ;
#2473 = CARTESIAN_POINT ( 'NONE',  ( 11.40266781649511785, 8.999999999999953815, 2.255140518769849223E-14 ) ) ;
#2474 = EDGE_CURVE ( 'NONE', #3748, #3803, #7369, .T. ) ;
#2475 = LINE ( 'NONE', #4963, #11286 ) ;
#2476 = DIRECTION ( 'NONE',  ( -1.000000000000000000, 0.000000000000000000, -0.000000000000000000 ) ) ;
#2477 = EDGE_LOOP ( 'NONE', ( #4879, #10724, #7913, #3119 ) ) ;
#2478 = VECTOR ( 'NONE', #2231, 1000.000000000000000 ) ;
#2479 = EDGE_CURVE ( 'NONE', #9989, #5367, #183, .T. ) ;
#2480 = VERTEX_POINT ( 'NONE', #7549 ) ;
#2481 = ORIENTED_EDGE ( 'NONE', *, *, #2474, .F. ) ;
#2482 = EDGE_CURVE ( 'NONE', #3916, #2855, #3781, .T. ) ;
#2483 = VECTOR ( 'NONE', #8251, 1000.000000000000000 ) ;
#2484 = VERTEX_POINT ( 'NONE', #2893 ) ;
#2485 = CARTESIAN_POINT ( 'NONE',  ( 1.220317949235150801, 7.500000000000020428, 20.91499999999998138 ) ) ;
#2486 = LINE ( 'NONE', #5088, #8521 ) ;
#2487 = EDGE_CURVE ( 'NONE', #7136, #1297, #4014, .T. ) ;
#2488 = CARTESIAN_POINT ( 'NONE',  ( -4.979646071760531534, -11.87499999999996447, 6.350000000000022737 ) ) ;
#2489 = EDGE_CURVE ( 'NONE', #10682, #5044, #4904, .T. ) ;
#2490 = VECTOR ( 'NONE', #7707, 1000.000000000000000 ) ;
#2491 = DIRECTION ( 'NONE',  ( -0.5000000000000001110, 0.8660254037844387076, 0.000000000000000000 ) ) ;
#2492 = VERTEX_POINT ( 'NONE', #6495 ) ;
#2493 = EDGE_CURVE ( 'NONE', #7965, #9375, #5669, .T. ) ;
#2495 = DIRECTION ( 'NONE',  ( 0.000000000000000000, 0.000000000000000000, 1.000000000000000000 ) ) ;
#2494 = DIRECTION ( 'NONE',  ( 0.8660254037844385966, -0.5000000000000001110, 0.000000000000000000 ) ) ;
#2496 = EDGE_CURVE ( 'NONE', #5662, #1065, #2010, .T. ) ;
#2497 = DIRECTION ( 'NONE',  ( 0.8660254037844385966, 0.5000000000000003331, -0.000000000000000000 ) ) ;
#2498 = EDGE_CURVE ( 'NONE', #9971, #8735, #5613, .T. ) ;
#2499 = CARTESIAN_POINT ( 'NONE',  ( 2.453738644055852625, -18.00000000000001776, 0.000000000000000000 ) ) ;
#2500 = FACE_OUTER_BOUND ( 'NONE', #11451, .T. ) ;
#2501 = VECTOR ( 'NONE', #4196, 1000.000000000000000 ) ;
#2502 = AXIS2_PLACEMENT_3D ( 'NONE', #365, #11219, #10336 ) ;
#2503 = VERTEX_POINT ( 'NONE', #2119 ) ;
#2504 = ORIENTED_EDGE ( 'NONE', *, *, #4371, .F. ) ;
#2505 = LINE ( 'NONE', #611, #1145 ) ;
#2506 = DIRECTION ( 'NONE',  ( 0.5000000000000001110, 0.8660254037844385966, 0.000000000000000000 ) ) ;
#2507 = DIRECTION ( 'NONE',  ( -0.000000000000000000, 0.000000000000000000, -1.000000000000000000 ) ) ;
#2508 = AXIS2_PLACEMENT_3D ( 'NONE', #6134, #5194, #4362 ) ;
#2509 = FACE_OUTER_BOUND ( 'NONE', #2882, .T. ) ;
#2510 = DIRECTION ( 'NONE',  ( 0.5000000000000001110, -0.8660254037844385966, 0.000000000000000000 ) ) ;
#2511 = VECTOR ( 'NONE', #3320, 1000.000000000000000 ) ;
#2512 = DIRECTION ( 'NONE',  ( 0.4999999999999997780, 0.8660254037844388186, 0.000000000000000000 ) ) ;
#2513 = PLANE ( 'NONE',  #8918 ) ;
#2514 = EDGE_LOOP ( 'NONE', ( #4166, #5560, #3988, #2665 ) ) ;
#2515 = LINE ( 'NONE', #8706, #2322 ) ;
#2516 = EDGE_LOOP ( 'NONE', ( #3559, #2828, #1011, #1442 ) ) ;
#2517 = EDGE_CURVE ( 'NONE', #11564, #6978, #10038, .T. ) ;
#2518 = EDGE_CURVE ( 'NONE', #2480, #2765, #5722, .T. ) ;
#2519 = EDGE_LOOP ( 'NONE', ( #4046, #7423, #5794 ) ) ;
#2520 = PLANE ( 'NONE',  #414 ) ;
#2521 = LINE ( 'NONE', #7060, #10503 ) ;
#2522 = ORIENTED_EDGE ( 'NONE', *, *, #10849, .F. ) ;
#2524 = DIRECTION ( 'NONE',  ( -0.5000000000000001110, -0.8660254037844385966, 0.000000000000000000 ) ) ;
#2523 = PLANE ( 'NONE',  #7074 ) ;
#2525 = CARTESIAN_POINT ( 'NONE',  ( 32.78373945817675406, 3.999999999999984457, 6.350000000000022737 ) ) ;
#2526 = CARTESIAN_POINT ( 'NONE',  ( -2.165063509461099933, 4.499999999999976907, 2.255140518769849223E-14 ) ) ;
#2527 = CARTESIAN_POINT ( 'NONE',  ( 6.423021744734603189, 11.12499999999994138, 2.255140518769849223E-14 ) ) ;
#2528 = AXIS2_PLACEMENT_3D ( 'NONE', #10881, #6169, #7054 ) ;
#2529 = CARTESIAN_POINT ( 'NONE',  ( -20.09626054182323074, 20.00000000000001776, 0.000000000000000000 ) ) ;
#2530 = ORIENTED_EDGE ( 'NONE', *, *, #8749, .T. ) ;
#2531 = VERTEX_POINT ( 'NONE', #8316 ) ;
#2532 = VECTOR ( 'NONE', #3413, 999.9999999999998863 ) ;
#2533 = ORIENTED_EDGE ( 'NONE', *, *, #1985, .T. ) ;
#2534 = EDGE_LOOP ( 'NONE', ( #10711, #7552, #7360, #8060 ) ) ;
#2535 = CARTESIAN_POINT ( 'NONE',  ( -11.40266781649512495, 2.500000000000004885, 6.350000000000022737 ) ) ;
#2536 = DIRECTION ( 'NONE',  ( 1.437200963164487406E-16, -1.000000000000000000, 0.000000000000000000 ) ) ;
#2537 = PLANE ( 'NONE',  #4276 ) ;
#2538 = LINE ( 'NONE', #2417, #5558 ) ;
#2539 = VERTEX_POINT ( 'NONE', #7429 ) ;
#2540 = ORIENTED_EDGE ( 'NONE', *, *, #4526, .F. ) ;
#2541 = EDGE_LOOP ( 'NONE', ( #11162, #8619, #5480, #11123, #9499, #11147 ) ) ;
#2542 = ORIENTED_EDGE ( 'NONE', *, *, #7680, .T. ) ;
#2543 = CARTESIAN_POINT ( 'NONE',  ( 2.886751345948128211, 6.505213034913026604E-16, 2.255140518769849223E-14 ) ) ;
#2544 = EDGE_CURVE ( 'NONE', #11666, #5874, #11145, .T. ) ;
#2545 = DIRECTION ( 'NONE',  ( 1.000000000000000000, 0.000000000000000000, 0.000000000000000000 ) ) ;
#2546 = DIRECTION ( 'NONE',  ( -0.000000000000000000, 1.000000000000000000, -0.000000000000000000 ) ) ;
#2547 = EDGE_LOOP ( 'NONE', ( #6140, #3655, #722, #9585 ) ) ;
#2548 = LINE ( 'NONE', #10576, #3690 ) ;
#2549 = LINE ( 'NONE', #9081, #4903 ) ;
#2550 = AXIS2_PLACEMENT_3D ( 'NONE', #3192, #412, #355 ) ;
#2551 = CARTESIAN_POINT ( 'NONE',  ( 12.12435565298215145, 18.49999999999993250, 2.255140518769849223E-14 ) ) ;
#2552 = AXIS2_PLACEMENT_3D ( 'NONE', #7503, #8160, #9937 ) ;
#2553 = ADVANCED_FACE ( 'NONE', ( #2954 ), #2063, .F. ) ;
#2554 = ORIENTED_EDGE ( 'NONE', *, *, #4950, .F. ) ;
#2555 = ORIENTED_EDGE ( 'NONE', *, *, #2722, .T. ) ;
#2556 = AXIS2_PLACEMENT_3D ( 'NONE', #8144, #2658, #3049 ) ;
#2557 = DIRECTION ( 'NONE',  ( 1.000000000000000000, 0.000000000000000000, 0.000000000000000000 ) ) ;
#2558 = EDGE_CURVE ( 'NONE', #9734, #10268, #2178, .T. ) ;
#2559 = DIRECTION ( 'NONE',  ( -0.000000000000000000, 0.000000000000000000, -1.000000000000000000 ) ) ;
#2560 = DIRECTION ( 'NONE',  ( 0.000000000000000000, 0.000000000000000000, 1.000000000000000000 ) ) ;
#2561 = LINE ( 'NONE', #11640, #3520 ) ;
#2562 = FACE_OUTER_BOUND ( 'NONE', #4109, .T. ) ;
#2563 = DIRECTION ( 'NONE',  ( 1.000000000000000000, 0.000000000000000000, 0.000000000000000000 ) ) ;
#2564 = DIRECTION ( 'NONE',  ( -0.8660254037844388186, 0.4999999999999998335, 0.000000000000000000 ) ) ;
#2565 = ORIENTED_EDGE ( 'NONE', *, *, #10829, .F. ) ;
#2566 = CARTESIAN_POINT ( 'NONE',  ( 9.959292143521054186, -13.99999999999995026, 2.255140518769849223E-14 ) ) ;
#2567 = VECTOR ( 'NONE', #7211, 1000.000000000000114 ) ;
#2568 = EDGE_LOOP ( 'NONE', ( #11319, #11648, #2738, #7912 ) ) ;
#2569 = EDGE_CURVE ( 'NONE', #7419, #5024, #2475, .T. ) ;
#2570 = VECTOR ( 'NONE', #4423, 1000.000000000000000 ) ;
#2571 = VERTEX_POINT ( 'NONE', #8611 ) ;
#2572 = FACE_OUTER_BOUND ( 'NONE', #11014, .T. ) ;
#2573 = LINE ( 'NONE', #3629, #6544 ) ;
#2574 = EDGE_LOOP ( 'NONE', ( #7858, #9533, #11517, #9440, #7910 ) ) ;
#2576 = DIRECTION ( 'NONE',  ( 1.000000000000000000, 0.000000000000000000, 0.000000000000000000 ) ) ;
#2575 = DIRECTION ( 'NONE',  ( -0.000000000000000000, 0.000000000000000000, -1.000000000000000000 ) ) ;
#2577 = EDGE_CURVE ( 'NONE', #10688, #3101, #4894, .T. ) ;
#2578 = PLANE ( 'NONE',  #152 ) ;
#2579 = LINE ( 'NONE', #4296, #10160 ) ;
#2580 = ADVANCED_FACE ( 'NONE', ( #6845 ), #5197, .F. ) ;
#2581 = CARTESIAN_POINT ( 'NONE',  ( 2.165063509461093272, 18.49999999999993250, 2.255140518769849223E-14 ) ) ;
#2582 = EDGE_CURVE ( 'NONE', #3972, #9599, #7723, .T. ) ;
#2583 = CARTESIAN_POINT ( 'NONE',  ( 1.443375672974060997, 14.74999999999993072, 2.255140518769849223E-14 ) ) ;
#2584 = ORIENTED_EDGE ( 'NONE', *, *, #10103, .T. ) ;
#2585 = ORIENTED_EDGE ( 'NONE', *, *, #538, .T. ) ;
#2586 = ORIENTED_EDGE ( 'NONE', *, *, #1632, .T. ) ;
#2587 = ORIENTED_EDGE ( 'NONE', *, *, #1550, .F. ) ;
#2588 = CARTESIAN_POINT ( 'NONE',  ( -7.794228634059964911, 10.24999999999995559, 2.255140518769849223E-14 ) ) ;
#2589 = AXIS2_PLACEMENT_3D ( 'NONE', #1677, #8099, #6106 ) ;
#2590 = LINE ( 'NONE', #5258, #4103 ) ;
#2591 = DIRECTION ( 'NONE',  ( -0.5000000000000001110, -0.8660254037844385966, 0.000000000000000000 ) ) ;
#2592 = DIRECTION ( 'NONE',  ( 2.279799648044648652E-15, -0.7071067811865463515, 0.7071067811865487940 ) ) ;
#2593 = VERTEX_POINT ( 'NONE', #11266 ) ;
#2594 = VECTOR ( 'NONE', #585, 1000.000000000000000 ) ;
#2595 = ORIENTED_EDGE ( 'NONE', *, *, #2066, .T. ) ;
#2596 = ORIENTED_EDGE ( 'NONE', *, *, #10566, .F. ) ;
#2597 = ORIENTED_EDGE ( 'NONE', *, *, #6594, .F. ) ;
#2598 = VECTOR ( 'NONE', #10492, 1000.000000000000000 ) ;
#2599 = EDGE_CURVE ( 'NONE', #297, #1725, #11326, .T. ) ;
#2600 = VECTOR ( 'NONE', #11251, 1000.000000000000000 ) ;
#2601 = CARTESIAN_POINT ( 'NONE',  ( -7.072540797572933080, 4.553649124439118623E-15, 6.350000000000022737 ) ) ;
#2602 = LINE ( 'NONE', #8623, #1369 ) ;
#2603 = DIRECTION ( 'NONE',  ( 0.8660254037844385966, -0.5000000000000001110, 0.000000000000000000 ) ) ;
#2604 = DIRECTION ( 'NONE',  ( -0.5000000000000001110, -0.8660254037844385966, 0.000000000000000000 ) ) ;
#2605 = LINE ( 'NONE', #8803, #1227 ) ;
#2606 = ORIENTED_EDGE ( 'NONE', *, *, #10500, .F. ) ;
#2607 = DIRECTION ( 'NONE',  ( -1.000000000000000000, 0.000000000000000000, 0.000000000000000000 ) ) ;
#2608 = FACE_OUTER_BOUND ( 'NONE', #7307, .T. ) ;
#2609 = VECTOR ( 'NONE', #1964, 1000.000000000000114 ) ;
#2610 = VERTEX_POINT ( 'NONE', #3191 ) ;
#2611 = ORIENTED_EDGE ( 'NONE', *, *, #11238, .F. ) ;
#2612 = VECTOR ( 'NONE', #1808, 1000.000000000000000 ) ;
#2613 = FACE_OUTER_BOUND ( 'NONE', #290, .T. ) ;
#2614 = CARTESIAN_POINT ( 'NONE',  ( 8.515916470546990524, 8.999999999999953815, 2.255140518769849223E-14 ) ) ;
#2615 = LINE ( 'NONE', #3452, #8238 ) ;
#2616 = CARTESIAN_POINT ( 'NONE',  ( 1.220317949235080635, 7.500000000000020428, 37.88500000000002643 ) ) ;
#2617 = VECTOR ( 'NONE', #8466, 1000.000000000000000 ) ;
#2619 = DIRECTION ( 'NONE',  ( -0.8660254037844385966, -0.5000000000000001110, 0.000000000000000000 ) ) ;
#2618 = DIRECTION ( 'NONE',  ( 1.000000000000000000, 0.000000000000000000, 0.000000000000000000 ) ) ;
#2620 = DIRECTION ( 'NONE',  ( 0.8660254037844388186, -0.4999999999999997780, 0.000000000000000000 ) ) ;
#2621 = DIRECTION ( 'NONE',  ( -0.000000000000000000, 0.000000000000000000, 1.000000000000000000 ) ) ;
#2622 = ORIENTED_EDGE ( 'NONE', *, *, #10920, .T. ) ;
#2623 = CARTESIAN_POINT ( 'NONE',  ( 2.165063509461096825, -1.249999999999999112, 2.255140518769849223E-14 ) ) ;
#2624 = EDGE_CURVE ( 'NONE', #3639, #10604, #9561, .T. ) ;
#2625 = VERTEX_POINT ( 'NONE', #1418 ) ;
#2626 = ADVANCED_FACE ( 'NONE', ( #5137 ), #8730, .F. ) ;
#2627 = VERTEX_POINT ( 'NONE', #646 ) ;
#2628 = CARTESIAN_POINT ( 'NONE',  ( -2.092894725812403323, -8.624999999999962697, 2.255140518769849223E-14 ) ) ;
#2629 = CARTESIAN_POINT ( 'NONE',  ( 1.220317949234429156, 7.500000000000017764, 42.15000000000003411 ) ) ;
#2631 = DIRECTION ( 'NONE',  ( 0.000000000000000000, 0.000000000000000000, 1.000000000000000000 ) ) ;
#2630 = DIRECTION ( 'NONE',  ( -0.000000000000000000, 0.000000000000000000, 1.000000000000000000 ) ) ;
#2632 = ADVANCED_FACE ( 'NONE', ( #5842, #8668, #4249, #3372, #710, #4309 ), #7908, .T. ) ;
#2633 = PLANE ( 'NONE',  #7494 ) ;
#2634 = ADVANCED_FACE ( 'NONE', ( #1360 ), #6964, .T. ) ;
#2635 = PLANE ( 'NONE',  #2422 ) ;
#2636 = ADVANCED_FACE ( 'NONE', ( #2355 ), #6786, .F. ) ;
#2637 = ADVANCED_FACE ( 'NONE', ( #10384 ), #11388, .F. ) ;
#2638 = CARTESIAN_POINT ( 'NONE',  ( 12.05218686933345573, -8.624999999999962697, 6.350000000000022737 ) ) ;
#2639 = ORIENTED_EDGE ( 'NONE', *, *, #11119, .F. ) ;
#2640 = ORIENTED_EDGE ( 'NONE', *, *, #10851, .F. ) ;
#2641 = AXIS2_PLACEMENT_3D ( 'NONE', #4715, #226, #11194 ) ;
#2642 = VECTOR ( 'NONE', #4033, 1000.000000000000114 ) ;
#2643 = ADVANCED_FACE ( 'NONE', ( #5022 ), #526, .F. ) ;
#2644 = ORIENTED_EDGE ( 'NONE', *, *, #4740, .T. ) ;
#2645 = EDGE_CURVE ( 'NONE', #1910, #6547, #2415, .T. ) ;
#2646 = ORIENTED_EDGE ( 'NONE', *, *, #7612, .T. ) ;
#2647 = LINE ( 'NONE', #2588, #431 ) ;
#2648 = DIRECTION ( 'NONE',  ( -0.5000000000000002220, 0.8660254037844384856, 0.000000000000000000 ) ) ;
#2649 = AXIS2_PLACEMENT_3D ( 'NONE', #11469, #3334, #4273 ) ;
#2650 = CARTESIAN_POINT ( 'NONE',  ( -30.79146613135289101, -30.00000000000002132, 6.350000000000022737 ) ) ;
#2651 = DIRECTION ( 'NONE',  ( 0.5000000000000001110, -0.8660254037844385966, 0.000000000000000000 ) ) ;
#2652 = ORIENTED_EDGE ( 'NONE', *, *, #10060, .T. ) ;
#2653 = ORIENTED_EDGE ( 'NONE', *, *, #6028, .T. ) ;
#2654 = EDGE_LOOP ( 'NONE', ( #1480, #6847 ) ) ;
#2655 = EDGE_LOOP ( 'NONE', ( #1134, #6269, #5654, #9660 ) ) ;
#2656 = VERTEX_POINT ( 'NONE', #5424 ) ;
#2657 = DIRECTION ( 'NONE',  ( -0.5000000000000001110, -0.8660254037844385966, 0.000000000000000000 ) ) ;
#2658 = DIRECTION ( 'NONE',  ( 0.8660254037844385966, 0.5000000000000003331, -0.000000000000000000 ) ) ;
#2659 = FACE_OUTER_BOUND ( 'NONE', #4243, .T. ) ;
#2660 = FACE_OUTER_BOUND ( 'NONE', #902, .T. ) ;
#2661 = DIRECTION ( 'NONE',  ( -1.000000000000000000, -4.003208021484940511E-16, 0.000000000000000000 ) ) ;
#2662 = EDGE_LOOP ( 'NONE', ( #5481, #7161, #3214, #5837, #9325, #9054 ) ) ;
#2663 = CYLINDRICAL_SURFACE ( 'NONE', #3512, 2.550000000000000266 ) ;
#2664 = DIRECTION ( 'NONE',  ( 0.000000000000000000, 0.000000000000000000, 1.000000000000000000 ) ) ;
#2665 = ORIENTED_EDGE ( 'NONE', *, *, #9730, .F. ) ;
#2666 = ORIENTED_EDGE ( 'NONE', *, *, #1575, .F. ) ;
#2667 = VECTOR ( 'NONE', #8364, 1000.000000000000000 ) ;
#2668 = DIRECTION ( 'NONE',  ( 1.000000000000000000, 0.000000000000000000, 0.000000000000000000 ) ) ;
#2669 = CARTESIAN_POINT ( 'NONE',  ( -7.794228634059957805, -15.99999999999994138, 6.350000000000022737 ) ) ;
#2670 = DIRECTION ( 'NONE',  ( -0.000000000000000000, 0.000000000000000000, -1.000000000000000000 ) ) ;
#2671 = FACE_OUTER_BOUND ( 'NONE', #1511, .T. ) ;
#2673 = DIRECTION ( 'NONE',  ( 1.000000000000000000, 0.000000000000000000, 0.000000000000000000 ) ) ;
#2672 = DIRECTION ( 'NONE',  ( 0.4999999999999997224, 0.8660254037844387076, 0.000000000000000000 ) ) ;
#2674 = LINE ( 'NONE', #8104, #8083 ) ;
#2675 = DIRECTION ( 'NONE',  ( 1.000000000000000000, 0.000000000000000000, 0.000000000000000000 ) ) ;
#2676 = EDGE_LOOP ( 'NONE', ( #855, #4729, #5358, #6083, #244, #7265 ) ) ;
#2677 = VECTOR ( 'NONE', #10832, 1000.000000000000000 ) ;
#2678 = DIRECTION ( 'NONE',  ( 0.000000000000000000, -1.000000000000000000, 0.000000000000000000 ) ) ;
#2679 = VECTOR ( 'NONE', #2797, 1000.000000000000000 ) ;
#2680 = ORIENTED_EDGE ( 'NONE', *, *, #7384, .F. ) ;
#2681 = ORIENTED_EDGE ( 'NONE', *, *, #1704, .T. ) ;
#2682 = AXIS2_PLACEMENT_3D ( 'NONE', #6204, #6973, #4321 ) ;
#2683 = CARTESIAN_POINT ( 'NONE',  ( -6.423021744734610294, 11.12499999999994138, 6.350000000000022737 ) ) ;
#2684 = LINE ( 'NONE', #7941, #2392 ) ;
#2685 = AXIS2_PLACEMENT_3D ( 'NONE', #5280, #8872, #7984 ) ;
#2687 = CARTESIAN_POINT ( 'NONE',  ( 12.77387470582047868, -7.374999999999974243, 2.255140518769849223E-14 ) ) ;
#2686 = LINE ( 'NONE', #8886, #4442 ) ;
#2688 = CARTESIAN_POINT ( 'NONE',  ( 32.78373945817675406, 0.000000000000000000, 6.350000000000022737 ) ) ;
#2689 = EDGE_CURVE ( 'NONE', #8417, #4713, #10840, .T. ) ;
#2690 = DIRECTION ( 'NONE',  ( 0.000000000000000000, 0.000000000000000000, 1.000000000000000000 ) ) ;
#2691 = FACE_OUTER_BOUND ( 'NONE', #6458, .T. ) ;
#2692 = ORIENTED_EDGE ( 'NONE', *, *, #8199, .T. ) ;
#2693 = VECTOR ( 'NONE', #1390, 1000.000000000000000 ) ;
#2694 = EDGE_CURVE ( 'NONE', #9628, #4691, #8077, .T. ) ;
#2695 = EDGE_CURVE ( 'NONE', #3892, #5478, #10620, .T. ) ;
#2696 = ORIENTED_EDGE ( 'NONE', *, *, #5939, .F. ) ;
#2697 = VERTEX_POINT ( 'NONE', #6195 ) ;
#2698 = DIRECTION ( 'NONE',  ( 0.000000000000000000, 0.000000000000000000, 1.000000000000000000 ) ) ;
#2699 = EDGE_CURVE ( 'NONE', #7814, #2471, #2760, .T. ) ;
#2700 = VECTOR ( 'NONE', #4517, 1000.000000000000114 ) ;
#2701 = CARTESIAN_POINT ( 'NONE',  ( 12.05218686933345218, 8.624999999999962697, 2.255140518769849223E-14 ) ) ;
#2702 = LINE ( 'NONE', #9905, #8601 ) ;
#2703 = DIRECTION ( 'NONE',  ( 0.8660254037844385966, 0.5000000000000003331, -0.000000000000000000 ) ) ;
#2704 = ORIENTED_EDGE ( 'NONE', *, *, #417, .F. ) ;
#2705 = CARTESIAN_POINT ( 'NONE',  ( -30.34310355970659856, -21.50000000000003197, -3.649999999999977707 ) ) ;
#2706 = EDGE_LOOP ( 'NONE', ( #1410, #5561, #9522, #3378 ) ) ;
#2707 = EDGE_LOOP ( 'NONE', ( #7279, #11258, #3727, #6387 ) ) ;
#2708 = VECTOR ( 'NONE', #10549, 1000.000000000000000 ) ;
#2709 = ORIENTED_EDGE ( 'NONE', *, *, #11575, .F. ) ;
#2710 = ADVANCED_FACE ( 'NONE', ( #6362 ), #7131, .T. ) ;
#2711 = ORIENTED_EDGE ( 'NONE', *, *, #2498, .T. ) ;
#2712 = PLANE ( 'NONE',  #5331 ) ;
#2713 = CARTESIAN_POINT ( 'NONE',  ( -4.979646071760531534, 5.374999999999964473, 6.350000000000022737 ) ) ;
#2714 = CARTESIAN_POINT ( 'NONE',  ( 9.959292143521054186, 13.99999999999993072, 6.350000000000022737 ) ) ;
#2715 = LINE ( 'NONE', #4379, #1515 ) ;
#2716 = VECTOR ( 'NONE', #11160, 1000.000000000000000 ) ;
#2717 = CARTESIAN_POINT ( 'NONE',  ( -12.12435565298215856, -10.24999999999995204, 2.255140518769849223E-14 ) ) ;
#2718 = ORIENTED_EDGE ( 'NONE', *, *, #1205, .F. ) ;
#2719 = ADVANCED_FACE ( 'NONE', ( #10730 ), #9852, .F. ) ;
#2720 = FILL_AREA_STYLE_COLOUR ( '', #869 ) ;
#2721 = LINE ( 'NONE', #8484, #2090 ) ;
#2722 = EDGE_CURVE ( 'NONE', #10185, #85, #10111, .T. ) ;
#2723 = ADVANCED_FACE ( 'NONE', ( #938 ), #2537, .F. ) ;
#2724 = EDGE_LOOP ( 'NONE', ( #2185, #11097, #10928, #7246 ) ) ;
#2725 = EDGE_LOOP ( 'NONE', ( #8305, #6268, #6226, #6940 ) ) ;
#2726 = CARTESIAN_POINT ( 'NONE',  ( 3.283739458176754056, 27.69999999999997442, 6.350000000000022737 ) ) ;
#2727 = LINE ( 'NONE', #4561, #804 ) ;
#2728 = CARTESIAN_POINT ( 'NONE',  ( 12.84604348946918151, -17.24999999999992895, 2.255140518769849223E-14 ) ) ;
#2729 = FACE_OUTER_BOUND ( 'NONE', #10206, .T. ) ;
#2730 = AXIS2_PLACEMENT_3D ( 'NONE', #1603, #3494, #11458 ) ;
#2732 = CARTESIAN_POINT ( 'NONE',  ( 20.78373945817676827, 20.00000000000001776, 6.350000000000022737 ) ) ;
#2731 = CARTESIAN_POINT ( 'NONE',  ( 12.84604348946917796, 5.749999999999977796, 2.255140518769849223E-14 ) ) ;
#2733 = LINE ( 'NONE', #10813, #7326 ) ;
#2734 = AXIS2_PLACEMENT_3D ( 'NONE', #4927, #7750, #8517 ) ;
#2735 = CYLINDRICAL_SURFACE ( 'NONE', #6830, 3.700000000000001954 ) ;
#2736 = ORIENTED_EDGE ( 'NONE', *, *, #9844, .F. ) ;
#2737 = DIRECTION ( 'NONE',  ( -0.000000000000000000, 0.000000000000000000, 1.000000000000000000 ) ) ;
#2738 = ORIENTED_EDGE ( 'NONE', *, *, #1824, .F. ) ;
#2739 = VECTOR ( 'NONE', #4524, 1000.000000000000000 ) ;
#2740 = ORIENTED_EDGE ( 'NONE', *, *, #8400, .T. ) ;
#2741 = AXIS2_PLACEMENT_3D ( 'NONE', #11243, #7639, #10362 ) ;
#2742 = AXIS2_PLACEMENT_3D ( 'NONE', #4686, #3740, #7333 ) ;
#2743 = DIRECTION ( 'NONE',  ( 0.4999999999999997224, 0.8660254037844387076, 0.000000000000000000 ) ) ;
#2744 = CARTESIAN_POINT ( 'NONE',  ( 0.000000000000000000, -3.250000000000001332, 6.350000000000022737 ) ) ;
#2746 = DIRECTION ( 'NONE',  ( 1.000000000000000000, 0.000000000000000000, 0.000000000000000000 ) ) ;
#2745 = CARTESIAN_POINT ( 'NONE',  ( 7.144709581221622585, 13.12499999999994316, 2.255140518769849223E-14 ) ) ;
#2747 = DIRECTION ( 'NONE',  ( 0.5000000000000001110, -0.8660254037844385966, 0.000000000000000000 ) ) ;
#2748 = CARTESIAN_POINT ( 'NONE',  ( -2.165063509461103486, 10.24999999999995381, 2.255140518769849223E-14 ) ) ;
#2749 = AXIS2_PLACEMENT_3D ( 'NONE', #4623, #8158, #1961 ) ;
#2750 = CARTESIAN_POINT ( 'NONE',  ( 7.368161339686235323, 34.17780897597563694, 3.350000000000019629 ) ) ;
#2751 = ORIENTED_EDGE ( 'NONE', *, *, #3433, .T. ) ;
#2752 = ORIENTED_EDGE ( 'NONE', *, *, #2518, .T. ) ;
#2753 = EDGE_CURVE ( 'NONE', #6910, #6642, #3648, .T. ) ;
#2754 = CARTESIAN_POINT ( 'NONE',  ( -7.866397417708659745, -14.37499999999993960, 2.255140518769849223E-14 ) ) ;
#2755 = ORIENTED_EDGE ( 'NONE', *, *, #9401, .T. ) ;
#2756 = ORIENTED_EDGE ( 'NONE', *, *, #2938, .F. ) ;
#2757 = CARTESIAN_POINT ( 'NONE',  ( -16.39626054182322790, -20.00000000000001776, 0.000000000000000000 ) ) ;
#2758 = AXIS2_PLACEMENT_3D ( 'NONE', #1707, #8904, #821 ) ;
#2759 = CARTESIAN_POINT ( 'NONE',  ( -8.515916470546983419, 8.249999999999953815, 6.350000000000022737 ) ) ;
#2760 = LINE ( 'NONE', #2650, #1068 ) ;
#2761 = DIRECTION ( 'NONE',  ( 1.000000000000000000, 0.000000000000000000, 0.000000000000000000 ) ) ;
#2762 = ORIENTED_EDGE ( 'NONE', *, *, #1181, .T. ) ;
#2763 = PLANE ( 'NONE',  #8139 ) ;
#2764 = PLANE ( 'NONE',  #6039 ) ;
#2765 = VERTEX_POINT ( 'NONE', #4599 ) ;
#2766 = ORIENTED_EDGE ( 'NONE', *, *, #2582, .T. ) ;
#2767 = ORIENTED_EDGE ( 'NONE', *, *, #841, .T. ) ;
#2768 = ADVANCED_FACE ( 'NONE', ( #9017 ), #11503, .F. ) ;
#2769 = EDGE_CURVE ( 'NONE', #1725, #2989, #3425, .T. ) ;
#2770 = ORIENTED_EDGE ( 'NONE', *, *, #6909, .T. ) ;
#2771 = VECTOR ( 'NONE', #7047, 1000.000000000000000 ) ;
#2772 = CARTESIAN_POINT ( 'NONE',  ( 13.03373945817677004, 1.174901045822601242, 6.350000000000022737 ) ) ;
#2773 = DIRECTION ( 'NONE',  ( -0.8660254037844385966, -0.5000000000000001110, 0.000000000000000000 ) ) ;
#2774 = DIRECTION ( 'NONE',  ( 0.000000000000000000, 0.000000000000000000, -1.000000000000000000 ) ) ;
#2775 = AXIS2_PLACEMENT_3D ( 'NONE', #4323, #949, #4550 ) ;
#2776 = FACE_BOUND ( 'NONE', #3733, .T. ) ;
#2777 = EDGE_LOOP ( 'NONE', ( #6033, #4825, #8010, #6316, #1158, #3989 ) ) ;
#2778 = EDGE_CURVE ( 'NONE', #1881, #7615, #6303, .T. ) ;
#2779 = EDGE_CURVE ( 'NONE', #9541, #4803, #4364, .T. ) ;
#2780 = DIRECTION ( 'NONE',  ( 0.000000000000000000, 0.000000000000000000, 1.000000000000000000 ) ) ;
#2781 = ORIENTED_EDGE ( 'NONE', *, *, #9353, .F. ) ;
#2782 = EDGE_CURVE ( 'NONE', #9257, #2275, #4481, .T. ) ;
#2783 = CONICAL_SURFACE ( 'NONE', #5059, 3.700000000000001954, 0.7853981633974485010 ) ;
#2784 = ADVANCED_FACE ( 'NONE', ( #5312 ), #7077, .F. ) ;
#2785 = ORIENTED_EDGE ( 'NONE', *, *, #7384, .T. ) ;
#2786 = VERTEX_POINT ( 'NONE', #11670 ) ;
#2787 = CARTESIAN_POINT ( 'NONE',  ( -30.34310355970659501, -12.50000000000001776, 6.350000000000022737 ) ) ;
#2788 = LINE ( 'NONE', #8156, #3631 ) ;
#2789 = EDGE_CURVE ( 'NONE', #4355, #1514, #3595, .T. ) ;
#2790 = EDGE_CURVE ( 'NONE', #4182, #10632, #2702, .T. ) ;
#2791 = CARTESIAN_POINT ( 'NONE',  ( 20.78373945817676827, 20.00000000000001776, 4.350000000000027178 ) ) ;
#2792 = ORIENTED_EDGE ( 'NONE', *, *, #4862, .F. ) ;
#2794 = LINE ( 'NONE', #10052, #2609 ) ;
#2793 = FACE_BOUND ( 'NONE', #4570, .T. ) ;
#2795 = LINE ( 'NONE', #3680, #176 ) ;
#2796 = AXIS2_PLACEMENT_3D ( 'NONE', #8628, #11103, #10285 ) ;
#2797 = DIRECTION ( 'NONE',  ( 0.5000000000000001110, -0.8660254037844385966, 0.000000000000000000 ) ) ;
#2798 = ORIENTED_EDGE ( 'NONE', *, *, #9148, .F. ) ;
#2799 = CARTESIAN_POINT ( 'NONE',  ( -11.40266781649512673, -3.249999999999972911, 2.255140518769849223E-14 ) ) ;
#2800 = ORIENTED_EDGE ( 'NONE', *, *, #10498, .F. ) ;
#2801 = VECTOR ( 'NONE', #11547, 1000.000000000000000 ) ;
#2802 = ORIENTED_EDGE ( 'NONE', *, *, #11345, .F. ) ;
#2803 = VECTOR ( 'NONE', #7921, 1000.000000000000000 ) ;
#2804 = CARTESIAN_POINT ( 'NONE',  ( 13.03373945817676294, 18.00000000000001421, 6.350000000000022737 ) ) ;
#2805 = CARTESIAN_POINT ( 'NONE',  ( -7.072540797572936633, 17.24999999999993250, 6.350000000000022737 ) ) ;
#2807 = DIRECTION ( 'NONE',  ( 0.000000000000000000, 0.000000000000000000, -1.000000000000000000 ) ) ;
#2806 = DIRECTION ( 'NONE',  ( 0.000000000000000000, 0.000000000000000000, 1.000000000000000000 ) ) ;
#2808 = CARTESIAN_POINT ( 'NONE',  ( 2.814582562299429380, -4.124999999999986677, 2.255140518769849223E-14 ) ) ;
#2809 = AXIS2_PLACEMENT_3D ( 'NONE', #5040, #310, #9458 ) ;
#2810 = LINE ( 'NONE', #266, #8269 ) ;
#2811 = LINE ( 'NONE', #2151, #7514 ) ;
#2812 = DIRECTION ( 'NONE',  ( 1.000000000000000000, 2.155801444746731110E-16, 0.000000000000000000 ) ) ;
#2813 = AXIS2_PLACEMENT_3D ( 'NONE', #11287, #1553, #2315 ) ;
#2814 = ORIENTED_EDGE ( 'NONE', *, *, #7056, .F. ) ;
#2815 = ORIENTED_EDGE ( 'NONE', *, *, #462, .T. ) ;
#2816 = CARTESIAN_POINT ( 'NONE',  ( -21.84310355970654172, -3.999999999999984457, 55.35000000000005116 ) ) ;
#2817 = ORIENTED_EDGE ( 'NONE', *, *, #6172, .T. ) ;
#2818 = EDGE_LOOP ( 'NONE', ( #919, #1740, #3156, #7180 ) ) ;
#2819 = DIRECTION ( 'NONE',  ( 0.000000000000000000, -0.000000000000000000, -1.000000000000000000 ) ) ;
#2820 = EDGE_CURVE ( 'NONE', #6488, #1499, #9137, .T. ) ;
#2821 = CARTESIAN_POINT ( 'NONE',  ( 13.03373945817676294, 18.00000000000001421, 6.350000000000022737 ) ) ;
#2822 = FACE_OUTER_BOUND ( 'NONE', #4093, .T. ) ;
#2823 = FACE_OUTER_BOUND ( 'NONE', #8634, .T. ) ;
#2824 = ORIENTED_EDGE ( 'NONE', *, *, #10263, .F. ) ;
#2825 = LINE ( 'NONE', #2106, #11526 ) ;
#2826 = LINE ( 'NONE', #11522, #4716 ) ;
#2827 = VECTOR ( 'NONE', #4857, 1000.000000000000000 ) ;
#2828 = ORIENTED_EDGE ( 'NONE', *, *, #7176, .T. ) ;
#2829 = ORIENTED_EDGE ( 'NONE', *, *, #4133, .F. ) ;
#2830 = EDGE_LOOP ( 'NONE', ( #4742, #6517, #2906, #1187 ) ) ;
#2831 = ORIENTED_EDGE ( 'NONE', *, *, #6445, .F. ) ;
#2832 = VECTOR ( 'NONE', #10695, 1000.000000000000000 ) ;
#2833 = PLANE ( 'NONE',  #615 ) ;
#2834 = CARTESIAN_POINT ( 'NONE',  ( -7.505553499465207778, -18.00000000000002132, 0.000000000000000000 ) ) ;
#2835 = CARTESIAN_POINT ( 'NONE',  ( 11.40266781649511252, 8.249999999999978684, 6.350000000000022737 ) ) ;
#2836 = FACE_BOUND ( 'NONE', #4094, .T. ) ;
#2837 = EDGE_LOOP ( 'NONE', ( #144, #9497, #8225, #5730 ) ) ;
#2838 = EDGE_CURVE ( 'NONE', #2470, #5192, #4656, .T. ) ;
#2839 = ORIENTED_EDGE ( 'NONE', *, *, #6014, .T. ) ;
#2840 = EDGE_CURVE ( 'NONE', #6959, #8882, #1446, .T. ) ;
#2841 = ORIENTED_EDGE ( 'NONE', *, *, #666, .F. ) ;
#2842 = VERTEX_POINT ( 'NONE', #10194 ) ;
#2843 = EDGE_CURVE ( 'NONE', #9685, #5012, #10251, .T. ) ;
#2844 = CARTESIAN_POINT ( 'NONE',  ( -6.423021744734596084, -11.12499999999996270, 6.350000000000022737 ) ) ;
#2845 = ADVANCED_FACE ( 'NONE', ( #5652 ), #10025, .F. ) ;
#2846 = CARTESIAN_POINT ( 'NONE',  ( -7.144709581221635908, -13.12499999999995204, 6.350000000000022737 ) ) ;
#2847 = EDGE_CURVE ( 'NONE', #3105, #5854, #168, .T. ) ;
#2848 = FACE_OUTER_BOUND ( 'NONE', #3984, .T. ) ;
#2849 = ORIENTED_EDGE ( 'NONE', *, *, #4441, .F. ) ;
#2850 = EDGE_CURVE ( 'NONE', #7542, #1076, #9366, .T. ) ;
#2852 = DIRECTION ( 'NONE',  ( -1.000000000000000000, -4.003208021484940511E-16, 0.000000000000000000 ) ) ;
#2851 = CARTESIAN_POINT ( 'NONE',  ( 13.03373945817676294, 18.00000000000001421, 6.350000000000022737 ) ) ;
#2853 = FACE_OUTER_BOUND ( 'NONE', #3577, .T. ) ;
#2854 = DIRECTION ( 'NONE',  ( 0.000000000000000000, -0.000000000000000000, -1.000000000000000000 ) ) ;
#2855 = VERTEX_POINT ( 'NONE', #6595 ) ;
#2856 = DIRECTION ( 'NONE',  ( 0.5000000000000001110, -0.8660254037844385966, 0.000000000000000000 ) ) ;
#2857 = VERTEX_POINT ( 'NONE', #1937 ) ;
#2858 = VECTOR ( 'NONE', #2944, 1000.000000000000000 ) ;
#2859 = ORIENTED_EDGE ( 'NONE', *, *, #6192, .T. ) ;
#2860 = CARTESIAN_POINT ( 'NONE',  ( 3.536270398786462099, -11.12499999999996092, 2.255140518769849223E-14 ) ) ;
#2861 = CARTESIAN_POINT ( 'NONE',  ( 3.536270398786458102, 6.124999999999965361, 6.350000000000022737 ) ) ;
#2863 = PLANE ( 'NONE',  #10445 ) ;
#2862 = FACE_OUTER_BOUND ( 'NONE', #9612, .T. ) ;
#2864 = CARTESIAN_POINT ( 'NONE',  ( 6.423021744734603189, -0.3750000000000124900, 2.255140518769849223E-14 ) ) ;
#2865 = VECTOR ( 'NONE', #10235, 999.9999999999998863 ) ;
#2866 = DIRECTION ( 'NONE',  ( 0.5000000000000001110, 0.8660254037844385966, 0.000000000000000000 ) ) ;
#2867 = CARTESIAN_POINT ( 'NONE',  ( -1.443375672974067880, 19.74999999999993605, 6.350000000000022737 ) ) ;
#2868 = VECTOR ( 'NONE', #2675, 1000.000000000000000 ) ;
#2869 = LINE ( 'NONE', #8350, #5009 ) ;
#2870 = EDGE_CURVE ( 'NONE', #6073, #11392, #6483, .T. ) ;
#2871 = VERTEX_POINT ( 'NONE', #5708 ) ;
#2872 = EDGE_CURVE ( 'NONE', #9857, #7080, #1288, .T. ) ;
#2873 = STYLED_ITEM ( 'NONE', ( #1773 ), #4978 ) ;
#2874 = VECTOR ( 'NONE', #11637, 1000.000000000000000 ) ;
#2875 = CARTESIAN_POINT ( 'NONE',  ( -7.144709581221628802, -9.874999999999964473, 2.255140518769849223E-14 ) ) ;
#2876 = VERTEX_POINT ( 'NONE', #9247 ) ;
#2877 = ORIENTED_EDGE ( 'NONE', *, *, #2753, .F. ) ;
#2878 = DIRECTION ( 'NONE',  ( 0.000000000000000000, 0.000000000000000000, 1.000000000000000000 ) ) ;
#2879 = CARTESIAN_POINT ( 'NONE',  ( 4.979646071760522652, 5.374999999999964473, 6.350000000000022737 ) ) ;
#2880 = LINE ( 'NONE', #1996, #11436 ) ;
#2881 = CARTESIAN_POINT ( 'NONE',  ( -1.443375672974066992, -13.99999999999995204, 2.255140518769849223E-14 ) ) ;
#2882 = EDGE_LOOP ( 'NONE', ( #1, #7966, #6998, #8633 ) ) ;
#2883 = CARTESIAN_POINT ( 'NONE',  ( -30.34310355970659856, 12.50000000000001776, 6.350000000000022737 ) ) ;
#2884 = CARTESIAN_POINT ( 'NONE',  ( -12.12435565298215856, 12.74999999999995381, 6.350000000000022737 ) ) ;
#2885 = EDGE_LOOP ( 'NONE', ( #4232, #5420, #10329, #4876, #9596, #754 ) ) ;
#2886 = ORIENTED_EDGE ( 'NONE', *, *, #7373, .F. ) ;
#2887 = VECTOR ( 'NONE', #6053, 1000.000000000000000 ) ;
#2888 = ORIENTED_EDGE ( 'NONE', *, *, #2482, .T. ) ;
#2889 = VECTOR ( 'NONE', #2972, 1000.000000000000114 ) ;
#2890 = ORIENTED_EDGE ( 'NONE', *, *, #3576, .T. ) ;
#2891 = DIRECTION ( 'NONE',  ( -1.000000000000000000, 0.000000000000000000, 0.000000000000000000 ) ) ;
#2892 = DIRECTION ( 'NONE',  ( -0.000000000000000000, 1.000000000000000000, -0.000000000000000000 ) ) ;
#2893 = CARTESIAN_POINT ( 'NONE',  ( 11.40266781649511252, 8.249999999999978684, 2.255140518769849223E-14 ) ) ;
#2894 = FACE_BOUND ( 'NONE', #2541, .T. ) ;
#2895 = VERTEX_POINT ( 'NONE', #6540 ) ;
#2896 =( NAMED_UNIT ( * ) SI_UNIT ( $, .STERADIAN. ) SOLID_ANGLE_UNIT ( ) );
#2897 = AXIS2_PLACEMENT_3D ( 'NONE', #10138, #2878, #11015 ) ;
#2898 = ORIENTED_EDGE ( 'NONE', *, *, #8112, .T. ) ;
#2899 = VERTEX_POINT ( 'NONE', #1167 ) ;
#2900 = ORIENTED_EDGE ( 'NONE', *, *, #4133, .T. ) ;
#2901 = AXIS2_PLACEMENT_3D ( 'NONE', #7171, #8291, #210 ) ;
#2902 = ADVANCED_FACE ( 'NONE', ( #6424 ), #5541, .T. ) ;
#2903 = LINE ( 'NONE', #135, #1366 ) ;
#2904 = LINE ( 'NONE', #8217, #5892 ) ;
#2905 = DIRECTION ( 'NONE',  ( 0.8660254037844388186, -0.4999999999999997780, 0.000000000000000000 ) ) ;
#2906 = ORIENTED_EDGE ( 'NONE', *, *, #3995, .T. ) ;
#2908 = CARTESIAN_POINT ( 'NONE',  ( 13.03373945817676649, 6.924901045822577039, -3.649999999999986589 ) ) ;
#2907 = DIRECTION ( 'NONE',  ( 0.000000000000000000, 0.000000000000000000, 1.000000000000000000 ) ) ;
#2909 = CARTESIAN_POINT ( 'NONE',  ( 12.84604348946918151, 17.24999999999993250, 6.350000000000022737 ) ) ;
#2910 = CYLINDRICAL_SURFACE ( 'NONE', #798, 1.750000000000001554 ) ;
#2911 = ORIENTED_EDGE ( 'NONE', *, *, #7924, .T. ) ;
#2912 = EDGE_CURVE ( 'NONE', #5249, #2492, #280, .T. ) ;
#2913 = DIRECTION ( 'NONE',  ( 1.000000000000000000, 0.000000000000000000, 0.000000000000000000 ) ) ;
#2914 = EDGE_CURVE ( 'NONE', #8735, #7112, #10142, .T. ) ;
#2915 = ORIENTED_EDGE ( 'NONE', *, *, #1421, .T. ) ;
#2916 = AXIS2_PLACEMENT_3D ( 'NONE', #5554, #8317, #9980 ) ;
#2917 = CARTESIAN_POINT ( 'NONE',  ( -30.34310355970659856, -21.50000000000003197, 6.350000000000022737 ) ) ;
#2918 = CARTESIAN_POINT ( 'NONE',  ( -4.979646071760531534, -16.87499999999994316, 6.350000000000022737 ) ) ;
#2919 = CARTESIAN_POINT ( 'NONE',  ( -11.40266781649512495, 3.249999999999978240, 2.255140518769849223E-14 ) ) ;
#2920 = CARTESIAN_POINT ( 'NONE',  ( -12.96626054182323173, 0.000000000000000000, 0.000000000000000000 ) ) ;
#2921 = DIRECTION ( 'NONE',  ( 0.000000000000000000, 0.000000000000000000, 1.000000000000000000 ) ) ;
#2922 = CARTESIAN_POINT ( 'NONE',  ( 32.78373945817675406, 3.999999999999984457, 46.84999999999998721 ) ) ;
#2923 = CARTESIAN_POINT ( 'NONE',  ( 4.979646071760526205, 17.62499999999994671, 6.350000000000022737 ) ) ;
#2924 = VECTOR ( 'NONE', #1746, 999.9999999999998863 ) ;
#2925 = ADVANCED_FACE ( 'NONE', ( #7476 ), #2999, .F. ) ;
#2926 = VERTEX_POINT ( 'NONE', #10902 ) ;
#2927 = VECTOR ( 'NONE', #4646, 1000.000000000000000 ) ;
#2928 = VECTOR ( 'NONE', #4831, 1000.000000000000000 ) ;
#2929 = ORIENTED_EDGE ( 'NONE', *, *, #1573, .F. ) ;
#2930 = LINE ( 'NONE', #3762, #5141 ) ;
#2931 = VERTEX_POINT ( 'NONE', #7417 ) ;
#2932 = ADVANCED_FACE ( 'NONE', ( #2822 ), #1225, .T. ) ;
#2933 = ORIENTED_EDGE ( 'NONE', *, *, #4143, .T. ) ;
#2935 = DIRECTION ( 'NONE',  ( 0.000000000000000000, 0.000000000000000000, -1.000000000000000000 ) ) ;
#2934 = DIRECTION ( 'NONE',  ( -0.000000000000000000, 0.000000000000000000, -1.000000000000000000 ) ) ;
#2936 = AXIS2_PLACEMENT_3D ( 'NONE', #5564, #10049, #137 ) ;
#2937 = EDGE_CURVE ( 'NONE', #8742, #4112, #2880, .T. ) ;
#2938 = EDGE_CURVE ( 'NONE', #7292, #2424, #222, .T. ) ;
#2939 = LINE ( 'NONE', #167, #2416 ) ;
#2940 = DIRECTION ( 'NONE',  ( 1.000000000000000000, 0.000000000000000000, 0.000000000000000000 ) ) ;
#2941 = CARTESIAN_POINT ( 'NONE',  ( -2.165063509461099933, 4.499999999999976907, 6.350000000000022737 ) ) ;
#2942 = AXIS2_PLACEMENT_3D ( 'NONE', #3388, #4327, #1722 ) ;
#2943 = EDGE_LOOP ( 'NONE', ( #1177, #883, #10999, #5106, #7629, #1597 ) ) ;
#2944 = DIRECTION ( 'NONE',  ( 0.000000000000000000, 0.000000000000000000, 1.000000000000000000 ) ) ;
#2945 = PLANE ( 'NONE',  #190 ) ;
#2946 = ORIENTED_EDGE ( 'NONE', *, *, #6819, .T. ) ;
#2947 = ORIENTED_EDGE ( 'NONE', *, *, #8966, .T. ) ;
#2948 = CIRCLE ( 'NONE', #4461, 5.699999999999996625 ) ;
#2949 = VERTEX_POINT ( 'NONE', #4238 ) ;
#2950 = VECTOR ( 'NONE', #9620, 1000.000000000000000 ) ;
#2951 = ORIENTED_EDGE ( 'NONE', *, *, #3574, .F. ) ;
#2952 = CARTESIAN_POINT ( 'NONE',  ( -20.09626054182323074, 20.00000000000001776, 0.000000000000000000 ) ) ;
#2953 = LINE ( 'NONE', #9259, #6736 ) ;
#2954 = FACE_OUTER_BOUND ( 'NONE', #1305, .T. ) ;
#2955 = DIRECTION ( 'NONE',  ( 1.000000000000000000, 0.000000000000000000, 0.000000000000000000 ) ) ;
#2956 = EDGE_LOOP ( 'NONE', ( #10447, #3229, #7951, #4999, #9181, #5555 ) ) ;
#2957 = ORIENTED_EDGE ( 'NONE', *, *, #3523, .T. ) ;
#2958 = CIRCLE ( 'NONE', #4476, 2.550000000000000266 ) ;
#2959 = EDGE_CURVE ( 'NONE', #11025, #1559, #9547, .T. ) ;
#2960 = ORIENTED_EDGE ( 'NONE', *, *, #3993, .T. ) ;
#2961 = EDGE_LOOP ( 'NONE', ( #2432, #435, #4708, #8964 ) ) ;
#2962 = LINE ( 'NONE', #10107, #801 ) ;
#2963 = FACE_OUTER_BOUND ( 'NONE', #9187, .T. ) ;
#2964 = FACE_OUTER_BOUND ( 'NONE', #3244, .T. ) ;
#2965 = ORIENTED_EDGE ( 'NONE', *, *, #11649, .T. ) ;
#2967 = CARTESIAN_POINT ( 'NONE',  ( -2.818925648462311528E-15, -8.249999999999973355, 6.350000000000022737 ) ) ;
#2966 = DIRECTION ( 'NONE',  ( -3.373073425510458458E-16, 1.000000000000000000, 0.000000000000000000 ) ) ;
#2968 = CARTESIAN_POINT ( 'NONE',  ( 8.515916470546978090, 2.499999999999976019, 2.255140518769849223E-14 ) ) ;
#2969 = DIRECTION ( 'NONE',  ( 0.000000000000000000, 0.000000000000000000, 1.000000000000000000 ) ) ;
#2970 = EDGE_LOOP ( 'NONE', ( #10333, #3249, #8734, #872, #2965, #6769, #3912, #5951 ) ) ;
#2971 = VECTOR ( 'NONE', #8265, 1000.000000000000000 ) ;
#2972 = DIRECTION ( 'NONE',  ( 0.4999999999999997224, 0.8660254037844387076, 0.000000000000000000 ) ) ;
#2973 = EDGE_LOOP ( 'NONE', ( #7708, #11619, #3302 ) ) ;
#2974 = CARTESIAN_POINT ( 'NONE',  ( 4.979646071760526205, -11.87499999999996270, 6.350000000000022737 ) ) ;
#2975 = DIRECTION ( 'NONE',  ( 0.7071067811865463515, 0.7071067811865487940, 0.000000000000000000 ) ) ;
#2976 = ADVANCED_FACE ( 'NONE', ( #10426 ), #1404, .T. ) ;
#2977 = AXIS2_PLACEMENT_3D ( 'NONE', #7297, #10081, #9136 ) ;
#2978 = LINE ( 'NONE', #9949, #5944 ) ;
#2979 = CARTESIAN_POINT ( 'NONE',  ( 0.000000000000000000, -18.00000000000001421, 0.000000000000000000 ) ) ;
#2980 = CARTESIAN_POINT ( 'NONE',  ( 6.423021744734604077, -6.124999999999988454, 6.350000000000022737 ) ) ;
#2981 = ADVANCED_FACE ( 'NONE', ( #7713 ), #9609, .F. ) ;
#2982 = DIRECTION ( 'NONE',  ( 0.000000000000000000, 0.000000000000000000, 1.000000000000000000 ) ) ;
#2983 = EDGE_CURVE ( 'NONE', #701, #6709, #6888, .T. ) ;
#2984 = AXIS2_PLACEMENT_3D ( 'NONE', #10301, #5869, #442 ) ;
#2985 = DIRECTION ( 'NONE',  ( 0.4999999999999997224, 0.8660254037844387076, 0.000000000000000000 ) ) ;
#2986 = ORIENTED_EDGE ( 'NONE', *, *, #3428, .F. ) ;
#2987 = CIRCLE ( 'NONE', #160, 2.550000000000000266 ) ;
#2988 = CARTESIAN_POINT ( 'NONE',  ( -1.443375672974066992, 3.249999999999976463, 2.255140518769849223E-14 ) ) ;
#2989 = VERTEX_POINT ( 'NONE', #8598 ) ;
#2990 = VERTEX_POINT ( 'NONE', #11191 ) ;
#2991 = EDGE_CURVE ( 'NONE', #8942, #11406, #3357, .T. ) ;
#2992 = VECTOR ( 'NONE', #1794, 1000.000000000000000 ) ;
#2993 = EDGE_CURVE ( 'NONE', #8318, #2990, #5884, .T. ) ;
#2995 = CARTESIAN_POINT ( 'NONE',  ( 2.092894725812396661, -14.37499999999993960, 2.255140518769849223E-14 ) ) ;
#2994 = DIRECTION ( 'NONE',  ( 0.7071067811865489050, -0.7071067811865460184, -2.287770690728831323E-15 ) ) ;
#2996 = EDGE_CURVE ( 'NONE', #10420, #6209, #11314, .T. ) ;
#2997 = EDGE_CURVE ( 'NONE', #3345, #643, #9489, .T. ) ;
#2998 = LINE ( 'NONE', #1055, #1838 ) ;
#2999 = PLANE ( 'NONE',  #307 ) ;
#3000 = CARTESIAN_POINT ( 'NONE',  ( -7.144709581221635908, -7.374999999999974243, 2.255140518769849223E-14 ) ) ;
#3001 = ORIENTED_EDGE ( 'NONE', *, *, #1346, .T. ) ;
#3002 = EDGE_CURVE ( 'NONE', #2656, #9139, #7593, .T. ) ;
#3003 = DIRECTION ( 'NONE',  ( 0.4999999999999997224, 0.8660254037844387076, 0.000000000000000000 ) ) ;
#3004 = AXIS2_PLACEMENT_3D ( 'NONE', #4130, #9682, #6726 ) ;
#3005 = CARTESIAN_POINT ( 'NONE',  ( -2.818925648462311528E-15, 13.99999999999993072, 6.350000000000022737 ) ) ;
#3006 = CARTESIAN_POINT ( 'NONE',  ( -3.536270398786471869, 16.87499999999994671, 2.255140518769849223E-14 ) ) ;
#3007 = ORIENTED_EDGE ( 'NONE', *, *, #1757, .F. ) ;
#3008 = VERTEX_POINT ( 'NONE', #9671 ) ;
#3009 = ORIENTED_EDGE ( 'NONE', *, *, #11057, .F. ) ;
#3010 = EDGE_CURVE ( 'NONE', #10223, #11185, #6007, .T. ) ;
#3011 = ORIENTED_EDGE ( 'NONE', *, *, #11236, .F. ) ;
#3012 = DIRECTION ( 'NONE',  ( -0.000000000000000000, 0.000000000000000000, -1.000000000000000000 ) ) ;
#3013 = CARTESIAN_POINT ( 'NONE',  ( 2.309401076758463400, 12.50000000000001776, 6.350000000000022737 ) ) ;
#3014 = DIRECTION ( 'NONE',  ( 0.5000000000000001110, -0.8660254037844385966, 0.000000000000000000 ) ) ;
#3015 = FACE_OUTER_BOUND ( 'NONE', #415, .T. ) ;
#3016 = ORIENTED_EDGE ( 'NONE', *, *, #6445, .T. ) ;
#3017 = EDGE_LOOP ( 'NONE', ( #9735, #1687, #8880, #9094 ) ) ;
#3018 = EDGE_CURVE ( 'NONE', #5115, #6790, #2463, .T. ) ;
#3019 = AXIS2_PLACEMENT_3D ( 'NONE', #7199, #9031, #8207 ) ;
#3020 = ORIENTED_EDGE ( 'NONE', *, *, #9424, .T. ) ;
#3021 = ORIENTED_EDGE ( 'NONE', *, *, #3293, .T. ) ;
#3022 = LINE ( 'NONE', #2130, #6635 ) ;
#3023 = PLANE ( 'NONE',  #8152 ) ;
#3024 = VECTOR ( 'NONE', #5916, 1000.000000000000000 ) ;
#3025 = LINE ( 'NONE', #5911, #10106 ) ;
#3026 = ORIENTED_EDGE ( 'NONE', *, *, #7163, .T. ) ;
#3028 = CARTESIAN_POINT ( 'NONE',  ( 1.220317949211388697, -12.50000000000001776, 29.39999999999898250 ) ) ;
#3027 = CARTESIAN_POINT ( 'NONE',  ( 1.220317949211388697, 7.500000000000017764, 29.39999999999898250 ) ) ;
#3029 = CARTESIAN_POINT ( 'NONE',  ( 13.03373945817676294, 0.000000000000000000, 0.000000000000000000 ) ) ;
#3030 = CARTESIAN_POINT ( 'NONE',  ( -7.794228634059957805, -10.24999999999996447, 6.350000000000022737 ) ) ;
#3031 = ORIENTED_EDGE ( 'NONE', *, *, #6193, .T. ) ;
#3032 = CARTESIAN_POINT ( 'NONE',  ( 7.144709581221628802, -7.374999999999974243, 2.255140518769849223E-14 ) ) ;
#3033 = ORIENTED_EDGE ( 'NONE', *, *, #4357, .F. ) ;
#3034 = DIRECTION ( 'NONE',  ( 0.5000000000000001110, 0.8660254037844385966, 0.000000000000000000 ) ) ;
#3035 = LINE ( 'NONE', #9348, #7251 ) ;
#3036 = LINE ( 'NONE', #5049, #6899 ) ;
#3037 = CARTESIAN_POINT ( 'NONE',  ( -3.216260541823223740, 26.19999999999997442, 0.000000000000000000 ) ) ;
#3038 = CARTESIAN_POINT ( 'NONE',  ( 7.794228634059957805, -6.999999999999974243, 2.255140518769849223E-14 ) ) ;
#3039 = LINE ( 'NONE', #1981, #8271 ) ;
#3040 = VECTOR ( 'NONE', #7066, 1000.000000000000000 ) ;
#3041 = LINE ( 'NONE', #8764, #7444 ) ;
#3042 = ORIENTED_EDGE ( 'NONE', *, *, #10583, .F. ) ;
#3043 = VERTEX_POINT ( 'NONE', #11375 ) ;
#3044 = CARTESIAN_POINT ( 'NONE',  ( -2.092894725812403323, -14.37499999999993960, 2.255140518769849223E-14 ) ) ;
#3045 = EDGE_LOOP ( 'NONE', ( #11438, #10243, #2236, #6513 ) ) ;
#3046 = VERTEX_POINT ( 'NONE', #455 ) ;
#3047 = EDGE_CURVE ( 'NONE', #4955, #9776, #5942, .T. ) ;
#3048 = VECTOR ( 'NONE', #7398, 1000.000000000000114 ) ;
#3050 = DIRECTION ( 'NONE',  ( 0.000000000000000000, 0.000000000000000000, 1.000000000000000000 ) ) ;
#3049 = DIRECTION ( 'NONE',  ( -0.5000000000000002220, 0.8660254037844384856, 0.000000000000000000 ) ) ;
#3051 = DIRECTION ( 'NONE',  ( 0.8660254037844385966, -0.5000000000000001110, 0.000000000000000000 ) ) ;
#3052 = CARTESIAN_POINT ( 'NONE',  ( 32.78373945817675406, -3.999999999999984457, 46.84999999999998721 ) ) ;
#3053 = LINE ( 'NONE', #2941, #9907 ) ;
#3054 = PLANE ( 'NONE',  #39 ) ;
#3055 = DIRECTION ( 'NONE',  ( 0.000000000000000000, 0.000000000000000000, 1.000000000000000000 ) ) ;
#3056 = AXIS2_PLACEMENT_3D ( 'NONE', #8274, #2073, #6502 ) ;
#3057 = LINE ( 'NONE', #3006, #4108 ) ;
#3058 = ORIENTED_EDGE ( 'NONE', *, *, #8107, .T. ) ;
#3059 = VERTEX_POINT ( 'NONE', #633 ) ;
#3060 = ADVANCED_FACE ( 'NONE', ( #6833 ), #3996, .T. ) ;
#3061 = EDGE_CURVE ( 'NONE', #346, #5589, #7829, .T. ) ;
#3062 = VERTEX_POINT ( 'NONE', #4055 ) ;
#3063 = ADVANCED_FACE ( 'NONE', ( #7652 ), #3177, .F. ) ;
#3064 = ORIENTED_EDGE ( 'NONE', *, *, #9404, .T. ) ;
#3065 = AXIS2_PLACEMENT_3D ( 'NONE', #7185, #7956, #9680 ) ;
#3066 = LINE ( 'NONE', #2352, #10611 ) ;
#3067 = DIRECTION ( 'NONE',  ( 0.5000000000000001110, -0.8660254037844385966, 0.000000000000000000 ) ) ;
#3068 = AXIS2_PLACEMENT_3D ( 'NONE', #4926, #6693, #10297 ) ;
#3069 = DIRECTION ( 'NONE',  ( 1.000000000000000000, 0.000000000000000000, 0.000000000000000000 ) ) ;
#3070 = FACE_BOUND ( 'NONE', #5590, .T. ) ;
#3071 = ORIENTED_EDGE ( 'NONE', *, *, #1913, .F. ) ;
#3072 = ORIENTED_EDGE ( 'NONE', *, *, #10940, .F. ) ;
#3073 = EDGE_CURVE ( 'NONE', #9476, #1796, #2285, .T. ) ;
#3074 = ORIENTED_EDGE ( 'NONE', *, *, #1767, .F. ) ;
#3075 = ORIENTED_EDGE ( 'NONE', *, *, #5648, .T. ) ;
#3076 = ORIENTED_EDGE ( 'NONE', *, *, #6914, .F. ) ;
#3077 = CARTESIAN_POINT ( 'NONE',  ( -12.05218686933346284, 2.874999999999992895, 6.350000000000022737 ) ) ;
#3078 = CARTESIAN_POINT ( 'NONE',  ( 7.794228634059957805, 10.24999999999995381, 2.255140518769849223E-14 ) ) ;
#3079 = ADVANCED_FACE ( 'NONE', ( #6182 ), #7227, .F. ) ;
#3080 = CARTESIAN_POINT ( 'NONE',  ( -12.05218686933346284, -8.624999999999960920, 2.255140518769849223E-14 ) ) ;
#3081 = LINE ( 'NONE', #5735, #10850 ) ;
#3082 = ORIENTED_EDGE ( 'NONE', *, *, #6023, .T. ) ;
#3083 = EDGE_CURVE ( 'NONE', #3830, #6790, #2579, .T. ) ;
#3084 = VECTOR ( 'NONE', #10290, 1000.000000000000000 ) ;
#3085 = EDGE_CURVE ( 'NONE', #5547, #4939, #4472, .T. ) ;
#3087 = FACE_OUTER_BOUND ( 'NONE', #7527, .T. ) ;
#3086 = DIRECTION ( 'NONE',  ( 0.000000000000000000, -0.000000000000000000, -1.000000000000000000 ) ) ;
#3088 = DIRECTION ( 'NONE',  ( 0.4999999999999997780, 0.8660254037844388186, 0.000000000000000000 ) ) ;
#3089 = CARTESIAN_POINT ( 'NONE',  ( 7.505553499465165146, 18.00000000000001776, 0.000000000000000000 ) ) ;
#3090 = DIRECTION ( 'NONE',  ( -0.8660254037844385966, -0.5000000000000001110, 0.000000000000000000 ) ) ;
#3091 = VECTOR ( 'NONE', #2935, 1000.000000000000000 ) ;
#3092 = EDGE_LOOP ( 'NONE', ( #10231, #5264, #9072, #580 ) ) ;
#3093 = ORIENTED_EDGE ( 'NONE', *, *, #5745, .F. ) ;
#3094 = CARTESIAN_POINT ( 'NONE',  ( 11.40266781649511607, -14.74999999999992895, 2.255140518769849223E-14 ) ) ;
#3095 = LINE ( 'NONE', #558, #2168 ) ;
#3096 = LINE ( 'NONE', #6697, #6332 ) ;
#3097 = CARTESIAN_POINT ( 'NONE',  ( -12.96626054182322818, 10.20822204261331834, -3.649999999999986589 ) ) ;
#3098 = CARTESIAN_POINT ( 'NONE',  ( 24.28373945817671853, 30.00000000000002132, 6.350000000000022737 ) ) ;
#3099 = PLANE ( 'NONE',  #3267 ) ;
#3100 = DIRECTION ( 'NONE',  ( 0.5000000000000001110, -0.8660254037844385966, 0.000000000000000000 ) ) ;
#3101 = VERTEX_POINT ( 'NONE', #8119 ) ;
#3102 = ORIENTED_EDGE ( 'NONE', *, *, #11151, .T. ) ;
#3103 = ORIENTED_EDGE ( 'NONE', *, *, #302, .F. ) ;
#3104 = DIRECTION ( 'NONE',  ( 0.8660254037844388186, -0.4999999999999997780, 0.000000000000000000 ) ) ;
#3105 = VERTEX_POINT ( 'NONE', #8067 ) ;
#3106 = ORIENTED_EDGE ( 'NONE', *, *, #4290, .F. ) ;
#3108 = FACE_OUTER_BOUND ( 'NONE', #316, .T. ) ;
#3107 = LINE ( 'NONE', #3231, #6703 ) ;
#3109 = CARTESIAN_POINT ( 'NONE',  ( -12.12435565298215856, -6.999999999999974243, 6.350000000000022737 ) ) ;
#3110 = DIRECTION ( 'NONE',  ( 0.000000000000000000, 0.000000000000000000, 1.000000000000000000 ) ) ;
#3111 = CARTESIAN_POINT ( 'NONE',  ( -7.072540797572933080, 11.49999999999995381, 2.255140518769849223E-14 ) ) ;
#3112 = VECTOR ( 'NONE', #1938, 1000.000000000000000 ) ;
#3113 = FACE_OUTER_BOUND ( 'NONE', #4417, .T. ) ;
#3114 = DIRECTION ( 'NONE',  ( 1.000000000000000000, 0.000000000000000000, 0.000000000000000000 ) ) ;
#3115 = VECTOR ( 'NONE', #11018, 1000.000000000000114 ) ;
#3116 = CARTESIAN_POINT ( 'NONE',  ( 0.000000000000000000, 20.49999999999993605, 3.350000000000019629 ) ) ;
#3117 = AXIS2_PLACEMENT_3D ( 'NONE', #7399, #8230, #3864 ) ;
#3118 = ORIENTED_EDGE ( 'NONE', *, *, #7163, .F. ) ;
#3119 = ORIENTED_EDGE ( 'NONE', *, *, #2544, .T. ) ;
#3120 = EDGE_LOOP ( 'NONE', ( #10463, #2622, #7216, #7125, #7880, #3074 ) ) ;
#3121 = VECTOR ( 'NONE', #2575, 1000.000000000000000 ) ;
#3122 = EDGE_LOOP ( 'NONE', ( #11459, #6101, #11427, #5491 ) ) ;
#3123 = VECTOR ( 'NONE', #564, 1000.000000000000000 ) ;
#3124 = VECTOR ( 'NONE', #7859, 1000.000000000000000 ) ;
#3125 = CARTESIAN_POINT ( 'NONE',  ( 7.144709581221625250, 4.124999999999976907, 2.255140518769849223E-14 ) ) ;
#3126 = DIRECTION ( 'NONE',  ( 0.000000000000000000, -1.000000000000000000, 0.000000000000000000 ) ) ;
#3127 = ADVANCED_FACE ( 'NONE', ( #10719 ), #2635, .F. ) ;
#3128 = DIRECTION ( 'NONE',  ( 0.000000000000000000, 1.000000000000000000, 0.000000000000000000 ) ) ;
#3129 = DIRECTION ( 'NONE',  ( -0.7071067811865477948, 8.659560562354936556E-17, 0.7071067811865473507 ) ) ;
#3130 = VERTEX_POINT ( 'NONE', #7120 ) ;
#3131 = VECTOR ( 'NONE', #305, 1000.000000000000000 ) ;
#3132 = EDGE_CURVE ( 'NONE', #9628, #668, #929, .T. ) ;
#3133 = ORIENTED_EDGE ( 'NONE', *, *, #6783, .F. ) ;
#3134 = EDGE_CURVE ( 'NONE', #11381, #9703, #4352, .T. ) ;
#3135 = ORIENTED_EDGE ( 'NONE', *, *, #10487, .F. ) ;
#3136 = VECTOR ( 'NONE', #11129, 1000.000000000000000 ) ;
#3137 = EDGE_LOOP ( 'NONE', ( #11209, #1140, #6780, #10898 ) ) ;
#3138 = ORIENTED_EDGE ( 'NONE', *, *, #11496, .F. ) ;
#3139 = DIRECTION ( 'NONE',  ( 0.000000000000000000, 0.000000000000000000, -1.000000000000000000 ) ) ;
#3140 = FACE_OUTER_BOUND ( 'NONE', #823, .T. ) ;
#3141 = EDGE_CURVE ( 'NONE', #5179, #2503, #5243, .T. ) ;
#3142 = DIRECTION ( 'NONE',  ( 0.000000000000000000, 1.000000000000000000, 0.000000000000000000 ) ) ;
#3143 = DIRECTION ( 'NONE',  ( 0.5000000000000001110, 0.8660254037844385966, 0.000000000000000000 ) ) ;
#3144 = ORIENTED_EDGE ( 'NONE', *, *, #2938, .T. ) ;
#3145 = ADVANCED_FACE ( 'NONE', ( #6353 ), #11489, .F. ) ;
#3147 = LINE ( 'NONE', #7566, #1293 ) ;
#3146 = CARTESIAN_POINT ( 'NONE',  ( 4.979646071760526205, 11.12499999999994138, 6.350000000000022737 ) ) ;
#3148 = EDGE_CURVE ( 'NONE', #3046, #8753, #9838, .T. ) ;
#3149 = PLANE ( 'NONE',  #567 ) ;
#3150 = CARTESIAN_POINT ( 'NONE',  ( -11.40266781649514094, -14.74999999999995204, 6.350000000000022737 ) ) ;
#3151 = DIRECTION ( 'NONE',  ( -0.000000000000000000, -1.000000000000000000, -0.000000000000000000 ) ) ;
#3152 = EDGE_CURVE ( 'NONE', #4882, #8650, #9008, .T. ) ;
#3153 = EDGE_CURVE ( 'NONE', #1120, #5119, #3415, .T. ) ;
#3154 = EDGE_CURVE ( 'NONE', #7332, #6002, #8949, .T. ) ;
#3155 = VERTEX_POINT ( 'NONE', #11603 ) ;
#3156 = ORIENTED_EDGE ( 'NONE', *, *, #9000, .F. ) ;
#3157 = DIRECTION ( 'NONE',  ( -0.000000000000000000, 1.000000000000000000, -0.000000000000000000 ) ) ;
#3158 = CARTESIAN_POINT ( 'NONE',  ( -2.165063509461099933, -12.74999999999995204, 6.350000000000022737 ) ) ;
#3159 = PLANE ( 'NONE',  #10316 ) ;
#3160 = AXIS2_PLACEMENT_3D ( 'NONE', #11638, #3564, #9878 ) ;
#3161 = CARTESIAN_POINT ( 'NONE',  ( -4.979646071760531534, -0.3750000000000107692, 2.255140518769849223E-14 ) ) ;
#3162 = LINE ( 'NONE', #6758, #3930 ) ;
#3163 = CARTESIAN_POINT ( 'NONE',  ( 12.12435565298215145, -10.24999999999995026, 2.255140518769849223E-14 ) ) ;
#3164 = AXIS2_PLACEMENT_3D ( 'NONE', #6206, #5437, #7 ) ;
#3165 = DIRECTION ( 'NONE',  ( 0.000000000000000000, 0.000000000000000000, 1.000000000000000000 ) ) ;
#3166 = CARTESIAN_POINT ( 'NONE',  ( 20.78373945817676827, 20.00000000000001776, 0.000000000000000000 ) ) ;
#3167 = ORIENTED_EDGE ( 'NONE', *, *, #6383, .T. ) ;
#3168 = VECTOR ( 'NONE', #6010, 1000.000000000000000 ) ;
#3169 = ORIENTED_EDGE ( 'NONE', *, *, #3433, .F. ) ;
#3170 = VECTOR ( 'NONE', #4769, 1000.000000000000000 ) ;
#3171 = CARTESIAN_POINT ( 'NONE',  ( -12.12435565298215856, -18.49999999999992895, 2.255140518769849223E-14 ) ) ;
#3172 = ORIENTED_EDGE ( 'NONE', *, *, #847, .F. ) ;
#3173 = ORIENTED_EDGE ( 'NONE', *, *, #6886, .F. ) ;
#3175 = LINE ( 'NONE', #2224, #642 ) ;
#3174 = CARTESIAN_POINT ( 'NONE',  ( 1.876388374866279296, 20.49999999999993605, 2.255140518769849223E-14 ) ) ;
#3176 = DIRECTION ( 'NONE',  ( -0.4999999999999997780, -0.8660254037844387076, 0.000000000000000000 ) ) ;
#3177 = PLANE ( 'NONE',  #5816 ) ;
#3178 = FACE_OUTER_BOUND ( 'NONE', #3525, .T. ) ;
#3179 = PLANE ( 'NONE',  #5688 ) ;
#3180 = LINE ( 'NONE', #458, #3586 ) ;
#3181 = VECTOR ( 'NONE', #8462, 1000.000000000000114 ) ;
#3182 = DIRECTION ( 'NONE',  ( -0.7071067811865483499, 8.659560562354942719E-17, 0.7071067811865467956 ) ) ;
#3183 = ORIENTED_EDGE ( 'NONE', *, *, #7903, .F. ) ;
#3184 = EDGE_LOOP ( 'NONE', ( #7895, #5724, #11052, #10331 ) ) ;
#3185 = ORIENTED_EDGE ( 'NONE', *, *, #9328, .T. ) ;
#3186 = AXIS2_PLACEMENT_3D ( 'NONE', #10947, #5582, #4756 ) ;
#3187 = ORIENTED_EDGE ( 'NONE', *, *, #22, .F. ) ;
#3188 = CARTESIAN_POINT ( 'NONE',  ( 3.319764047840297216, -18.00000000000001066, -3.649999999999986589 ) ) ;
#3189 = CIRCLE ( 'NONE', #8460, 4.499999999999997335 ) ;
#3190 = CARTESIAN_POINT ( 'NONE',  ( 7.866397417708654416, 14.37499999999994316, 6.350000000000022737 ) ) ;
#3191 = CARTESIAN_POINT ( 'NONE',  ( -1.443375672974079427, -14.74999999999995204, 2.255140518769849223E-14 ) ) ;
#3192 = CARTESIAN_POINT ( 'NONE',  ( 0.000000000000000000, 0.000000000000000000, 0.000000000000000000 ) ) ;
#3193 = ORIENTED_EDGE ( 'NONE', *, *, #8615, .T. ) ;
#3194 = ORIENTED_EDGE ( 'NONE', *, *, #315, .T. ) ;
#3195 = EDGE_LOOP ( 'NONE', ( #3934, #1296, #4854, #2060, #812, #287 ) ) ;
#3196 = ORIENTED_EDGE ( 'NONE', *, *, #3928, .T. ) ;
#3197 = LINE ( 'NONE', #10514, #7204 ) ;
#3198 = CARTESIAN_POINT ( 'NONE',  ( 32.78373945817675406, -3.999999999999984457, 6.350000000000022737 ) ) ;
#3199 = EDGE_CURVE ( 'NONE', #10173, #5288, #1583, .T. ) ;
#3200 = CARTESIAN_POINT ( 'NONE',  ( 7.794228634059948924, 6.999999999999965361, 6.350000000000022737 ) ) ;
#3201 = FACE_OUTER_BOUND ( 'NONE', #8122, .T. ) ;
#3202 = ORIENTED_EDGE ( 'NONE', *, *, #10940, .T. ) ;
#3204 = DIRECTION ( 'NONE',  ( 0.000000000000000000, 0.000000000000000000, -1.000000000000000000 ) ) ;
#3203 = LINE ( 'NONE', #3262, #10478 ) ;
#3205 = DIRECTION ( 'NONE',  ( -1.000000000000000000, -0.000000000000000000, -0.000000000000000000 ) ) ;
#3206 = DIRECTION ( 'NONE',  ( 0.7071067811865487940, 0.7071067811865463515, -0.000000000000000000 ) ) ;
#3207 = AXIS2_PLACEMENT_3D ( 'NONE', #9434, #1348, #11625 ) ;
#3208 = DIRECTION ( 'NONE',  ( 0.000000000000000000, 0.000000000000000000, 1.000000000000000000 ) ) ;
#3209 = EDGE_CURVE ( 'NONE', #2571, #2157, #9894, .T. ) ;
#3210 = EDGE_CURVE ( 'NONE', #10402, #4955, #8837, .T. ) ;
#3211 = AXIS2_PLACEMENT_3D ( 'NONE', #3265, #4858, #10289 ) ;
#3212 = EDGE_CURVE ( 'NONE', #7110, #180, #751, .T. ) ;
#3213 = ORIENTED_EDGE ( 'NONE', *, *, #7643, .F. ) ;
#3214 = ORIENTED_EDGE ( 'NONE', *, *, #8109, .F. ) ;
#3215 = PLANE ( 'NONE',  #1706 ) ;
#3216 = EDGE_CURVE ( 'NONE', #3900, #8213, #5185, .T. ) ;
#3217 = CARTESIAN_POINT ( 'NONE',  ( -21.84310355970654172, 12.50000000000001776, 46.84999999999998721 ) ) ;
#3218 = CARTESIAN_POINT ( 'NONE',  ( -30.34310355970659501, -12.50000000000001776, 6.350000000000022737 ) ) ;
#3219 = AXIS2_PLACEMENT_3D ( 'NONE', #1727, #10806, #16 ) ;
#3220 = LINE ( 'NONE', #6811, #11422 ) ;
#3221 = DIRECTION ( 'NONE',  ( 1.000000000000000000, 3.373073425510458458E-16, 0.000000000000000000 ) ) ;
#3222 = CARTESIAN_POINT ( 'NONE',  ( 0.000000000000000000, 0.000000000000000000, 6.350000000000022737 ) ) ;
#3223 = CARTESIAN_POINT ( 'NONE',  ( 7.144709581221622585, 13.12499999999994316, 2.255140518769849223E-14 ) ) ;
#3224 = ORIENTED_EDGE ( 'NONE', *, *, #5118, .T. ) ;
#3225 = LINE ( 'NONE', #11421, #6107 ) ;
#3226 = ORIENTED_EDGE ( 'NONE', *, *, #6672, .F. ) ;
#3227 = VERTEX_POINT ( 'NONE', #3470 ) ;
#3228 = DIRECTION ( 'NONE',  ( 0.000000000000000000, -0.000000000000000000, -1.000000000000000000 ) ) ;
#3229 = ORIENTED_EDGE ( 'NONE', *, *, #5726, .F. ) ;
#3230 = ORIENTED_EDGE ( 'NONE', *, *, #6192, .F. ) ;
#3232 = PLANE ( 'NONE',  #7053 ) ;
#3231 = CARTESIAN_POINT ( 'NONE',  ( 0.000000000000000000, 24.69999999999997087, 3.350000000000019629 ) ) ;
#3233 = DIRECTION ( 'NONE',  ( 0.000000000000000000, 0.000000000000000000, 1.000000000000000000 ) ) ;
#3234 = DIRECTION ( 'NONE',  ( 0.4999999999999997224, 0.8660254037844387076, 0.000000000000000000 ) ) ;
#3235 = DIRECTION ( 'NONE',  ( 0.000000000000000000, 0.000000000000000000, 1.000000000000000000 ) ) ;
#3236 = ADVANCED_FACE ( 'NONE', ( #8409 ), #10124, .T. ) ;
#3237 = CARTESIAN_POINT ( 'NONE',  ( 0.000000000000000000, -27.70000000000000284, 3.350000000000019629 ) ) ;
#3238 = EDGE_CURVE ( 'NONE', #5874, #9575, #9292, .T. ) ;
#3239 = DIRECTION ( 'NONE',  ( -0.000000000000000000, 1.000000000000000000, -0.000000000000000000 ) ) ;
#3240 = ORIENTED_EDGE ( 'NONE', *, *, #6405, .F. ) ;
#3241 = ORIENTED_EDGE ( 'NONE', *, *, #6193, .F. ) ;
#3242 = EDGE_LOOP ( 'NONE', ( #4735, #9911, #8164, #3642 ) ) ;
#3243 = VECTOR ( 'NONE', #9185, 1000.000000000000000 ) ;
#3244 = EDGE_LOOP ( 'NONE', ( #8670, #9243, #405, #5081 ) ) ;
#3245 = DIRECTION ( 'NONE',  ( -2.118746230200681237E-16, 1.000000000000000000, -0.000000000000000000 ) ) ;
#3246 = LINE ( 'NONE', #5078, #10508 ) ;
#3247 = DIRECTION ( 'NONE',  ( -0.8660254037844385966, 0.5000000000000001110, 0.000000000000000000 ) ) ;
#3248 = LINE ( 'NONE', #6021, #8006 ) ;
#3249 = ORIENTED_EDGE ( 'NONE', *, *, #2214, .T. ) ;
#3250 = VECTOR ( 'NONE', #8287, 1000.000000000000114 ) ;
#3251 = ORIENTED_EDGE ( 'NONE', *, *, #4009, .F. ) ;
#3252 = AXIS2_PLACEMENT_3D ( 'NONE', #6627, #966, #10230 ) ;
#3253 = ORIENTED_EDGE ( 'NONE', *, *, #2278, .F. ) ;
#3254 = ORIENTED_EDGE ( 'NONE', *, *, #1109, .F. ) ;
#3255 = VECTOR ( 'NONE', #6318, 1000.000000000000000 ) ;
#3256 = VECTOR ( 'NONE', #1210, 1000.000000000000000 ) ;
#3257 = LINE ( 'NONE', #11275, #3815 ) ;
#3258 = LINE ( 'NONE', #7916, #1002 ) ;
#3259 = CARTESIAN_POINT ( 'NONE',  ( -7.300682423332677473, 34.17780897597563694, 3.350000000000019629 ) ) ;
#3260 = CARTESIAN_POINT ( 'NONE',  ( 9.959292143521054186, 8.249999999999953815, 2.255140518769849223E-14 ) ) ;
#3261 = VERTEX_POINT ( 'NONE', #3810 ) ;
#3263 = DIRECTION ( 'NONE',  ( 0.000000000000000000, 0.000000000000000000, 1.000000000000000000 ) ) ;
#3262 = CARTESIAN_POINT ( 'NONE',  ( -4.979646071760535087, 16.87499999999994671, 2.255140518769849223E-14 ) ) ;
#3264 = CARTESIAN_POINT ( 'NONE',  ( 9.705317949235135799, 7.500000000000020428, 29.39999999999995239 ) ) ;
#3265 = CARTESIAN_POINT ( 'NONE',  ( 1.220317949211388697, -24.49999999999999645, 29.39999999999898250 ) ) ;
#3266 = DIRECTION ( 'NONE',  ( 1.000000000000000000, 0.000000000000000000, 0.000000000000000000 ) ) ;
#3267 = AXIS2_PLACEMENT_3D ( 'NONE', #6760, #9414, #2388 ) ;
#3268 = EDGE_CURVE ( 'NONE', #8813, #5058, #2810, .T. ) ;
#3269 = VERTEX_POINT ( 'NONE', #9952 ) ;
#3270 = VERTEX_POINT ( 'NONE', #2980 ) ;
#3271 = DIRECTION ( 'NONE',  ( -0.5000000000000001110, 0.8660254037844387076, 0.000000000000000000 ) ) ;
#3272 = DIRECTION ( 'NONE',  ( 0.000000000000000000, 0.000000000000000000, 1.000000000000000000 ) ) ;
#3273 = DIRECTION ( 'NONE',  ( 0.5000000000000001110, -0.8660254037844385966, 0.000000000000000000 ) ) ;
#3274 = AXIS2_PLACEMENT_3D ( 'NONE', #9943, #11647, #1628 ) ;
#3275 = DIRECTION ( 'NONE',  ( 0.4999999999999997780, 0.8660254037844388186, 0.000000000000000000 ) ) ;
#3276 = CARTESIAN_POINT ( 'NONE',  ( 3.283739458176754056, 27.69999999999997442, 0.000000000000000000 ) ) ;
#3277 = EDGE_CURVE ( 'NONE', #6910, #4938, #4812, .T. ) ;
#3278 = CARTESIAN_POINT ( 'NONE',  ( -7.072540797572933080, -5.749999999999973355, 2.255140518769849223E-14 ) ) ;
#3279 = LINE ( 'NONE', #5053, #2887 ) ;
#3280 = ORIENTED_EDGE ( 'NONE', *, *, #7469, .T. ) ;
#3281 = VECTOR ( 'NONE', #11601, 1000.000000000000114 ) ;
#3282 = CARTESIAN_POINT ( 'NONE',  ( 12.77387470582047513, 4.124999999999976907, 2.255140518769849223E-14 ) ) ;
#3283 = EDGE_CURVE ( 'NONE', #6174, #534, #6413, .T. ) ;
#3284 = ORIENTED_EDGE ( 'NONE', *, *, #10015, .F. ) ;
#3285 = ADVANCED_FACE ( 'NONE', ( #4586 ), #4702, .F. ) ;
#3286 = ORIENTED_EDGE ( 'NONE', *, *, #11207, .T. ) ;
#3287 = PLANE ( 'NONE',  #8146 ) ;
#3288 = ORIENTED_EDGE ( 'NONE', *, *, #9415, .T. ) ;
#3289 = VERTEX_POINT ( 'NONE', #6524 ) ;
#3290 = VECTOR ( 'NONE', #5033, 1000.000000000000000 ) ;
#3292 = DIRECTION ( 'NONE',  ( 0.5000000000000001110, -0.8660254037844385966, 0.000000000000000000 ) ) ;
#3291 = DIRECTION ( 'NONE',  ( 0.5000000000000001110, -0.8660254037844385966, 0.000000000000000000 ) ) ;
#3293 = EDGE_CURVE ( 'NONE', #8650, #8322, #5473, .T. ) ;
#3294 = CARTESIAN_POINT ( 'NONE',  ( -7.866397417708659745, -2.874999999999984457, 2.255140518769849223E-14 ) ) ;
#3295 = DIRECTION ( 'NONE',  ( 0.000000000000000000, -1.000000000000000000, 0.000000000000000000 ) ) ;
#3296 = DIRECTION ( 'NONE',  ( 1.000000000000000000, 4.003208021484940511E-16, 0.000000000000000000 ) ) ;
#3297 = EDGE_CURVE ( 'NONE', #2002, #8491, #7518, .T. ) ;
#3298 = CARTESIAN_POINT ( 'NONE',  ( -12.96626054182323173, 17.99999999999996092, -3.649999999999986589 ) ) ;
#3299 = CARTESIAN_POINT ( 'NONE',  ( -2.818925648462311528E-15, 13.99999999999993072, 2.255140518769849223E-14 ) ) ;
#3300 = ORIENTED_EDGE ( 'NONE', *, *, #4932, .F. ) ;
#3301 = ORIENTED_EDGE ( 'NONE', *, *, #11213, .F. ) ;
#3302 = ORIENTED_EDGE ( 'NONE', *, *, #677, .F. ) ;
#3303 = ADVANCED_FACE ( 'NONE', ( #2034 ), #95, .F. ) ;
#3304 = EDGE_CURVE ( 'NONE', #3478, #8682, #1482, .T. ) ;
#3305 = EDGE_CURVE ( 'NONE', #57, #3894, #5640, .T. ) ;
#3306 = ORIENTED_EDGE ( 'NONE', *, *, #9491, .T. ) ;
#3307 = DIRECTION ( 'NONE',  ( 0.5000000000000001110, -0.8660254037844385966, 0.000000000000000000 ) ) ;
#3308 = VECTOR ( 'NONE', #10799, 1000.000000000000000 ) ;
#3309 = DIRECTION ( 'NONE',  ( -3.373073425510458458E-16, 1.000000000000000000, 0.000000000000000000 ) ) ;
#3310 = CARTESIAN_POINT ( 'NONE',  ( -12.96626054182323173, 17.99999999999996092, -3.649999999999986589 ) ) ;
#3311 = DIRECTION ( 'NONE',  ( 0.000000000000000000, -1.000000000000000000, 0.000000000000000000 ) ) ;
#3312 = ORIENTED_EDGE ( 'NONE', *, *, #10286, .F. ) ;
#3313 = EDGE_LOOP ( 'NONE', ( #4694, #2395, #9587 ) ) ;
#3314 = ORIENTED_EDGE ( 'NONE', *, *, #6681, .F. ) ;
#3315 = VECTOR ( 'NONE', #4234, 1000.000000000000000 ) ;
#3316 = ORIENTED_EDGE ( 'NONE', *, *, #3329, .T. ) ;
#3317 = AXIS2_PLACEMENT_3D ( 'NONE', #7949, #11009, #1217 ) ;
#3318 = AXIS2_PLACEMENT_3D ( 'NONE', #8479, #10195, #8539 ) ;
#3319 = DIRECTION ( 'NONE',  ( 0.4999999999999997224, 0.8660254037844387076, 0.000000000000000000 ) ) ;
#3320 = DIRECTION ( 'NONE',  ( 0.000000000000000000, 0.000000000000000000, 1.000000000000000000 ) ) ;
#3321 = CARTESIAN_POINT ( 'NONE',  ( 7.368161339686249534, -30.00000000000002132, 6.350000000000022737 ) ) ;
#3322 = CARTESIAN_POINT ( 'NONE',  ( -7.144709581221635908, -7.374999999999974243, 2.255140518769849223E-14 ) ) ;
#3323 = EDGE_LOOP ( 'NONE', ( #5606, #7691, #11551, #9213 ) ) ;
#3324 = AXIS2_PLACEMENT_3D ( 'NONE', #9936, #1902, #7331 ) ;
#3326 = DIRECTION ( 'NONE',  ( -2.118746230200681237E-16, 1.000000000000000000, 0.000000000000000000 ) ) ;
#3325 = PLANE ( 'NONE',  #11227 ) ;
#3327 = CARTESIAN_POINT ( 'NONE',  ( -1.876388374866287290, 20.49999999999993605, 6.350000000000022737 ) ) ;
#3328 = PLANE ( 'NONE',  #573 ) ;
#3329 = EDGE_CURVE ( 'NONE', #9563, #3269, #7347, .T. ) ;
#3330 = PLANE ( 'NONE',  #2813 ) ;
#3331 = ORIENTED_EDGE ( 'NONE', *, *, #10710, .F. ) ;
#3332 = ORIENTED_EDGE ( 'NONE', *, *, #8559, .T. ) ;
#3333 = ORIENTED_EDGE ( 'NONE', *, *, #6048, .T. ) ;
#3334 = DIRECTION ( 'NONE',  ( 0.000000000000000000, 0.000000000000000000, 1.000000000000000000 ) ) ;
#3335 = CARTESIAN_POINT ( 'NONE',  ( 12.77387470582047868, -1.625000000000000222, 6.350000000000022737 ) ) ;
#3336 = CARTESIAN_POINT ( 'NONE',  ( 8.515916470546978090, 13.99999999999993072, 2.255140518769849223E-14 ) ) ;
#3337 = AXIS2_PLACEMENT_3D ( 'NONE', #5365, #8017, #10677 ) ;
#3338 = ADVANCED_FACE ( 'NONE', ( #9123 ), #1037, .F. ) ;
#3339 = CARTESIAN_POINT ( 'NONE',  ( 2.453738644055857510, 18.00000000000001421, 2.255140518769849223E-14 ) ) ;
#3340 = CARTESIAN_POINT ( 'NONE',  ( 6.639528095680751640, 18.00000000000001421, 3.350000000000019629 ) ) ;
#3341 = CARTESIAN_POINT ( 'NONE',  ( 1.443375672974060997, -19.74999999999993250, 2.255140518769849223E-14 ) ) ;
#3342 = CARTESIAN_POINT ( 'NONE',  ( 2.309401076758456295, -12.50000000000001954, 6.350000000000022737 ) ) ;
#3343 = ORIENTED_EDGE ( 'NONE', *, *, #8709, .T. ) ;
#3344 = LINE ( 'NONE', #1572, #1620 ) ;
#3345 = VERTEX_POINT ( 'NONE', #11058 ) ;
#3346 = ORIENTED_EDGE ( 'NONE', *, *, #8256, .T. ) ;
#3347 = EDGE_CURVE ( 'NONE', #795, #5152, #10181, .T. ) ;
#3348 = LINE ( 'NONE', #3578, #8324 ) ;
#3349 = ORIENTED_EDGE ( 'NONE', *, *, #3154, .T. ) ;
#3350 = ORIENTED_EDGE ( 'NONE', *, *, #6831, .F. ) ;
#3351 = VECTOR ( 'NONE', #7957, 1000.000000000000000 ) ;
#3353 = PLANE ( 'NONE',  #5355 ) ;
#3352 = CARTESIAN_POINT ( 'NONE',  ( -9.959292143521061291, 8.999999999999953815, 2.255140518769849223E-14 ) ) ;
#3354 = EDGE_CURVE ( 'NONE', #3738, #1698, #10067, .T. ) ;
#3355 = CARTESIAN_POINT ( 'NONE',  ( 8.515916470546976313, -8.999999999999975131, 6.350000000000022737 ) ) ;
#3356 = ADVANCED_FACE ( 'NONE', ( #3757 ), #156, .T. ) ;
#3357 = LINE ( 'NONE', #6066, #11237 ) ;
#3358 = DIRECTION ( 'NONE',  ( -1.000000000000000000, -4.003208021484940511E-16, 0.000000000000000000 ) ) ;
#3359 = LINE ( 'NONE', #5189, #1660 ) ;
#3360 = ORIENTED_EDGE ( 'NONE', *, *, #4875, .F. ) ;
#3361 = EDGE_LOOP ( 'NONE', ( #3931, #5966, #4107, #2586 ) ) ;
#3362 = VECTOR ( 'NONE', #5827, 1000.000000000000000 ) ;
#3363 = ORIENTED_EDGE ( 'NONE', *, *, #10642, .T. ) ;
#3364 = EDGE_CURVE ( 'NONE', #7805, #4419, #5695, .T. ) ;
#3365 = ADVANCED_FACE ( 'NONE', ( #6872 ), #6700, .T. ) ;
#3366 = EDGE_CURVE ( 'NONE', #2099, #7375, #5927, .T. ) ;
#3367 = VERTEX_POINT ( 'NONE', #3098 ) ;
#3368 = EDGE_CURVE ( 'NONE', #7670, #3688, #5992, .T. ) ;
#3369 = DIRECTION ( 'NONE',  ( 0.000000000000000000, 0.000000000000000000, -1.000000000000000000 ) ) ;
#3370 = EDGE_CURVE ( 'NONE', #9154, #3738, #2150, .T. ) ;
#3371 = CARTESIAN_POINT ( 'NONE',  ( 2.886751345948125103, 17.24999999999993250, 2.255140518769849223E-14 ) ) ;
#3372 = FACE_BOUND ( 'NONE', #9010, .T. ) ;
#3373 = VECTOR ( 'NONE', #8642, 1000.000000000000000 ) ;
#3374 = DIRECTION ( 'NONE',  ( 0.000000000000000000, -0.000000000000000000, -1.000000000000000000 ) ) ;
#3375 = EDGE_LOOP ( 'NONE', ( #1135, #159, #6431, #5783, #3306 ) ) ;
#3376 = ORIENTED_EDGE ( 'NONE', *, *, #3498, .T. ) ;
#3377 = EDGE_CURVE ( 'NONE', #1425, #8586, #349, .T. ) ;
#3378 = ORIENTED_EDGE ( 'NONE', *, *, #2937, .F. ) ;
#3379 = VECTOR ( 'NONE', #11417, 1000.000000000000000 ) ;
#3380 = VERTEX_POINT ( 'NONE', #3278 ) ;
#3381 = VECTOR ( 'NONE', #6365, 999.9999999999998863 ) ;
#3382 = DIRECTION ( 'NONE',  ( -0.8660254037844385966, 0.5000000000000001110, 0.000000000000000000 ) ) ;
#3383 = DIRECTION ( 'NONE',  ( 1.000000000000000000, 0.000000000000000000, 0.000000000000000000 ) ) ;
#3384 = DIRECTION ( 'NONE',  ( 0.000000000000000000, 0.000000000000000000, 1.000000000000000000 ) ) ;
#3385 = VECTOR ( 'NONE', #3853, 1000.000000000000000 ) ;
#3386 = LINE ( 'NONE', #10687, #1042 ) ;
#3387 = ORIENTED_EDGE ( 'NONE', *, *, #7925, .T. ) ;
#3389 = LINE ( 'NONE', #4145, #2803 ) ;
#3388 = CARTESIAN_POINT ( 'NONE',  ( 0.000000000000000000, 0.000000000000000000, 55.35000000000005116 ) ) ;
#3390 = CARTESIAN_POINT ( 'NONE',  ( 4.979646071760526205, -11.12499999999996092, 2.255140518769849223E-14 ) ) ;
#3391 = LINE ( 'NONE', #7149, #3976 ) ;
#3392 = ADVANCED_FACE ( 'NONE', ( #9531 ), #4102, .T. ) ;
#3393 = AXIS2_PLACEMENT_3D ( 'NONE', #6099, #3394, #4813 ) ;
#3394 = DIRECTION ( 'NONE',  ( 0.5773502691896257311, 0.5773502691896278405, 0.5773502691896238437 ) ) ;
#3395 = ORIENTED_EDGE ( 'NONE', *, *, #6300, .F. ) ;
#3396 = VERTEX_POINT ( 'NONE', #10360 ) ;
#3397 = CARTESIAN_POINT ( 'NONE',  ( 2.165063509461094160, 15.99999999999993427, 6.350000000000022737 ) ) ;
#3398 = CARTESIAN_POINT ( 'NONE',  ( 7.794228634059957805, -6.999999999999974243, 6.350000000000022737 ) ) ;
#3399 = CARTESIAN_POINT ( 'NONE',  ( 12.41303078757691836, -18.00000000000001421, 0.000000000000000000 ) ) ;
#3400 = CARTESIAN_POINT ( 'NONE',  ( -7.144709581221628802, -4.124999999999984901, 6.350000000000022737 ) ) ;
#3401 = CARTESIAN_POINT ( 'NONE',  ( -12.96626054182323173, -18.00000000000001421, -3.649999999999986589 ) ) ;
#3402 = LINE ( 'NONE', #913, #1674 ) ;
#3403 = LINE ( 'NONE', #6995, #5882 ) ;
#3404 = VERTEX_POINT ( 'NONE', #8643 ) ;
#3405 = DIRECTION ( 'NONE',  ( 0.000000000000000000, 0.000000000000000000, 1.000000000000000000 ) ) ;
#3406 = EDGE_LOOP ( 'NONE', ( #5713, #6359, #6824, #3669 ) ) ;
#3407 = EDGE_LOOP ( 'NONE', ( #5689, #4253, #5130, #1870, #8499, #3254 ) ) ;
#3408 = VECTOR ( 'NONE', #9865, 1000.000000000000000 ) ;
#3409 = CARTESIAN_POINT ( 'NONE',  ( 1.220317949211388697, 7.500000000000017764, 33.89999999999898250 ) ) ;
#3410 = DIRECTION ( 'NONE',  ( -1.000000000000000000, 0.000000000000000000, 0.000000000000000000 ) ) ;
#3411 = EDGE_LOOP ( 'NONE', ( #10777, #7867, #10544, #7365 ) ) ;
#3413 = DIRECTION ( 'NONE',  ( -0.5000000000000001110, 0.8660254037844387076, 0.000000000000000000 ) ) ;
#3412 = DIRECTION ( 'NONE',  ( -0.000000000000000000, 0.000000000000000000, -1.000000000000000000 ) ) ;
#3414 = CARTESIAN_POINT ( 'NONE',  ( 1.443375672974062773, 2.500000000000000888, 2.255140518769849223E-14 ) ) ;
#3415 = LINE ( 'NONE', #5354, #11468 ) ;
#3416 = DIRECTION ( 'NONE',  ( 0.000000000000000000, 0.000000000000000000, 1.000000000000000000 ) ) ;
#3417 = DIRECTION ( 'NONE',  ( -0.000000000000000000, 1.000000000000000000, -0.000000000000000000 ) ) ;
#3418 = EDGE_LOOP ( 'NONE', ( #9034, #7896, #51 ) ) ;
#3419 = ORIENTED_EDGE ( 'NONE', *, *, #10046, .F. ) ;
#3420 = ADVANCED_FACE ( 'NONE', ( #7578 ), #9351, .T. ) ;
#3421 = ORIENTED_EDGE ( 'NONE', *, *, #7528, .F. ) ;
#3422 = ORIENTED_EDGE ( 'NONE', *, *, #6969, .T. ) ;
#3423 = LINE ( 'NONE', #6961, #10805 ) ;
#3424 = DIRECTION ( 'NONE',  ( -1.000000000000000000, -0.000000000000000000, -0.000000000000000000 ) ) ;
#3425 = LINE ( 'NONE', #4538, #4838 ) ;
#3426 = CARTESIAN_POINT ( 'NONE',  ( 23.33373945817676898, 20.00000000000001776, 4.350000000000027178 ) ) ;
#3427 = ORIENTED_EDGE ( 'NONE', *, *, #2847, .F. ) ;
#3428 = EDGE_CURVE ( 'NONE', #3783, #6850, #2268, .T. ) ;
#3429 = ORIENTED_EDGE ( 'NONE', *, *, #1125, .F. ) ;
#3430 = ORIENTED_EDGE ( 'NONE', *, *, #1781, .F. ) ;
#3431 = AXIS2_PLACEMENT_3D ( 'NONE', #1941, #9140, #1170 ) ;
#3432 = EDGE_LOOP ( 'NONE', ( #10031, #1082, #8910, #639 ) ) ;
#3433 = EDGE_CURVE ( 'NONE', #1091, #1559, #1332, .T. ) ;
#3434 = LINE ( 'NONE', #7086, #3445 ) ;
#3435 = DIRECTION ( 'NONE',  ( 0.000000000000000000, 0.000000000000000000, 1.000000000000000000 ) ) ;
#3436 = FACE_OUTER_BOUND ( 'NONE', #5132, .T. ) ;
#3437 = VECTOR ( 'NONE', #1916, 1000.000000000000000 ) ;
#3438 = CARTESIAN_POINT ( 'NONE',  ( -3.536270398786455882, -17.62499999999993960, 2.255140518769849223E-14 ) ) ;
#3439 = ORIENTED_EDGE ( 'NONE', *, *, #9125, .T. ) ;
#3441 = CARTESIAN_POINT ( 'NONE',  ( 1.220317949235150801, -12.50000000000001776, 22.66499999999998494 ) ) ;
#3440 = CARTESIAN_POINT ( 'NONE',  ( 12.77387470582047513, 4.124999999999976907, 2.255140518769849223E-14 ) ) ;
#3442 = LINE ( 'NONE', #4267, #6220 ) ;
#3443 = EDGE_CURVE ( 'NONE', #7310, #9375, #4930, .T. ) ;
#3444 = FACE_OUTER_BOUND ( 'NONE', #4466, .T. ) ;
#3445 = VECTOR ( 'NONE', #4374, 1000.000000000000000 ) ;
#3446 = AXIS2_PLACEMENT_3D ( 'NONE', #9161, #1900, #1020 ) ;
#3447 = ADVANCED_FACE ( 'NONE', ( #8584 ), #2325, .T. ) ;
#3448 = VERTEX_POINT ( 'NONE', #7637 ) ;
#3449 = ORIENTED_EDGE ( 'NONE', *, *, #9417, .F. ) ;
#3450 = LINE ( 'NONE', #6158, #2832 ) ;
#3451 = CARTESIAN_POINT ( 'NONE',  ( -7.072540797572933080, 4.553649124439118623E-15, 2.255140518769849223E-14 ) ) ;
#3452 = CARTESIAN_POINT ( 'NONE',  ( 0.000000000000000000, -27.70000000000000284, 0.000000000000000000 ) ) ;
#3453 = ADVANCED_FACE ( 'NONE', ( #4043 ), #8701, .F. ) ;
#3454 = ADVANCED_FACE ( 'NONE', ( #11296 ), #381, .F. ) ;
#3455 = AXIS2_PLACEMENT_3D ( 'NONE', #11029, #3012, #2891 ) ;
#3456 = DIRECTION ( 'NONE',  ( 0.8660254037844385966, -0.5000000000000001110, 0.000000000000000000 ) ) ;
#3457 = DIRECTION ( 'NONE',  ( 0.8660254037844387076, 0.5000000000000000000, -0.000000000000000000 ) ) ;
#3458 = DIRECTION ( 'NONE',  ( 1.000000000000000000, 4.003208021484940511E-16, 0.000000000000000000 ) ) ;
#3459 = CARTESIAN_POINT ( 'NONE',  ( -12.12435565298215856, 4.499999999999978684, 2.255140518769849223E-14 ) ) ;
#3460 = VERTEX_POINT ( 'NONE', #6813 ) ;
#3461 = DIRECTION ( 'NONE',  ( 0.5000000000000001110, -0.8660254037844385966, 0.000000000000000000 ) ) ;
#3462 = ORIENTED_EDGE ( 'NONE', *, *, #7231, .T. ) ;
#3463 = ORIENTED_EDGE ( 'NONE', *, *, #5057, .F. ) ;
#3464 = LINE ( 'NONE', #688, #4378 ) ;
#3465 = CARTESIAN_POINT ( 'NONE',  ( 0.000000000000000000, -27.70000000000000284, 6.350000000000022737 ) ) ;
#3466 = ORIENTED_EDGE ( 'NONE', *, *, #6551, .T. ) ;
#3468 = CARTESIAN_POINT ( 'NONE',  ( 9.959292143521050633, 3.249999999999976463, 2.255140518769849223E-14 ) ) ;
#3467 = CARTESIAN_POINT ( 'NONE',  ( -7.794228634059964911, -12.74999999999995026, 6.350000000000022737 ) ) ;
#3469 = CARTESIAN_POINT ( 'NONE',  ( -4.716260541823220187, 26.19999999999997442, 3.350000000000019629 ) ) ;
#3470 = CARTESIAN_POINT ( 'NONE',  ( 11.40266781649511429, 3.249999999999976463, 2.255140518769849223E-14 ) ) ;
#3471 = VECTOR ( 'NONE', #8301, 1000.000000000000000 ) ;
#3472 = PLANE ( 'NONE',  #5871 ) ;
#3473 = DIRECTION ( 'NONE',  ( 0.000000000000000000, -0.000000000000000000, -1.000000000000000000 ) ) ;
#3474 = ORIENTED_EDGE ( 'NONE', *, *, #11274, .T. ) ;
#3475 = VERTEX_POINT ( 'NONE', #5051 ) ;
#3476 = EDGE_CURVE ( 'NONE', #7814, #6618, #4218, .T. ) ;
#3477 = CIRCLE ( 'NONE', #10068, 3.700000000000001954 ) ;
#3478 = VERTEX_POINT ( 'NONE', #3978 ) ;
#3479 = ORIENTED_EDGE ( 'NONE', *, *, #8489, .T. ) ;
#3480 = PLANE ( 'NONE',  #7582 ) ;
#3481 = CARTESIAN_POINT ( 'NONE',  ( -3.216260541823223740, 26.19999999999997442, 0.000000000000000000 ) ) ;
#3482 = DIRECTION ( 'NONE',  ( 0.5000000000000001110, 0.8660254037844385966, 0.000000000000000000 ) ) ;
#3483 = CARTESIAN_POINT ( 'NONE',  ( -6.423021744734596084, 6.124999999999965361, 2.255140518769849223E-14 ) ) ;
#3484 = VERTEX_POINT ( 'NONE', #8759 ) ;
#3485 = ORIENTED_EDGE ( 'NONE', *, *, #10963, .F. ) ;
#3486 = ORIENTED_EDGE ( 'NONE', *, *, #3132, .F. ) ;
#3487 = ORIENTED_EDGE ( 'NONE', *, *, #5397, .F. ) ;
#3488 = AXIS2_PLACEMENT_3D ( 'NONE', #11204, #1361, #2955 ) ;
#3489 = EDGE_CURVE ( 'NONE', #5250, #8219, #6934, .T. ) ;
#3490 = CARTESIAN_POINT ( 'NONE',  ( 12.05218686933345218, 8.624999999999962697, 6.350000000000022737 ) ) ;
#3491 = CARTESIAN_POINT ( 'NONE',  ( -1.443375672974064328, -2.500000000000000888, 6.350000000000022737 ) ) ;
#3492 = CARTESIAN_POINT ( 'NONE',  ( -2.818925648462311528E-15, -8.999999999999973355, 6.350000000000022737 ) ) ;
#3493 = LINE ( 'NONE', #9920, #1885 ) ;
#3494 = DIRECTION ( 'NONE',  ( -0.000000000000000000, -0.000000000000000000, -1.000000000000000000 ) ) ;
#3495 = ORIENTED_EDGE ( 'NONE', *, *, #10203, .T. ) ;
#3496 = ADVANCED_FACE ( 'NONE', ( #1682 ), #8937, .F. ) ;
#3497 = CARTESIAN_POINT ( 'NONE',  ( -20.09626054182323074, 0.000000000000000000, 0.000000000000000000 ) ) ;
#3498 = EDGE_CURVE ( 'NONE', #10980, #1579, #8053, .T. ) ;
#3499 = VECTOR ( 'NONE', #3412, 1000.000000000000000 ) ;
#3500 = CARTESIAN_POINT ( 'NONE',  ( 1.443375672974076318, -3.250000000000001332, 2.255140518769849223E-14 ) ) ;
#3501 = VECTOR ( 'NONE', #3405, 1000.000000000000000 ) ;
#3502 = VECTOR ( 'NONE', #5425, 1000.000000000000114 ) ;
#3503 = EDGE_CURVE ( 'NONE', #8240, #4341, #9882, .T. ) ;
#3504 = VERTEX_POINT ( 'NONE', #8993 ) ;
#3505 = ORIENTED_EDGE ( 'NONE', *, *, #11361, .F. ) ;
#3506 = VECTOR ( 'NONE', #10167, 1000.000000000000000 ) ;
#3507 = PLANE ( 'NONE',  #6836 ) ;
#3508 = EDGE_CURVE ( 'NONE', #9156, #884, #8878, .T. ) ;
#3509 = LINE ( 'NONE', #8932, #2874 ) ;
#3510 = DIRECTION ( 'NONE',  ( 0.000000000000000000, 0.000000000000000000, 1.000000000000000000 ) ) ;
#3511 = EDGE_CURVE ( 'NONE', #7470, #5601, #3402, .T. ) ;
#3512 = AXIS2_PLACEMENT_3D ( 'NONE', #6920, #1605, #2607 ) ;
#3513 = DIRECTION ( 'NONE',  ( 1.000000000000000000, 4.003208021484940511E-16, 0.000000000000000000 ) ) ;
#3515 = DIRECTION ( 'NONE',  ( 0.8660254037844385966, -0.5000000000000001110, 0.000000000000000000 ) ) ;
#3514 = CARTESIAN_POINT ( 'NONE',  ( 4.979646071760526205, 17.62499999999994671, 2.255140518769849223E-14 ) ) ;
#3516 = CARTESIAN_POINT ( 'NONE',  ( 11.40266781649511785, 14.74999999999993072, 2.255140518769849223E-14 ) ) ;
#3517 = CARTESIAN_POINT ( 'NONE',  ( 1.220317949234429156, 12.50000000000001776, 29.40000000000003766 ) ) ;
#3518 = ORIENTED_EDGE ( 'NONE', *, *, #2558, .F. ) ;
#3519 = CARTESIAN_POINT ( 'NONE',  ( 0.000000000000000000, 0.000000000000000000, 6.350000000000022737 ) ) ;
#3520 = VECTOR ( 'NONE', #8757, 1000.000000000000114 ) ;
#3521 = EDGE_CURVE ( 'NONE', #4717, #9158, #4514, .T. ) ;
#3522 = ORIENTED_EDGE ( 'NONE', *, *, #9289, .F. ) ;
#3523 = EDGE_CURVE ( 'NONE', #2531, #2099, #6052, .T. ) ;
#3524 = VECTOR ( 'NONE', #10551, 1000.000000000000114 ) ;
#3525 = EDGE_LOOP ( 'NONE', ( #10846, #10150, #2646, #8496, #3750, #14 ) ) ;
#3526 = PLANE ( 'NONE',  #9084 ) ;
#3527 = DIRECTION ( 'NONE',  ( -0.7071067811865486830, -0.7071067811865464625, 0.000000000000000000 ) ) ;
#3529 = LINE ( 'NONE', #5240, #9498 ) ;
#3528 = CARTESIAN_POINT ( 'NONE',  ( 12.05218686933345218, 8.624999999999962697, 2.255140518769849223E-14 ) ) ;
#3530 = CARTESIAN_POINT ( 'NONE',  ( -12.96626054182323173, 17.99999999999996092, -3.649999999999986589 ) ) ;
#3531 = DIRECTION ( 'NONE',  ( 0.5000000000000001110, -0.8660254037844385966, 0.000000000000000000 ) ) ;
#3532 = DIRECTION ( 'NONE',  ( -0.4999999999999997780, -0.8660254037844387076, 0.000000000000000000 ) ) ;
#3533 = ORIENTED_EDGE ( 'NONE', *, *, #1181, .F. ) ;
#3534 = ORIENTED_EDGE ( 'NONE', *, *, #1188, .T. ) ;
#3535 = VECTOR ( 'NONE', #1744, 1000.000000000000000 ) ;
#3536 = ORIENTED_EDGE ( 'NONE', *, *, #7839, .F. ) ;
#3537 = VERTEX_POINT ( 'NONE', #9825 ) ;
#3538 = DIRECTION ( 'NONE',  ( 0.000000000000000000, 0.000000000000000000, 1.000000000000000000 ) ) ;
#3539 = DIRECTION ( 'NONE',  ( 0.8660254037844385966, -0.5000000000000001110, 0.000000000000000000 ) ) ;
#3540 = CARTESIAN_POINT ( 'NONE',  ( 7.144709581221627026, 18.87499999999993250, 6.350000000000022737 ) ) ;
#3541 = CARTESIAN_POINT ( 'NONE',  ( -2.818925648462311528E-15, 3.249999999999976463, 2.255140518769849223E-14 ) ) ;
#3542 = ORIENTED_EDGE ( 'NONE', *, *, #2722, .F. ) ;
#3543 = VECTOR ( 'NONE', #5707, 1000.000000000000000 ) ;
#3544 = ORIENTED_EDGE ( 'NONE', *, *, #1626, .T. ) ;
#3545 = ORIENTED_EDGE ( 'NONE', *, *, #5383, .F. ) ;
#3546 = ORIENTED_EDGE ( 'NONE', *, *, #5661, .T. ) ;
#3547 = ORIENTED_EDGE ( 'NONE', *, *, #7454, .F. ) ;
#3548 = CIRCLE ( 'NONE', #6748, 4.499999999999997335 ) ;
#3549 = DIRECTION ( 'NONE',  ( 0.5000000000000001110, -0.8660254037844385966, 0.000000000000000000 ) ) ;
#3550 = CARTESIAN_POINT ( 'NONE',  ( -7.866397417708659745, -14.37499999999993960, 2.255140518769849223E-14 ) ) ;
#3551 = LINE ( 'NONE', #3663, #9004 ) ;
#3552 = LINE ( 'NONE', #776, #11305 ) ;
#3553 = CYLINDRICAL_SURFACE ( 'NONE', #9145, 1.750000000000001554 ) ;
#3554 = ORIENTED_EDGE ( 'NONE', *, *, #8707, .F. ) ;
#3555 = DIRECTION ( 'NONE',  ( -1.000000000000000000, -3.373073425510458458E-16, 0.000000000000000000 ) ) ;
#3556 = DIRECTION ( 'NONE',  ( -0.4999999999999997780, -0.8660254037844388186, 0.000000000000000000 ) ) ;
#3557 = VECTOR ( 'NONE', #8161, 1000.000000000000000 ) ;
#3558 = ORIENTED_EDGE ( 'NONE', *, *, #6674, .T. ) ;
#3559 = ORIENTED_EDGE ( 'NONE', *, *, #11443, .T. ) ;
#3560 = EDGE_CURVE ( 'NONE', #5986, #2170, #2674, .T. ) ;
#3561 = VECTOR ( 'NONE', #1749, 1000.000000000000114 ) ;
#3562 = DIRECTION ( 'NONE',  ( -0.8660254037844385966, -0.5000000000000001110, 0.000000000000000000 ) ) ;
#3563 = DIRECTION ( 'NONE',  ( 0.000000000000000000, 0.000000000000000000, 1.000000000000000000 ) ) ;
#3564 = DIRECTION ( 'NONE',  ( -0.8660254037844385966, -0.5000000000000001110, 0.000000000000000000 ) ) ;
#3565 = CARTESIAN_POINT ( 'NONE',  ( 12.12435565298214790, 4.499999999999977796, 6.350000000000022737 ) ) ;
#3566 = AXIS2_PLACEMENT_3D ( 'NONE', #4922, #9643, #6863 ) ;
#3568 = DIRECTION ( 'NONE',  ( 0.5000000000000001110, 0.8660254037844385966, 0.000000000000000000 ) ) ;
#3567 = PLANE ( 'NONE',  #7079 ) ;
#3569 = DIRECTION ( 'NONE',  ( 0.000000000000000000, 0.000000000000000000, 1.000000000000000000 ) ) ;
#3570 = DIRECTION ( 'NONE',  ( 0.8660254037844385966, -0.5000000000000001110, 0.000000000000000000 ) ) ;
#3571 = ORIENTED_EDGE ( 'NONE', *, *, #28, .F. ) ;
#3572 = EDGE_CURVE ( 'NONE', #10, #5986, #9655, .T. ) ;
#3573 = FACE_OUTER_BOUND ( 'NONE', #11663, .T. ) ;
#3574 = EDGE_CURVE ( 'NONE', #4592, #2656, #4457, .T. ) ;
#3575 = ORIENTED_EDGE ( 'NONE', *, *, #6249, .T. ) ;
#3576 = EDGE_CURVE ( 'NONE', #6056, #5421, #11587, .T. ) ;
#3577 = EDGE_LOOP ( 'NONE', ( #746, #9818, #9718, #10148 ) ) ;
#3578 = CARTESIAN_POINT ( 'NONE',  ( 2.814582562299429380, -15.62499999999994138, 6.350000000000022737 ) ) ;
#3579 = DIRECTION ( 'NONE',  ( 0.7071067811865489050, -0.7071067811865462405, -2.775557561562891967E-17 ) ) ;
#3581 = DIRECTION ( 'NONE',  ( 0.000000000000000000, 0.000000000000000000, 1.000000000000000000 ) ) ;
#3580 = CARTESIAN_POINT ( 'NONE',  ( 12.12435565298215145, 12.74999999999995559, 6.350000000000022737 ) ) ;
#3582 = CARTESIAN_POINT ( 'NONE',  ( 2.092894725812397994, 2.874999999999990230, 2.255140518769849223E-14 ) ) ;
#3583 = DIRECTION ( 'NONE',  ( -0.7071067811865487940, 0.000000000000000000, -0.7071067811865463515 ) ) ;
#3584 = LINE ( 'NONE', #7178, #2364 ) ;
#3585 = ORIENTED_EDGE ( 'NONE', *, *, #7454, .T. ) ;
#3586 = VECTOR ( 'NONE', #4952, 1000.000000000000000 ) ;
#3587 = AXIS2_PLACEMENT_3D ( 'NONE', #7799, #8572, #6688 ) ;
#3588 = ORIENTED_EDGE ( 'NONE', *, *, #4526, .T. ) ;
#3589 = EDGE_CURVE ( 'NONE', #2424, #11270, #2449, .T. ) ;
#3590 = ORIENTED_EDGE ( 'NONE', *, *, #11443, .F. ) ;
#3591 = CARTESIAN_POINT ( 'NONE',  ( 11.40266781649511607, -3.249999999999972911, 6.350000000000022737 ) ) ;
#3592 = ADVANCED_FACE ( 'NONE', ( #10701 ), #7934, .F. ) ;
#3593 = ADVANCED_FACE ( 'NONE', ( #4279 ), #6221, .F. ) ;
#3594 = CARTESIAN_POINT ( 'NONE',  ( -3.319764047840303878, -18.00000000000001421, -3.649999999999986589 ) ) ;
#3595 = LINE ( 'NONE', #7187, #7464 ) ;
#3596 = LINE ( 'NONE', #3541, #5010 ) ;
#3597 = EDGE_LOOP ( 'NONE', ( #1658, #2752, #9115, #10556 ) ) ;
#3598 = ORIENTED_EDGE ( 'NONE', *, *, #5298, .T. ) ;
#3599 = VERTEX_POINT ( 'NONE', #5341 ) ;
#3600 = ORIENTED_EDGE ( 'NONE', *, *, #1769, .F. ) ;
#3601 = ORIENTED_EDGE ( 'NONE', *, *, #9572, .T. ) ;
#3602 =( NAMED_UNIT ( * ) PLANE_ANGLE_UNIT ( ) SI_UNIT ( $, .RADIAN. ) );
#3603 = VECTOR ( 'NONE', #3556, 1000.000000000000114 ) ;
#3604 = CARTESIAN_POINT ( 'NONE',  ( -7.144709581221635908, 4.124999999999978684, 2.255140518769849223E-14 ) ) ;
#3605 = DIRECTION ( 'NONE',  ( 0.5000000000000001110, -0.8660254037844385966, 0.000000000000000000 ) ) ;
#3606 = DIRECTION ( 'NONE',  ( -0.000000000000000000, 0.000000000000000000, -1.000000000000000000 ) ) ;
#3607 = CARTESIAN_POINT ( 'NONE',  ( 2.814582562299422719, -13.12499999999995204, 6.350000000000022737 ) ) ;
#3608 = ORIENTED_EDGE ( 'NONE', *, *, #2496, .F. ) ;
#3609 = DIRECTION ( 'NONE',  ( -0.4999999999999997780, -0.8660254037844387076, 0.000000000000000000 ) ) ;
#3610 = ORIENTED_EDGE ( 'NONE', *, *, #4590, .T. ) ;
#3611 = ORIENTED_EDGE ( 'NONE', *, *, #6729, .T. ) ;
#3612 = VECTOR ( 'NONE', #9080, 1000.000000000000000 ) ;
#3613 = DIRECTION ( 'NONE',  ( 0.000000000000000000, 0.000000000000000000, -1.000000000000000000 ) ) ;
#3614 = DIRECTION ( 'NONE',  ( 0.000000000000000000, 0.000000000000000000, 1.000000000000000000 ) ) ;
#3615 = DIRECTION ( 'NONE',  ( 0.5000000000000001110, -0.8660254037844385966, 0.000000000000000000 ) ) ;
#3616 = LINE ( 'NONE', #7271, #2567 ) ;
#3618 = CARTESIAN_POINT ( 'NONE',  ( -2.814582562299389856, -1.624999999999979794, 3.350000000000019629 ) ) ;
#3617 = LINE ( 'NONE', #5885, #7834 ) ;
#3619 = DIRECTION ( 'NONE',  ( 1.000000000000000000, 0.000000000000000000, 0.000000000000000000 ) ) ;
#3620 = CARTESIAN_POINT ( 'NONE',  ( 13.03373945817676649, 6.924901045822577039, 6.350000000000022737 ) ) ;
#3621 = ORIENTED_EDGE ( 'NONE', *, *, #9129, .T. ) ;
#3622 = AXIS2_PLACEMENT_3D ( 'NONE', #8773, #9778, #8711 ) ;
#3623 = DIRECTION ( 'NONE',  ( 1.000000000000000000, 0.000000000000000000, 0.000000000000000000 ) ) ;
#3624 = EDGE_CURVE ( 'NONE', #8318, #6238, #6111, .T. ) ;
#3625 = ORIENTED_EDGE ( 'NONE', *, *, #1550, .T. ) ;
#3626 = EDGE_LOOP ( 'NONE', ( #1967, #8770, #10734, #1741 ) ) ;
#3627 = VECTOR ( 'NONE', #4781, 1000.000000000000000 ) ;
#3628 = CARTESIAN_POINT ( 'NONE',  ( -9.959292143521061291, -2.499999999999996891, 2.255140518769849223E-14 ) ) ;
#3629 = CARTESIAN_POINT ( 'NONE',  ( -30.34310355970659856, 12.50000000000001776, 6.350000000000022737 ) ) ;
#3630 = EDGE_CURVE ( 'NONE', #8195, #3396, #5402, .T. ) ;
#3631 = VECTOR ( 'NONE', #6391, 1000.000000000000000 ) ;
#3633 = LINE ( 'NONE', #926, #6296 ) ;
#3632 = DIRECTION ( 'NONE',  ( 0.4999999999999997224, 0.8660254037844387076, 0.000000000000000000 ) ) ;
#3634 = DIRECTION ( 'NONE',  ( 0.5000000000000001110, -0.8660254037844385966, 0.000000000000000000 ) ) ;
#3635 = DIRECTION ( 'NONE',  ( 0.000000000000000000, 0.000000000000000000, 1.000000000000000000 ) ) ;
#3636 = EDGE_CURVE ( 'NONE', #9383, #5367, #1623, .T. ) ;
#3637 = EDGE_CURVE ( 'NONE', #9805, #2194, #2733, .T. ) ;
#3638 = DIRECTION ( 'NONE',  ( -0.8660254037844385966, -0.5000000000000001110, 0.000000000000000000 ) ) ;
#3639 = VERTEX_POINT ( 'NONE', #256 ) ;
#3640 = CARTESIAN_POINT ( 'NONE',  ( -12.05218686933346284, -2.874999999999983125, 2.255140518769849223E-14 ) ) ;
#3641 = EDGE_LOOP ( 'NONE', ( #9387, #4618, #4789, #306 ) ) ;
#3642 = ORIENTED_EDGE ( 'NONE', *, *, #2214, .F. ) ;
#3643 = EDGE_CURVE ( 'NONE', #3639, #3892, #7214, .T. ) ;
#3644 = CARTESIAN_POINT ( 'NONE',  ( -7.144709581221628802, -9.874999999999964473, 6.350000000000022737 ) ) ;
#3645 = EDGE_CURVE ( 'NONE', #1910, #7321, #11047, .T. ) ;
#3646 = AXIS2_PLACEMENT_3D ( 'NONE', #4994, #8587, #504 ) ;
#3647 = CARTESIAN_POINT ( 'NONE',  ( 7.368161339686235323, 30.00000000000002132, 3.350000000000019629 ) ) ;
#3648 = LINE ( 'NONE', #880, #2570 ) ;
#3649 = CARTESIAN_POINT ( 'NONE',  ( 2.814582562299422719, 4.124999999999976907, 2.255140518769849223E-14 ) ) ;
#3650 = ORIENTED_EDGE ( 'NONE', *, *, #7529, .F. ) ;
#3651 = LINE ( 'NONE', #6306, #8889 ) ;
#3652 = CARTESIAN_POINT ( 'NONE',  ( -9.959292143521061291, -3.249999999999997335, 2.255140518769849223E-14 ) ) ;
#3653 = ORIENTED_EDGE ( 'NONE', *, *, #9264, .T. ) ;
#3654 = ADVANCED_FACE ( 'NONE', ( #2081 ), #1201, .T. ) ;
#3655 = ORIENTED_EDGE ( 'NONE', *, *, #8112, .F. ) ;
#3656 = VECTOR ( 'NONE', #7415, 1000.000000000000000 ) ;
#3657 = ORIENTED_EDGE ( 'NONE', *, *, #6605, .F. ) ;
#3658 = EDGE_CURVE ( 'NONE', #4935, #784, #5511, .T. ) ;
#3659 = EDGE_CURVE ( 'NONE', #2531, #7375, #6341, .T. ) ;
#3660 = ORIENTED_EDGE ( 'NONE', *, *, #3922, .F. ) ;
#3661 = CARTESIAN_POINT ( 'NONE',  ( -2.165063509461099933, 15.99999999999993072, 2.255140518769849223E-14 ) ) ;
#3662 = DIRECTION ( 'NONE',  ( 0.5000000000000001110, 0.8660254037844385966, 0.000000000000000000 ) ) ;
#3663 = CARTESIAN_POINT ( 'NONE',  ( -7.794228634059957805, -15.99999999999994138, 2.255140518769849223E-14 ) ) ;
#3664 = CARTESIAN_POINT ( 'NONE',  ( -8.515916470546983419, -3.249999999999997335, 2.255140518769849223E-14 ) ) ;
#3665 = FACE_BOUND ( 'NONE', #6968, .T. ) ;
#3666 = ORIENTED_EDGE ( 'NONE', *, *, #2088, .T. ) ;
#3667 = CARTESIAN_POINT ( 'NONE',  ( 1.220317949235080635, 7.500000000000020428, 39.63500000000003354 ) ) ;
#3668 = ORIENTED_EDGE ( 'NONE', *, *, #7977, .F. ) ;
#3669 = ORIENTED_EDGE ( 'NONE', *, *, #9424, .F. ) ;
#3670 = ORIENTED_EDGE ( 'NONE', *, *, #9732, .T. ) ;
#3671 = DIRECTION ( 'NONE',  ( 0.5000000000000001110, -0.8660254037844385966, 0.000000000000000000 ) ) ;
#3672 = DIRECTION ( 'NONE',  ( 0.000000000000000000, 0.000000000000000000, -1.000000000000000000 ) ) ;
#3673 = CARTESIAN_POINT ( 'NONE',  ( 1.220317949211389141, -24.49999999999999645, 24.89999999999898250 ) ) ;
#3674 = DIRECTION ( 'NONE',  ( 0.000000000000000000, 0.000000000000000000, -1.000000000000000000 ) ) ;
#3675 = ORIENTED_EDGE ( 'NONE', *, *, #10416, .F. ) ;
#3676 = VECTOR ( 'NONE', #822, 1000.000000000000000 ) ;
#3678 = LINE ( 'NONE', #10990, #6952 ) ;
#3677 = CARTESIAN_POINT ( 'NONE',  ( 13.03373945817677360, -10.32509895417735279, -3.649999999999986589 ) ) ;
#3679 = EDGE_CURVE ( 'NONE', #1173, #7431, #6569, .T. ) ;
#3680 = CARTESIAN_POINT ( 'NONE',  ( 7.505553499465186462, -18.00000000000001066, -3.649999999999986589 ) ) ;
#3681 = VECTOR ( 'NONE', #6716, 1000.000000000000000 ) ;
#3682 = VECTOR ( 'NONE', #5523, 1000.000000000000000 ) ;
#3683 = CARTESIAN_POINT ( 'NONE',  ( -9.959292143521061291, 8.249999999999953815, 6.350000000000022737 ) ) ;
#3684 = ORIENTED_EDGE ( 'NONE', *, *, #7986, .F. ) ;
#3685 = LINE ( 'NONE', #5464, #2136 ) ;
#3686 = ORIENTED_EDGE ( 'NONE', *, *, #3018, .T. ) ;
#3687 = VECTOR ( 'NONE', #7764, 1000.000000000000000 ) ;
#3688 = VERTEX_POINT ( 'NONE', #10991 ) ;
#3689 = CIRCLE ( 'NONE', #8580, 1.750000000000005107 ) ;
#3690 = VECTOR ( 'NONE', #6151, 1000.000000000000000 ) ;
#3691 = CARTESIAN_POINT ( 'NONE',  ( 12.12435565298215145, 15.99999999999993427, 6.350000000000022737 ) ) ;
#3692 = DIRECTION ( 'NONE',  ( -0.000000000000000000, 0.000000000000000000, 1.000000000000000000 ) ) ;
#3694 = CARTESIAN_POINT ( 'NONE',  ( 1.443375672974058332, 8.999999999999953815, 6.350000000000022737 ) ) ;
#3693 = DIRECTION ( 'NONE',  ( 0.5000000000000001110, -0.8660254037844385966, 0.000000000000000000 ) ) ;
#3695 = LINE ( 'NONE', #6522, #5999 ) ;
#3696 = CARTESIAN_POINT ( 'NONE',  ( 2.165063509461090607, 10.24999999999995559, 6.350000000000022737 ) ) ;
#3697 = VECTOR ( 'NONE', #1789, 1000.000000000000000 ) ;
#3698 = DIRECTION ( 'NONE',  ( 0.5000000000000001110, 0.8660254037844385966, 0.000000000000000000 ) ) ;
#3699 = ORIENTED_EDGE ( 'NONE', *, *, #1651, .T. ) ;
#3700 = EDGE_LOOP ( 'NONE', ( #9194, #3331, #3284, #2004, #9420, #2653 ) ) ;
#3701 = LINE ( 'NONE', #4706, #3243 ) ;
#3702 = ORIENTED_EDGE ( 'NONE', *, *, #2790, .T. ) ;
#3703 = VERTEX_POINT ( 'NONE', #9050 ) ;
#3704 = EDGE_CURVE ( 'NONE', #5058, #8439, #8333, .T. ) ;
#3705 = LINE ( 'NONE', #7296, #10630 ) ;
#3706 = CARTESIAN_POINT ( 'NONE',  ( -30.34310355970659501, -12.50000000000001776, 6.350000000000022737 ) ) ;
#3707 = CARTESIAN_POINT ( 'NONE',  ( -2.814582562299438262, 13.12499999999994316, 2.255140518769849223E-14 ) ) ;
#3708 = CARTESIAN_POINT ( 'NONE',  ( 7.794228634059957805, -1.250000000000000000, 6.350000000000022737 ) ) ;
#3709 = ORIENTED_EDGE ( 'NONE', *, *, #3428, .T. ) ;
#3710 = PLANE ( 'NONE',  #3431 ) ;
#3711 = FACE_OUTER_BOUND ( 'NONE', #62, .T. ) ;
#3712 = ORIENTED_EDGE ( 'NONE', *, *, #3993, .F. ) ;
#3713 = ORIENTED_EDGE ( 'NONE', *, *, #8638, .T. ) ;
#3714 = EDGE_CURVE ( 'NONE', #8710, #10188, #10877, .T. ) ;
#3715 = EDGE_CURVE ( 'NONE', #10818, #1169, #10114, .T. ) ;
#3716 = EDGE_CURVE ( 'NONE', #5250, #1869, #2795, .T. ) ;
#3717 = ORIENTED_EDGE ( 'NONE', *, *, #9706, .T. ) ;
#3718 = EDGE_CURVE ( 'NONE', #3155, #7165, #9223, .T. ) ;
#3719 = EDGE_CURVE ( 'NONE', #10481, #11439, #1146, .T. ) ;
#3720 = ORIENTED_EDGE ( 'NONE', *, *, #7322, .T. ) ;
#3721 = VECTOR ( 'NONE', #1788, 1000.000000000000000 ) ;
#3722 = DIRECTION ( 'NONE',  ( 1.000000000000000000, 0.000000000000000000, 0.000000000000000000 ) ) ;
#3723 = LINE ( 'NONE', #10972, #713 ) ;
#3724 = CARTESIAN_POINT ( 'NONE',  ( 9.959292143521054186, 14.74999999999993072, 2.255140518769849223E-14 ) ) ;
#3725 = CIRCLE ( 'NONE', #5993, 1.499999999999996669 ) ;
#3726 = FACE_BOUND ( 'NONE', #10104, .T. ) ;
#3727 = ORIENTED_EDGE ( 'NONE', *, *, #5734, .T. ) ;
#3728 =( LENGTH_UNIT ( ) NAMED_UNIT ( * ) SI_UNIT ( .MILLI., .METRE. ) );
#3729 = LINE ( 'NONE', #4555, #8123 ) ;
#3730 = ORIENTED_EDGE ( 'NONE', *, *, #4740, .F. ) ;
#3731 = AXIS2_PLACEMENT_3D ( 'NONE', #7774, #5889, #1407 ) ;
#3732 = AXIS2_PLACEMENT_3D ( 'NONE', #1036, #9121, #5639 ) ;
#3733 = EDGE_LOOP ( 'NONE', ( #9884, #859, #5890 ) ) ;
#3734 = VERTEX_POINT ( 'NONE', #10001 ) ;
#3735 = PLANE ( 'NONE',  #11154 ) ;
#3736 = CARTESIAN_POINT ( 'NONE',  ( -7.649891066762597447, 12.50000000000001776, 6.350000000000022737 ) ) ;
#3737 = FACE_OUTER_BOUND ( 'NONE', #9679, .T. ) ;
#3738 = VERTEX_POINT ( 'NONE', #2909 ) ;
#3739 = EDGE_CURVE ( 'NONE', #7587, #1295, #6452, .T. ) ;
#3741 = CARTESIAN_POINT ( 'NONE',  ( -6.423021744734610294, 11.12499999999994138, 2.255140518769849223E-14 ) ) ;
#3740 = DIRECTION ( 'NONE',  ( -0.000000000000000000, -1.000000000000000000, -0.000000000000000000 ) ) ;
#3742 = EDGE_CURVE ( 'NONE', #7080, #7310, #7445, .T. ) ;
#3743 = CARTESIAN_POINT ( 'NONE',  ( 8.515916470546974537, 8.249999999999953815, 2.255140518769849223E-14 ) ) ;
#3744 = VECTOR ( 'NONE', #11176, 1000.000000000000000 ) ;
#3745 = DIRECTION ( 'NONE',  ( 0.5000000000000001110, -0.8660254037844385966, 0.000000000000000000 ) ) ;
#3746 = ORIENTED_EDGE ( 'NONE', *, *, #4501, .T. ) ;
#3747 = CARTESIAN_POINT ( 'NONE',  ( -7.794228634059964911, -18.49999999999992539, 2.255140518769849223E-14 ) ) ;
#3748 = VERTEX_POINT ( 'NONE', #202 ) ;
#3749 = AXIS2_PLACEMENT_3D ( 'NONE', #6470, #3867, #8348 ) ;
#3750 = ORIENTED_EDGE ( 'NONE', *, *, #552, .F. ) ;
#3751 = LINE ( 'NONE', #2804, #3437 ) ;
#3752 = CARTESIAN_POINT ( 'NONE',  ( 2.886751345948121550, 11.49999999999995381, 2.255140518769849223E-14 ) ) ;
#3754 = CARTESIAN_POINT ( 'NONE',  ( 0.000000000000000000, 0.000000000000000000, 6.350000000000022737 ) ) ;
#3753 = LINE ( 'NONE', #8172, #5204 ) ;
#3755 = PLANE ( 'NONE',  #1475 ) ;
#3756 = VECTOR ( 'NONE', #7390, 1000.000000000000000 ) ;
#3757 = FACE_OUTER_BOUND ( 'NONE', #1203, .T. ) ;
#3758 = FACE_OUTER_BOUND ( 'NONE', #10482, .T. ) ;
#3759 = DIRECTION ( 'NONE',  ( 0.000000000000000000, -0.000000000000000000, -1.000000000000000000 ) ) ;
#3760 = EDGE_LOOP ( 'NONE', ( #5256, #2640, #9262, #10935 ) ) ;
#3761 = ORIENTED_EDGE ( 'NONE', *, *, #2147, .F. ) ;
#3762 = CARTESIAN_POINT ( 'NONE',  ( -30.34310355970659856, 12.50000000000001776, 6.350000000000022737 ) ) ;
#3763 = EDGE_LOOP ( 'NONE', ( #3286, #4348, #4367, #6025 ) ) ;
#3764 = EDGE_LOOP ( 'NONE', ( #7023, #11261, #3021, #5131 ) ) ;
#3765 = DIRECTION ( 'NONE',  ( 1.000000000000000000, 0.000000000000000000, 0.000000000000000000 ) ) ;
#3766 = CARTESIAN_POINT ( 'NONE',  ( -7.072540797572933080, -5.749999999999973355, 2.255140518769849223E-14 ) ) ;
#3767 = CARTESIAN_POINT ( 'NONE',  ( -4.979646071760531534, -0.3750000000000107692, 2.255140518769849223E-14 ) ) ;
#3768 = CARTESIAN_POINT ( 'NONE',  ( 9.959292143521054186, 14.74999999999993072, 6.350000000000022737 ) ) ;
#3769 = EDGE_LOOP ( 'NONE', ( #1362, #7581, #9635, #7413 ) ) ;
#3770 = CARTESIAN_POINT ( 'NONE',  ( -12.77387470582048579, -7.374999999999974243, 2.255140518769849223E-14 ) ) ;
#3771 = CARTESIAN_POINT ( 'NONE',  ( -2.165063509461103486, 10.24999999999995381, 6.350000000000022737 ) ) ;
#3772 = AXIS2_PLACEMENT_3D ( 'NONE', #4895, #1171, #6545 ) ;
#3773 = ORIENTED_EDGE ( 'NONE', *, *, #8341, .T. ) ;
#3774 = VERTEX_POINT ( 'NONE', #4688 ) ;
#3775 = ORIENTED_EDGE ( 'NONE', *, *, #8707, .T. ) ;
#3776 = ORIENTED_EDGE ( 'NONE', *, *, #7194, .F. ) ;
#3777 = VECTOR ( 'NONE', #4333, 1000.000000000000000 ) ;
#3778 = FACE_OUTER_BOUND ( 'NONE', #11534, .T. ) ;
#3779 = LINE ( 'NONE', #8434, #6925 ) ;
#3780 = EDGE_CURVE ( 'NONE', #3484, #8126, #142, .T. ) ;
#3781 = LINE ( 'NONE', #8375, #6395 ) ;
#3782 = LINE ( 'NONE', #2717, #9896 ) ;
#3783 = VERTEX_POINT ( 'NONE', #10933 ) ;
#3784 = ADVANCED_FACE ( 'NONE', ( #2853 ), #8282, .F. ) ;
#3785 = VERTEX_POINT ( 'NONE', #1086 ) ;
#3786 = ORIENTED_EDGE ( 'NONE', *, *, #8035, .F. ) ;
#3787 = ORIENTED_EDGE ( 'NONE', *, *, #2479, .T. ) ;
#3788 = LINE ( 'NONE', #6620, #11539 ) ;
#3789 = DIRECTION ( 'NONE',  ( -0.000000000000000000, 0.000000000000000000, 1.000000000000000000 ) ) ;
#3790 = DIRECTION ( 'NONE',  ( 1.000000000000000000, 0.000000000000000000, 0.000000000000000000 ) ) ;
#3791 = ORIENTED_EDGE ( 'NONE', *, *, #2558, .T. ) ;
#3792 = EDGE_CURVE ( 'NONE', #11122, #4048, #11226, .T. ) ;
#3794 = DIRECTION ( 'NONE',  ( 1.000000000000000000, 1.067522139062644163E-15, 0.000000000000000000 ) ) ;
#3793 = DIRECTION ( 'NONE',  ( 0.8660254037844388186, -0.4999999999999997780, 0.000000000000000000 ) ) ;
#3795 = CARTESIAN_POINT ( 'NONE',  ( 7.144709581221622585, -9.874999999999960920, 2.255140518769849223E-14 ) ) ;
#3796 = LINE ( 'NONE', #2025, #11312 ) ;
#3797 = ORIENTED_EDGE ( 'NONE', *, *, #2991, .F. ) ;
#3798 = DIRECTION ( 'NONE',  ( 0.4999999999999997780, 0.8660254037844388186, 0.000000000000000000 ) ) ;
#3799 = EDGE_CURVE ( 'NONE', #9541, #6988, #9580, .T. ) ;
#3800 = CIRCLE ( 'NONE', #10392, 3.700000000000001954 ) ;
#3801 = EDGE_CURVE ( 'NONE', #3734, #6954, #5915, .T. ) ;
#3802 = EDGE_CURVE ( 'NONE', #1631, #11390, #1864, .T. ) ;
#3803 = VERTEX_POINT ( 'NONE', #7626 ) ;
#3804 = FACE_OUTER_BOUND ( 'NONE', #6967, .T. ) ;
#3805 = CARTESIAN_POINT ( 'NONE',  ( 1.220317949235150801, 7.500000000000020428, 22.66499999999998494 ) ) ;
#3807 = LINE ( 'NONE', #7561, #2716 ) ;
#3806 = LINE ( 'NONE', #7344, #11026 ) ;
#3808 = CARTESIAN_POINT ( 'NONE',  ( 13.03373945817676294, 0.000000000000000000, 0.000000000000000000 ) ) ;
#3809 = AXIS2_PLACEMENT_3D ( 'NONE', #1743, #4467, #4287 ) ;
#3810 = CARTESIAN_POINT ( 'NONE',  ( -12.96626054182322818, -10.20822204261330768, 0.000000000000000000 ) ) ;
#3811 = DIRECTION ( 'NONE',  ( -0.000000000000000000, 0.000000000000000000, 1.000000000000000000 ) ) ;
#3812 = VECTOR ( 'NONE', #1026, 1000.000000000000000 ) ;
#3813 = LINE ( 'NONE', #158, #10287 ) ;
#3814 = ORIENTED_EDGE ( 'NONE', *, *, #6309, .F. ) ;
#3815 = VECTOR ( 'NONE', #5850, 1000.000000000000000 ) ;
#3816 = VECTOR ( 'NONE', #11099, 1000.000000000000000 ) ;
#3817 = FACE_OUTER_BOUND ( 'NONE', #5172, .T. ) ;
#3818 = ORIENTED_EDGE ( 'NONE', *, *, #4074, .F. ) ;
#3819 = ORIENTED_EDGE ( 'NONE', *, *, #63, .T. ) ;
#3820 = CARTESIAN_POINT ( 'NONE',  ( 13.03373945817677360, -12.67490104582254240, -3.649999999999986589 ) ) ;
#3821 = LINE ( 'NONE', #1936, #3543 ) ;
#3822 = DIRECTION ( 'NONE',  ( 1.000000000000000000, 0.000000000000000000, 0.000000000000000000 ) ) ;
#3823 = CARTESIAN_POINT ( 'NONE',  ( -3.536270398786466540, 6.124999999999965361, 6.350000000000022737 ) ) ;
#3824 = VECTOR ( 'NONE', #8665, 1000.000000000000000 ) ;
#3825 = ORIENTED_EDGE ( 'NONE', *, *, #7618, .F. ) ;
#3826 = LINE ( 'NONE', #7479, #5133 ) ;
#3827 = CARTESIAN_POINT ( 'NONE',  ( 2.814582562299422719, -18.87499999999992895, 6.350000000000022737 ) ) ;
#3828 = ADVANCED_FACE ( 'NONE', ( #11341 ), #8392, .T. ) ;
#3829 = ORIENTED_EDGE ( 'NONE', *, *, #1033, .T. ) ;
#3830 = VERTEX_POINT ( 'NONE', #489 ) ;
#3831 = VECTOR ( 'NONE', #1450, 1000.000000000000000 ) ;
#3832 = ORIENTED_EDGE ( 'NONE', *, *, #128, .T. ) ;
#3833 = VECTOR ( 'NONE', #2913, 1000.000000000000000 ) ;
#3834 = ORIENTED_EDGE ( 'NONE', *, *, #10435, .T. ) ;
#3835 = LINE ( 'NONE', #9089, #2313 ) ;
#3836 = DIRECTION ( 'NONE',  ( 0.5000000000000001110, -0.8660254037844385966, 0.000000000000000000 ) ) ;
#3837 = DIRECTION ( 'NONE',  ( 0.000000000000000000, 0.000000000000000000, 1.000000000000000000 ) ) ;
#3838 = FACE_BOUND ( 'NONE', #463, .T. ) ;
#3839 = ORIENTED_EDGE ( 'NONE', *, *, #9211, .F. ) ;
#3840 = AXIS2_PLACEMENT_3D ( 'NONE', #4944, #4887, #9544 ) ;
#3841 = ORIENTED_EDGE ( 'NONE', *, *, #6048, .F. ) ;
#3842 = EDGE_LOOP ( 'NONE', ( #4317, #6877, #2762, #2951 ) ) ;
#3843 = EDGE_LOOP ( 'NONE', ( #6355, #10003, #9981, #6013, #4763, #6619 ) ) ;
#3844 = VECTOR ( 'NONE', #11457, 1000.000000000000000 ) ;
#3845 = DIRECTION ( 'NONE',  ( 0.000000000000000000, 0.000000000000000000, 1.000000000000000000 ) ) ;
#3846 = ADVANCED_FACE ( 'NONE', ( #4981 ), #10456, .F. ) ;
#3847 = DIRECTION ( 'NONE',  ( 0.8660254037844385966, -0.5000000000000001110, 0.000000000000000000 ) ) ;
#3848 = EDGE_CURVE ( 'NONE', #11564, #4475, #6861, .T. ) ;
#3849 = DIRECTION ( 'NONE',  ( 0.4999999999999997224, 0.8660254037844387076, 0.000000000000000000 ) ) ;
#3850 = ORIENTED_EDGE ( 'NONE', *, *, #11636, .F. ) ;
#3852 = CARTESIAN_POINT ( 'NONE',  ( 11.40266781649511429, 3.249999999999976463, 6.350000000000022737 ) ) ;
#3851 = FACE_OUTER_BOUND ( 'NONE', #10748, .T. ) ;
#3853 = DIRECTION ( 'NONE',  ( 0.000000000000000000, 0.000000000000000000, 1.000000000000000000 ) ) ;
#3854 = CARTESIAN_POINT ( 'NONE',  ( -6.423021744734596084, 6.124999999999965361, 2.255140518769849223E-14 ) ) ;
#3855 = ORIENTED_EDGE ( 'NONE', *, *, #5805, .T. ) ;
#3856 = DIRECTION ( 'NONE',  ( -0.000000000000000000, 0.000000000000000000, 1.000000000000000000 ) ) ;
#3857 = EDGE_CURVE ( 'NONE', #4304, #7961, #10344, .T. ) ;
#3858 = EDGE_CURVE ( 'NONE', #7961, #1126, #8103, .T. ) ;
#3859 = EDGE_CURVE ( 'NONE', #297, #387, #1436, .T. ) ;
#3860 = ADVANCED_FACE ( 'NONE', ( #1319 ), #8451, .T. ) ;
#3861 = ORIENTED_EDGE ( 'NONE', *, *, #11291, .T. ) ;
#3862 = CIRCLE ( 'NONE', #2730, 4.549999999999998934 ) ;
#3863 = CARTESIAN_POINT ( 'NONE',  ( 7.144709581221622585, 13.12499999999994316, 6.350000000000022737 ) ) ;
#3864 = DIRECTION ( 'NONE',  ( 0.5000000000000001110, 0.8660254037844385966, 0.000000000000000000 ) ) ;
#3865 = DIRECTION ( 'NONE',  ( 0.000000000000000000, 0.000000000000000000, 1.000000000000000000 ) ) ;
#3866 = CARTESIAN_POINT ( 'NONE',  ( 3.536270398786458546, 6.124999999999965361, 2.255140518769849223E-14 ) ) ;
#3867 = DIRECTION ( 'NONE',  ( -0.8660254037844385966, -0.5000000000000001110, 0.000000000000000000 ) ) ;
#3868 = CARTESIAN_POINT ( 'NONE',  ( 9.959292143521054186, -2.500000000000000444, 2.255140518769849223E-14 ) ) ;
#3869 = EDGE_CURVE ( 'NONE', #1725, #11338, #7567, .T. ) ;
#3870 = ADVANCED_FACE ( 'NONE', ( #11165 ), #3149, .F. ) ;
#3871 = DIRECTION ( 'NONE',  ( -0.8660254037844388186, 0.4999999999999998335, 0.000000000000000000 ) ) ;
#3872 = VECTOR ( 'NONE', #1975, 1000.000000000000000 ) ;
#3873 = ORIENTED_EDGE ( 'NONE', *, *, #3073, .T. ) ;
#3874 = CIRCLE ( 'NONE', #3317, 4.549999999999998934 ) ;
#3875 = VECTOR ( 'NONE', #6450, 1000.000000000000114 ) ;
#3876 = ORIENTED_EDGE ( 'NONE', *, *, #10963, .T. ) ;
#3877 = CARTESIAN_POINT ( 'NONE',  ( 1.443375672974075874, -8.999999999999973355, 6.350000000000022737 ) ) ;
#3878 = VERTEX_POINT ( 'NONE', #6687 ) ;
#3879 = ORIENTED_EDGE ( 'NONE', *, *, #7330, .T. ) ;
#3881 = CARTESIAN_POINT ( 'NONE',  ( 11.40266781649511785, -13.99999999999995026, 2.255140518769849223E-14 ) ) ;
#3880 = CARTESIAN_POINT ( 'NONE',  ( 12.05218686933345218, 2.874999999999991118, 6.350000000000022737 ) ) ;
#3882 = LINE ( 'NONE', #10901, #7687 ) ;
#3883 = CARTESIAN_POINT ( 'NONE',  ( 4.979646071760526205, 0.3749999999999877320, 6.350000000000022737 ) ) ;
#3884 = PLANE ( 'NONE',  #8962 ) ;
#3885 = VECTOR ( 'NONE', #10454, 1000.000000000000000 ) ;
#3886 = ORIENTED_EDGE ( 'NONE', *, *, #9355, .F. ) ;
#3887 = EDGE_CURVE ( 'NONE', #9575, #6202, #8509, .T. ) ;
#3888 = DIRECTION ( 'NONE',  ( 0.4999999999999997780, 0.8660254037844388186, 0.000000000000000000 ) ) ;
#3889 = DIRECTION ( 'NONE',  ( 0.000000000000000000, 0.000000000000000000, 1.000000000000000000 ) ) ;
#3890 = ORIENTED_EDGE ( 'NONE', *, *, #1054, .T. ) ;
#3891 = ORIENTED_EDGE ( 'NONE', *, *, #3704, .T. ) ;
#3892 = VERTEX_POINT ( 'NONE', #5798 ) ;
#3893 = AXIS2_PLACEMENT_3D ( 'NONE', #3052, #8190, #112 ) ;
#3894 = VERTEX_POINT ( 'NONE', #10397 ) ;
#3895 = CARTESIAN_POINT ( 'NONE',  ( -3.536270398786453661, -6.124999999999985789, 2.255140518769849223E-14 ) ) ;
#3896 = DIRECTION ( 'NONE',  ( -0.8660254037844385966, -0.5000000000000001110, 0.000000000000000000 ) ) ;
#3897 = CARTESIAN_POINT ( 'NONE',  ( 9.959292143521054186, -13.99999999999995026, 6.350000000000022737 ) ) ;
#3898 = CARTESIAN_POINT ( 'NONE',  ( 7.144709581221627026, 18.87499999999993250, 2.255140518769849223E-14 ) ) ;
#3899 = ORIENTED_EDGE ( 'NONE', *, *, #3589, .F. ) ;
#3900 = VERTEX_POINT ( 'NONE', #9398 ) ;
#3901 = VECTOR ( 'NONE', #9722, 1000.000000000000000 ) ;
#3902 = ORIENTED_EDGE ( 'NONE', *, *, #11115, .F. ) ;
#3903 = VERTEX_POINT ( 'NONE', #4920 ) ;
#3904 = PLANE ( 'NONE',  #1554 ) ;
#3905 = DIRECTION ( 'NONE',  ( -0.8660254037844385966, 0.5000000000000001110, 0.000000000000000000 ) ) ;
#3906 = CARTESIAN_POINT ( 'NONE',  ( 13.03373945817676294, 0.000000000000000000, 0.000000000000000000 ) ) ;
#3907 = ORIENTED_EDGE ( 'NONE', *, *, #8465, .T. ) ;
#3909 = CARTESIAN_POINT ( 'NONE',  ( 1.220317949235080635, -12.50000000000001776, 39.63500000000003354 ) ) ;
#3908 = FACE_OUTER_BOUND ( 'NONE', #11080, .T. ) ;
#3910 = CARTESIAN_POINT ( 'NONE',  ( -20.09626054182323074, 20.00000000000001776, 6.350000000000022737 ) ) ;
#3911 = FACE_OUTER_BOUND ( 'NONE', #11013, .T. ) ;
#3912 = ORIENTED_EDGE ( 'NONE', *, *, #3521, .T. ) ;
#3913 = VECTOR ( 'NONE', #4782, 1000.000000000000000 ) ;
#3914 = DIRECTION ( 'NONE',  ( 0.000000000000000000, -0.000000000000000000, -1.000000000000000000 ) ) ;
#3915 = EDGE_CURVE ( 'NONE', #10509, #6202, #4032, .T. ) ;
#3916 = VERTEX_POINT ( 'NONE', #8629 ) ;
#3917 = PLANE ( 'NONE',  #7963 ) ;
#3918 = DIRECTION ( 'NONE',  ( 0.000000000000000000, 0.000000000000000000, -1.000000000000000000 ) ) ;
#3919 = VECTOR ( 'NONE', #339, 1000.000000000000000 ) ;
#3920 = CARTESIAN_POINT ( 'NONE',  ( -30.79146613135289101, -30.00000000000002132, -3.649999999999977707 ) ) ;
#3921 = DIRECTION ( 'NONE',  ( 0.000000000000000000, 0.000000000000000000, 1.000000000000000000 ) ) ;
#3922 = EDGE_CURVE ( 'NONE', #5489, #8869, #548, .T. ) ;
#3923 = DIRECTION ( 'NONE',  ( 0.5000000000000001110, -0.8660254037844385966, 0.000000000000000000 ) ) ;
#3924 = EDGE_CURVE ( 'NONE', #6437, #6663, #2549, .T. ) ;
#3925 = CARTESIAN_POINT ( 'NONE',  ( -21.84310355970654172, -12.50000000000001776, 6.350000000000022737 ) ) ;
#3926 = VECTOR ( 'NONE', #11004, 1000.000000000000000 ) ;
#3927 = CARTESIAN_POINT ( 'NONE',  ( 24.28373945817669011, 12.50000000000001776, 46.84999999999998721 ) ) ;
#3928 = EDGE_CURVE ( 'NONE', #6011, #7321, #2826, .T. ) ;
#3929 = VERTEX_POINT ( 'NONE', #8807 ) ;
#3930 = VECTOR ( 'NONE', #3921, 1000.000000000000000 ) ;
#3931 = ORIENTED_EDGE ( 'NONE', *, *, #3083, .T. ) ;
#3932 = FACE_OUTER_BOUND ( 'NONE', #8789, .T. ) ;
#3933 = ORIENTED_EDGE ( 'NONE', *, *, #10985, .F. ) ;
#3934 = ORIENTED_EDGE ( 'NONE', *, *, #10910, .F. ) ;
#3935 = AXIS2_PLACEMENT_3D ( 'NONE', #4745, #23, #4567 ) ;
#3937 = DIRECTION ( 'NONE',  ( 1.000000000000000000, 0.000000000000000000, 0.000000000000000000 ) ) ;
#3936 = LINE ( 'NONE', #8419, #4635 ) ;
#3938 = LINE ( 'NONE', #1343, #5619 ) ;
#3939 = DIRECTION ( 'NONE',  ( -0.4999999999999999445, 0.8660254037844385966, 0.000000000000000000 ) ) ;
#3940 = LINE ( 'NONE', #4771, #8771 ) ;
#3941 = EDGE_CURVE ( 'NONE', #10090, #4938, #9698, .T. ) ;
#3942 = CARTESIAN_POINT ( 'NONE',  ( -4.979646071760535087, 16.87499999999994671, 6.350000000000022737 ) ) ;
#3943 = VECTOR ( 'NONE', #9152, 1000.000000000000000 ) ;
#3944 = DIRECTION ( 'NONE',  ( 0.4999999999999998335, 0.8660254037844388186, 0.000000000000000000 ) ) ;
#3945 = CARTESIAN_POINT ( 'NONE',  ( 0.000000000000000000, -30.00000000000002132, 3.350000000000019629 ) ) ;
#3946 = VERTEX_POINT ( 'NONE', #6366 ) ;
#3947 = ORIENTED_EDGE ( 'NONE', *, *, #5873, .T. ) ;
#3948 = ORIENTED_EDGE ( 'NONE', *, *, #8310, .T. ) ;
#3949 = ADVANCED_FACE ( 'NONE', ( #3711 ), #660, .T. ) ;
#3950 = EDGE_CURVE ( 'NONE', #11271, #7112, #7039, .T. ) ;
#3951 = ORIENTED_EDGE ( 'NONE', *, *, #533, .T. ) ;
#3952 = EDGE_CURVE ( 'NONE', #7332, #6741, #10578, .T. ) ;
#3953 = FACE_OUTER_BOUND ( 'NONE', #2961, .T. ) ;
#3954 = CARTESIAN_POINT ( 'NONE',  ( -12.77387470582048579, 4.124999999999978684, 6.350000000000022737 ) ) ;
#3955 = FACE_OUTER_BOUND ( 'NONE', #7779, .T. ) ;
#3956 = PLANE ( 'NONE',  #8571 ) ;
#3957 = ORIENTED_EDGE ( 'NONE', *, *, #7261, .T. ) ;
#3958 = EDGE_LOOP ( 'NONE', ( #11440, #7551, #350, #5764 ) ) ;
#3959 = ORIENTED_EDGE ( 'NONE', *, *, #6168, .F. ) ;
#3960 = VECTOR ( 'NONE', #6260, 1000.000000000000000 ) ;
#3961 = EDGE_LOOP ( 'NONE', ( #1432, #11407, #6489, #11094, #5083, #9172 ) ) ;
#3962 = ORIENTED_EDGE ( 'NONE', *, *, #2599, .F. ) ;
#3963 = CARTESIAN_POINT ( 'NONE',  ( -12.77387470582048756, -4.124999999999972466, 2.255140518769849223E-14 ) ) ;
#3964 = DIRECTION ( 'NONE',  ( 0.7071067811865463515, -0.7071067811865486830, 0.000000000000000000 ) ) ;
#3965 = CARTESIAN_POINT ( 'NONE',  ( 11.40266781649511785, 8.999999999999953815, 2.255140518769849223E-14 ) ) ;
#3966 = VERTEX_POINT ( 'NONE', #725 ) ;
#3968 = DIRECTION ( 'NONE',  ( 0.000000000000000000, 1.000000000000000000, 0.000000000000000000 ) ) ;
#3967 = CARTESIAN_POINT ( 'NONE',  ( -7.300682423332675697, 19.14515288713716856, 3.350000000000019629 ) ) ;
#3969 = DIRECTION ( 'NONE',  ( 0.5000000000000001110, 0.8660254037844385966, 0.000000000000000000 ) ) ;
#3970 = CARTESIAN_POINT ( 'NONE',  ( -3.536270398786454550, -11.87499999999996447, 6.350000000000022737 ) ) ;
#3971 = CARTESIAN_POINT ( 'NONE',  ( -12.96626054182322996, 12.79177795738659285, -3.649999999999986589 ) ) ;
#3972 = VERTEX_POINT ( 'NONE', #8687 ) ;
#3973 = DIRECTION ( 'NONE',  ( 0.5000000000000001110, -0.8660254037844385966, 0.000000000000000000 ) ) ;
#3974 = FACE_OUTER_BOUND ( 'NONE', #3122, .T. ) ;
#3975 = FACE_OUTER_BOUND ( 'NONE', #4360, .T. ) ;
#3976 = VECTOR ( 'NONE', #8093, 1000.000000000000000 ) ;
#3977 = CARTESIAN_POINT ( 'NONE',  ( -4.979646071760531534, -6.124999999999985789, 2.255140518769849223E-14 ) ) ;
#3978 = CARTESIAN_POINT ( 'NONE',  ( 18.23373945817677111, -20.00000000000001776, 0.000000000000000000 ) ) ;
#3979 = EDGE_CURVE ( 'NONE', #729, #11035, #6922, .T. ) ;
#3980 = DIRECTION ( 'NONE',  ( 0.000000000000000000, 0.000000000000000000, 1.000000000000000000 ) ) ;
#3981 = AXIS2_PLACEMENT_3D ( 'NONE', #10196, #5710, #8425 ) ;
#3982 = DIRECTION ( 'NONE',  ( -0.000000000000000000, 1.000000000000000000, -0.000000000000000000 ) ) ;
#3983 = ORIENTED_EDGE ( 'NONE', *, *, #2914, .F. ) ;
#3984 = EDGE_LOOP ( 'NONE', ( #5318, #2986, #9646, #10804 ) ) ;
#3985 = EDGE_CURVE ( 'NONE', #8106, #2855, #10521, .T. ) ;
#3986 = ORIENTED_EDGE ( 'NONE', *, *, #3719, .T. ) ;
#3987 = DIRECTION ( 'NONE',  ( 0.000000000000000000, 0.000000000000000000, 1.000000000000000000 ) ) ;
#3988 = ORIENTED_EDGE ( 'NONE', *, *, #5744, .F. ) ;
#3989 = ORIENTED_EDGE ( 'NONE', *, *, #1911, .T. ) ;
#3990 = AXIS2_PLACEMENT_3D ( 'NONE', #4695, #1803, #5409 ) ;
#3992 = DIRECTION ( 'NONE',  ( 0.5000000000000001110, -0.8660254037844385966, 0.000000000000000000 ) ) ;
#3991 = DIRECTION ( 'NONE',  ( 0.000000000000000000, -0.000000000000000000, 1.000000000000000000 ) ) ;
#3993 = EDGE_CURVE ( 'NONE', #643, #5662, #5155, .T. ) ;
#3994 = CARTESIAN_POINT ( 'NONE',  ( -12.84604348946919039, 3.903127820947815962E-15, 2.255140518769849223E-14 ) ) ;
#3995 = EDGE_CURVE ( 'NONE', #10682, #8250, #602, .T. ) ;
#3996 = PLANE ( 'NONE',  #2045 ) ;
#3997 = LINE ( 'NONE', #8304, #6329 ) ;
#3998 = DIRECTION ( 'NONE',  ( -0.4999999999999999445, 0.8660254037844385966, 0.000000000000000000 ) ) ;
#3999 = DIRECTION ( 'NONE',  ( -0.000000000000000000, 0.000000000000000000, 1.000000000000000000 ) ) ;
#4000 = VECTOR ( 'NONE', #3139, 1000.000000000000000 ) ;
#4001 = DIRECTION ( 'NONE',  ( 0.5000000000000001110, 0.8660254037844385966, 0.000000000000000000 ) ) ;
#4002 = ORIENTED_EDGE ( 'NONE', *, *, #530, .F. ) ;
#4003 = EDGE_LOOP ( 'NONE', ( #8095, #9908 ) ) ;
#4004 = VECTOR ( 'NONE', #7970, 1000.000000000000000 ) ;
#4005 = ORIENTED_EDGE ( 'NONE', *, *, #4566, .T. ) ;
#4006 = ADVANCED_FACE ( 'NONE', ( #4386 ), #9640, .F. ) ;
#4007 = ADVANCED_FACE ( 'NONE', ( #7922 ), #11402, .F. ) ;
#4008 = VERTEX_POINT ( 'NONE', #5215 ) ;
#4009 = EDGE_CURVE ( 'NONE', #9662, #5489, #3442, .T. ) ;
#4010 = AXIS2_PLACEMENT_3D ( 'NONE', #11323, #8551, #3245 ) ;
#4011 = DIRECTION ( 'NONE',  ( 0.5000000000000001110, 0.8660254037844385966, 0.000000000000000000 ) ) ;
#4012 = CARTESIAN_POINT ( 'NONE',  ( 7.794228634059952476, 12.74999999999994138, 6.350000000000022737 ) ) ;
#4013 = VECTOR ( 'NONE', #8358, 1000.000000000000000 ) ;
#4014 = LINE ( 'NONE', #4783, #8085 ) ;
#4015 = FACE_BOUND ( 'NONE', #9269, .T. ) ;
#4016 = ORIENTED_EDGE ( 'NONE', *, *, #8398, .T. ) ;
#4017 = ADVANCED_FACE ( 'NONE', ( #7861 ), #11462, .F. ) ;
#4018 = ADVANCED_FACE ( 'NONE', ( #10845 ), #2764, .F. ) ;
#4019 = EDGE_CURVE ( 'NONE', #1237, #10204, #7303, .T. ) ;
#4020 = VERTEX_POINT ( 'NONE', #3327 ) ;
#4021 = ORIENTED_EDGE ( 'NONE', *, *, #4888, .F. ) ;
#4022 = ORIENTED_EDGE ( 'NONE', *, *, #1054, .F. ) ;
#4023 = ORIENTED_EDGE ( 'NONE', *, *, #6310, .T. ) ;
#4024 = CARTESIAN_POINT ( 'NONE',  ( -12.96626054182322996, -7.041777957386607056, 0.000000000000000000 ) ) ;
#4025 = PLANE ( 'NONE',  #6456 ) ;
#4026 = DIRECTION ( 'NONE',  ( -0.8660254037844385966, -0.5000000000000001110, 0.000000000000000000 ) ) ;
#4027 = FACE_OUTER_BOUND ( 'NONE', #9216, .T. ) ;
#4028 = VERTEX_POINT ( 'NONE', #7539 ) ;
#4029 = VECTOR ( 'NONE', #4748, 1000.000000000000000 ) ;
#4031 = LINE ( 'NONE', #11225, #8441 ) ;
#4030 = DIRECTION ( 'NONE',  ( 1.000000000000000000, 0.000000000000000000, 0.000000000000000000 ) ) ;
#4032 = LINE ( 'NONE', #2312, #7158 ) ;
#4033 = DIRECTION ( 'NONE',  ( 0.4999999999999997224, 0.8660254037844387076, 0.000000000000000000 ) ) ;
#4034 = PLANE ( 'NONE',  #819 ) ;
#4035 = VECTOR ( 'NONE', #1993, 1000.000000000000000 ) ;
#4036 = ORIENTED_EDGE ( 'NONE', *, *, #11428, .F. ) ;
#4037 = ORIENTED_EDGE ( 'NONE', *, *, #10772, .F. ) ;
#4038 = LINE ( 'NONE', #1502, #4724 ) ;
#4039 = FACE_OUTER_BOUND ( 'NONE', #4284, .T. ) ;
#4040 = DIRECTION ( 'NONE',  ( 0.5000000000000001110, -0.8660254037844385966, 0.000000000000000000 ) ) ;
#4041 = PLANE ( 'NONE',  #868 ) ;
#4042 = DIRECTION ( 'NONE',  ( -0.000000000000000000, 0.000000000000000000, 1.000000000000000000 ) ) ;
#4043 = FACE_OUTER_BOUND ( 'NONE', #5273, .T. ) ;
#4044 = DIRECTION ( 'NONE',  ( -0.8660254037844385966, -0.5000000000000001110, 0.000000000000000000 ) ) ;
#4045 = DIRECTION ( 'NONE',  ( 0.000000000000000000, 0.000000000000000000, 1.000000000000000000 ) ) ;
#4046 = ORIENTED_EDGE ( 'NONE', *, *, #11386, .T. ) ;
#4047 = EDGE_CURVE ( 'NONE', #956, #6238, #1229, .T. ) ;
#4048 = VERTEX_POINT ( 'NONE', #2000 ) ;
#4049 = DIRECTION ( 'NONE',  ( 0.000000000000000000, 0.000000000000000000, 1.000000000000000000 ) ) ;
#4050 = ORIENTED_EDGE ( 'NONE', *, *, #9508, .T. ) ;
#4051 = VERTEX_POINT ( 'NONE', #10087 ) ;
#4053 = LINE ( 'NONE', #5706, #10436 ) ;
#4052 = CARTESIAN_POINT ( 'NONE',  ( 1.220317949235080635, -12.50000000000001776, 37.88500000000002643 ) ) ;
#4054 = LINE ( 'NONE', #3994, #9381 ) ;
#4055 = CARTESIAN_POINT ( 'NONE',  ( 25.33373945817676898, -20.00000000000001776, 6.350000000000022737 ) ) ;
#4056 = CARTESIAN_POINT ( 'NONE',  ( 4.979646071760526205, 16.87499999999994671, 2.255140518769849223E-14 ) ) ;
#4057 = VECTOR ( 'NONE', #9694, 1000.000000000000000 ) ;
#4058 = FACE_OUTER_BOUND ( 'NONE', #2818, .T. ) ;
#4059 = DIRECTION ( 'NONE',  ( 0.5000000000000001110, 0.8660254037844385966, 0.000000000000000000 ) ) ;
#4060 = AXIS2_PLACEMENT_3D ( 'NONE', #5913, #428, #1375 ) ;
#4061 = LINE ( 'NONE', #10801, #7298 ) ;
#4062 = ORIENTED_EDGE ( 'NONE', *, *, #5860, .F. ) ;
#4063 = ORIENTED_EDGE ( 'NONE', *, *, #4358, .T. ) ;
#4064 = ORIENTED_EDGE ( 'NONE', *, *, #10487, .T. ) ;
#4065 = EDGE_CURVE ( 'NONE', #273, #4717, #10197, .T. ) ;
#4066 = VECTOR ( 'NONE', #3991, 1000.000000000000000 ) ;
#4067 = ORIENTED_EDGE ( 'NONE', *, *, #7827, .T. ) ;
#4068 = AXIS2_PLACEMENT_3D ( 'NONE', #3440, #2494, #10745 ) ;
#4069 = CARTESIAN_POINT ( 'NONE',  ( -12.05218686933346284, -8.624999999999960920, 6.350000000000022737 ) ) ;
#4070 = DIRECTION ( 'NONE',  ( 0.8660254037844385966, -0.5000000000000001110, 0.000000000000000000 ) ) ;
#4071 = CARTESIAN_POINT ( 'NONE',  ( -8.515916470546997630, -13.99999999999995204, 2.255140518769849223E-14 ) ) ;
#4072 = FACE_BOUND ( 'NONE', #954, .T. ) ;
#4073 = ORIENTED_EDGE ( 'NONE', *, *, #6461, .T. ) ;
#4074 = EDGE_CURVE ( 'NONE', #1796, #11666, #285, .T. ) ;
#4075 = AXIS2_PLACEMENT_3D ( 'NONE', #10470, #5925, #8519 ) ;
#4076 = ADVANCED_FACE ( 'NONE', ( #6654 ), #6599, .F. ) ;
#4077 = EDGE_LOOP ( 'NONE', ( #2504, #505, #2696 ) ) ;
#4078 = EDGE_CURVE ( 'NONE', #3900, #10256, #1060, .T. ) ;
#4079 = ORIENTED_EDGE ( 'NONE', *, *, #7529, .T. ) ;
#4080 = ADVANCED_FACE ( 'NONE', ( #9251 ), #7481, .F. ) ;
#4081 = AXIS2_PLACEMENT_3D ( 'NONE', #4830, #10958, #3939 ) ;
#4082 = ORIENTED_EDGE ( 'NONE', *, *, #7733, .T. ) ;
#4083 = LINE ( 'NONE', #8501, #11353 ) ;
#4084 = DIRECTION ( 'NONE',  ( 0.5000000000000001110, 0.8660254037844385966, 0.000000000000000000 ) ) ;
#4085 = CARTESIAN_POINT ( 'NONE',  ( -7.144709581221628802, 1.624999999999990008, 6.350000000000022737 ) ) ;
#4086 = FACE_OUTER_BOUND ( 'NONE', #9199, .T. ) ;
#4087 = ORIENTED_EDGE ( 'NONE', *, *, #1141, .T. ) ;
#4089 = LINE ( 'NONE', #6625, #9956 ) ;
#4088 = DIRECTION ( 'NONE',  ( 0.000000000000000000, -0.000000000000000000, 1.000000000000000000 ) ) ;
#4090 = DIRECTION ( 'NONE',  ( 0.8660254037844388186, -0.4999999999999997780, 0.000000000000000000 ) ) ;
#4091 = CYLINDRICAL_SURFACE ( 'NONE', #3211, 4.499999999999997335 ) ;
#4092 = CARTESIAN_POINT ( 'NONE',  ( 8.515916470546978090, 13.99999999999993072, 2.255140518769849223E-14 ) ) ;
#4093 = EDGE_LOOP ( 'NONE', ( #7836, #8968, #4142, #4880, #5490, #3797 ) ) ;
#4094 = EDGE_LOOP ( 'NONE', ( #4462, #9147, #10021, #4899, #967, #4016 ) ) ;
#4095 = CARTESIAN_POINT ( 'NONE',  ( -6.423021744734599636, 11.87499999999994316, 6.350000000000022737 ) ) ;
#4096 = LINE ( 'NONE', #5690, #6259 ) ;
#4097 = PLANE ( 'NONE',  #1083 ) ;
#4098 = EDGE_CURVE ( 'NONE', #7058, #7787, #10365, .T. ) ;
#4099 = EDGE_CURVE ( 'NONE', #7431, #11524, #5545, .T. ) ;
#4100 = CARTESIAN_POINT ( 'NONE',  ( -9.634532617101852381, 5.562499999999981348, 3.350000000000019629 ) ) ;
#4101 = CARTESIAN_POINT ( 'NONE',  ( -12.12435565298215856, 1.250000000000003775, 2.255140518769849223E-14 ) ) ;
#4102 = PLANE ( 'NONE',  #2984 ) ;
#4103 = VECTOR ( 'NONE', #2536, 1000.000000000000000 ) ;
#4104 = CARTESIAN_POINT ( 'NONE',  ( -11.40266781649512673, 13.99999999999995559, 2.255140518769849223E-14 ) ) ;
#4105 = ORIENTED_EDGE ( 'NONE', *, *, #3199, .T. ) ;
#4106 = LINE ( 'NONE', #1334, #7407 ) ;
#4107 = ORIENTED_EDGE ( 'NONE', *, *, #2782, .F. ) ;
#4108 = VECTOR ( 'NONE', #4617, 1000.000000000000000 ) ;
#4109 = EDGE_LOOP ( 'NONE', ( #7440, #10599, #2389, #2098 ) ) ;
#4110 = VECTOR ( 'NONE', #3233, 1000.000000000000000 ) ;
#4111 = CARTESIAN_POINT ( 'NONE',  ( 6.423021744734604077, -11.87499999999996270, 2.255140518769849223E-14 ) ) ;
#4112 = VERTEX_POINT ( 'NONE', #10962 ) ;
#4113 = ORIENTED_EDGE ( 'NONE', *, *, #10916, .F. ) ;
#4115 = DIRECTION ( 'NONE',  ( 0.5000000000000001110, 0.8660254037844385966, 0.000000000000000000 ) ) ;
#4114 = DIRECTION ( 'NONE',  ( 1.000000000000000000, 5.337610695313253357E-16, 0.000000000000000000 ) ) ;
#4116 = PLANE ( 'NONE',  #10887 ) ;
#4117 = CARTESIAN_POINT ( 'NONE',  ( -6.423021744734610294, -11.87499999999996447, 2.255140518769849223E-14 ) ) ;
#4118 = LINE ( 'NONE', #791, #4258 ) ;
#4119 = LINE ( 'NONE', #4239, #10586 ) ;
#4120 = AXIS2_PLACEMENT_3D ( 'NONE', #1622, #2619, #1508 ) ;
#4121 = FACE_OUTER_BOUND ( 'NONE', #2173, .T. ) ;
#4122 = ORIENTED_EDGE ( 'NONE', *, *, #8606, .T. ) ;
#4123 = ORIENTED_EDGE ( 'NONE', *, *, #11656, .F. ) ;
#4124 = ORIENTED_EDGE ( 'NONE', *, *, #3857, .T. ) ;
#4125 = VECTOR ( 'NONE', #9413, 1000.000000000000000 ) ;
#4126 = ORIENTED_EDGE ( 'NONE', *, *, #5981, .T. ) ;
#4127 = CARTESIAN_POINT ( 'NONE',  ( 4.979646071760526205, 0.3749999999999877320, 2.255140518769849223E-14 ) ) ;
#4128 = VECTOR ( 'NONE', #10562, 1000.000000000000000 ) ;
#4129 = DIRECTION ( 'NONE',  ( 1.000000000000000000, 0.000000000000000000, 0.000000000000000000 ) ) ;
#4130 = CARTESIAN_POINT ( 'NONE',  ( -3.250000000000002665, -26.20000000000000284, 3.350000000000019629 ) ) ;
#4131 = CARTESIAN_POINT ( 'NONE',  ( -20.09626054182323074, 20.00000000000001776, 6.350000000000022737 ) ) ;
#4132 = ORIENTED_EDGE ( 'NONE', *, *, #11210, .T. ) ;
#4133 = EDGE_CURVE ( 'NONE', #8590, #10795, #8252, .T. ) ;
#4134 = ORIENTED_EDGE ( 'NONE', *, *, #11084, .F. ) ;
#4135 = ORIENTED_EDGE ( 'NONE', *, *, #4228, .T. ) ;
#4136 = ORIENTED_EDGE ( 'NONE', *, *, #8856, .F. ) ;
#4137 = ADVANCED_FACE ( 'NONE', ( #4774 ), #172, .F. ) ;
#4138 = FACE_OUTER_BOUND ( 'NONE', #2301, .T. ) ;
#4139 = DIRECTION ( 'NONE',  ( 0.000000000000000000, 0.000000000000000000, 1.000000000000000000 ) ) ;
#4140 = PLANE ( 'NONE',  #5359 ) ;
#4141 = FACE_OUTER_BOUND ( 'NONE', #8415, .T. ) ;
#4142 = ORIENTED_EDGE ( 'NONE', *, *, #3154, .F. ) ;
#4143 = EDGE_CURVE ( 'NONE', #2484, #4305, #7421, .T. ) ;
#4145 = CARTESIAN_POINT ( 'NONE',  ( -2.092894725812403323, -8.624999999999962697, 2.255140518769849223E-14 ) ) ;
#4144 = DIRECTION ( 'NONE',  ( 1.000000000000000000, 0.000000000000000000, 0.000000000000000000 ) ) ;
#4146 = CARTESIAN_POINT ( 'NONE',  ( -2.818925648462311528E-15, 2.499999999999976019, 6.350000000000022737 ) ) ;
#4147 = CARTESIAN_POINT ( 'NONE',  ( -1.443375672974080093, 8.249999999999953815, 2.255140518769849223E-14 ) ) ;
#4148 = VECTOR ( 'NONE', #2604, 1000.000000000000000 ) ;
#4149 = FACE_OUTER_BOUND ( 'NONE', #6723, .T. ) ;
#4150 = AXIS2_PLACEMENT_3D ( 'NONE', #10458, #373, #2199 ) ;
#4151 = ORIENTED_EDGE ( 'NONE', *, *, #2362, .T. ) ;
#4152 = ORIENTED_EDGE ( 'NONE', *, *, #3941, .T. ) ;
#4153 = LINE ( 'NONE', #4925, #1328 ) ;
#4154 = EDGE_CURVE ( 'NONE', #4193, #503, #8365, .T. ) ;
#4155 = FACE_OUTER_BOUND ( 'NONE', #7630, .T. ) ;
#4156 = CARTESIAN_POINT ( 'NONE',  ( -11.40266781649512673, -14.74999999999992895, 2.255140518769849223E-14 ) ) ;
#4157 = VECTOR ( 'NONE', #8871, 1000.000000000000000 ) ;
#4158 = DIRECTION ( 'NONE',  ( 0.8660254037844388186, -0.4999999999999997780, 0.000000000000000000 ) ) ;
#4159 = LINE ( 'NONE', #10471, #10332 ) ;
#4160 = CARTESIAN_POINT ( 'NONE',  ( -21.84310355970654172, -12.50000000000001776, 46.84999999999998721 ) ) ;
#4161 = LINE ( 'NONE', #11297, #8346 ) ;
#4162 = EDGE_CURVE ( 'NONE', #9198, #3537, #11132, .T. ) ;
#4163 = ORIENTED_EDGE ( 'NONE', *, *, #7237, .T. ) ;
#4164 = CARTESIAN_POINT ( 'NONE',  ( 12.84604348946918329, -11.49999999999995026, 6.350000000000022737 ) ) ;
#4165 = EDGE_CURVE ( 'NONE', #7136, #8796, #2165, .T. ) ;
#4166 = ORIENTED_EDGE ( 'NONE', *, *, #2577, .T. ) ;
#4167 = ADVANCED_FACE ( 'NONE', ( #11022 ), #2945, .T. ) ;
#4168 = ORIENTED_EDGE ( 'NONE', *, *, #8468, .F. ) ;
#4169 = AXIS2_PLACEMENT_3D ( 'NONE', #4444, #11630, #8038 ) ;
#4170 = CARTESIAN_POINT ( 'NONE',  ( 13.03373945817676116, 6.924901045822577039, 0.000000000000000000 ) ) ;
#4171 = ORIENTED_EDGE ( 'NONE', *, *, #2048, .F. ) ;
#4172 = ORIENTED_EDGE ( 'NONE', *, *, #6108, .T. ) ;
#4174 = DIRECTION ( 'NONE',  ( -0.000000000000000000, 0.000000000000000000, -1.000000000000000000 ) ) ;
#4173 = DIRECTION ( 'NONE',  ( 0.5000000000000001110, -0.8660254037844385966, 0.000000000000000000 ) ) ;
#4175 = LINE ( 'NONE', #1522, #8436 ) ;
#4176 = DIRECTION ( 'NONE',  ( 0.4999999999999997224, 0.8660254037844387076, 0.000000000000000000 ) ) ;
#4177 = CARTESIAN_POINT ( 'NONE',  ( 7.072540797572925086, 17.24999999999993250, 2.255140518769849223E-14 ) ) ;
#4178 = CARTESIAN_POINT ( 'NONE',  ( -7.794228634059957805, 1.249999999999989786, 2.255140518769849223E-14 ) ) ;
#4179 = CYLINDRICAL_SURFACE ( 'NONE', #2217, 12.74999999999999822 ) ;
#4180 = VERTEX_POINT ( 'NONE', #2055 ) ;
#4181 = ORIENTED_EDGE ( 'NONE', *, *, #703, .F. ) ;
#4182 = VERTEX_POINT ( 'NONE', #9308 ) ;
#4183 = VECTOR ( 'NONE', #7715, 1000.000000000000000 ) ;
#4184 = ORIENTED_EDGE ( 'NONE', *, *, #9601, .T. ) ;
#4185 = LINE ( 'NONE', #3188, #6463 ) ;
#4186 = ADVANCED_FACE ( 'NONE', ( #9369 ), #8426, .F. ) ;
#4187 = LINE ( 'NONE', #4012, #9374 ) ;
#4188 = DIRECTION ( 'NONE',  ( -2.118746230200681237E-16, 1.000000000000000000, 0.000000000000000000 ) ) ;
#4189 = LINE ( 'NONE', #11389, #10457 ) ;
#4190 = ORIENTED_EDGE ( 'NONE', *, *, #3915, .F. ) ;
#4191 = VECTOR ( 'NONE', #10366, 1000.000000000000000 ) ;
#4192 = ORIENTED_EDGE ( 'NONE', *, *, #4319, .T. ) ;
#4193 = VERTEX_POINT ( 'NONE', #6718 ) ;
#4194 = ORIENTED_EDGE ( 'NONE', *, *, #7802, .T. ) ;
#4195 = VECTOR ( 'NONE', #3672, 1000.000000000000000 ) ;
#4196 = DIRECTION ( 'NONE',  ( 1.000000000000000000, 0.000000000000000000, 0.000000000000000000 ) ) ;
#4197 = CARTESIAN_POINT ( 'NONE',  ( -9.959292143521064844, 14.74999999999993072, 2.255140518769849223E-14 ) ) ;
#4198 = CARTESIAN_POINT ( 'NONE',  ( -3.536270398786470093, 11.87499999999994316, 6.350000000000022737 ) ) ;
#4199 = FACE_OUTER_BOUND ( 'NONE', #8870, .T. ) ;
#4200 = EDGE_LOOP ( 'NONE', ( #5278, #10680, #7758, #9238, #2290 ) ) ;
#4202 = LINE ( 'NONE', #7797, #10022 ) ;
#4201 = DIRECTION ( 'NONE',  ( 0.000000000000000000, 0.000000000000000000, -1.000000000000000000 ) ) ;
#4203 = CARTESIAN_POINT ( 'NONE',  ( 0.000000000000000000, 0.000000000000000000, 6.350000000000022737 ) ) ;
#4204 = FACE_OUTER_BOUND ( 'NONE', #4540, .T. ) ;
#4205 = EDGE_CURVE ( 'NONE', #4574, #9968, #3180, .T. ) ;
#4206 = LINE ( 'NONE', #4270, #11180 ) ;
#4207 = ADVANCED_FACE ( 'NONE', ( #5832 ), #2229, .T. ) ;
#4208 = EDGE_LOOP ( 'NONE', ( #9972, #6084, #1393, #2317 ) ) ;
#4209 = EDGE_LOOP ( 'NONE', ( #6646, #8928, #8804, #6364, #4289, #1872 ) ) ;
#4210 = ADVANCED_FACE ( 'NONE', ( #11255 ), #10315, .T. ) ;
#4211 = ORIENTED_EDGE ( 'NONE', *, *, #5305, .F. ) ;
#4212 = PLANE ( 'NONE',  #7730 ) ;
#4213 = CARTESIAN_POINT ( 'NONE',  ( 1.443375672974062773, 2.500000000000000888, 6.350000000000022737 ) ) ;
#4214 = CARTESIAN_POINT ( 'NONE',  ( 11.40266781649511607, 2.500000000000001332, 2.255140518769849223E-14 ) ) ;
#4215 = AXIS2_PLACEMENT_3D ( 'NONE', #3519, #3856, #7395 ) ;
#4216 = LINE ( 'NONE', #10592, #8967 ) ;
#4217 = CARTESIAN_POINT ( 'NONE',  ( 12.77387470582047868, -1.625000000000000222, 2.255140518769849223E-14 ) ) ;
#4218 = LINE ( 'NONE', #7812, #3379 ) ;
#4219 = CARTESIAN_POINT ( 'NONE',  ( 6.423021744734587202, 6.124999999999965361, 6.350000000000022737 ) ) ;
#4220 = ORIENTED_EDGE ( 'NONE', *, *, #7537, .F. ) ;
#4221 = ADVANCED_FACE ( 'NONE', ( #8861 ), #9979, .F. ) ;
#4222 = ADVANCED_FACE ( 'NONE', ( #8975 ), #10798, .F. ) ;
#4223 = AXIS2_PLACEMENT_3D ( 'NONE', #10078, #1935, #6360 ) ;
#4224 = DIRECTION ( 'NONE',  ( 0.4999999999999997224, 0.8660254037844387076, 0.000000000000000000 ) ) ;
#4225 = EDGE_CURVE ( 'NONE', #7098, #5361, #3552, .T. ) ;
#4226 = VERTEX_POINT ( 'NONE', #8920 ) ;
#4227 = EDGE_CURVE ( 'NONE', #3043, #2899, #67, .T. ) ;
#4228 = EDGE_CURVE ( 'NONE', #7337, #643, #6207, .T. ) ;
#4229 = ORIENTED_EDGE ( 'NONE', *, *, #5539, .T. ) ;
#4230 = DIRECTION ( 'NONE',  ( -0.4999999999999999445, 0.8660254037844385966, 0.000000000000000000 ) ) ;
#4231 = EDGE_LOOP ( 'NONE', ( #10843, #9394, #4620, #6789, #9715 ) ) ;
#4232 = ORIENTED_EDGE ( 'NONE', *, *, #9691, .T. ) ;
#4233 = AXIS2_PLACEMENT_3D ( 'NONE', #1098, #3581, #4700 ) ;
#4235 = DIRECTION ( 'NONE',  ( 0.000000000000000000, 0.000000000000000000, 1.000000000000000000 ) ) ;
#4234 = DIRECTION ( 'NONE',  ( 0.000000000000000000, 0.000000000000000000, -1.000000000000000000 ) ) ;
#4236 = EDGE_CURVE ( 'NONE', #4846, #3046, #7314, .T. ) ;
#4237 = DIRECTION ( 'NONE',  ( 0.5000000000000001110, -0.8660254037844385966, 0.000000000000000000 ) ) ;
#4238 = CARTESIAN_POINT ( 'NONE',  ( 23.33373945817676898, 3.122849337825748940E-16, 6.350000000000022737 ) ) ;
#4239 = CARTESIAN_POINT ( 'NONE',  ( -16.39626054182322790, -20.00000000000001776, 4.350000000000028955 ) ) ;
#4240 = CARTESIAN_POINT ( 'NONE',  ( 7.794228634059956917, 18.49999999999993250, 2.255140518769849223E-14 ) ) ;
#4241 = ORIENTED_EDGE ( 'NONE', *, *, #1484, .F. ) ;
#4242 = EDGE_LOOP ( 'NONE', ( #8007, #10129, #188, #1590 ) ) ;
#4243 = EDGE_LOOP ( 'NONE', ( #445, #7745, #3312, #11485 ) ) ;
#4244 = ORIENTED_EDGE ( 'NONE', *, *, #8037, .F. ) ;
#4245 = CARTESIAN_POINT ( 'NONE',  ( -3.216260541823223740, 26.19999999999997442, 6.350000000000022737 ) ) ;
#4246 = VECTOR ( 'NONE', #5198, 1000.000000000000000 ) ;
#4247 = EDGE_CURVE ( 'NONE', #4419, #4859, #11569, .T. ) ;
#4248 = LINE ( 'NONE', #7846, #9183 ) ;
#4249 = FACE_BOUND ( 'NONE', #11079, .T. ) ;
#4250 = DIRECTION ( 'NONE',  ( 0.4999999999999997224, 0.8660254037844387076, 0.000000000000000000 ) ) ;
#4251 = ORIENTED_EDGE ( 'NONE', *, *, #8256, .F. ) ;
#4252 = AXIS2_PLACEMENT_3D ( 'NONE', #4866, #1270, #2205 ) ;
#4253 = ORIENTED_EDGE ( 'NONE', *, *, #7032, .T. ) ;
#4254 = ORIENTED_EDGE ( 'NONE', *, *, #1830, .F. ) ;
#4255 = VECTOR ( 'NONE', #3632, 1000.000000000000114 ) ;
#4256 = ORIENTED_EDGE ( 'NONE', *, *, #317, .F. ) ;
#4257 = VECTOR ( 'NONE', #4934, 1000.000000000000000 ) ;
#4258 = VECTOR ( 'NONE', #1731, 1000.000000000000000 ) ;
#4259 = LINE ( 'NONE', #593, #7960 ) ;
#4260 = DIRECTION ( 'NONE',  ( 0.000000000000000000, 0.000000000000000000, 1.000000000000000000 ) ) ;
#4261 = DIRECTION ( 'NONE',  ( 0.5000000000000001110, -0.8660254037844385966, 0.000000000000000000 ) ) ;
#4262 = CARTESIAN_POINT ( 'NONE',  ( 12.12435565298215145, -12.74999999999994849, 2.255140518769849223E-14 ) ) ;
#4263 = ORIENTED_EDGE ( 'NONE', *, *, #6526, .F. ) ;
#4264 = VECTOR ( 'NONE', #3849, 1000.000000000000114 ) ;
#4266 = CARTESIAN_POINT ( 'NONE',  ( -14.39626054182323323, -20.00000000000001776, 6.350000000000022737 ) ) ;
#4265 = CARTESIAN_POINT ( 'NONE',  ( -4.979646071760535087, 11.12499999999994138, 6.350000000000022737 ) ) ;
#4267 = CARTESIAN_POINT ( 'NONE',  ( -1.443375672974065216, 2.500000000000000888, 2.255140518769849223E-14 ) ) ;
#4268 = PRODUCT_DEFINITION_FORMATION_WITH_SPECIFIED_SOURCE ( 'ANY', '', #8868, .NOT_KNOWN. ) ;
#4269 = CARTESIAN_POINT ( 'NONE',  ( -3.536270398786451885, -0.3750000000000108247, 2.255140518769849223E-14 ) ) ;
#4270 = CARTESIAN_POINT ( 'NONE',  ( -7.144709581221635908, 9.874999999999953815, 2.255140518769849223E-14 ) ) ;
#4271 = EDGE_LOOP ( 'NONE', ( #4788, #592, #1105, #2121, #6631, #8368 ) ) ;
#4272 = VERTEX_POINT ( 'NONE', #9810 ) ;
#4273 = DIRECTION ( 'NONE',  ( 1.000000000000000000, 0.000000000000000000, 0.000000000000000000 ) ) ;
#4274 = CARTESIAN_POINT ( 'NONE',  ( -9.634532617101854157, -5.562499999999985789, 3.350000000000019629 ) ) ;
#4275 = DIRECTION ( 'NONE',  ( 0.4999999999999997224, 0.8660254037844387076, 0.000000000000000000 ) ) ;
#4276 = AXIS2_PLACEMENT_3D ( 'NONE', #996, #6137, #8960 ) ;
#4277 = LINE ( 'NONE', #3400, #3697 ) ;
#4278 = PLANE ( 'NONE',  #4867 ) ;
#4279 = FACE_OUTER_BOUND ( 'NONE', #7491, .T. ) ;
#4280 = LINE ( 'NONE', #3459, #5904 ) ;
#4281 = ORIENTED_EDGE ( 'NONE', *, *, #2782, .T. ) ;
#4282 = EDGE_CURVE ( 'NONE', #10204, #1558, #9092, .T. ) ;
#4283 = DIRECTION ( 'NONE',  ( -0.5000000000000001110, 0.8660254037844387076, 0.000000000000000000 ) ) ;
#4284 = EDGE_LOOP ( 'NONE', ( #1571, #6133, #4438, #10763 ) ) ;
#4285 = CIRCLE ( 'NONE', #139, 3.700000000000001954 ) ;
#4286 = ORIENTED_EDGE ( 'NONE', *, *, #10437, .F. ) ;
#4287 = DIRECTION ( 'NONE',  ( -1.000000000000000000, 0.000000000000000000, 0.000000000000000000 ) ) ;
#4288 = LINE ( 'NONE', #2146, #5201 ) ;
#4289 = ORIENTED_EDGE ( 'NONE', *, *, #4078, .F. ) ;
#4290 = EDGE_CURVE ( 'NONE', #10725, #7422, #2715, .T. ) ;
#4291 = AXIS2_PLACEMENT_3D ( 'NONE', #6665, #3896, #11089 ) ;
#4293 = DIRECTION ( 'NONE',  ( -0.8660254037844385966, -0.5000000000000001110, 0.000000000000000000 ) ) ;
#4292 = LINE ( 'NONE', #3580, #7083 ) ;
#4294 = ADVANCED_FACE ( 'NONE', ( #2660 ), #1719, .T. ) ;
#4295 = DIRECTION ( 'NONE',  ( 1.000000000000000000, 0.000000000000000000, 0.000000000000000000 ) ) ;
#4296 = CARTESIAN_POINT ( 'NONE',  ( -2.814582562299432045, 9.874999999999953815, 2.255140518769849223E-14 ) ) ;
#4297 = EDGE_CURVE ( 'NONE', #5404, #7955, #1831, .T. ) ;
#4298 = CARTESIAN_POINT ( 'NONE',  ( 0.000000000000000000, -2.500000000000000888, 2.255140518769849223E-14 ) ) ;
#4299 = VECTOR ( 'NONE', #579, 1000.000000000000000 ) ;
#4300 = CARTESIAN_POINT ( 'NONE',  ( 2.886751345948125103, -11.49999999999995204, 6.350000000000022737 ) ) ;
#4301 = ORIENTED_EDGE ( 'NONE', *, *, #4817, .T. ) ;
#4302 = VERTEX_POINT ( 'NONE', #5379 ) ;
#4303 = VECTOR ( 'NONE', #4237, 1000.000000000000000 ) ;
#4304 = VERTEX_POINT ( 'NONE', #10917 ) ;
#4305 = VERTEX_POINT ( 'NONE', #2835 ) ;
#4306 = CARTESIAN_POINT ( 'NONE',  ( 3.536270398786462099, -5.374999999999987566, 2.255140518769849223E-14 ) ) ;
#4307 = EDGE_CURVE ( 'NONE', #9957, #6488, #6321, .T. ) ;
#4308 = CARTESIAN_POINT ( 'NONE',  ( -2.814582562299426716, 1.625000000000001110, 2.255140518769849223E-14 ) ) ;
#4309 = FACE_BOUND ( 'NONE', #2654, .T. ) ;
#4310 = AXIS2_PLACEMENT_3D ( 'NONE', #9470, #3221, #7517 ) ;
#4311 = DIRECTION ( 'NONE',  ( 0.000000000000000000, 0.000000000000000000, -1.000000000000000000 ) ) ;
#4312 = ORIENTED_EDGE ( 'NONE', *, *, #3370, .F. ) ;
#4313 = ORIENTED_EDGE ( 'NONE', *, *, #11138, .F. ) ;
#4314 = ADVANCED_FACE ( 'NONE', ( #7973 ), #892, .F. ) ;
#4315 = ORIENTED_EDGE ( 'NONE', *, *, #9542, .F. ) ;
#4316 = VECTOR ( 'NONE', #11177, 1000.000000000000000 ) ;
#4317 = ORIENTED_EDGE ( 'NONE', *, *, #1895, .F. ) ;
#4318 = EDGE_CURVE ( 'NONE', #9557, #2245, #3493, .T. ) ;
#4319 = EDGE_CURVE ( 'NONE', #3130, #8250, #4436, .T. ) ;
#4320 = VECTOR ( 'NONE', #10170, 1000.000000000000000 ) ;
#4321 = DIRECTION ( 'NONE',  ( -1.000000000000000000, -4.003208021484940511E-16, 0.000000000000000000 ) ) ;
#4322 = CARTESIAN_POINT ( 'NONE',  ( 4.979646071760526205, -11.12499999999996092, 6.350000000000022737 ) ) ;
#4323 = CARTESIAN_POINT ( 'NONE',  ( 3.283739458176782033, 26.19999999999997442, 0.000000000000000000 ) ) ;
#4324 = AXIS2_PLACEMENT_3D ( 'NONE', #372, #430, #5857 ) ;
#4325 = CARTESIAN_POINT ( 'NONE',  ( 1.220317949235080635, -36.50000000000001421, 37.88500000000002643 ) ) ;
#4326 = ORIENTED_EDGE ( 'NONE', *, *, #6168, .T. ) ;
#4328 = DIRECTION ( 'NONE',  ( 0.7071067811865487940, -0.7071067811865463515, 0.000000000000000000 ) ) ;
#4327 = DIRECTION ( 'NONE',  ( -0.000000000000000000, 0.000000000000000000, 1.000000000000000000 ) ) ;
#4329 = DIRECTION ( 'NONE',  ( 0.5000000000000001110, -0.8660254037844385966, 0.000000000000000000 ) ) ;
#4330 = CARTESIAN_POINT ( 'NONE',  ( 12.12435565298215145, -18.49999999999992539, 2.255140518769849223E-14 ) ) ;
#4331 = ORIENTED_EDGE ( 'NONE', *, *, #7436, .T. ) ;
#4332 = ORIENTED_EDGE ( 'NONE', *, *, #6104, .F. ) ;
#4333 = DIRECTION ( 'NONE',  ( 0.000000000000000000, 0.000000000000000000, -1.000000000000000000 ) ) ;
#4334 = FACE_OUTER_BOUND ( 'NONE', #1998, .T. ) ;
#4335 = CARTESIAN_POINT ( 'NONE',  ( -20.09626054182323074, 20.00000000000001776, 4.350000000000028955 ) ) ;
#4336 = LINE ( 'NONE', #10646, #492 ) ;
#4337 = CARTESIAN_POINT ( 'NONE',  ( 8.515916470546990524, -2.500000000000000444, 2.255140518769849223E-14 ) ) ;
#4338 = AXIS2_PLACEMENT_3D ( 'NONE', #3390, #6428, #116 ) ;
#4339 = DIRECTION ( 'NONE',  ( 0.000000000000000000, 0.000000000000000000, 1.000000000000000000 ) ) ;
#4340 = DIRECTION ( 'NONE',  ( 0.000000000000000000, 0.000000000000000000, 1.000000000000000000 ) ) ;
#4341 = VERTEX_POINT ( 'NONE', #5438 ) ;
#4342 = CARTESIAN_POINT ( 'NONE',  ( 0.000000000000000000, -30.00000000000002132, 0.000000000000000000 ) ) ;
#4343 = ORIENTED_EDGE ( 'NONE', *, *, #485, .F. ) ;
#4344 = ORIENTED_EDGE ( 'NONE', *, *, #783, .T. ) ;
#4345 = CIRCLE ( 'NONE', #5666, 12.74999999999999822 ) ;
#4346 = DIRECTION ( 'NONE',  ( 0.4999999999999997224, 0.8660254037844387076, 0.000000000000000000 ) ) ;
#4347 = DIRECTION ( 'NONE',  ( -0.7071067811865487940, 0.7071067811865463515, 0.000000000000000000 ) ) ;
#4348 = ORIENTED_EDGE ( 'NONE', *, *, #8188, .T. ) ;
#4350 = CARTESIAN_POINT ( 'NONE',  ( -7.794228634059964911, 10.24999999999995559, 6.350000000000022737 ) ) ;
#4349 = DIRECTION ( 'NONE',  ( -0.8660254037844388186, 0.4999999999999998335, 0.000000000000000000 ) ) ;
#4351 = DIRECTION ( 'NONE',  ( 0.000000000000000000, 0.000000000000000000, -1.000000000000000000 ) ) ;
#4352 = LINE ( 'NONE', #7891, #5633 ) ;
#4353 = LINE ( 'NONE', #5245, #8127 ) ;
#4354 = DIRECTION ( 'NONE',  ( 1.000000000000000000, 0.000000000000000000, 0.000000000000000000 ) ) ;
#4355 = VERTEX_POINT ( 'NONE', #950 ) ;
#4356 = ORIENTED_EDGE ( 'NONE', *, *, #7521, .T. ) ;
#4357 = EDGE_CURVE ( 'NONE', #5964, #10033, #7255, .T. ) ;
#4358 = EDGE_CURVE ( 'NONE', #8735, #876, #10354, .T. ) ;
#4359 = ORIENTED_EDGE ( 'NONE', *, *, #6284, .T. ) ;
#4360 = EDGE_LOOP ( 'NONE', ( #7081, #9774, #3314, #3422 ) ) ;
#4361 = ADVANCED_FACE ( 'NONE', ( #6867 ), #8867, .F. ) ;
#4362 = DIRECTION ( 'NONE',  ( -0.5000000000000002220, 0.8660254037844384856, 0.000000000000000000 ) ) ;
#4363 = LINE ( 'NONE', #7186, #10691 ) ;
#4364 = LINE ( 'NONE', #3540, #6346 ) ;
#4365 = DIRECTION ( 'NONE',  ( 0.4999999999999997224, 0.8660254037844387076, 0.000000000000000000 ) ) ;
#4366 = ORIENTED_EDGE ( 'NONE', *, *, #4968, .T. ) ;
#4367 = ORIENTED_EDGE ( 'NONE', *, *, #8401, .F. ) ;
#4368 = ORIENTED_EDGE ( 'NONE', *, *, #990, .F. ) ;
#4369 = EDGE_CURVE ( 'NONE', #1881, #6535, #4038, .T. ) ;
#4370 = VECTOR ( 'NONE', #8540, 1000.000000000000000 ) ;
#4371 = EDGE_CURVE ( 'NONE', #10725, #8138, #2319, .T. ) ;
#4372 = ORIENTED_EDGE ( 'NONE', *, *, #10502, .T. ) ;
#4373 = EDGE_CURVE ( 'NONE', #6767, #6642, #5163, .T. ) ;
#4374 = DIRECTION ( 'NONE',  ( 0.5000000000000001110, 0.8660254037844385966, 0.000000000000000000 ) ) ;
#4375 = PLANE ( 'NONE',  #236 ) ;
#4376 = EDGE_CURVE ( 'NONE', #828, #5115, #8635, .T. ) ;
#4377 = DIRECTION ( 'NONE',  ( -4.003208021484940511E-16, 1.000000000000000000, 0.000000000000000000 ) ) ;
#4378 = VECTOR ( 'NONE', #7998, 1000.000000000000000 ) ;
#4379 = CARTESIAN_POINT ( 'NONE',  ( 13.03373945817676294, 0.000000000000000000, 0.000000000000000000 ) ) ;
#4380 = DIRECTION ( 'NONE',  ( 0.5000000000000001110, 0.8660254037844385966, 0.000000000000000000 ) ) ;
#4381 = VERTEX_POINT ( 'NONE', #2262 ) ;
#4382 = EDGE_CURVE ( 'NONE', #1316, #6200, #4153, .T. ) ;
#4383 = VECTOR ( 'NONE', #11048, 1000.000000000000000 ) ;
#4384 = ADVANCED_FACE ( 'NONE', ( #5922 ), #7631, .T. ) ;
#4385 = DIRECTION ( 'NONE',  ( 1.000000000000000000, 0.000000000000000000, 0.000000000000000000 ) ) ;
#4386 = FACE_OUTER_BOUND ( 'NONE', #10244, .T. ) ;
#4387 = DIRECTION ( 'NONE',  ( 0.000000000000000000, 0.000000000000000000, 1.000000000000000000 ) ) ;
#4388 = VECTOR ( 'NONE', #4851, 1000.000000000000000 ) ;
#4389 = VECTOR ( 'NONE', #9763, 1000.000000000000000 ) ;
#4390 = ORIENTED_EDGE ( 'NONE', *, *, #10498, .T. ) ;
#4391 = VERTEX_POINT ( 'NONE', #2444 ) ;
#4392 = DIRECTION ( 'NONE',  ( 1.000000000000000000, 4.003208021484940511E-16, 0.000000000000000000 ) ) ;
#4393 = DIRECTION ( 'NONE',  ( 0.7071067811865463515, 0.000000000000000000, -0.7071067811865487940 ) ) ;
#4394 = CARTESIAN_POINT ( 'NONE',  ( 2.092894725812393553, 8.624999999999966249, 2.255140518769849223E-14 ) ) ;
#4395 = AXIS2_PLACEMENT_3D ( 'NONE', #8264, #10155, #5778 ) ;
#4396 = FACE_OUTER_BOUND ( 'NONE', #5508, .T. ) ;
#4398 = LINE ( 'NONE', #9767, #4500 ) ;
#4397 = CARTESIAN_POINT ( 'NONE',  ( -12.12435565298215856, -18.49999999999992895, 6.350000000000022737 ) ) ;
#4399 = DIRECTION ( 'NONE',  ( 0.5000000000000001110, -0.8660254037844385966, 0.000000000000000000 ) ) ;
#4400 = DIRECTION ( 'NONE',  ( 0.000000000000000000, 1.000000000000000000, 0.000000000000000000 ) ) ;
#4401 = ORIENTED_EDGE ( 'NONE', *, *, #3364, .F. ) ;
#4402 = VECTOR ( 'NONE', #5994, 1000.000000000000000 ) ;
#4403 = DIRECTION ( 'NONE',  ( 0.000000000000000000, 0.000000000000000000, 1.000000000000000000 ) ) ;
#4404 = ORIENTED_EDGE ( 'NONE', *, *, #7864, .F. ) ;
#4405 = VECTOR ( 'NONE', #374, 1000.000000000000000 ) ;
#4406 = ORIENTED_EDGE ( 'NONE', *, *, #10983, .T. ) ;
#4407 = CARTESIAN_POINT ( 'NONE',  ( -12.96626054182323173, 15.95822204261329169, -3.649999999999986589 ) ) ;
#4408 = CARTESIAN_POINT ( 'NONE',  ( 32.78373945817675406, 3.999999999999984457, 46.84999999999998721 ) ) ;
#4410 = CARTESIAN_POINT ( 'NONE',  ( 20.78373945817676827, 20.00000000000001776, 6.350000000000022737 ) ) ;
#4409 = CARTESIAN_POINT ( 'NONE',  ( 2.092894725812396661, -14.37499999999993960, 2.255140518769849223E-14 ) ) ;
#4411 = DIRECTION ( 'NONE',  ( 0.000000000000000000, 0.000000000000000000, 1.000000000000000000 ) ) ;
#4412 = DIRECTION ( 'NONE',  ( 0.5000000000000001110, -0.8660254037844385966, 0.000000000000000000 ) ) ;
#4413 = AXIS2_PLACEMENT_3D ( 'NONE', #7826, #2631, #865 ) ;
#4414 = DIRECTION ( 'NONE',  ( -0.5000000000000002220, 0.8660254037844384856, 0.000000000000000000 ) ) ;
#4415 = DIRECTION ( 'NONE',  ( 0.000000000000000000, 0.000000000000000000, 1.000000000000000000 ) ) ;
#4416 = ORIENTED_EDGE ( 'NONE', *, *, #9706, .F. ) ;
#4417 = EDGE_LOOP ( 'NONE', ( #11222, #7508, #10234, #3876 ) ) ;
#4418 = AXIS2_PLACEMENT_3D ( 'NONE', #6258, #4377, #11515 ) ;
#4419 = VERTEX_POINT ( 'NONE', #10587 ) ;
#4420 = ORIENTED_EDGE ( 'NONE', *, *, #10374, .T. ) ;
#4421 = PLANE ( 'NONE',  #2508 ) ;
#4422 = CARTESIAN_POINT ( 'NONE',  ( -30.34310355970659856, 12.50000000000001776, 6.350000000000022737 ) ) ;
#4423 = DIRECTION ( 'NONE',  ( 0.000000000000000000, 0.000000000000000000, -1.000000000000000000 ) ) ;
#4424 = LINE ( 'NONE', #5600, #1608 ) ;
#4425 = ORIENTED_EDGE ( 'NONE', *, *, #313, .T. ) ;
#4426 = EDGE_LOOP ( 'NONE', ( #4220, #3951, #4485, #9914 ) ) ;
#4427 = ORIENTED_EDGE ( 'NONE', *, *, #7232, .F. ) ;
#4428 = ADVANCED_FACE ( 'NONE', ( #9650 ), #5046, .F. ) ;
#4429 = ORIENTED_EDGE ( 'NONE', *, *, #3377, .F. ) ;
#4430 = VECTOR ( 'NONE', #2661, 1000.000000000000000 ) ;
#4431 = EDGE_LOOP ( 'NONE', ( #1148, #368, #1896, #1992, #2766 ) ) ;
#4432 = CARTESIAN_POINT ( 'NONE',  ( 2.814582562299429380, 13.12499999999994316, 2.255140518769849223E-14 ) ) ;
#4433 = PLANE ( 'NONE',  #2556 ) ;
#4434 = DIRECTION ( 'NONE',  ( 0.5000000000000001110, -0.8660254037844385966, 0.000000000000000000 ) ) ;
#4435 = EDGE_CURVE ( 'NONE', #581, #10159, #2505, .T. ) ;
#4436 = LINE ( 'NONE', #3664, #10000 ) ;
#4437 = DIRECTION ( 'NONE',  ( -0.000000000000000000, 0.000000000000000000, 1.000000000000000000 ) ) ;
#4438 = ORIENTED_EDGE ( 'NONE', *, *, #7924, .F. ) ;
#4439 = EDGE_CURVE ( 'NONE', #6865, #9957, #8515, .T. ) ;
#4440 = DIRECTION ( 'NONE',  ( 1.000000000000000000, 0.000000000000000000, 0.000000000000000000 ) ) ;
#4441 = EDGE_CURVE ( 'NONE', #11216, #8725, #6752, .T. ) ;
#4442 = VECTOR ( 'NONE', #11486, 999.9999999999998863 ) ;
#4443 = EDGE_CURVE ( 'NONE', #6765, #9069, #1560, .T. ) ;
#4444 = CARTESIAN_POINT ( 'NONE',  ( 13.03373945817676294, 18.00000000000001421, -3.649999999999986589 ) ) ;
#4445 = AXIS2_PLACEMENT_3D ( 'NONE', #1750, #3638, #1697 ) ;
#4446 = VECTOR ( 'NONE', #2105, 1000.000000000000000 ) ;
#4447 = ORIENTED_EDGE ( 'NONE', *, *, #4530, .F. ) ;
#4448 = ORIENTED_EDGE ( 'NONE', *, *, #9577, .F. ) ;
#4449 = VECTOR ( 'NONE', #2032, 1000.000000000000000 ) ;
#4450 = DIRECTION ( 'NONE',  ( 0.000000000000000000, 0.000000000000000000, 1.000000000000000000 ) ) ;
#4451 = CARTESIAN_POINT ( 'NONE',  ( -3.536270398786453661, -6.124999999999986677, 6.350000000000022737 ) ) ;
#4452 = PLANE ( 'NONE',  #3160 ) ;
#4453 = VECTOR ( 'NONE', #10284, 1000.000000000000000 ) ;
#4454 = CARTESIAN_POINT ( 'NONE',  ( -12.84604348946919039, 5.749999999999978684, 2.255140518769849223E-14 ) ) ;
#4456 = DIRECTION ( 'NONE',  ( 0.000000000000000000, 0.000000000000000000, 1.000000000000000000 ) ) ;
#4455 = LINE ( 'NONE', #4177, #663 ) ;
#4457 = LINE ( 'NONE', #3341, #9597 ) ;
#4458 = FACE_OUTER_BOUND ( 'NONE', #2943, .T. ) ;
#4459 = EDGE_LOOP ( 'NONE', ( #9311, #7244, #3546 ) ) ;
#4460 = PLANE ( 'NONE',  #1585 ) ;
#4461 = AXIS2_PLACEMENT_3D ( 'NONE', #6091, #5324, #598 ) ;
#4462 = ORIENTED_EDGE ( 'NONE', *, *, #9266, .T. ) ;
#4463 = ADVANCED_FACE ( 'NONE', ( #5108 ), #4212, .F. ) ;
#4464 = AXIS2_PLACEMENT_3D ( 'NONE', #11017, #7535, #2104 ) ;
#4465 = ADVANCED_FACE ( 'NONE', ( #7806 ), #437, .F. ) ;
#4466 = EDGE_LOOP ( 'NONE', ( #5390, #6607, #6371, #10673 ) ) ;
#4467 = DIRECTION ( 'NONE',  ( -0.000000000000000000, 0.000000000000000000, -1.000000000000000000 ) ) ;
#4468 = LINE ( 'NONE', #9890, #3901 ) ;
#4470 = DIRECTION ( 'NONE',  ( 0.000000000000000000, -1.000000000000000000, 0.000000000000000000 ) ) ;
#4469 = DIRECTION ( 'NONE',  ( 1.000000000000000000, 0.000000000000000000, 0.000000000000000000 ) ) ;
#4471 = FACE_OUTER_BOUND ( 'NONE', #3842, .T. ) ;
#4472 = LINE ( 'NONE', #1641, #10899 ) ;
#4473 = CARTESIAN_POINT ( 'NONE',  ( 9.959292143521050633, 2.499999999999976019, 2.255140518769849223E-14 ) ) ;
#4474 = VERTEX_POINT ( 'NONE', #1384 ) ;
#4475 = VERTEX_POINT ( 'NONE', #8577 ) ;
#4476 = AXIS2_PLACEMENT_3D ( 'NONE', #6287, #5294, #90 ) ;
#4477 = VERTEX_POINT ( 'NONE', #4095 ) ;
#4478 = ORIENTED_EDGE ( 'NONE', *, *, #10790, .F. ) ;
#4479 = CARTESIAN_POINT ( 'NONE',  ( 2.886751345948128211, 8.673617379884035472E-16, 6.350000000000022737 ) ) ;
#4480 = CARTESIAN_POINT ( 'NONE',  ( 9.959292143521054186, -14.74999999999995026, 6.350000000000022737 ) ) ;
#4481 = LINE ( 'NONE', #7958, #5029 ) ;
#4482 = CARTESIAN_POINT ( 'NONE',  ( 6.423021744734589866, -5.374999999999987566, 2.255140518769849223E-14 ) ) ;
#4483 = ORIENTED_EDGE ( 'NONE', *, *, #6804, .F. ) ;
#4484 = VECTOR ( 'NONE', #11444, 1000.000000000000000 ) ;
#4485 = ORIENTED_EDGE ( 'NONE', *, *, #11450, .T. ) ;
#4486 = VERTEX_POINT ( 'NONE', #7693 ) ;
#4487 = ORIENTED_EDGE ( 'NONE', *, *, #6960, .F. ) ;
#4488 = ORIENTED_EDGE ( 'NONE', *, *, #7899, .F. ) ;
#4489 = CIRCLE ( 'NONE', #9769, 1.750000000000001554 ) ;
#4490 = PLANE ( 'NONE',  #419 ) ;
#4491 = CARTESIAN_POINT ( 'NONE',  ( 3.250000000000030642, -24.69999999999999929, 0.000000000000000000 ) ) ;
#4492 = DIRECTION ( 'NONE',  ( 1.000000000000000000, 0.000000000000000000, 0.000000000000000000 ) ) ;
#4493 = CARTESIAN_POINT ( 'NONE',  ( 7.866397417708654416, -2.874999999999985345, 2.255140518769849223E-14 ) ) ;
#4494 = FACE_BOUND ( 'NONE', #3843, .T. ) ;
#4495 = ADVANCED_FACE ( 'NONE', ( #11290 ), #3215, .F. ) ;
#4496 = EDGE_LOOP ( 'NONE', ( #4624, #4079, #7410, #2781, #6612, #7289 ) ) ;
#4497 = SURFACE_STYLE_USAGE ( .BOTH. , #9923 ) ;
#4498 = AXIS2_PLACEMENT_3D ( 'NONE', #4870, #11241, #10472 ) ;
#4499 = CARTESIAN_POINT ( 'NONE',  ( 1.443375672974059887, 19.74999999999993605, 2.255140518769849223E-14 ) ) ;
#4500 = VECTOR ( 'NONE', #8936, 1000.000000000000000 ) ;
#4501 = EDGE_CURVE ( 'NONE', #1368, #7195, #1617, .T. ) ;
#4502 = VERTEX_POINT ( 'NONE', #7152 ) ;
#4503 = ORIENTED_EDGE ( 'NONE', *, *, #6660, .F. ) ;
#4504 = VECTOR ( 'NONE', #964, 1000.000000000000000 ) ;
#4505 = DIRECTION ( 'NONE',  ( 0.8660254037844385966, -0.5000000000000001110, 0.000000000000000000 ) ) ;
#4506 = ADVANCED_FACE ( 'NONE', ( #5220 ), #10750, .T. ) ;
#4507 = LINE ( 'NONE', #2846, #7205 ) ;
#4508 = FACE_OUTER_BOUND ( 'NONE', #9507, .T. ) ;
#4509 = EDGE_CURVE ( 'NONE', #9158, #1284, #8814, .T. ) ;
#4510 = FACE_OUTER_BOUND ( 'NONE', #2706, .T. ) ;
#4511 = VECTOR ( 'NONE', #1039, 1000.000000000000000 ) ;
#4513 = DIRECTION ( 'NONE',  ( 1.000000000000000000, 0.000000000000000000, 0.000000000000000000 ) ) ;
#4512 = DIRECTION ( 'NONE',  ( 1.000000000000000000, 0.000000000000000000, 0.000000000000000000 ) ) ;
#4514 = LINE ( 'NONE', #6994, #10718 ) ;
#4515 = DIRECTION ( 'NONE',  ( 0.000000000000000000, -1.000000000000000000, 0.000000000000000000 ) ) ;
#4516 = ORIENTED_EDGE ( 'NONE', *, *, #11573, .T. ) ;
#4517 = DIRECTION ( 'NONE',  ( 0.4999999999999997224, 0.8660254037844387076, 0.000000000000000000 ) ) ;
#4518 = ORIENTED_EDGE ( 'NONE', *, *, #9487, .F. ) ;
#4519 = EDGE_CURVE ( 'NONE', #1091, #11065, #3450, .T. ) ;
#4520 = EDGE_CURVE ( 'NONE', #85, #10185, #4345, .T. ) ;
#4521 = ORIENTED_EDGE ( 'NONE', *, *, #6742, .T. ) ;
#4522 = CARTESIAN_POINT ( 'NONE',  ( 7.794228634059956917, 18.49999999999993250, 6.350000000000022737 ) ) ;
#4523 = LINE ( 'NONE', #8945, #8050 ) ;
#4525 = CARTESIAN_POINT ( 'NONE',  ( 2.453738644055887264, 17.99999999999996803, -3.649999999999986589 ) ) ;
#4524 = DIRECTION ( 'NONE',  ( 1.000000000000000000, 0.000000000000000000, 0.000000000000000000 ) ) ;
#4526 = EDGE_CURVE ( 'NONE', #4685, #8286, #732, .T. ) ;
#4527 = LINE ( 'NONE', #3808, #7126 ) ;
#4528 = CARTESIAN_POINT ( 'NONE',  ( 3.536270398786458546, 6.124999999999965361, 2.255140518769849223E-14 ) ) ;
#4529 = ADVANCED_FACE ( 'NONE', ( #2613 ), #8155, .F. ) ;
#4530 = EDGE_CURVE ( 'NONE', #11068, #180, #6333, .T. ) ;
#4531 = CARTESIAN_POINT ( 'NONE',  ( 1.443375672974074764, 13.99999999999993072, 2.255140518769849223E-14 ) ) ;
#4532 = ORIENTED_EDGE ( 'NONE', *, *, #815, .T. ) ;
#4533 = VECTOR ( 'NONE', #8865, 1000.000000000000000 ) ;
#4534 = ORIENTED_EDGE ( 'NONE', *, *, #11509, .F. ) ;
#4535 = ORIENTED_EDGE ( 'NONE', *, *, #3210, .T. ) ;
#4536 = DIRECTION ( 'NONE',  ( 0.5000000000000001110, -0.8660254037844385966, 0.000000000000000000 ) ) ;
#4537 = LINE ( 'NONE', #2701, #8239 ) ;
#4538 = CARTESIAN_POINT ( 'NONE',  ( 13.03373945817676294, 18.00000000000001421, 6.350000000000022737 ) ) ;
#4539 = LINE ( 'NONE', #10026, #7247 ) ;
#4540 = EDGE_LOOP ( 'NONE', ( #8527, #3536, #11302, #2770 ) ) ;
#4541 = LINE ( 'NONE', #659, #4933 ) ;
#4542 = EDGE_LOOP ( 'NONE', ( #10077, #2584, #2069, #5520 ) ) ;
#4543 = EDGE_LOOP ( 'NONE', ( #3625, #299, #241, #7366 ) ) ;
#4544 = ORIENTED_EDGE ( 'NONE', *, *, #2123, .F. ) ;
#4545 = ORIENTED_EDGE ( 'NONE', *, *, #2407, .F. ) ;
#4546 = EDGE_CURVE ( 'NONE', #9734, #9989, #11527, .T. ) ;
#4547 = DIRECTION ( 'NONE',  ( 0.000000000000000000, 0.000000000000000000, 1.000000000000000000 ) ) ;
#4548 = VECTOR ( 'NONE', #11133, 1000.000000000000000 ) ;
#4549 = PLANE ( 'NONE',  #289 ) ;
#4550 = DIRECTION ( 'NONE',  ( 1.000000000000000000, 0.000000000000000000, 0.000000000000000000 ) ) ;
#4551 = DIRECTION ( 'NONE',  ( 0.000000000000000000, -1.000000000000000000, 0.000000000000000000 ) ) ;
#4552 = CARTESIAN_POINT ( 'NONE',  ( 0.000000000000000000, 30.00000000000002132, 0.000000000000000000 ) ) ;
#4553 = ORIENTED_EDGE ( 'NONE', *, *, #10565, .T. ) ;
#4554 = VECTOR ( 'NONE', #2436, 1000.000000000000114 ) ;
#4555 = CARTESIAN_POINT ( 'NONE',  ( 7.144709581221628802, -1.625000000000000222, 6.350000000000022737 ) ) ;
#4556 = ORIENTED_EDGE ( 'NONE', *, *, #189, .T. ) ;
#4557 = ORIENTED_EDGE ( 'NONE', *, *, #10781, .F. ) ;
#4558 = ORIENTED_EDGE ( 'NONE', *, *, #1982, .T. ) ;
#4559 = VECTOR ( 'NONE', #6519, 1000.000000000000000 ) ;
#4560 = DIRECTION ( 'NONE',  ( 0.5000000000000001110, -0.8660254037844385966, 0.000000000000000000 ) ) ;
#4561 = CARTESIAN_POINT ( 'NONE',  ( -12.12435565298215856, 1.250000000000003775, 6.350000000000022737 ) ) ;
#4562 = DIRECTION ( 'NONE',  ( -0.000000000000000000, 1.000000000000000000, -0.000000000000000000 ) ) ;
#4563 = DIRECTION ( 'NONE',  ( 1.000000000000000000, 0.000000000000000000, 0.000000000000000000 ) ) ;
#4565 = DIRECTION ( 'NONE',  ( 0.000000000000000000, -0.000000000000000000, -1.000000000000000000 ) ) ;
#4564 = DIRECTION ( 'NONE',  ( 0.8660254037844387076, 0.5000000000000000000, -0.000000000000000000 ) ) ;
#4566 = EDGE_CURVE ( 'NONE', #4936, #11359, #8985, .T. ) ;
#4567 = DIRECTION ( 'NONE',  ( 0.5000000000000001110, 0.8660254037844385966, 0.000000000000000000 ) ) ;
#4568 = VECTOR ( 'NONE', #8383, 1000.000000000000000 ) ;
#4569 = LINE ( 'NONE', #10934, #9462 ) ;
#4570 = EDGE_LOOP ( 'NONE', ( #4126, #1176 ) ) ;
#4571 = CIRCLE ( 'NONE', #8908, 1.750000000000001554 ) ;
#4572 = DIRECTION ( 'NONE',  ( -1.000000000000000000, -0.000000000000000000, 0.000000000000000000 ) ) ;
#4573 = ADVANCED_FACE ( 'NONE', ( #6270 ), #10932, .F. ) ;
#4574 = VERTEX_POINT ( 'NONE', #9819 ) ;
#4575 = EDGE_CURVE ( 'NONE', #6491, #5467, #8044, .T. ) ;
#4576 = ORIENTED_EDGE ( 'NONE', *, *, #6225, .T. ) ;
#4577 = VECTOR ( 'NONE', #5551, 1000.000000000000000 ) ;
#4578 = CARTESIAN_POINT ( 'NONE',  ( 13.03373945817677004, -1.174901045822601686, -3.649999999999986589 ) ) ;
#4579 = CARTESIAN_POINT ( 'NONE',  ( -2.165063509461105706, -10.24999999999996447, 2.255140518769849223E-14 ) ) ;
#4580 = VECTOR ( 'NONE', #3563, 1000.000000000000000 ) ;
#4582 = FACE_OUTER_BOUND ( 'NONE', #5263, .T. ) ;
#4581 = DIRECTION ( 'NONE',  ( -0.8660254037844385966, -0.5000000000000001110, 0.000000000000000000 ) ) ;
#4583 = ADVANCED_FACE ( 'NONE', ( #10641 ), #9876, .T. ) ;
#4584 = CARTESIAN_POINT ( 'NONE',  ( 1.220317949235151023, -12.50000000000001776, 19.16499999999998138 ) ) ;
#4585 = EDGE_CURVE ( 'NONE', #643, #5219, #11635, .T. ) ;
#4586 = FACE_OUTER_BOUND ( 'NONE', #4200, .T. ) ;
#4587 = ADVANCED_FACE ( 'NONE', ( #1786 ), #3507, .T. ) ;
#4588 = ADVANCED_FACE ( 'NONE', ( #5451 ), #9041, .F. ) ;
#4589 = CARTESIAN_POINT ( 'NONE',  ( -12.84604348946919039, -11.49999999999995204, 2.255140518769849223E-14 ) ) ;
#4590 = EDGE_CURVE ( 'NONE', #276, #10872, #7099, .T. ) ;
#4591 = ORIENTED_EDGE ( 'NONE', *, *, #101, .F. ) ;
#4592 = VERTEX_POINT ( 'NONE', #10047 ) ;
#4593 = CARTESIAN_POINT ( 'NONE',  ( -7.794228634059957805, 6.999999999999965361, 2.255140518769849223E-14 ) ) ;
#4594 = ORIENTED_EDGE ( 'NONE', *, *, #8974, .T. ) ;
#4595 = EDGE_LOOP ( 'NONE', ( #9385, #6728, #206, #6536 ) ) ;
#4596 = CARTESIAN_POINT ( 'NONE',  ( 2.092894725812397994, 2.874999999999990230, 2.255140518769849223E-14 ) ) ;
#4597 = VECTOR ( 'NONE', #8689, 1000.000000000000000 ) ;
#4598 = DIRECTION ( 'NONE',  ( 0.000000000000000000, 0.000000000000000000, 1.000000000000000000 ) ) ;
#4599 = CARTESIAN_POINT ( 'NONE',  ( -7.072540797572933080, -17.24999999999992895, 6.350000000000022737 ) ) ;
#4600 = CARTESIAN_POINT ( 'NONE',  ( 6.423021744734589866, -5.374999999999987566, 6.350000000000022737 ) ) ;
#4601 = ORIENTED_EDGE ( 'NONE', *, *, #3047, .T. ) ;
#4602 = DIRECTION ( 'NONE',  ( -1.000000000000000000, -0.000000000000000000, -0.000000000000000000 ) ) ;
#4603 = DIRECTION ( 'NONE',  ( 0.000000000000000000, 1.000000000000000000, 0.000000000000000000 ) ) ;
#4604 = EDGE_LOOP ( 'NONE', ( #8593, #3343, #2111, #8977 ) ) ;
#4605 = ORIENTED_EDGE ( 'NONE', *, *, #4369, .F. ) ;
#4606 = AXIS2_PLACEMENT_3D ( 'NONE', #166, #1111, #2819 ) ;
#4607 = ORIENTED_EDGE ( 'NONE', *, *, #8340, .F. ) ;
#4608 = EDGE_CURVE ( 'NONE', #5430, #9314, #1250, .T. ) ;
#4609 = EDGE_LOOP ( 'NONE', ( #4366, #8954, #657 ) ) ;
#4610 = ADVANCED_FACE ( 'NONE', ( #10165 ), #8444, .F. ) ;
#4611 = DIRECTION ( 'NONE',  ( -0.000000000000000000, 0.000000000000000000, -1.000000000000000000 ) ) ;
#4612 = CARTESIAN_POINT ( 'NONE',  ( -3.536270398786469649, 16.87499999999994671, 6.350000000000022737 ) ) ;
#4613 = CARTESIAN_POINT ( 'NONE',  ( 11.40266781649511607, -8.999999999999948486, 2.255140518769849223E-14 ) ) ;
#4614 = FACE_BOUND ( 'NONE', #5835, .T. ) ;
#4615 = ORIENTED_EDGE ( 'NONE', *, *, #382, .F. ) ;
#4616 = DIRECTION ( 'NONE',  ( 1.000000000000000000, 0.000000000000000000, 0.000000000000000000 ) ) ;
#4617 = DIRECTION ( 'NONE',  ( 0.000000000000000000, 0.000000000000000000, 1.000000000000000000 ) ) ;
#4618 = ORIENTED_EDGE ( 'NONE', *, *, #10653, .F. ) ;
#4619 = ORIENTED_EDGE ( 'NONE', *, *, #6459, .F. ) ;
#4620 = ORIENTED_EDGE ( 'NONE', *, *, #8856, .T. ) ;
#4621 = FACE_OUTER_BOUND ( 'NONE', #4997, .T. ) ;
#4622 = LINE ( 'NONE', #5623, #10788 ) ;
#4623 = CARTESIAN_POINT ( 'NONE',  ( -2.818925648462311528E-15, -14.74999999999995204, 2.255140518769849223E-14 ) ) ;
#4624 = ORIENTED_EDGE ( 'NONE', *, *, #10997, .F. ) ;
#4625 = VECTOR ( 'NONE', #1708, 1000.000000000000000 ) ;
#4627 = CARTESIAN_POINT ( 'NONE',  ( -9.959292143521061291, 2.499999999999977796, 2.255140518769849223E-14 ) ) ;
#4626 = PLANE ( 'NONE',  #1988 ) ;
#4628 = CARTESIAN_POINT ( 'NONE',  ( -8.515916470546997630, 3.249999999999978240, 2.255140518769849223E-14 ) ) ;
#4629 = VECTOR ( 'NONE', #11376, 1000.000000000000000 ) ;
#4630 = VECTOR ( 'NONE', #10008, 1000.000000000000000 ) ;
#4631 = PLANE ( 'NONE',  #9846 ) ;
#4632 = ORIENTED_EDGE ( 'NONE', *, *, #2126, .F. ) ;
#4633 = CARTESIAN_POINT ( 'NONE',  ( 9.959292143521054186, -3.250000000000000888, 6.350000000000022737 ) ) ;
#4634 = EDGE_LOOP ( 'NONE', ( #8543, #4967, #10616, #2057 ) ) ;
#4635 = VECTOR ( 'NONE', #2046, 1000.000000000000000 ) ;
#4636 = VERTEX_POINT ( 'NONE', #364 ) ;
#4637 = FACE_OUTER_BOUND ( 'NONE', #390, .T. ) ;
#4638 = PLANE ( 'NONE',  #3117 ) ;
#4640 = FACE_OUTER_BOUND ( 'NONE', #8273, .T. ) ;
#4639 = DIRECTION ( 'NONE',  ( 0.5000000000000001110, -0.8660254037844385966, 0.000000000000000000 ) ) ;
#4641 = CARTESIAN_POINT ( 'NONE',  ( -20.09626054182323074, 20.00000000000001776, 4.350000000000028955 ) ) ;
#4642 = EDGE_CURVE ( 'NONE', #9321, #9039, #3788, .T. ) ;
#4643 = CARTESIAN_POINT ( 'NONE',  ( -30.34310355970660211, 3.999999999999982681, -3.649999999999977707 ) ) ;
#4644 = VECTOR ( 'NONE', #7516, 1000.000000000000000 ) ;
#4645 = LINE ( 'NONE', #9293, #6018 ) ;
#4646 = DIRECTION ( 'NONE',  ( -0.5000000000000001110, -0.8660254037844385966, 0.000000000000000000 ) ) ;
#4647 = VECTOR ( 'NONE', #3110, 1000.000000000000000 ) ;
#4648 = ORIENTED_EDGE ( 'NONE', *, *, #44, .F. ) ;
#4649 = EDGE_CURVE ( 'NONE', #1003, #6082, #2962, .T. ) ;
#4650 = CARTESIAN_POINT ( 'NONE',  ( 8.515916470546979866, -14.74999999999995026, 6.350000000000022737 ) ) ;
#4651 = ORIENTED_EDGE ( 'NONE', *, *, #2789, .T. ) ;
#4652 = EDGE_LOOP ( 'NONE', ( #3585, #2533, #1374, #10847, #5071, #10186 ) ) ;
#4653 = DIRECTION ( 'NONE',  ( -0.000000000000000000, 1.000000000000000000, -0.000000000000000000 ) ) ;
#4654 = EDGE_CURVE ( 'NONE', #4226, #3130, #3022, .T. ) ;
#4655 = CARTESIAN_POINT ( 'NONE',  ( -8.515916470546983419, 2.499999999999977796, 2.255140518769849223E-14 ) ) ;
#4656 = LINE ( 'NONE', #2050, #5971 ) ;
#4657 = CARTESIAN_POINT ( 'NONE',  ( -6.288372600415925717E-15, 8.999999999999953815, 2.255140518769849223E-14 ) ) ;
#4658 = ORIENTED_EDGE ( 'NONE', *, *, #1505, .T. ) ;
#4659 = CARTESIAN_POINT ( 'NONE',  ( 4.979646071760526205, -0.3750000000000124900, 2.255140518769849223E-14 ) ) ;
#4660 = DIRECTION ( 'NONE',  ( 0.5000000000000001110, 0.8660254037844385966, 0.000000000000000000 ) ) ;
#4661 = ORIENTED_EDGE ( 'NONE', *, *, #10214, .T. ) ;
#4662 = ORIENTED_EDGE ( 'NONE', *, *, #2493, .T. ) ;
#4663 = ORIENTED_EDGE ( 'NONE', *, *, #3364, .T. ) ;
#4664 = EDGE_CURVE ( 'NONE', #6691, #6199, #11098, .T. ) ;
#4665 = ORIENTED_EDGE ( 'NONE', *, *, #3002, .F. ) ;
#4666 = VECTOR ( 'NONE', #960, 1000.000000000000000 ) ;
#4667 = DIRECTION ( 'NONE',  ( 0.8660254037844388186, -0.4999999999999997780, 0.000000000000000000 ) ) ;
#4668 = DIRECTION ( 'NONE',  ( -0.4999999999999997780, -0.8660254037844387076, 0.000000000000000000 ) ) ;
#4669 = CARTESIAN_POINT ( 'NONE',  ( -7.794228634059968464, 18.49999999999993250, 2.255140518769849223E-14 ) ) ;
#4670 = VECTOR ( 'NONE', #6609, 1000.000000000000000 ) ;
#4671 = FACE_BOUND ( 'NONE', #5844, .T. ) ;
#4672 = EDGE_LOOP ( 'NONE', ( #7432, #1989, #1221, #7448, #1382, #2044 ) ) ;
#4673 = EDGE_CURVE ( 'NONE', #11137, #5180, #7380, .T. ) ;
#4674 =( NAMED_UNIT ( * ) PLANE_ANGLE_UNIT ( ) SI_UNIT ( $, .RADIAN. ) );
#4675 = ADVANCED_FACE ( 'NONE', ( #5732 ), #3904, .T. ) ;
#4676 = EDGE_CURVE ( 'NONE', #11269, #716, #9327, .T. ) ;
#4677 = ORIENTED_EDGE ( 'NONE', *, *, #5188, .F. ) ;
#4678 = VECTOR ( 'NONE', #9096, 1000.000000000000000 ) ;
#4679 = VECTOR ( 'NONE', #4598, 1000.000000000000000 ) ;
#4680 = ORIENTED_EDGE ( 'NONE', *, *, #10710, .T. ) ;
#4681 = VERTEX_POINT ( 'NONE', #1192 ) ;
#4682 = FACE_OUTER_BOUND ( 'NONE', #5845, .T. ) ;
#4683 = LINE ( 'NONE', #195, #9284 ) ;
#4684 = DIRECTION ( 'NONE',  ( 0.000000000000000000, 0.000000000000000000, 1.000000000000000000 ) ) ;
#4685 = VERTEX_POINT ( 'NONE', #3077 ) ;
#4687 = LINE ( 'NONE', #9881, #5069 ) ;
#4686 = CARTESIAN_POINT ( 'NONE',  ( -7.264682050764862176, 7.500000000000020428, 29.40000000000000924 ) ) ;
#4688 = CARTESIAN_POINT ( 'NONE',  ( 11.40266781649511607, 13.99999999999995559, 2.255140518769849223E-14 ) ) ;
#4689 = VECTOR ( 'NONE', #7636, 1000.000000000000000 ) ;
#4690 = DIRECTION ( 'NONE',  ( 0.000000000000000000, 0.000000000000000000, 1.000000000000000000 ) ) ;
#4691 = VERTEX_POINT ( 'NONE', #2844 ) ;
#4692 = DIRECTION ( 'NONE',  ( -0.8660254037844385966, -0.5000000000000001110, 0.000000000000000000 ) ) ;
#4693 = AXIS2_PLACEMENT_3D ( 'NONE', #8890, #3583, #6235 ) ;
#4694 = ORIENTED_EDGE ( 'NONE', *, *, #9726, .F. ) ;
#4695 = CARTESIAN_POINT ( 'NONE',  ( -4.979646071760531534, 0.3749999999999895084, 2.255140518769849223E-14 ) ) ;
#4696 = CARTESIAN_POINT ( 'NONE',  ( -12.96626054182323173, 17.99999999999996092, 6.350000000000022737 ) ) ;
#4697 = VECTOR ( 'NONE', #1303, 1000.000000000000000 ) ;
#4698 = EDGE_CURVE ( 'NONE', #10872, #8786, #2903, .T. ) ;
#4700 = DIRECTION ( 'NONE',  ( 1.000000000000000000, 0.000000000000000000, 0.000000000000000000 ) ) ;
#4699 = CARTESIAN_POINT ( 'NONE',  ( -2.092894725812406875, 14.37499999999994316, 6.350000000000022737 ) ) ;
#4701 = DIRECTION ( 'NONE',  ( 0.000000000000000000, 0.000000000000000000, -1.000000000000000000 ) ) ;
#4702 = PLANE ( 'NONE',  #3749 ) ;
#4703 = LINE ( 'NONE', #8294, #1309 ) ;
#4704 = CARTESIAN_POINT ( 'NONE',  ( 7.072540797572921534, 5.749999999999976907, 2.255140518769849223E-14 ) ) ;
#4705 = VERTEX_POINT ( 'NONE', #7437 ) ;
#4706 = CARTESIAN_POINT ( 'NONE',  ( -2.818925648462311528E-15, 14.74999999999993072, 6.350000000000022737 ) ) ;
#4707 = ORIENTED_EDGE ( 'NONE', *, *, #4435, .F. ) ;
#4708 = ORIENTED_EDGE ( 'NONE', *, *, #2216, .T. ) ;
#4709 = LINE ( 'NONE', #3644, #8740 ) ;
#4710 = LINE ( 'NONE', #6593, #914 ) ;
#4711 = DIRECTION ( 'NONE',  ( 0.5000000000000001110, 0.8660254037844385966, 0.000000000000000000 ) ) ;
#4712 = CARTESIAN_POINT ( 'NONE',  ( 13.03373945817676471, 10.32509895417734569, 6.350000000000022737 ) ) ;
#4713 = VERTEX_POINT ( 'NONE', #10925 ) ;
#4714 = DIRECTION ( 'NONE',  ( 0.000000000000000000, -1.000000000000000000, 0.000000000000000000 ) ) ;
#4715 = CARTESIAN_POINT ( 'NONE',  ( -4.979646071760531534, -11.12499999999996270, 2.255140518769849223E-14 ) ) ;
#4716 = VECTOR ( 'NONE', #9756, 1000.000000000000000 ) ;
#4717 = VERTEX_POINT ( 'NONE', #9991 ) ;
#4718 = ORIENTED_EDGE ( 'NONE', *, *, #63, .F. ) ;
#4719 = ORIENTED_EDGE ( 'NONE', *, *, #3268, .F. ) ;
#4720 = ADVANCED_FACE ( 'NONE', ( #5505 ), #3735, .T. ) ;
#4721 = VECTOR ( 'NONE', #1320, 1000.000000000000000 ) ;
#4722 = ADVANCED_FACE ( 'NONE', ( #4621 ), #4793, .F. ) ;
#4723 = EDGE_LOOP ( 'NONE', ( #3590, #7396, #3675, #3684 ) ) ;
#4724 = VECTOR ( 'NONE', #6103, 1000.000000000000000 ) ;
#4725 = DIRECTION ( 'NONE',  ( -1.000000000000000000, 0.000000000000000000, 0.000000000000000000 ) ) ;
#4726 = LINE ( 'NONE', #124, #7866 ) ;
#4727 = DIRECTION ( 'NONE',  ( 0.000000000000000000, 0.000000000000000000, 1.000000000000000000 ) ) ;
#4728 = FACE_BOUND ( 'NONE', #5643, .T. ) ;
#4729 = ORIENTED_EDGE ( 'NONE', *, *, #11142, .T. ) ;
#4730 = PRESENTATION_STYLE_ASSIGNMENT (( #4497 ) ) ;
#4731 = ADVANCED_FACE ( 'NONE', ( #4682 ), #10982, .F. ) ;
#4732 = EDGE_CURVE ( 'NONE', #8243, #6850, #1136, .T. ) ;
#4733 = ORIENTED_EDGE ( 'NONE', *, *, #6586, .T. ) ;
#4734 = EDGE_CURVE ( 'NONE', #10661, #7817, #9854, .T. ) ;
#4735 = ORIENTED_EDGE ( 'NONE', *, *, #7532, .F. ) ;
#4736 = ORIENTED_EDGE ( 'NONE', *, *, #4382, .T. ) ;
#4737 = CARTESIAN_POINT ( 'NONE',  ( -20.09626054182323074, -20.00000000000001776, 6.350000000000022737 ) ) ;
#4738 = DIRECTION ( 'NONE',  ( 0.4999999999999997780, 0.8660254037844388186, 0.000000000000000000 ) ) ;
#4739 = EDGE_CURVE ( 'NONE', #11156, #9321, #8622, .T. ) ;
#4740 = EDGE_CURVE ( 'NONE', #8329, #3008, #5789, .T. ) ;
#4741 = CARTESIAN_POINT ( 'NONE',  ( 12.12435565298214790, 4.499999999999977796, 2.255140518769849223E-14 ) ) ;
#4742 = ORIENTED_EDGE ( 'NONE', *, *, #4654, .F. ) ;
#4744 = DIRECTION ( 'NONE',  ( -0.5000000000000001110, -0.8660254037844385966, 0.000000000000000000 ) ) ;
#4743 = LINE ( 'NONE', #1084, #11214 ) ;
#4745 = CARTESIAN_POINT ( 'NONE',  ( 7.794228634059952476, 12.74999999999994138, 2.255140518769849223E-14 ) ) ;
#4746 = LINE ( 'NONE', #7392, #7383 ) ;
#4747 = ORIENTED_EDGE ( 'NONE', *, *, #2517, .T. ) ;
#4748 = DIRECTION ( 'NONE',  ( -1.000000000000000000, 0.000000000000000000, 0.000000000000000000 ) ) ;
#4749 = AXIS2_PLACEMENT_3D ( 'NONE', #4951, #517, #2287 ) ;
#4750 = VERTEX_POINT ( 'NONE', #9389 ) ;
#4751 = LINE ( 'NONE', #3863, #3250 ) ;
#4752 = PLANE ( 'NONE',  #8772 ) ;
#4753 = LINE ( 'NONE', #1918, #1984 ) ;
#4754 = DIRECTION ( 'NONE',  ( 0.8660254037844385966, -0.5000000000000001110, 0.000000000000000000 ) ) ;
#4755 = VECTOR ( 'NONE', #89, 1000.000000000000000 ) ;
#4756 = DIRECTION ( 'NONE',  ( 0.000000000000000000, -0.000000000000000000, -1.000000000000000000 ) ) ;
#4757 = CARTESIAN_POINT ( 'NONE',  ( -7.505553499465203338, 18.00000000000001421, 0.000000000000000000 ) ) ;
#4758 = VECTOR ( 'NONE', #1202, 1000.000000000000000 ) ;
#4759 = LINE ( 'NONE', #6529, #1426 ) ;
#4760 = ORIENTED_EDGE ( 'NONE', *, *, #8185, .F. ) ;
#4761 = AXIS2_PLACEMENT_3D ( 'NONE', #2366, #11395, #8737 ) ;
#4762 = VECTOR ( 'NONE', #2506, 1000.000000000000000 ) ;
#4763 = ORIENTED_EDGE ( 'NONE', *, *, #3624, .F. ) ;
#4764 = CARTESIAN_POINT ( 'NONE',  ( -20.09626054182323074, 20.00000000000001776, 4.350000000000028955 ) ) ;
#4765 = ORIENTED_EDGE ( 'NONE', *, *, #2518, .F. ) ;
#4766 = ORIENTED_EDGE ( 'NONE', *, *, #544, .F. ) ;
#4768 = DIRECTION ( 'NONE',  ( -0.7071067811865487940, -0.7071067811865463515, 2.251427510131677094E-15 ) ) ;
#4767 = LINE ( 'NONE', #5436, #1236 ) ;
#4769 = DIRECTION ( 'NONE',  ( 0.000000000000000000, 0.000000000000000000, 1.000000000000000000 ) ) ;
#4770 = CARTESIAN_POINT ( 'NONE',  ( -7.300682423332676585, 30.00000000000002132, 3.350000000000019629 ) ) ;
#4771 = CARTESIAN_POINT ( 'NONE',  ( 3.536270398786447888, 5.374999999999964473, 2.255140518769849223E-14 ) ) ;
#4772 = ORIENTED_EDGE ( 'NONE', *, *, #11575, .T. ) ;
#4773 = CARTESIAN_POINT ( 'NONE',  ( -8.515916470546983419, -8.999999999999975131, 2.255140518769849223E-14 ) ) ;
#4774 = FACE_OUTER_BOUND ( 'NONE', #1883, .T. ) ;
#4775 = VERTEX_POINT ( 'NONE', #10276 ) ;
#4776 = ORIENTED_EDGE ( 'NONE', *, *, #10510, .T. ) ;
#4777 = AXIS2_PLACEMENT_3D ( 'NONE', #7754, #4044, #5870 ) ;
#4778 = EDGE_LOOP ( 'NONE', ( #7647, #3544 ) ) ;
#4779 = VECTOR ( 'NONE', #11107, 1000.000000000000114 ) ;
#4780 = ORIENTED_EDGE ( 'NONE', *, *, #6819, .F. ) ;
#4781 = DIRECTION ( 'NONE',  ( 0.5000000000000001110, -0.8660254037844385966, 0.000000000000000000 ) ) ;
#4782 = DIRECTION ( 'NONE',  ( 0.5000000000000001110, -0.8660254037844385966, 0.000000000000000000 ) ) ;
#4783 = CARTESIAN_POINT ( 'NONE',  ( -12.12435565298215856, 10.24999999999995381, 6.350000000000022737 ) ) ;
#4784 = CARTESIAN_POINT ( 'NONE',  ( -3.250000000000002665, -24.69999999999999929, 3.350000000000019629 ) ) ;
#4785 = ORIENTED_EDGE ( 'NONE', *, *, #8897, .T. ) ;
#4786 = EDGE_CURVE ( 'NONE', #7325, #3380, #8563, .T. ) ;
#4787 = VECTOR ( 'NONE', #2524, 1000.000000000000000 ) ;
#4788 = ORIENTED_EDGE ( 'NONE', *, *, #8465, .F. ) ;
#4789 = ORIENTED_EDGE ( 'NONE', *, *, #1040, .F. ) ;
#4790 = ORIENTED_EDGE ( 'NONE', *, *, #3718, .T. ) ;
#4791 = ADVANCED_FACE ( 'NONE', ( #5030 ), #5147, .T. ) ;
#4792 = VECTOR ( 'NONE', #2746, 1000.000000000000000 ) ;
#4793 = PLANE ( 'NONE',  #4953 ) ;
#4794 = EDGE_CURVE ( 'NONE', #7955, #11216, #6793, .T. ) ;
#4795 = CARTESIAN_POINT ( 'NONE',  ( 8.515916470546990524, 14.74999999999993072, 2.255140518769849223E-14 ) ) ;
#4796 = CARTESIAN_POINT ( 'NONE',  ( 7.072540797572927751, -17.24999999999992895, 6.350000000000022737 ) ) ;
#4797 = EDGE_LOOP ( 'NONE', ( #6462, #10110, #5727, #5634, #6589, #5061 ) ) ;
#4798 = EDGE_CURVE ( 'NONE', #6285, #7609, #5087, .T. ) ;
#4800 = PLANE ( 'NONE',  #10903 ) ;
#4799 = CARTESIAN_POINT ( 'NONE',  ( 13.03373945817676471, 10.32509895417734569, -3.649999999999986589 ) ) ;
#4801 = DIRECTION ( 'NONE',  ( 0.5000000000000001110, -0.8660254037844385966, 0.000000000000000000 ) ) ;
#4802 = FACE_OUTER_BOUND ( 'NONE', #148, .T. ) ;
#4803 = VERTEX_POINT ( 'NONE', #478 ) ;
#4804 = DIRECTION ( 'NONE',  ( 0.000000000000000000, 0.000000000000000000, 1.000000000000000000 ) ) ;
#4805 = ORIENTED_EDGE ( 'NONE', *, *, #5968, .T. ) ;
#4806 = VECTOR ( 'NONE', #9866, 1000.000000000000000 ) ;
#4807 = ADVANCED_FACE ( 'NONE', ( #4138 ), #8678, .T. ) ;
#4808 = LINE ( 'NONE', #8405, #8337 ) ;
#4809 = LINE ( 'NONE', #6577, #1232 ) ;
#4810 = CARTESIAN_POINT ( 'NONE',  ( 1.443375672974060997, -13.99999999999995204, 2.255140518769849223E-14 ) ) ;
#4811 = DIRECTION ( 'NONE',  ( 1.000000000000000000, 0.000000000000000000, 0.000000000000000000 ) ) ;
#4812 = LINE ( 'NONE', #7403, #1489 ) ;
#4813 = DIRECTION ( 'NONE',  ( -0.7071067811865487940, 0.7071067811865462405, 0.000000000000000000 ) ) ;
#4814 = EDGE_CURVE ( 'NONE', #1882, #8796, #4259, .T. ) ;
#4815 = CARTESIAN_POINT ( 'NONE',  ( -9.959292143521061291, -13.99999999999995204, 2.255140518769849223E-14 ) ) ;
#4816 = AXIS2_PLACEMENT_3D ( 'NONE', #3604, #5649, #3662 ) ;
#4817 = EDGE_CURVE ( 'NONE', #10632, #7292, #3257, .T. ) ;
#4818 = ORIENTED_EDGE ( 'NONE', *, *, #9346, .F. ) ;
#4819 = EDGE_CURVE ( 'NONE', #11338, #2989, #4912, .T. ) ;
#4820 = AXIS2_PLACEMENT_3D ( 'NONE', #2750, #2812, #10668 ) ;
#4821 = VECTOR ( 'NONE', #11130, 1000.000000000000000 ) ;
#4822 = ORIENTED_EDGE ( 'NONE', *, *, #2983, .T. ) ;
#4823 = CARTESIAN_POINT ( 'NONE',  ( 0.000000000000000000, 0.000000000000000000, 6.350000000000022737 ) ) ;
#4824 = ORIENTED_EDGE ( 'NONE', *, *, #9850, .T. ) ;
#4825 = ORIENTED_EDGE ( 'NONE', *, *, #8558, .T. ) ;
#4827 = CARTESIAN_POINT ( 'NONE',  ( 2.165063509461094160, -12.74999999999995026, 2.255140518769849223E-14 ) ) ;
#4826 = CARTESIAN_POINT ( 'NONE',  ( -7.300682423332677473, 34.17780897597563694, 6.350000000000022737 ) ) ;
#4828 = VECTOR ( 'NONE', #3143, 1000.000000000000000 ) ;
#4829 = CARTESIAN_POINT ( 'NONE',  ( -7.300682423332667703, -30.00000000000002842, 3.350000000000019629 ) ) ;
#4830 = CARTESIAN_POINT ( 'NONE',  ( 2.814582562299421831, 18.87499999999993250, 2.255140518769849223E-14 ) ) ;
#4831 = DIRECTION ( 'NONE',  ( 0.5000000000000001110, 0.8660254037844385966, 0.000000000000000000 ) ) ;
#4832 = DIRECTION ( 'NONE',  ( 0.5000000000000001110, -0.8660254037844385966, 0.000000000000000000 ) ) ;
#4833 = CARTESIAN_POINT ( 'NONE',  ( 11.40266781649511252, 8.249999999999978684, 2.255140518769849223E-14 ) ) ;
#4834 = LINE ( 'NONE', #6327, #4678 ) ;
#4835 = EDGE_LOOP ( 'NONE', ( #8532, #11262, #7010, #9445 ) ) ;
#4836 = ORIENTED_EDGE ( 'NONE', *, *, #10510, .F. ) ;
#4837 = ORIENTED_EDGE ( 'NONE', *, *, #8278, .T. ) ;
#4838 = VECTOR ( 'NONE', #7017, 1000.000000000000000 ) ;
#4839 = ORIENTED_EDGE ( 'NONE', *, *, #3637, .T. ) ;
#4840 = CARTESIAN_POINT ( 'NONE',  ( -21.84310355970654172, 12.50000000000001776, 6.350000000000022737 ) ) ;
#4841 = CARTESIAN_POINT ( 'NONE',  ( 4.979646071760522652, 5.374999999999964473, 2.255140518769849223E-14 ) ) ;
#4842 = CARTESIAN_POINT ( 'NONE',  ( 7.072540797572925086, -11.49999999999995026, 2.255140518769849223E-14 ) ) ;
#4843 = CARTESIAN_POINT ( 'NONE',  ( 3.536270398786447888, 5.374999999999964473, 2.255140518769849223E-14 ) ) ;
#4844 = EDGE_LOOP ( 'NONE', ( #9917, #8321, #88, #6372 ) ) ;
#4845 = EDGE_LOOP ( 'NONE', ( #8300, #3360, #1825 ) ) ;
#4846 = VERTEX_POINT ( 'NONE', #1541 ) ;
#4847 = VERTEX_POINT ( 'NONE', #4024 ) ;
#4848 = VERTEX_POINT ( 'NONE', #423 ) ;
#4849 = VECTOR ( 'NONE', #10782, 1000.000000000000000 ) ;
#4850 = EDGE_CURVE ( 'NONE', #15, #2293, #6853, .T. ) ;
#4851 = DIRECTION ( 'NONE',  ( 1.000000000000000000, 4.003208021484940511E-16, 0.000000000000000000 ) ) ;
#4852 = LINE ( 'NONE', #1252, #5332 ) ;
#4853 = DIRECTION ( 'NONE',  ( 0.000000000000000000, 0.000000000000000000, 1.000000000000000000 ) ) ;
#4854 = ORIENTED_EDGE ( 'NONE', *, *, #462, .F. ) ;
#4856 = CARTESIAN_POINT ( 'NONE',  ( 12.84604348946918151, -5.749999999999973355, 2.255140518769849223E-14 ) ) ;
#4855 = CARTESIAN_POINT ( 'NONE',  ( -7.300682423332677473, 30.00000000000002132, 6.350000000000022737 ) ) ;
#4857 = DIRECTION ( 'NONE',  ( -3.373073425510458458E-16, 1.000000000000000000, 0.000000000000000000 ) ) ;
#4858 = DIRECTION ( 'NONE',  ( -0.000000000000000000, 1.000000000000000000, -0.000000000000000000 ) ) ;
#4859 = VERTEX_POINT ( 'NONE', #10449 ) ;
#4860 = VECTOR ( 'NONE', #2747, 1000.000000000000000 ) ;
#4861 = CARTESIAN_POINT ( 'NONE',  ( -1.443375672974079649, -14.74999999999995204, 2.255140518769849223E-14 ) ) ;
#4862 = EDGE_CURVE ( 'NONE', #2610, #10319, #3197, .T. ) ;
#4863 = ORIENTED_EDGE ( 'NONE', *, *, #7987, .F. ) ;
#4864 = EDGE_CURVE ( 'NONE', #2170, #11392, #2426, .T. ) ;
#4865 = DIRECTION ( 'NONE',  ( -0.5000000000000002220, 0.8660254037844384856, 0.000000000000000000 ) ) ;
#4866 = CARTESIAN_POINT ( 'NONE',  ( 4.979646071760526205, -6.124999999999987566, 2.255140518769849223E-14 ) ) ;
#4867 = AXIS2_PLACEMENT_3D ( 'NONE', #7873, #6051, #1732 ) ;
#4868 = DIRECTION ( 'NONE',  ( 0.000000000000000000, -0.000000000000000000, -1.000000000000000000 ) ) ;
#4869 = DIRECTION ( 'NONE',  ( 0.000000000000000000, 0.000000000000000000, 1.000000000000000000 ) ) ;
#4870 = CARTESIAN_POINT ( 'NONE',  ( -12.96626054182323173, 17.99999999999996092, -3.649999999999986589 ) ) ;
#4871 = CARTESIAN_POINT ( 'NONE',  ( -12.96626054182323173, 17.99999999999996092, 6.350000000000022737 ) ) ;
#4872 = EDGE_CURVE ( 'NONE', #5782, #701, #7790, .T. ) ;
#4873 = AXIS2_PLACEMENT_3D ( 'NONE', #5814, #501, #9594 ) ;
#4874 = CARTESIAN_POINT ( 'NONE',  ( -7.144709581221628802, 1.624999999999990008, 2.255140518769849223E-14 ) ) ;
#4875 = EDGE_CURVE ( 'NONE', #1657, #9439, #5972, .T. ) ;
#4876 = ORIENTED_EDGE ( 'NONE', *, *, #8897, .F. ) ;
#4877 = EDGE_CURVE ( 'NONE', #4935, #7484, #4083, .T. ) ;
#4878 = VECTOR ( 'NONE', #488, 1000.000000000000000 ) ;
#4879 = ORIENTED_EDGE ( 'NONE', *, *, #3238, .T. ) ;
#4880 = ORIENTED_EDGE ( 'NONE', *, *, #3952, .T. ) ;
#4881 = CARTESIAN_POINT ( 'NONE',  ( -2.886751345948135317, 11.49999999999995381, 2.255140518769849223E-14 ) ) ;
#4882 = VERTEX_POINT ( 'NONE', #4972 ) ;
#4883 = EDGE_CURVE ( 'NONE', #1367, #5140, #9570, .T. ) ;
#4884 = EDGE_LOOP ( 'NONE', ( #7147, #7492, #11288, #5254 ) ) ;
#4885 = AXIS2_PLACEMENT_3D ( 'NONE', #3795, #5569, #9167 ) ;
#4887 = DIRECTION ( 'NONE',  ( 0.8660254037844388186, -0.4999999999999997780, 0.000000000000000000 ) ) ;
#4886 = CARTESIAN_POINT ( 'NONE',  ( -11.40266781649513916, -8.999999999999975131, 6.350000000000022737 ) ) ;
#4888 = EDGE_CURVE ( 'NONE', #10319, #5119, #5376, .T. ) ;
#4889 = EDGE_CURVE ( 'NONE', #5348, #3062, #1716, .T. ) ;
#4890 = DIRECTION ( 'NONE',  ( 0.5000000000000001110, 0.8660254037844385966, 0.000000000000000000 ) ) ;
#4891 = CARTESIAN_POINT ( 'NONE',  ( 7.144709581221622585, -15.62499999999993960, 2.255140518769849223E-14 ) ) ;
#4892 = CARTESIAN_POINT ( 'NONE',  ( 12.77387470582047868, -4.124999999999974243, 6.350000000000022737 ) ) ;
#4893 = LINE ( 'NONE', #4178, #1354 ) ;
#4894 = CIRCLE ( 'NONE', #3004, 1.499999999999996003 ) ;
#4895 = CARTESIAN_POINT ( 'NONE',  ( 0.000000000000000000, 0.000000000000000000, 6.350000000000022737 ) ) ;
#4896 = LINE ( 'NONE', #3116, #10199 ) ;
#4897 = ORIENTED_EDGE ( 'NONE', *, *, #191, .F. ) ;
#4898 = VERTEX_POINT ( 'NONE', #3490 ) ;
#4899 = ORIENTED_EDGE ( 'NONE', *, *, #3995, .F. ) ;
#4900 = ORIENTED_EDGE ( 'NONE', *, *, #240, .F. ) ;
#4901 = DIRECTION ( 'NONE',  ( 0.5000000000000001110, -0.8660254037844385966, 0.000000000000000000 ) ) ;
#4902 = DIRECTION ( 'NONE',  ( 0.5000000000000001110, 0.8660254037844385966, 0.000000000000000000 ) ) ;
#4903 = VECTOR ( 'NONE', #4603, 1000.000000000000000 ) ;
#4904 = LINE ( 'NONE', #9260, #9214 ) ;
#4905 = FACE_BOUND ( 'NONE', #11153, .T. ) ;
#4906 = EDGE_LOOP ( 'NONE', ( #9134, #10866, #10559, #3776, #4134, #3829 ) ) ;
#4907 = VERTEX_POINT ( 'NONE', #831 ) ;
#4908 = ORIENTED_EDGE ( 'NONE', *, *, #2336, .T. ) ;
#4909 = VECTOR ( 'NONE', #670, 1000.000000000000114 ) ;
#4910 = ORIENTED_EDGE ( 'NONE', *, *, #873, .F. ) ;
#4911 = EDGE_LOOP ( 'NONE', ( #11196, #4837, #1078, #8997 ) ) ;
#4912 = LINE ( 'NONE', #1428, #7391 ) ;
#4913 = DIRECTION ( 'NONE',  ( 0.5000000000000001110, 0.8660254037844385966, 0.000000000000000000 ) ) ;
#4914 = FACE_BOUND ( 'NONE', #9695, .T. ) ;
#4915 = CARTESIAN_POINT ( 'NONE',  ( -4.979646071760535087, 11.12499999999994138, 2.255140518769849223E-14 ) ) ;
#4916 = EDGE_LOOP ( 'NONE', ( #4971, #3333, #984, #6026, #4181, #8561, #5736, #1209, #26, #1931 ) ) ;
#4917 = EDGE_CURVE ( 'NONE', #199, #1528, #6266, .T. ) ;
#4919 = LINE ( 'NONE', #5739, #7506 ) ;
#4918 = CARTESIAN_POINT ( 'NONE',  ( -4.979646071760531534, -16.87499999999994316, 2.255140518769849223E-14 ) ) ;
#4920 = CARTESIAN_POINT ( 'NONE',  ( 1.443375672974075652, -8.999999999999973355, 2.255140518769849223E-14 ) ) ;
#4921 = CARTESIAN_POINT ( 'NONE',  ( 7.144709581221622585, 1.624999999999989564, 2.255140518769849223E-14 ) ) ;
#4922 = CARTESIAN_POINT ( 'NONE',  ( 7.144709581221628802, -1.625000000000000222, 2.255140518769849223E-14 ) ) ;
#4923 = ORIENTED_EDGE ( 'NONE', *, *, #1573, .T. ) ;
#4924 = ORIENTED_EDGE ( 'NONE', *, *, #10655, .T. ) ;
#4925 = CARTESIAN_POINT ( 'NONE',  ( 9.959292143521054186, -2.500000000000000444, 2.255140518769849223E-14 ) ) ;
#4926 = CARTESIAN_POINT ( 'NONE',  ( 1.220317949235150801, -36.50000000000001421, 20.91499999999998138 ) ) ;
#4927 = CARTESIAN_POINT ( 'NONE',  ( -7.264682050764862176, 7.500000000000020428, 29.40000000000000924 ) ) ;
#4928 = FACE_OUTER_BOUND ( 'NONE', #1946, .T. ) ;
#4929 = DIRECTION ( 'NONE',  ( -0.5000000000000001110, 0.8660254037844387076, 0.000000000000000000 ) ) ;
#4930 = LINE ( 'NONE', #8464, #8446 ) ;
#4931 = CARTESIAN_POINT ( 'NONE',  ( -12.77387470582048579, -13.12499999999995204, 2.255140518769849223E-14 ) ) ;
#4932 = EDGE_CURVE ( 'NONE', #1587, #8766, #3434, .T. ) ;
#4933 = VECTOR ( 'NONE', #8744, 1000.000000000000000 ) ;
#4934 = DIRECTION ( 'NONE',  ( 0.5000000000000001110, 0.8660254037844385966, 0.000000000000000000 ) ) ;
#4935 = VERTEX_POINT ( 'NONE', #10683 ) ;
#4936 = VERTEX_POINT ( 'NONE', #9028 ) ;
#4937 = PLANE ( 'NONE',  #5504 ) ;
#4938 = VERTEX_POINT ( 'NONE', #2601 ) ;
#4939 = VERTEX_POINT ( 'NONE', #947 ) ;
#4940 = ADVANCED_FACE ( 'NONE', ( #10571 ), #4490, .T. ) ;
#4941 = ADVANCED_FACE ( 'NONE', ( #7028 ), #2712, .F. ) ;
#4942 = VECTOR ( 'NONE', #802, 1000.000000000000000 ) ;
#4944 = CARTESIAN_POINT ( 'NONE',  ( -2.814582562299434709, -9.874999999999962697, 2.255140518769849223E-14 ) ) ;
#4943 = PLANE ( 'NONE',  #484 ) ;
#4945 = ADVANCED_FACE ( 'NONE', ( #773 ), #1827, .F. ) ;
#4946 = EDGE_CURVE ( 'NONE', #9069, #1030, #9807, .T. ) ;
#4947 = LINE ( 'NONE', #6832, #6188 ) ;
#4948 = CARTESIAN_POINT ( 'NONE',  ( 7.794228634059957805, -12.74999999999995026, 6.350000000000022737 ) ) ;
#4949 = LINE ( 'NONE', #1168, #4446 ) ;
#4950 = EDGE_CURVE ( 'NONE', #9584, #5370, #8028, .T. ) ;
#4951 = CARTESIAN_POINT ( 'NONE',  ( 1.220317949235150801, -36.50000000000001421, 20.91499999999998138 ) ) ;
#4952 = DIRECTION ( 'NONE',  ( 0.5000000000000001110, 0.8660254037844385966, 0.000000000000000000 ) ) ;
#4953 = AXIS2_PLACEMENT_3D ( 'NONE', #5562, #11040, #1079 ) ;
#4954 = CARTESIAN_POINT ( 'NONE',  ( -9.959292143521064844, 13.99999999999993072, 2.255140518769849223E-14 ) ) ;
#4955 = VERTEX_POINT ( 'NONE', #8087 ) ;
#4956 = EDGE_LOOP ( 'NONE', ( #11608, #8167, #5592, #114 ) ) ;
#4957 = VECTOR ( 'NONE', #1787, 1000.000000000000000 ) ;
#4958 = ORIENTED_EDGE ( 'NONE', *, *, #6914, .T. ) ;
#4959 = ORIENTED_EDGE ( 'NONE', *, *, #5981, .F. ) ;
#4960 = VECTOR ( 'NONE', #4011, 1000.000000000000000 ) ;
#4961 = DIRECTION ( 'NONE',  ( 0.000000000000000000, -1.000000000000000000, 0.000000000000000000 ) ) ;
#4962 = CARTESIAN_POINT ( 'NONE',  ( 7.368161339686236211, 30.00000000000002132, 3.350000000000019629 ) ) ;
#4963 = CARTESIAN_POINT ( 'NONE',  ( 13.03373945817676827, 1.174901045822605239, -3.649999999999986589 ) ) ;
#4964 = DIRECTION ( 'NONE',  ( -0.8660254037844385966, 0.5000000000000001110, 0.000000000000000000 ) ) ;
#4965 = ORIENTED_EDGE ( 'NONE', *, *, #10761, .T. ) ;
#4966 = ORIENTED_EDGE ( 'NONE', *, *, #3979, .T. ) ;
#4967 = ORIENTED_EDGE ( 'NONE', *, *, #3523, .F. ) ;
#4968 = EDGE_CURVE ( 'NONE', #4898, #10967, #8800, .T. ) ;
#4969 = EDGE_CURVE ( 'NONE', #3105, #4355, #9689, .T. ) ;
#4970 = ORIENTED_EDGE ( 'NONE', *, *, #3624, .T. ) ;
#4971 = ORIENTED_EDGE ( 'NONE', *, *, #9997, .F. ) ;
#4972 = CARTESIAN_POINT ( 'NONE',  ( -2.453738644055862395, 18.00000000000001776, 2.255140518769849223E-14 ) ) ;
#4973 = DIRECTION ( 'NONE',  ( 1.000000000000000000, 0.000000000000000000, 0.000000000000000000 ) ) ;
#4974 = CARTESIAN_POINT ( 'NONE',  ( 6.639528095680725883, 18.00000000000001776, 0.000000000000000000 ) ) ;
#4975 = AXIS2_PLACEMENT_3D ( 'NONE', #11372, #10370, #10249 ) ;
#4976 = CARTESIAN_POINT ( 'NONE',  ( 1.443375672974074764, -14.74999999999995204, 2.255140518769849223E-14 ) ) ;
#4977 = ORIENTED_EDGE ( 'NONE', *, *, #7409, .T. ) ;
#4978 = MANIFOLD_SOLID_BREP ( 'Cut-Extrude10', #5603 ) ;
#4980 = DIRECTION ( 'NONE',  ( 0.000000000000000000, 0.000000000000000000, 1.000000000000000000 ) ) ;
#4979 = CARTESIAN_POINT ( 'NONE',  ( 6.423021744734590754, -11.12499999999996092, 6.350000000000022737 ) ) ;
#4981 = FACE_OUTER_BOUND ( 'NONE', #8296, .T. ) ;
#4982 = LINE ( 'NONE', #490, #10744 ) ;
#4983 = CARTESIAN_POINT ( 'NONE',  ( -7.144709581221639461, 15.62499999999993072, 2.255140518769849223E-14 ) ) ;
#4984 = ORIENTED_EDGE ( 'NONE', *, *, #5664, .F. ) ;
#4985 = EDGE_LOOP ( 'NONE', ( #4836, #10953, #608, #5054 ) ) ;
#4986 = DIRECTION ( 'NONE',  ( -0.5000000000000001110, 0.8660254037844387076, 0.000000000000000000 ) ) ;
#4987 = DIRECTION ( 'NONE',  ( 0.8660254037844385966, 0.5000000000000003331, -0.000000000000000000 ) ) ;
#4988 = DIRECTION ( 'NONE',  ( 1.000000000000000000, 0.000000000000000000, 0.000000000000000000 ) ) ;
#4989 = CARTESIAN_POINT ( 'NONE',  ( 7.144709581221628802, -7.374999999999974243, 2.255140518769849223E-14 ) ) ;
#4990 = DIRECTION ( 'NONE',  ( 1.000000000000000000, 0.000000000000000000, 0.000000000000000000 ) ) ;
#4991 = DIRECTION ( 'NONE',  ( 0.000000000000000000, 0.000000000000000000, 1.000000000000000000 ) ) ;
#4992 = LINE ( 'NONE', #502, #7971 ) ;
#4993 = ORIENTED_EDGE ( 'NONE', *, *, #2048, .T. ) ;
#4994 = CARTESIAN_POINT ( 'NONE',  ( -3.250000000000002665, -26.20000000000000284, 3.350000000000019629 ) ) ;
#4995 = ORIENTED_EDGE ( 'NONE', *, *, #3659, .F. ) ;
#4996 = VECTOR ( 'NONE', #2476, 1000.000000000000000 ) ;
#4997 = EDGE_LOOP ( 'NONE', ( #3773, #10499, #8723, #1048 ) ) ;
#4998 = DIRECTION ( 'NONE',  ( -0.4999999999999997780, -0.8660254037844387076, 0.000000000000000000 ) ) ;
#4999 = ORIENTED_EDGE ( 'NONE', *, *, #2487, .F. ) ;
#5000 = ORIENTED_EDGE ( 'NONE', *, *, #5097, .F. ) ;
#5001 = EDGE_CURVE ( 'NONE', #2072, #7484, #9749, .T. ) ;
#5003 = CARTESIAN_POINT ( 'NONE',  ( 2.165063509461094160, 4.499999999999977796, 2.255140518769849223E-14 ) ) ;
#5002 = LINE ( 'NONE', #11249, #1052 ) ;
#5004 = DIRECTION ( 'NONE',  ( 1.000000000000000000, 0.000000000000000000, 0.000000000000000000 ) ) ;
#5005 = CARTESIAN_POINT ( 'NONE',  ( -11.40266781649512495, -13.99999999999995204, 2.255140518769849223E-14 ) ) ;
#5006 = LINE ( 'NONE', #576, #9719 ) ;
#5007 = AXIS2_PLACEMENT_3D ( 'NONE', #8345, #6466, #9118 ) ;
#5008 = DIRECTION ( 'NONE',  ( 0.5000000000000001110, -0.8660254037844385966, 0.000000000000000000 ) ) ;
#5009 = VECTOR ( 'NONE', #5817, 1000.000000000000000 ) ;
#5010 = VECTOR ( 'NONE', #8961, 1000.000000000000000 ) ;
#5011 = CARTESIAN_POINT ( 'NONE',  ( 9.705317949235135799, -12.50000000000001776, 31.14999999999995595 ) ) ;
#5012 = VERTEX_POINT ( 'NONE', #10857 ) ;
#5013 = ORIENTED_EDGE ( 'NONE', *, *, #8281, .T. ) ;
#5014 = ADVANCED_FACE ( 'NONE', ( #2117 ), #2833, .T. ) ;
#5015 = VERTEX_POINT ( 'NONE', #4840 ) ;
#5016 = VECTOR ( 'NONE', #5678, 1000.000000000000000 ) ;
#5017 = EDGE_CURVE ( 'NONE', #4112, #9139, #9258, .T. ) ;
#5018 = ORIENTED_EDGE ( 'NONE', *, *, #9274, .T. ) ;
#5019 = VECTOR ( 'NONE', #4144, 1000.000000000000000 ) ;
#5020 = CARTESIAN_POINT ( 'NONE',  ( 27.14186972908839834, -27.14186972908835926, 6.350000000000022737 ) ) ;
#5021 = CARTESIAN_POINT ( 'NONE',  ( -2.165063509461105706, -4.499999999999984901, 2.255140518769849223E-14 ) ) ;
#5022 = FACE_OUTER_BOUND ( 'NONE', #8798, .T. ) ;
#5023 = DIRECTION ( 'NONE',  ( -0.5000000000000001110, -0.8660254037844385966, 0.000000000000000000 ) ) ;
#5024 = VERTEX_POINT ( 'NONE', #2772 ) ;
#5025 = VECTOR ( 'NONE', #426, 1000.000000000000000 ) ;
#5026 = ORIENTED_EDGE ( 'NONE', *, *, #4872, .T. ) ;
#5027 = EDGE_CURVE ( 'NONE', #522, #4935, #1179, .T. ) ;
#5028 = ORIENTED_EDGE ( 'NONE', *, *, #9992, .T. ) ;
#5029 = VECTOR ( 'NONE', #8132, 1000.000000000000000 ) ;
#5030 = FACE_OUTER_BOUND ( 'NONE', #9186, .T. ) ;
#5031 = PLANE ( 'NONE',  #5146 ) ;
#5032 = ADVANCED_FACE ( 'NONE', ( #3778 ), #6608, .F. ) ;
#5033 = DIRECTION ( 'NONE',  ( 1.000000000000000000, 0.000000000000000000, 0.000000000000000000 ) ) ;
#5034 = DIRECTION ( 'NONE',  ( -0.000000000000000000, 1.000000000000000000, -0.000000000000000000 ) ) ;
#5035 = ORIENTED_EDGE ( 'NONE', *, *, #990, .T. ) ;
#5036 = EDGE_CURVE ( 'NONE', #6865, #7542, #8373, .T. ) ;
#5037 = EDGE_CURVE ( 'NONE', #421, #4939, #6374, .T. ) ;
#5039 = DIRECTION ( 'NONE',  ( 0.8660254037844385966, -0.5000000000000001110, 0.000000000000000000 ) ) ;
#5038 = DIRECTION ( 'NONE',  ( 0.000000000000000000, -1.000000000000000000, 0.000000000000000000 ) ) ;
#5040 = CARTESIAN_POINT ( 'NONE',  ( 9.959292143521054186, -8.999999999999975131, 2.255140518769849223E-14 ) ) ;
#5041 = DIRECTION ( 'NONE',  ( 3.373073425510458458E-16, -1.000000000000000000, 0.000000000000000000 ) ) ;
#5042 = AXIS2_PLACEMENT_3D ( 'NONE', #7222, #5236, #7883 ) ;
#5043 = CARTESIAN_POINT ( 'NONE',  ( -8.515916470546983419, -8.999999999999975131, 6.350000000000022737 ) ) ;
#5044 = VERTEX_POINT ( 'NONE', #9977 ) ;
#5045 = ORIENTED_EDGE ( 'NONE', *, *, #7537, .T. ) ;
#5046 = PLANE ( 'NONE',  #6228 ) ;
#5047 = DIRECTION ( 'NONE',  ( 1.000000000000000000, 0.000000000000000000, 0.000000000000000000 ) ) ;
#5048 = DIRECTION ( 'NONE',  ( 0.5000000000000001110, -0.8660254037844385966, 0.000000000000000000 ) ) ;
#5049 = CARTESIAN_POINT ( 'NONE',  ( 0.000000000000000000, -3.250000000000001332, 2.255140518769849223E-14 ) ) ;
#5050 = LINE ( 'NONE', #8583, #5445 ) ;
#5051 = CARTESIAN_POINT ( 'NONE',  ( 3.536270398786447000, 17.62499999999994671, 2.255140518769849223E-14 ) ) ;
#5052 = AXIS2_PLACEMENT_3D ( 'NONE', #6320, #8145, #2545 ) ;
#5053 = CARTESIAN_POINT ( 'NONE',  ( 12.12435565298215145, 18.49999999999993250, 2.255140518769849223E-14 ) ) ;
#5054 = ORIENTED_EDGE ( 'NONE', *, *, #4225, .T. ) ;
#5055 = CARTESIAN_POINT ( 'NONE',  ( 7.368161339686235323, 34.17780897597563694, 3.350000000000019629 ) ) ;
#5056 = VERTEX_POINT ( 'NONE', #5611 ) ;
#5057 = EDGE_CURVE ( 'NONE', #1779, #5219, #1007, .T. ) ;
#5058 = VERTEX_POINT ( 'NONE', #3895 ) ;
#5059 = AXIS2_PLACEMENT_3D ( 'NONE', #4641, #10066, #2091 ) ;
#5060 = LINE ( 'NONE', #8591, #10218 ) ;
#5061 = ORIENTED_EDGE ( 'NONE', *, *, #10496, .T. ) ;
#5062 = VERTEX_POINT ( 'NONE', #10971 ) ;
#5064 = FACE_OUTER_BOUND ( 'NONE', #3184, .T. ) ;
#5063 = DIRECTION ( 'NONE',  ( 0.000000000000000000, 0.000000000000000000, 1.000000000000000000 ) ) ;
#5065 = CARTESIAN_POINT ( 'NONE',  ( -11.40266781649512673, 2.500000000000004885, 2.255140518769849223E-14 ) ) ;
#5066 = DIRECTION ( 'NONE',  ( 1.000000000000000000, 4.003208021484940511E-16, 0.000000000000000000 ) ) ;
#5067 = CARTESIAN_POINT ( 'NONE',  ( 4.979646071760526205, -11.12499999999996092, 2.255140518769849223E-14 ) ) ;
#5068 = PLANE ( 'NONE',  #7192 ) ;
#5069 = VECTOR ( 'NONE', #8280, 1000.000000000000000 ) ;
#5070 = DIRECTION ( 'NONE',  ( -0.5000000000000001110, 0.8660254037844387076, 0.000000000000000000 ) ) ;
#5071 = ORIENTED_EDGE ( 'NONE', *, *, #7179, .T. ) ;
#5072 = ORIENTED_EDGE ( 'NONE', *, *, #2397, .F. ) ;
#5073 = EDGE_LOOP ( 'NONE', ( #348, #4557, #10600, #9332 ) ) ;
#5074 = VECTOR ( 'NONE', #6127, 1000.000000000000000 ) ;
#5075 = ORIENTED_EDGE ( 'NONE', *, *, #11363, .T. ) ;
#5076 = CARTESIAN_POINT ( 'NONE',  ( 11.40266781649511785, -13.99999999999995026, 2.255140518769849223E-14 ) ) ;
#5077 = VECTOR ( 'NONE', #5696, 1000.000000000000000 ) ;
#5078 = CARTESIAN_POINT ( 'NONE',  ( -7.144709581221632355, 13.12499999999994316, 6.350000000000022737 ) ) ;
#5079 = DIRECTION ( 'NONE',  ( 0.000000000000000000, 0.000000000000000000, 1.000000000000000000 ) ) ;
#5080 = CARTESIAN_POINT ( 'NONE',  ( -9.959292143521061291, -8.249999999999975131, 6.350000000000022737 ) ) ;
#5081 = ORIENTED_EDGE ( 'NONE', *, *, #7118, .F. ) ;
#5082 = EDGE_CURVE ( 'NONE', #6011, #8342, #7486, .T. ) ;
#5083 = ORIENTED_EDGE ( 'NONE', *, *, #6582, .F. ) ;
#5084 = ORIENTED_EDGE ( 'NONE', *, *, #931, .T. ) ;
#5085 = EDGE_CURVE ( 'NONE', #2405, #8417, #3835, .T. ) ;
#5086 = ORIENTED_EDGE ( 'NONE', *, *, #2363, .F. ) ;
#5087 = LINE ( 'NONE', #7616, #4000 ) ;
#5088 = CARTESIAN_POINT ( 'NONE',  ( 1.443375672974062773, 2.500000000000000888, 2.255140518769849223E-14 ) ) ;
#5089 = ADVANCED_FACE ( 'NONE', ( #10914 ), #11088, .F. ) ;
#5090 = CARTESIAN_POINT ( 'NONE',  ( -3.536270398786454106, 5.374999999999964473, 6.350000000000022737 ) ) ;
#5091 = ADVANCED_FACE ( 'NONE', ( #7427 ), #6433, .F. ) ;
#5092 = CARTESIAN_POINT ( 'NONE',  ( -11.40266781649512673, -14.74999999999992895, 2.255140518769849223E-14 ) ) ;
#5093 = ORIENTED_EDGE ( 'NONE', *, *, #9556, .F. ) ;
#5094 = EDGE_CURVE ( 'NONE', #8180, #6954, #10043, .T. ) ;
#5096 = DIRECTION ( 'NONE',  ( 0.7071067811865461294, 0.7071067811865489050, 0.000000000000000000 ) ) ;
#5095 = CARTESIAN_POINT ( 'NONE',  ( -30.34310355970659501, -12.50000000000001776, 55.35000000000005116 ) ) ;
#5097 = EDGE_CURVE ( 'NONE', #4182, #9079, #1948, .T. ) ;
#5098 = DIRECTION ( 'NONE',  ( 0.000000000000000000, 0.000000000000000000, 1.000000000000000000 ) ) ;
#5099 = EDGE_CURVE ( 'NONE', #6082, #10481, #10095, .T. ) ;
#5100 = CARTESIAN_POINT ( 'NONE',  ( -12.84604348946918861, -11.49999999999995204, 6.350000000000022737 ) ) ;
#5101 = VECTOR ( 'NONE', #7145, 1000.000000000000000 ) ;
#5102 = LINE ( 'NONE', #1322, #4597 ) ;
#5103 = AXIS2_PLACEMENT_3D ( 'NONE', #2551, #662, #10690 ) ;
#5104 = ADVANCED_FACE ( 'NONE', ( #1070 ), #6493, .F. ) ;
#5105 = ORIENTED_EDGE ( 'NONE', *, *, #11007, .F. ) ;
#5106 = ORIENTED_EDGE ( 'NONE', *, *, #2820, .F. ) ;
#5107 = EDGE_LOOP ( 'NONE', ( #3545, #7377, #11349, #9830 ) ) ;
#5108 = FACE_OUTER_BOUND ( 'NONE', #11591, .T. ) ;
#5109 = PLANE ( 'NONE',  #6267 ) ;
#5110 = DIRECTION ( 'NONE',  ( 0.000000000000000000, 0.000000000000000000, 1.000000000000000000 ) ) ;
#5111 = LINE ( 'NONE', #8699, #4644 ) ;
#5112 = CARTESIAN_POINT ( 'NONE',  ( 12.77387470582047868, 1.625000000000000222, 2.255140518769849223E-14 ) ) ;
#5113 = DIRECTION ( 'NONE',  ( -0.000000000000000000, 0.000000000000000000, 1.000000000000000000 ) ) ;
#5114 = DIRECTION ( 'NONE',  ( 0.000000000000000000, 0.000000000000000000, 1.000000000000000000 ) ) ;
#5115 = VERTEX_POINT ( 'NONE', #466 ) ;
#5116 = LINE ( 'NONE', #1392, #1987 ) ;
#5117 = ORIENTED_EDGE ( 'NONE', *, *, #8463, .F. ) ;
#5118 = EDGE_CURVE ( 'NONE', #2014, #5391, #11549, .T. ) ;
#5119 = VERTEX_POINT ( 'NONE', #9559 ) ;
#5120 = VECTOR ( 'NONE', #2780, 1000.000000000000000 ) ;
#5121 = CARTESIAN_POINT ( 'NONE',  ( 0.000000000000000000, 24.69999999999997087, 6.350000000000022737 ) ) ;
#5122 = ORIENTED_EDGE ( 'NONE', *, *, #5330, .F. ) ;
#5123 = ORIENTED_EDGE ( 'NONE', *, *, #3354, .T. ) ;
#5125 = FACE_OUTER_BOUND ( 'NONE', #9358, .T. ) ;
#5124 = CARTESIAN_POINT ( 'NONE',  ( -2.814582562299428936, 15.62499999999993072, 2.255140518769849223E-14 ) ) ;
#5126 = LINE ( 'NONE', #5940, #3362 ) ;
#5127 = DIRECTION ( 'NONE',  ( -0.5000000000000001110, 0.8660254037844387076, 0.000000000000000000 ) ) ;
#5128 = LINE ( 'NONE', #697, #8319 ) ;
#5129 = CARTESIAN_POINT ( 'NONE',  ( 7.072540797572922422, 5.749999999999976907, 6.350000000000022737 ) ) ;
#5130 = ORIENTED_EDGE ( 'NONE', *, *, #6225, .F. ) ;
#5131 = ORIENTED_EDGE ( 'NONE', *, *, #9558, .T. ) ;
#5132 = EDGE_LOOP ( 'NONE', ( #10448, #10894, #2116, #7564 ) ) ;
#5133 = VECTOR ( 'NONE', #4602, 1000.000000000000000 ) ;
#5134 = ORIENTED_EDGE ( 'NONE', *, *, #5457, .F. ) ;
#5135 = DIRECTION ( 'NONE',  ( -1.000000000000000000, 0.000000000000000000, 0.000000000000000000 ) ) ;
#5136 = CARTESIAN_POINT ( 'NONE',  ( -2.092894725812403323, 8.624999999999966249, 2.255140518769849223E-14 ) ) ;
#5137 = FACE_OUTER_BOUND ( 'NONE', #9974, .T. ) ;
#5138 = LINE ( 'NONE', #1596, #4996 ) ;
#5139 = VECTOR ( 'NONE', #1241, 1000.000000000000000 ) ;
#5140 = VERTEX_POINT ( 'NONE', #5076 ) ;
#5141 = VECTOR ( 'NONE', #1219, 1000.000000000000000 ) ;
#5142 = ORIENTED_EDGE ( 'NONE', *, *, #10853, .T. ) ;
#5143 = ORIENTED_EDGE ( 'NONE', *, *, #6309, .T. ) ;
#5144 = ORIENTED_EDGE ( 'NONE', *, *, #2689, .T. ) ;
#5145 = VECTOR ( 'NONE', #234, 1000.000000000000000 ) ;
#5146 = AXIS2_PLACEMENT_3D ( 'NONE', #10220, #3847, #4084 ) ;
#5147 = PLANE ( 'NONE',  #4761 ) ;
#5148 = DIRECTION ( 'NONE',  ( 0.7071067811865486830, 0.7071067811865464625, -1.837086636568296109E-16 ) ) ;
#5149 = EDGE_CURVE ( 'NONE', #7058, #1528, #10261, .T. ) ;
#5150 = LINE ( 'NONE', #6855, #7424 ) ;
#5151 = LINE ( 'NONE', #5210, #7068 ) ;
#5152 = VERTEX_POINT ( 'NONE', #11385 ) ;
#5154 = CARTESIAN_POINT ( 'NONE',  ( -2.886751345948132208, -5.749999999999972466, 2.255140518769849223E-14 ) ) ;
#5153 = LINE ( 'NONE', #4265, #7085 ) ;
#5155 = LINE ( 'NONE', #6152, #9986 ) ;
#5156 = LINE ( 'NONE', #5386, #3603 ) ;
#5157 = FACE_OUTER_BOUND ( 'NONE', #11245, .T. ) ;
#5158 = ADVANCED_FACE ( 'NONE', ( #8608 ), #2176, .F. ) ;
#5159 = EDGE_CURVE ( 'NONE', #4048, #7884, #7547, .T. ) ;
#5160 = ORIENTED_EDGE ( 'NONE', *, *, #5159, .T. ) ;
#5161 = ORIENTED_EDGE ( 'NONE', *, *, #2699, .T. ) ;
#5162 = ORIENTED_EDGE ( 'NONE', *, *, #6582, .T. ) ;
#5163 = LINE ( 'NONE', #6989, #11502 ) ;
#5164 = ADVANCED_FACE ( 'NONE', ( #10324 ), #5960, .T. ) ;
#5165 = LINE ( 'NONE', #7807, #9677 ) ;
#5166 = LINE ( 'NONE', #8756, #9758 ) ;
#5167 = VECTOR ( 'NONE', #8573, 1000.000000000000000 ) ;
#5168 = CARTESIAN_POINT ( 'NONE',  ( -3.319764047840304766, 18.00000000000001421, 2.255140518769849223E-14 ) ) ;
#5169 = CARTESIAN_POINT ( 'NONE',  ( -12.96626054182321930, -15.95822204261326149, 6.350000000000022737 ) ) ;
#5170 = CARTESIAN_POINT ( 'NONE',  ( -7.794228634059967575, 15.99999999999993427, 2.255140518769849223E-14 ) ) ;
#5171 = CARTESIAN_POINT ( 'NONE',  ( 12.12435565298215145, -10.24999999999995026, 6.350000000000022737 ) ) ;
#5172 = EDGE_LOOP ( 'NONE', ( #9495, #10613, #10334, #1350 ) ) ;
#5173 = CIRCLE ( 'NONE', #8176, 3.700000000000001954 ) ;
#5174 = CARTESIAN_POINT ( 'NONE',  ( 0.000000000000000000, 0.000000000000000000, 6.350000000000022737 ) ) ;
#5175 = ORIENTED_EDGE ( 'NONE', *, *, #4307, .T. ) ;
#5176 = EDGE_CURVE ( 'NONE', #3878, #11024, #8433, .T. ) ;
#5177 = ORIENTED_EDGE ( 'NONE', *, *, #30, .F. ) ;
#5178 = DIRECTION ( 'NONE',  ( 0.4999999999999997780, 0.8660254037844388186, 0.000000000000000000 ) ) ;
#5179 = VERTEX_POINT ( 'NONE', #9378 ) ;
#5180 = VERTEX_POINT ( 'NONE', #7780 ) ;
#5182 = LINE ( 'NONE', #6063, #11383 ) ;
#5181 = CARTESIAN_POINT ( 'NONE',  ( -3.250000000000002665, -24.69999999999999929, 6.350000000000022737 ) ) ;
#5183 = EDGE_CURVE ( 'NONE', #4636, #7294, #4185, .T. ) ;
#5184 = DIRECTION ( 'NONE',  ( 0.5000000000000001110, -0.8660254037844385966, 0.000000000000000000 ) ) ;
#5185 = LINE ( 'NONE', #7947, #2801 ) ;
#5186 = EDGE_CURVE ( 'NONE', #1161, #3599, #1301, .T. ) ;
#5187 = DIRECTION ( 'NONE',  ( -0.5000000000000002220, 0.8660254037844384856, 0.000000000000000000 ) ) ;
#5188 = EDGE_CURVE ( 'NONE', #3748, #3059, #11143, .T. ) ;
#5189 = CARTESIAN_POINT ( 'NONE',  ( 18.23373945817677111, -20.00000000000001776, 4.350000000000027178 ) ) ;
#5190 = ORIENTED_EDGE ( 'NONE', *, *, #8188, .F. ) ;
#5191 = ORIENTED_EDGE ( 'NONE', *, *, #7473, .F. ) ;
#5192 = VERTEX_POINT ( 'NONE', #7662 ) ;
#5193 = ORIENTED_EDGE ( 'NONE', *, *, #8424, .T. ) ;
#5194 = DIRECTION ( 'NONE',  ( 0.8660254037844385966, 0.5000000000000003331, -0.000000000000000000 ) ) ;
#5195 = VECTOR ( 'NONE', #10959, 1000.000000000000000 ) ;
#5196 = DIRECTION ( 'NONE',  ( 0.4999999999999997780, 0.8660254037844388186, 0.000000000000000000 ) ) ;
#5197 = PLANE ( 'NONE',  #2054 ) ;
#5198 = DIRECTION ( 'NONE',  ( 0.000000000000000000, 0.000000000000000000, 1.000000000000000000 ) ) ;
#5199 = VECTOR ( 'NONE', #2286, 1000.000000000000000 ) ;
#5200 = ORIENTED_EDGE ( 'NONE', *, *, #11303, .F. ) ;
#5201 = VECTOR ( 'NONE', #1095, 1000.000000000000114 ) ;
#5202 = EDGE_LOOP ( 'NONE', ( #1873, #11408, #10275, #5671 ) ) ;
#5203 = ORIENTED_EDGE ( 'NONE', *, *, #5475, .F. ) ;
#5204 = VECTOR ( 'NONE', #3865, 1000.000000000000000 ) ;
#5205 = VERTEX_POINT ( 'NONE', #4069 ) ;
#5206 = VECTOR ( 'NONE', #3982, 1000.000000000000000 ) ;
#5207 = CARTESIAN_POINT ( 'NONE',  ( 2.165063509461100377, -15.99999999999994138, 2.255140518769849223E-14 ) ) ;
#5208 = CARTESIAN_POINT ( 'NONE',  ( 7.072540797572925086, 11.49999999999995381, 2.255140518769849223E-14 ) ) ;
#5209 = LINE ( 'NONE', #6031, #3844 ) ;
#5210 = CARTESIAN_POINT ( 'NONE',  ( 32.78373945817675406, 0.000000000000000000, 6.350000000000022737 ) ) ;
#5211 = ORIENTED_EDGE ( 'NONE', *, *, #6170, .T. ) ;
#5212 = VECTOR ( 'NONE', #4684, 1000.000000000000000 ) ;
#5214 = LINE ( 'NONE', #8685, #7756 ) ;
#5213 = DIRECTION ( 'NONE',  ( 0.000000000000000000, 0.000000000000000000, 1.000000000000000000 ) ) ;
#5215 = CARTESIAN_POINT ( 'NONE',  ( 12.05218686933345573, -2.874999999999987121, 2.255140518769849223E-14 ) ) ;
#5216 = LINE ( 'NONE', #7923, #11134 ) ;
#5217 = CARTESIAN_POINT ( 'NONE',  ( -2.092894725812403323, 8.624999999999966249, 6.350000000000022737 ) ) ;
#5218 = ORIENTED_EDGE ( 'NONE', *, *, #8244, .T. ) ;
#5219 = VERTEX_POINT ( 'NONE', #1530 ) ;
#5220 = FACE_OUTER_BOUND ( 'NONE', #120, .T. ) ;
#5221 = CARTESIAN_POINT ( 'NONE',  ( -12.26869322027953224, 12.50000000000001599, 6.350000000000022737 ) ) ;
#5222 = CARTESIAN_POINT ( 'NONE',  ( 23.33373945817676898, 3.122849337825749926E-16, 6.350000000000022737 ) ) ;
#5223 = CARTESIAN_POINT ( 'NONE',  ( -9.959292143521061291, -8.249999999999975131, 2.255140518769849223E-14 ) ) ;
#5224 = DIRECTION ( 'NONE',  ( -0.4999999999999999445, 0.8660254037844385966, 0.000000000000000000 ) ) ;
#5225 = ADVANCED_FACE ( 'NONE', ( #11264 ), #6782, .T. ) ;
#5226 = DIRECTION ( 'NONE',  ( 0.4999999999999997224, 0.8660254037844387076, 0.000000000000000000 ) ) ;
#5227 = DIRECTION ( 'NONE',  ( -1.000000000000000000, 0.000000000000000000, 0.000000000000000000 ) ) ;
#5228 = ORIENTED_EDGE ( 'NONE', *, *, #1230, .T. ) ;
#5229 = CARTESIAN_POINT ( 'NONE',  ( 7.144709581221628802, -7.374999999999974243, 6.350000000000022737 ) ) ;
#5230 = EDGE_CURVE ( 'NONE', #4355, #2259, #10382, .T. ) ;
#5231 = VERTEX_POINT ( 'NONE', #524 ) ;
#5232 = ADVANCED_FACE ( 'NONE', ( #3953 ), #6843, .T. ) ;
#5233 = VECTOR ( 'NONE', #7931, 1000.000000000000000 ) ;
#5234 = EDGE_LOOP ( 'NONE', ( #4163, #4263, #3133, #3825, #4113, #2335 ) ) ;
#5235 = DIRECTION ( 'NONE',  ( 0.000000000000000000, 0.000000000000000000, 1.000000000000000000 ) ) ;
#5236 = DIRECTION ( 'NONE',  ( -0.8660254037844388186, 0.4999999999999998335, 0.000000000000000000 ) ) ;
#5237 = EDGE_LOOP ( 'NONE', ( #7795, #1063, #6186, #10418 ) ) ;
#5238 = VECTOR ( 'NONE', #1829, 1000.000000000000000 ) ;
#5240 = CARTESIAN_POINT ( 'NONE',  ( -12.12435565298216211, 18.49999999999993250, 6.350000000000022737 ) ) ;
#5239 = DIRECTION ( 'NONE',  ( 0.5000000000000001110, -0.8660254037844385966, 0.000000000000000000 ) ) ;
#5241 = EDGE_CURVE ( 'NONE', #7408, #2895, #3066, .T. ) ;
#5242 = CARTESIAN_POINT ( 'NONE',  ( 4.979646071760526205, 11.87499999999994316, 2.255140518769849223E-14 ) ) ;
#5243 = LINE ( 'NONE', #10825, #2235 ) ;
#5244 = ADVANCED_FACE ( 'NONE', ( #8492 ), #7605, .F. ) ;
#5245 = CARTESIAN_POINT ( 'NONE',  ( 7.144709581221628802, -13.12499999999994849, 6.350000000000022737 ) ) ;
#5246 = EDGE_CURVE ( 'NONE', #6437, #5180, #9441, .T. ) ;
#5247 = AXIS2_PLACEMENT_3D ( 'NONE', #3299, #7657, #699 ) ;
#5248 = CARTESIAN_POINT ( 'NONE',  ( 1.220317949234429156, 7.500000000000017764, 29.40000000000003766 ) ) ;
#5249 = VERTEX_POINT ( 'NONE', #10674 ) ;
#5250 = VERTEX_POINT ( 'NONE', #1758 ) ;
#5251 = VECTOR ( 'NONE', #5184, 1000.000000000000000 ) ;
#5252 = ADVANCED_FACE ( 'NONE', ( #6074 ), #9797, .F. ) ;
#5253 = EDGE_CURVE ( 'NONE', #3227, #7524, #11555, .T. ) ;
#5254 = ORIENTED_EDGE ( 'NONE', *, *, #4819, .F. ) ;
#5255 = ADVANCED_FACE ( 'NONE', ( #8075 ), #3480, .T. ) ;
#5256 = ORIENTED_EDGE ( 'NONE', *, *, #9066, .T. ) ;
#5257 = DIRECTION ( 'NONE',  ( 0.000000000000000000, 0.000000000000000000, 1.000000000000000000 ) ) ;
#5258 = CARTESIAN_POINT ( 'NONE',  ( -7.300682423332677473, 34.17780897597563694, 6.350000000000022737 ) ) ;
#5259 = CARTESIAN_POINT ( 'NONE',  ( 7.144709581221628802, -13.12499999999994849, 2.255140518769849223E-14 ) ) ;
#5260 = AXIS2_PLACEMENT_3D ( 'NONE', #8520, #441, #7576 ) ;
#5261 = CARTESIAN_POINT ( 'NONE',  ( 24.28373945817670432, 8.250000000000001776, 51.10000000000002274 ) ) ;
#5262 = ORIENTED_EDGE ( 'NONE', *, *, #5017, .T. ) ;
#5263 = EDGE_LOOP ( 'NONE', ( #8913, #330, #9300, #4818, #6908, #10721, #4556, #9899, #465, #6707, #8020, #1701, #5093, #5160, #6839, #1546, #10617, #2611, #3608, #3712, #5775, #117, #10912, #11181, #5117, #778, #4707, #11322, #332, #2396, #6114, #7759, #9771, #4900, #6874, #2279, #6721, #6926, #11542, #3169, #1279, #11633 ) ) ;
#5264 = ORIENTED_EDGE ( 'NONE', *, *, #7680, .F. ) ;
#5265 = VECTOR ( 'NONE', #4991, 1000.000000000000000 ) ;
#5266 = ORIENTED_EDGE ( 'NONE', *, *, #2096, .F. ) ;
#5267 = CARTESIAN_POINT ( 'NONE',  ( 2.814582562299429380, 13.12499999999994316, 2.255140518769849223E-14 ) ) ;
#5268 = CARTESIAN_POINT ( 'NONE',  ( -2.818925648462311528E-15, 14.74999999999993072, 2.255140518769849223E-14 ) ) ;
#5269 = CARTESIAN_POINT ( 'NONE',  ( -3.536270398786455438, -17.62499999999993960, 2.255140518769849223E-14 ) ) ;
#5270 = VECTOR ( 'NONE', #6277, 1000.000000000000000 ) ;
#5271 = CARTESIAN_POINT ( 'NONE',  ( -3.250000000000002665, -26.20000000000000284, 6.350000000000022737 ) ) ;
#5272 = DIRECTION ( 'NONE',  ( 0.4999999999999997224, 0.8660254037844387076, 0.000000000000000000 ) ) ;
#5273 = EDGE_LOOP ( 'NONE', ( #2171, #4790, #9954, #2186 ) ) ;
#5274 = CARTESIAN_POINT ( 'NONE',  ( -4.979646071760531534, -17.62499999999993960, 2.255140518769849223E-14 ) ) ;
#5275 = DIRECTION ( 'NONE',  ( 1.000000000000000000, 0.000000000000000000, 0.000000000000000000 ) ) ;
#5276 = DIRECTION ( 'NONE',  ( 0.4999999999999997224, 0.8660254037844387076, 0.000000000000000000 ) ) ;
#5277 = ORIENTED_EDGE ( 'NONE', *, *, #9201, .T. ) ;
#5278 = ORIENTED_EDGE ( 'NONE', *, *, #9542, .T. ) ;
#5279 = CARTESIAN_POINT ( 'NONE',  ( -20.09626054182323074, 20.00000000000001776, 4.350000000000028955 ) ) ;
#5280 = CARTESIAN_POINT ( 'NONE',  ( 12.77387470582047868, -13.12499999999994849, 2.255140518769849223E-14 ) ) ;
#5281 = LINE ( 'NONE', #734, #5233 ) ;
#5282 = DIRECTION ( 'NONE',  ( 0.000000000000000000, 0.000000000000000000, 1.000000000000000000 ) ) ;
#5284 = DIRECTION ( 'NONE',  ( -0.8660254037844388186, 0.4999999999999998335, 0.000000000000000000 ) ) ;
#5283 = CARTESIAN_POINT ( 'NONE',  ( 12.12435565298215145, -18.49999999999992539, 2.255140518769849223E-14 ) ) ;
#5285 = VECTOR ( 'NONE', #4660, 1000.000000000000000 ) ;
#5286 = CARTESIAN_POINT ( 'NONE',  ( -2.814582562299434709, -9.874999999999962697, 6.350000000000022737 ) ) ;
#5287 = DIRECTION ( 'NONE',  ( -1.000000000000000000, 0.000000000000000000, 0.000000000000000000 ) ) ;
#5288 = VERTEX_POINT ( 'NONE', #1648 ) ;
#5289 = CARTESIAN_POINT ( 'NONE',  ( -6.288372600415925717E-15, 8.249999999999953815, 2.255140518769849223E-14 ) ) ;
#5290 = EDGE_LOOP ( 'NONE', ( #5262, #4665, #3533, #2358, #10308, #5532 ) ) ;
#5291 = ORIENTED_EDGE ( 'NONE', *, *, #247, .F. ) ;
#5292 = VECTOR ( 'NONE', #2557, 1000.000000000000000 ) ;
#5293 = CARTESIAN_POINT ( 'NONE',  ( 4.979646071760526205, 17.62499999999994671, 2.255140518769849223E-14 ) ) ;
#5294 = DIRECTION ( 'NONE',  ( 0.000000000000000000, 0.000000000000000000, 1.000000000000000000 ) ) ;
#5296 = DIRECTION ( 'NONE',  ( -0.000000000000000000, 0.000000000000000000, 1.000000000000000000 ) ) ;
#5295 = LINE ( 'NONE', #10715, #7259 ) ;
#5297 = DIRECTION ( 'NONE',  ( 0.000000000000000000, 0.000000000000000000, 1.000000000000000000 ) ) ;
#5298 = EDGE_CURVE ( 'NONE', #2419, #11118, #818, .T. ) ;
#5299 = DIRECTION ( 'NONE',  ( 0.000000000000000000, 0.000000000000000000, 1.000000000000000000 ) ) ;
#5300 = DIRECTION ( 'NONE',  ( 0.000000000000000000, 0.000000000000000000, -1.000000000000000000 ) ) ;
#5301 = CARTESIAN_POINT ( 'NONE',  ( 7.866397417708654416, -2.874999999999985345, 6.350000000000022737 ) ) ;
#5302 = ORIENTED_EDGE ( 'NONE', *, *, #44, .T. ) ;
#5303 = ORIENTED_EDGE ( 'NONE', *, *, #302, .T. ) ;
#5304 = ADVANCED_FACE ( 'NONE', ( #8845 ), #4421, .F. ) ;
#5305 = EDGE_CURVE ( 'NONE', #9684, #9840, #2647, .T. ) ;
#5306 = VERTEX_POINT ( 'NONE', #6301 ) ;
#5307 = ORIENTED_EDGE ( 'NONE', *, *, #2870, .T. ) ;
#5308 = EDGE_CURVE ( 'NONE', #10185, #7084, #707, .T. ) ;
#5309 = CARTESIAN_POINT ( 'NONE',  ( 11.40266781649511429, 3.249999999999976463, 2.255140518769849223E-14 ) ) ;
#5310 = ADVANCED_FACE ( 'NONE', ( #5363 ), #8012, .F. ) ;
#5311 = LINE ( 'NONE', #3594, #11632 ) ;
#5312 = FACE_OUTER_BOUND ( 'NONE', #4609, .T. ) ;
#5313 = CARTESIAN_POINT ( 'NONE',  ( -4.979646071760531534, 5.374999999999964473, 2.255140518769849223E-14 ) ) ;
#5314 = ORIENTED_EDGE ( 'NONE', *, *, #2096, .T. ) ;
#5315 = VERTEX_POINT ( 'NONE', #4306 ) ;
#5316 = ORIENTED_EDGE ( 'NONE', *, *, #418, .F. ) ;
#5317 = VECTOR ( 'NONE', #1160, 1000.000000000000000 ) ;
#5318 = ORIENTED_EDGE ( 'NONE', *, *, #4732, .T. ) ;
#5319 = CARTESIAN_POINT ( 'NONE',  ( -2.814582562299426716, 1.625000000000001110, 2.255140518769849223E-14 ) ) ;
#5320 = LINE ( 'NONE', #3550, #6506 ) ;
#5321 = PLANE ( 'NONE',  #4418 ) ;
#5322 = VECTOR ( 'NONE', #4346, 1000.000000000000114 ) ;
#5323 = DIRECTION ( 'NONE',  ( 1.000000000000000000, 0.000000000000000000, 0.000000000000000000 ) ) ;
#5324 = DIRECTION ( 'NONE',  ( -0.000000000000000000, -0.000000000000000000, -1.000000000000000000 ) ) ;
#5325 = ORIENTED_EDGE ( 'NONE', *, *, #1265, .F. ) ;
#5326 = AXIS2_PLACEMENT_3D ( 'NONE', #3517, #4400, #4340 ) ;
#5327 = DIRECTION ( 'NONE',  ( 0.000000000000000000, 0.000000000000000000, 1.000000000000000000 ) ) ;
#5328 = CARTESIAN_POINT ( 'NONE',  ( 7.144709581221622585, -15.62499999999993960, 6.350000000000022737 ) ) ;
#5329 = EDGE_CURVE ( 'NONE', #6911, #2406, #7904, .T. ) ;
#5330 = EDGE_CURVE ( 'NONE', #1755, #2786, #1592, .T. ) ;
#5331 = AXIS2_PLACEMENT_3D ( 'NONE', #5267, #6256, #8916 ) ;
#5332 = VECTOR ( 'NONE', #4913, 1000.000000000000000 ) ;
#5333 = ORIENTED_EDGE ( 'NONE', *, *, #900, .F. ) ;
#5334 = ORIENTED_EDGE ( 'NONE', *, *, #9256, .T. ) ;
#5335 = CARTESIAN_POINT ( 'NONE',  ( 9.959292143521054186, -3.250000000000000888, 2.255140518769849223E-14 ) ) ;
#5336 = DIRECTION ( 'NONE',  ( 0.5000000000000001110, 0.8660254037844385966, 0.000000000000000000 ) ) ;
#5337 = DIRECTION ( 'NONE',  ( 0.5000000000000001110, 0.8660254037844385966, 0.000000000000000000 ) ) ;
#5338 = CARTESIAN_POINT ( 'NONE',  ( 24.28373945817671853, 30.00000000000002132, 0.000000000000000000 ) ) ;
#5340 = CARTESIAN_POINT ( 'NONE',  ( -12.12435565298215856, 1.250000000000003775, 2.255140518769849223E-14 ) ) ;
#5339 = DIRECTION ( 'NONE',  ( -0.000000000000000000, 0.000000000000000000, -1.000000000000000000 ) ) ;
#5341 = CARTESIAN_POINT ( 'NONE',  ( 2.886751345948125103, -5.749999999999971578, 2.255140518769849223E-14 ) ) ;
#5342 = CARTESIAN_POINT ( 'NONE',  ( 2.165063509461100377, -10.24999999999996092, 2.255140518769849223E-14 ) ) ;
#5343 = ORIENTED_EDGE ( 'NONE', *, *, #1478, .T. ) ;
#5344 = AXIS2_PLACEMENT_3D ( 'NONE', #11645, #8994, #7876 ) ;
#5345 = CARTESIAN_POINT ( 'NONE',  ( -3.216260541823223740, 26.19999999999997442, 3.350000000000019629 ) ) ;
#5346 = ORIENTED_EDGE ( 'NONE', *, *, #4546, .T. ) ;
#5347 = CIRCLE ( 'NONE', #8168, 1.750000000000001554 ) ;
#5348 = VERTEX_POINT ( 'NONE', #6242 ) ;
#5349 = DIRECTION ( 'NONE',  ( 0.8660254037844387076, 0.5000000000000000000, -0.000000000000000000 ) ) ;
#5350 = DIRECTION ( 'NONE',  ( 0.000000000000000000, 0.000000000000000000, 1.000000000000000000 ) ) ;
#5352 = CARTESIAN_POINT ( 'NONE',  ( 9.959292143521054186, -8.249999999999975131, 6.350000000000022737 ) ) ;
#5351 = FACE_OUTER_BOUND ( 'NONE', #1839, .T. ) ;
#5353 = LINE ( 'NONE', #6948, #5434 ) ;
#5354 = CARTESIAN_POINT ( 'NONE',  ( 2.165063509461094160, -18.49999999999992539, 2.255140518769849223E-14 ) ) ;
#5355 = AXIS2_PLACEMENT_3D ( 'NONE', #8777, #4293, #8173 ) ;
#5356 = CARTESIAN_POINT ( 'NONE',  ( 3.536270398786461655, 11.87499999999994316, 6.350000000000022737 ) ) ;
#5357 = VERTEX_POINT ( 'NONE', #8727 ) ;
#5358 = ORIENTED_EDGE ( 'NONE', *, *, #9189, .F. ) ;
#5359 = AXIS2_PLACEMENT_3D ( 'NONE', #6090, #1372, #655 ) ;
#5360 = EDGE_CURVE ( 'NONE', #4907, #2298, #7129, .T. ) ;
#5361 = VERTEX_POINT ( 'NONE', #644 ) ;
#5362 = ORIENTED_EDGE ( 'NONE', *, *, #10293, .F. ) ;
#5363 = FACE_OUTER_BOUND ( 'NONE', #10679, .T. ) ;
#5364 = FACE_OUTER_BOUND ( 'NONE', #6928, .T. ) ;
#5365 = CARTESIAN_POINT ( 'NONE',  ( 1.220317949234429156, 7.500000000000017764, 29.40000000000003766 ) ) ;
#5366 = CARTESIAN_POINT ( 'NONE',  ( -12.77387470582048756, 7.374999999999980460, 6.350000000000022737 ) ) ;
#5367 = VERTEX_POINT ( 'NONE', #3591 ) ;
#5368 = EDGE_CURVE ( 'NONE', #1559, #9599, #7845, .T. ) ;
#5369 = ORIENTED_EDGE ( 'NONE', *, *, #4917, .F. ) ;
#5370 = VERTEX_POINT ( 'NONE', #4479 ) ;
#5371 = ORIENTED_EDGE ( 'NONE', *, *, #3002, .T. ) ;
#5372 = EDGE_CURVE ( 'NONE', #3903, #6255, #3423, .T. ) ;
#5373 = EDGE_CURVE ( 'NONE', #180, #570, #2472, .T. ) ;
#5374 = VECTOR ( 'NONE', #4380, 1000.000000000000000 ) ;
#5375 = ORIENTED_EDGE ( 'NONE', *, *, #6669, .F. ) ;
#5376 = LINE ( 'NONE', #5207, #1742 ) ;
#5377 = CARTESIAN_POINT ( 'NONE',  ( -6.288372600415925717E-15, 8.999999999999953815, 6.350000000000022737 ) ) ;
#5378 = CARTESIAN_POINT ( 'NONE',  ( 1.220317949234429156, 7.500000000000017764, 29.40000000000003766 ) ) ;
#5379 = CARTESIAN_POINT ( 'NONE',  ( 12.84604348946918151, 1.084202172485504434E-15, 2.255140518769849223E-14 ) ) ;
#5380 = FACE_BOUND ( 'NONE', #138, .T. ) ;
#5381 = VERTEX_POINT ( 'NONE', #2535 ) ;
#5382 = CARTESIAN_POINT ( 'NONE',  ( 3.536270398786449665, -17.62499999999993960, 6.350000000000022737 ) ) ;
#5383 = EDGE_CURVE ( 'NONE', #4477, #5970, #9739, .T. ) ;
#5384 = VECTOR ( 'NONE', #9862, 1000.000000000000000 ) ;
#5385 = EDGE_CURVE ( 'NONE', #2293, #4691, #4709, .T. ) ;
#5386 = CARTESIAN_POINT ( 'NONE',  ( 2.165063509461094160, -12.74999999999995026, 6.350000000000022737 ) ) ;
#5387 = VECTOR ( 'NONE', #6185, 1000.000000000000000 ) ;
#5388 = VECTOR ( 'NONE', #2907, 1000.000000000000000 ) ;
#5389 = EDGE_CURVE ( 'NONE', #3916, #11035, #1874, .T. ) ;
#5390 = ORIENTED_EDGE ( 'NONE', *, *, #3859, .F. ) ;
#5391 = VERTEX_POINT ( 'NONE', #2757 ) ;
#5392 = CIRCLE ( 'NONE', #8023, 1.750000000000001554 ) ;
#5393 = CARTESIAN_POINT ( 'NONE',  ( -7.144709581221635908, -18.87499999999992895, 2.255140518769849223E-14 ) ) ;
#5394 = CARTESIAN_POINT ( 'NONE',  ( 0.000000000000000000, 0.000000000000000000, 6.350000000000022737 ) ) ;
#5395 = CARTESIAN_POINT ( 'NONE',  ( -7.264682050764862176, 7.500000000000020428, 27.65000000000000568 ) ) ;
#5396 = EDGE_CURVE ( 'NONE', #5140, #1065, #2047, .T. ) ;
#5397 = EDGE_CURVE ( 'NONE', #1752, #1467, #10836, .T. ) ;
#5398 =( GEOMETRIC_REPRESENTATION_CONTEXT ( 3 ) GLOBAL_UNCERTAINTY_ASSIGNED_CONTEXT ( ( #2132 ) ) GLOBAL_UNIT_ASSIGNED_CONTEXT ( ( #3728, #4674, #2896 ) ) REPRESENTATION_CONTEXT ( 'NONE', 'WORKASPACE' ) );
#5399 = DIRECTION ( 'NONE',  ( 0.000000000000000000, -0.000000000000000000, -1.000000000000000000 ) ) ;
#5401 = CARTESIAN_POINT ( 'NONE',  ( 9.959292143521054186, 8.999999999999953815, 6.350000000000022737 ) ) ;
#5400 = CARTESIAN_POINT ( 'NONE',  ( 12.26869322027951803, 12.50000000000001954, 6.350000000000022737 ) ) ;
#5402 = LINE ( 'NONE', #9711, #2242 ) ;
#5403 = CARTESIAN_POINT ( 'NONE',  ( -4.979646071760531534, -6.124999999999985789, 6.350000000000022737 ) ) ;
#5404 = VERTEX_POINT ( 'NONE', #6481 ) ;
#5405 = DIRECTION ( 'NONE',  ( -0.000000000000000000, 0.000000000000000000, 1.000000000000000000 ) ) ;
#5406 = ORIENTED_EDGE ( 'NONE', *, *, #4297, .T. ) ;
#5407 = VECTOR ( 'NONE', #9305, 1000.000000000000000 ) ;
#5408 = VERTEX_POINT ( 'NONE', #7236 ) ;
#5409 = DIRECTION ( 'NONE',  ( 0.000000000000000000, -0.000000000000000000, -1.000000000000000000 ) ) ;
#5410 = LINE ( 'NONE', #2744, #5982 ) ;
#5412 = CARTESIAN_POINT ( 'NONE',  ( 0.000000000000000000, 0.000000000000000000, 6.350000000000022737 ) ) ;
#5411 = CARTESIAN_POINT ( 'NONE',  ( 2.814582562299421831, 18.87499999999993250, 2.255140518769849223E-14 ) ) ;
#5413 = DIRECTION ( 'NONE',  ( 0.000000000000000000, -1.000000000000000000, 0.000000000000000000 ) ) ;
#5414 = CARTESIAN_POINT ( 'NONE',  ( -30.34310355970659856, 12.50000000000001776, 6.350000000000022737 ) ) ;
#5415 = CARTESIAN_POINT ( 'NONE',  ( 1.220317949235151023, 7.500000000000020428, 19.16499999999998138 ) ) ;
#5416 = ORIENTED_EDGE ( 'NONE', *, *, #8703, .F. ) ;
#5417 = AXIS2_PLACEMENT_3D ( 'NONE', #9832, #5469, #8062 ) ;
#5418 = EDGE_CURVE ( 'NONE', #11025, #3972, #7472, .T. ) ;
#5419 = AXIS2_PLACEMENT_3D ( 'NONE', #7130, #3539, #9016 ) ;
#5420 = ORIENTED_EDGE ( 'NONE', *, *, #3277, .T. ) ;
#5421 = VERTEX_POINT ( 'NONE', #6422 ) ;
#5422 = LINE ( 'NONE', #9962, #9693 ) ;
#5423 = DIRECTION ( 'NONE',  ( -1.000000000000000000, -4.003208021484940511E-16, 0.000000000000000000 ) ) ;
#5424 = CARTESIAN_POINT ( 'NONE',  ( 1.443375672974060997, -19.74999999999993250, 6.350000000000022737 ) ) ;
#5425 = DIRECTION ( 'NONE',  ( 0.4999999999999997224, 0.8660254037844387076, 0.000000000000000000 ) ) ;
#5426 = ORIENTED_EDGE ( 'NONE', *, *, #10873, .F. ) ;
#5427 = CARTESIAN_POINT ( 'NONE',  ( -2.165063509461105706, 6.999999999999965361, 6.350000000000022737 ) ) ;
#5428 = VECTOR ( 'NONE', #3309, 1000.000000000000000 ) ;
#5429 = EDGE_LOOP ( 'NONE', ( #3058, #2071, #529, #935, #9073 ) ) ;
#5430 = VERTEX_POINT ( 'NONE', #10023 ) ;
#5431 = ORIENTED_EDGE ( 'NONE', *, *, #1536, .T. ) ;
#5432 = VERTEX_POINT ( 'NONE', #10956 ) ;
#5433 = EDGE_CURVE ( 'NONE', #9622, #261, #9075, .T. ) ;
#5434 = VECTOR ( 'NONE', #7945, 1000.000000000000114 ) ;
#5435 = DIRECTION ( 'NONE',  ( 0.5000000000000001110, -0.8660254037844385966, 0.000000000000000000 ) ) ;
#5436 = CARTESIAN_POINT ( 'NONE',  ( 3.250000000000030642, -24.69999999999999929, 6.350000000000022737 ) ) ;
#5437 = DIRECTION ( 'NONE',  ( 0.8660254037844388186, -0.4999999999999997780, 0.000000000000000000 ) ) ;
#5438 = CARTESIAN_POINT ( 'NONE',  ( -2.092894725812403323, -8.624999999999962697, 6.350000000000022737 ) ) ;
#5439 = FACE_BOUND ( 'NONE', #4077, .T. ) ;
#5440 = ORIENTED_EDGE ( 'NONE', *, *, #1266, .T. ) ;
#5441 = ADVANCED_FACE ( 'NONE', ( #107 ), #992, .T. ) ;
#5442 = EDGE_CURVE ( 'NONE', #10058, #9314, #9188, .T. ) ;
#5443 = VECTOR ( 'NONE', #2866, 1000.000000000000000 ) ;
#5444 = CARTESIAN_POINT ( 'NONE',  ( -11.40266781649512495, 8.999999999999953815, 2.255140518769849223E-14 ) ) ;
#5445 = VECTOR ( 'NONE', #6812, 1000.000000000000114 ) ;
#5446 = EDGE_CURVE ( 'NONE', #2627, #9037, #5422, .T. ) ;
#5447 = ORIENTED_EDGE ( 'NONE', *, *, #5559, .T. ) ;
#5448 = VERTEX_POINT ( 'NONE', #4596 ) ;
#5449 = VECTOR ( 'NONE', #6398, 1000.000000000000000 ) ;
#5450 = EDGE_CURVE ( 'NONE', #8491, #7072, #9245, .T. ) ;
#5451 = FACE_OUTER_BOUND ( 'NONE', #5549, .T. ) ;
#5452 = EDGE_CURVE ( 'NONE', #1576, #10795, #278, .T. ) ;
#5453 = DIRECTION ( 'NONE',  ( 1.000000000000000000, 0.000000000000000000, 0.000000000000000000 ) ) ;
#5454 = CARTESIAN_POINT ( 'NONE',  ( -2.886751345948132208, 17.24999999999993250, 2.255140518769849223E-14 ) ) ;
#5455 = ADVANCED_FACE ( 'NONE', ( #936 ), #6538, .F. ) ;
#5456 = CARTESIAN_POINT ( 'NONE',  ( -21.84310355970657724, -30.00000000000002132, 0.000000000000000000 ) ) ;
#5457 = EDGE_CURVE ( 'NONE', #7071, #10084, #5595, .T. ) ;
#5458 = VECTOR ( 'NONE', #1950, 1000.000000000000000 ) ;
#5460 = LINE ( 'NONE', #3741, #1858 ) ;
#5459 = FACE_BOUND ( 'NONE', #8708, .T. ) ;
#5461 = CARTESIAN_POINT ( 'NONE',  ( -2.814582562299392077, 1.624999999999981126, 3.350000000000019629 ) ) ;
#5462 = CARTESIAN_POINT ( 'NONE',  ( 1.443375672974060997, 14.74999999999993072, 2.255140518769849223E-14 ) ) ;
#5463 = VERTEX_POINT ( 'NONE', #7355 ) ;
#5464 = CARTESIAN_POINT ( 'NONE',  ( 2.886751345948125103, 5.749999999999977796, 2.255140518769849223E-14 ) ) ;
#5465 = ADVANCED_FACE ( 'NONE', ( #8186 ), #7044, .F. ) ;
#5466 = ORIENTED_EDGE ( 'NONE', *, *, #5664, .T. ) ;
#5467 = VERTEX_POINT ( 'NONE', #1165 ) ;
#5468 = DIRECTION ( 'NONE',  ( 0.5000000000000001110, 0.8660254037844385966, 0.000000000000000000 ) ) ;
#5469 = DIRECTION ( 'NONE',  ( -0.8660254037844388186, 0.4999999999999998335, 0.000000000000000000 ) ) ;
#5471 = DIRECTION ( 'NONE',  ( 0.8660254037844385966, -0.5000000000000001110, 0.000000000000000000 ) ) ;
#5470 = PLANE ( 'NONE',  #8013 ) ;
#5472 = PLANE ( 'NONE',  #2230 ) ;
#5473 = LINE ( 'NONE', #2092, #8074 ) ;
#5474 = LINE ( 'NONE', #2583, #7263 ) ;
#5475 = EDGE_CURVE ( 'NONE', #8694, #9158, #3705, .T. ) ;
#5476 = ORIENTED_EDGE ( 'NONE', *, *, #758, .T. ) ;
#5477 = AXIS2_PLACEMENT_3D ( 'NONE', #6626, #10228, #3969 ) ;
#5478 = VERTEX_POINT ( 'NONE', #10900 ) ;
#5479 = DIRECTION ( 'NONE',  ( -0.7071067811865470176, -0.7071067811865481278, 0.000000000000000000 ) ) ;
#5480 = ORIENTED_EDGE ( 'NONE', *, *, #4019, .F. ) ;
#5481 = ORIENTED_EDGE ( 'NONE', *, *, #3719, .F. ) ;
#5482 = CARTESIAN_POINT ( 'NONE',  ( 7.072540797572921534, 5.749999999999976907, 2.255140518769849223E-14 ) ) ;
#5483 = CARTESIAN_POINT ( 'NONE',  ( -1.443375672974066992, -13.99999999999995204, 2.255140518769849223E-14 ) ) ;
#5484 = DIRECTION ( 'NONE',  ( -1.000000000000000000, -0.000000000000000000, -0.000000000000000000 ) ) ;
#5485 = PLANE ( 'NONE',  #2166 ) ;
#5486 = EDGE_LOOP ( 'NONE', ( #7804, #4662, #7901, #1308 ) ) ;
#5487 = LINE ( 'NONE', #11521, #4554 ) ;
#5488 = DIRECTION ( 'NONE',  ( -0.000000000000000000, 0.000000000000000000, 1.000000000000000000 ) ) ;
#5489 = VERTEX_POINT ( 'NONE', #1051 ) ;
#5490 = ORIENTED_EDGE ( 'NONE', *, *, #9483, .T. ) ;
#5491 = ORIENTED_EDGE ( 'NONE', *, *, #3212, .T. ) ;
#5492 = ORIENTED_EDGE ( 'NONE', *, *, #4932, .T. ) ;
#5493 = DIRECTION ( 'NONE',  ( -0.4999999999999997780, -0.8660254037844388186, 0.000000000000000000 ) ) ;
#5494 = DIRECTION ( 'NONE',  ( 0.5000000000000001110, -0.8660254037844385966, 0.000000000000000000 ) ) ;
#5495 = DIRECTION ( 'NONE',  ( 0.000000000000000000, 0.000000000000000000, -1.000000000000000000 ) ) ;
#5496 = CARTESIAN_POINT ( 'NONE',  ( 12.05218686933345573, -2.874999999999987121, 2.255140518769849223E-14 ) ) ;
#5497 = ORIENTED_EDGE ( 'NONE', *, *, #8199, .F. ) ;
#5498 = VECTOR ( 'NONE', #457, 1000.000000000000000 ) ;
#5499 = LINE ( 'NONE', #3945, #7181 ) ;
#5500 = ORIENTED_EDGE ( 'NONE', *, *, #4590, .F. ) ;
#5501 = EDGE_LOOP ( 'NONE', ( #5492, #3226, #3026 ) ) ;
#5502 = ORIENTED_EDGE ( 'NONE', *, *, #9601, .F. ) ;
#5503 = EDGE_CURVE ( 'NONE', #9200, #7002, #8359, .T. ) ;
#5504 = AXIS2_PLACEMENT_3D ( 'NONE', #10245, #3104, #6708 ) ;
#5505 = FACE_OUTER_BOUND ( 'NONE', #10575, .T. ) ;
#5506 = FACE_OUTER_BOUND ( 'NONE', #11027, .T. ) ;
#5507 = CARTESIAN_POINT ( 'NONE',  ( 11.40266781649511607, -14.74999999999992895, 2.255140518769849223E-14 ) ) ;
#5508 = EDGE_LOOP ( 'NONE', ( #10163, #2929, #8943, #10211 ) ) ;
#5510 = CARTESIAN_POINT ( 'NONE',  ( -12.77387470582048756, -4.124999999999972466, 6.350000000000022737 ) ) ;
#5509 = LINE ( 'NONE', #2022, #3875 ) ;
#5511 = LINE ( 'NONE', #9939, #11478 ) ;
#5512 = VECTOR ( 'NONE', #11565, 1000.000000000000000 ) ;
#5513 = DIRECTION ( 'NONE',  ( 1.000000000000000000, 0.000000000000000000, 0.000000000000000000 ) ) ;
#5514 = ORIENTED_EDGE ( 'NONE', *, *, #5594, .T. ) ;
#5515 = EDGE_CURVE ( 'NONE', #9874, #6255, #11311, .T. ) ;
#5516 = AXIS2_PLACEMENT_3D ( 'NONE', #6754, #11528, #6990 ) ;
#5517 = DIRECTION ( 'NONE',  ( 0.000000000000000000, 0.000000000000000000, 1.000000000000000000 ) ) ;
#5518 = ORIENTED_EDGE ( 'NONE', *, *, #38, .F. ) ;
#5519 = EDGE_CURVE ( 'NONE', #6298, #9776, #10424, .T. ) ;
#5520 = ORIENTED_EDGE ( 'NONE', *, *, #3739, .F. ) ;
#5521 = VECTOR ( 'NONE', #5257, 1000.000000000000000 ) ;
#5522 = DIRECTION ( 'NONE',  ( 0.000000000000000000, 0.000000000000000000, 1.000000000000000000 ) ) ;
#5523 = DIRECTION ( 'NONE',  ( 3.373073425510458458E-16, -1.000000000000000000, 0.000000000000000000 ) ) ;
#5524 = AXIS2_PLACEMENT_3D ( 'NONE', #11396, #7087, #10628 ) ;
#5526 = LINE ( 'NONE', #92, #9312 ) ;
#5525 = LINE ( 'NONE', #91, #10091 ) ;
#5527 = DIRECTION ( 'NONE',  ( 0.5000000000000001110, -0.8660254037844385966, 0.000000000000000000 ) ) ;
#5528 = CARTESIAN_POINT ( 'NONE',  ( -12.96626054182323173, 17.99999999999996092, 6.350000000000022737 ) ) ;
#5529 = CARTESIAN_POINT ( 'NONE',  ( 7.794228634059957805, 10.24999999999995381, 6.350000000000022737 ) ) ;
#5530 = DIRECTION ( 'NONE',  ( -1.000000000000000000, 0.000000000000000000, 0.000000000000000000 ) ) ;
#5531 = EDGE_CURVE ( 'NONE', #11321, #3460, #1400, .T. ) ;
#5532 = ORIENTED_EDGE ( 'NONE', *, *, #2937, .T. ) ;
#5533 = DIRECTION ( 'NONE',  ( 1.000000000000000000, 0.000000000000000000, 0.000000000000000000 ) ) ;
#5534 = ORIENTED_EDGE ( 'NONE', *, *, #8125, .F. ) ;
#5535 = EDGE_CURVE ( 'NONE', #300, #3774, #453, .T. ) ;
#5536 = ORIENTED_EDGE ( 'NONE', *, *, #9212, .F. ) ;
#5537 = CARTESIAN_POINT ( 'NONE',  ( -12.96626054182323173, 17.99999999999996092, 6.350000000000022737 ) ) ;
#5538 = EDGE_CURVE ( 'NONE', #1710, #7729, #3175, .T. ) ;
#5539 = EDGE_CURVE ( 'NONE', #5391, #2014, #5173, .T. ) ;
#5540 = PLANE ( 'NONE',  #2977 ) ;
#5541 = PLANE ( 'NONE',  #3893 ) ;
#5542 = DIRECTION ( 'NONE',  ( -0.8660254037844385966, 0.5000000000000001110, 0.000000000000000000 ) ) ;
#5543 = ORIENTED_EDGE ( 'NONE', *, *, #10709, .T. ) ;
#5544 = PLANE ( 'NONE',  #9837 ) ;
#5545 = LINE ( 'NONE', #3827, #5285 ) ;
#5546 = ORIENTED_EDGE ( 'NONE', *, *, #1353, .T. ) ;
#5547 = VERTEX_POINT ( 'NONE', #10192 ) ;
#5548 = VECTOR ( 'NONE', #6591, 1000.000000000000000 ) ;
#5549 = EDGE_LOOP ( 'NONE', ( #9855, #10281, #6944, #2043 ) ) ;
#5550 = ORIENTED_EDGE ( 'NONE', *, *, #4236, .F. ) ;
#5551 = DIRECTION ( 'NONE',  ( 0.000000000000000000, 0.000000000000000000, 1.000000000000000000 ) ) ;
#5552 = CARTESIAN_POINT ( 'NONE',  ( -8.515916470546997630, -2.499999999999996891, 2.255140518769849223E-14 ) ) ;
#5553 = DIRECTION ( 'NONE',  ( -0.5000000000000001110, -0.8660254037844385966, 0.000000000000000000 ) ) ;
#5554 = CARTESIAN_POINT ( 'NONE',  ( 9.959292143521054186, 13.99999999999993072, 2.255140518769849223E-14 ) ) ;
#5555 = ORIENTED_EDGE ( 'NONE', *, *, #7925, .F. ) ;
#5556 =( LENGTH_UNIT ( ) NAMED_UNIT ( * ) SI_UNIT ( .MILLI., .METRE. ) );
#5557 = ORIENTED_EDGE ( 'NONE', *, *, #6672, .T. ) ;
#5558 = VECTOR ( 'NONE', #9801, 1000.000000000000000 ) ;
#5559 = EDGE_CURVE ( 'NONE', #9198, #10402, #4053, .T. ) ;
#5560 = ORIENTED_EDGE ( 'NONE', *, *, #11594, .T. ) ;
#5561 = ORIENTED_EDGE ( 'NONE', *, *, #4862, .T. ) ;
#5562 = CARTESIAN_POINT ( 'NONE',  ( -2.165063509461099933, -6.999999999999972466, 2.255140518769849223E-14 ) ) ;
#5563 = CARTESIAN_POINT ( 'NONE',  ( 0.000000000000000000, 0.000000000000000000, 6.350000000000022737 ) ) ;
#5564 = CARTESIAN_POINT ( 'NONE',  ( -12.12435565298215856, -1.249999999999996447, 2.255140518769849223E-14 ) ) ;
#5565 = ORIENTED_EDGE ( 'NONE', *, *, #8767, .T. ) ;
#5566 = AXIS2_PLACEMENT_3D ( 'NONE', #711, #3311, #10621 ) ;
#5568 = FACE_OUTER_BOUND ( 'NONE', #10749, .T. ) ;
#5567 = CARTESIAN_POINT ( 'NONE',  ( 12.05218686933345396, 14.37499999999994138, 6.350000000000022737 ) ) ;
#5569 = DIRECTION ( 'NONE',  ( 0.8660254037844388186, -0.4999999999999997780, 0.000000000000000000 ) ) ;
#5570 = VECTOR ( 'NONE', #6685, 1000.000000000000000 ) ;
#5571 = DIRECTION ( 'NONE',  ( -0.5000000000000001110, 0.8660254037844387076, 0.000000000000000000 ) ) ;
#5572 = ORIENTED_EDGE ( 'NONE', *, *, #4889, .F. ) ;
#5573 = PLANE ( 'NONE',  #10242 ) ;
#5574 = ORIENTED_EDGE ( 'NONE', *, *, #2645, .F. ) ;
#5575 = VECTOR ( 'NONE', #5239, 1000.000000000000000 ) ;
#5576 = ORIENTED_EDGE ( 'NONE', *, *, #5648, .F. ) ;
#5577 = DIRECTION ( 'NONE',  ( 0.000000000000000000, -1.000000000000000000, 0.000000000000000000 ) ) ;
#5578 = DIRECTION ( 'NONE',  ( -2.155801444746731110E-16, 1.000000000000000000, 0.000000000000000000 ) ) ;
#5580 = FACE_BOUND ( 'NONE', #4778, .T. ) ;
#5579 = PLANE ( 'NONE',  #9736 ) ;
#5581 = DIRECTION ( 'NONE',  ( -0.000000000000000000, -1.000000000000000000, -0.000000000000000000 ) ) ;
#5582 = DIRECTION ( 'NONE',  ( 0.000000000000000000, -1.000000000000000000, 0.000000000000000000 ) ) ;
#5583 = AXIS2_PLACEMENT_3D ( 'NONE', #8641, #6757, #5812 ) ;
#5584 = EDGE_CURVE ( 'NONE', #10704, #1772, #1460, .T. ) ;
#5585 = PLANE ( 'NONE',  #9026 ) ;
#5586 = ADVANCED_FACE ( 'NONE', ( #3108 ), #5881, .F. ) ;
#5587 = DIRECTION ( 'NONE',  ( -0.4999999999999997780, -0.8660254037844387076, 0.000000000000000000 ) ) ;
#5588 = VECTOR ( 'NONE', #5066, 1000.000000000000000 ) ;
#5589 = VERTEX_POINT ( 'NONE', #8420 ) ;
#5590 = EDGE_LOOP ( 'NONE', ( #520, #10908, #8826, #10924, #10201 ) ) ;
#5591 = CARTESIAN_POINT ( 'NONE',  ( -8.515916470546983419, -3.249999999999996891, 2.255140518769849223E-14 ) ) ;
#5592 = ORIENTED_EDGE ( 'NONE', *, *, #11519, .F. ) ;
#5593 = ORIENTED_EDGE ( 'NONE', *, *, #11199, .T. ) ;
#5594 = EDGE_CURVE ( 'NONE', #1915, #7524, #336, .T. ) ;
#5595 = LINE ( 'NONE', #220, #11187 ) ;
#5596 = ADVANCED_FACE ( 'NONE', ( #8595 ), #7649, .T. ) ;
#5597 = EDGE_CURVE ( 'NONE', #2468, #11329, #5766, .T. ) ;
#5598 = LINE ( 'NONE', #2821, #1661 ) ;
#5599 = DIRECTION ( 'NONE',  ( 1.000000000000000000, 0.000000000000000000, 0.000000000000000000 ) ) ;
#5600 = CARTESIAN_POINT ( 'NONE',  ( -9.959292143521064844, 14.74999999999993072, 6.350000000000022737 ) ) ;
#5601 = VERTEX_POINT ( 'NONE', #9364 ) ;
#5602 = LINE ( 'NONE', #171, #10955 ) ;
#5603 = CLOSED_SHELL ( 'NONE', ( #4465, #1412, #4573, #4076, #11365, #10205, #1122, #8488, #11627, #782, #5089, #10812, #5091, #5310, #10291, #8045, #824, #10485, #9567, #2637, #8762, #1470, #5895, #11174, #1780, #2059, #5802, #7387, #9406, #186, #130, #4294, #7096, #6468, #11568, #9916, #2272, #4588, #10125, #3447, #9786, #6695, #5808, #702, #245, #4807, #10401, #8397, #908, #7897, #7258, #3828, #750, #2067, #178, #1331, #6380, #8728, #2258, #9633, #7463, #8548, #4463, #7474, #2007, #8671, #2270, #4940, #9474, #3453, #9619, #8258, #11348, #1570, #3392, #5225, #10707, #8546, #8096, #10017, #7842, #5232, #6945, #6236, #4791, #6472, #3949, #4207, #9056, #1920, #10998, #6173, #624, #7100, #6100, #1144, #10557, #3654, #7841, #4583, #10349, #2643, #5014, #8014, #4945, #41, #8490, #8901, #957, #109, #4314, #9963, #5586, #397, #3846, #4222, #5715, #5252, #1506, #6912, #10591, #5104, #2845, #2421, #1561, #10355, #333, #1835, #2465, #2636, #5465, #10071, #4361, #7038, #1414, #1067, #6764, #10633, #6096, #4221, #2553, #2634, #2932, #94, #8178, #1355, #6802, #895, #9326, #2768, #9320, #4210, #6970, #4941, #9842, #11208, #1411, #3860, #7323, #9127, #270, #10645, #11518, #1633, #4007, #1422, #8535, #8999, #9230, #5032, #10294, #10151, #3285, #637, #2410, #6766, #1955, #2203, #10938, #3063, #3356, #338, #361, #11324, #11593, #401, #4495, #5746, #4006, #5304, #5728, #2710, #5244, #8691, #7533, #6157, #5255, #8855, #8386, #6592, #9793, #3127, #11420, #5609, #7554, #1038, #9645, #6655, #8121, #4529, #10351, #7887, #5158, #7900, #7319, #7381, #6049, #2433, #5941, #9395, #3420, #9113, #903, #486, #5455, #3079, #9910, #1627, #8618, #327, #6891, #10694, #8372, #1335, #4167, #1498, #8057, #9987, #10939, #970, #10929, #7329, #10202, #8620, #10258, #4720, #7317, #8040, #6975, #8792, #4722, #6460, #2626, #2345, #9925, #4017, #3784, #8914, #4675, #7589, #1914, #3870, #8769, #7952, #8877, #36, #5660, #10080, #2434, #2976, #8257, #4137, #5608, #10221, #4610, #3303, #3592, #1290, #2925, #10728, #2981, #6276, #5596, #1175, #11281, #4731, #3236, #9872, #762, #7141, #1695, #9576, #10152, #6549, #11431, #9045, #9122, #2108, #3060, #10831, #4506, #6980, #8480, #4587, #2127, #5441, #6243, #9935, #7676, #11562, #7226, #11373, #10627, #9057, #9983, #11082, #4018, #693, #1615, #6404, #8924, #2035, #3496, #9087, #7378, #2580, #1980, #3454, #3593, #705, #5956, #8411, #5894, #325, #2723, #1901, #9182, #4080, #2124, #7177, #2719, #5803, #607, #9263, #8261, #2784, #179, #4186, #8320, #4428, #7744, #1323, #173, #7967, #3365, #9146, #4384, #5164, #3338, #2902, #6037, #3145, #8528, #2283, #5721, #2632, #6093, #983 ) ) ;
#5604 = DIRECTION ( 'NONE',  ( 0.000000000000000000, 0.000000000000000000, 1.000000000000000000 ) ) ;
#5605 = ORIENTED_EDGE ( 'NONE', *, *, #10583, .T. ) ;
#5606 = ORIENTED_EDGE ( 'NONE', *, *, #8489, .F. ) ;
#5607 = EDGE_LOOP ( 'NONE', ( #3135, #11553, #816, #3300 ) ) ;
#5608 = ADVANCED_FACE ( 'NONE', ( #1286 ), #5826, .F. ) ;
#5609 = ADVANCED_FACE ( 'NONE', ( #5064 ), #2281, .F. ) ;
#5610 = ORIENTED_EDGE ( 'NONE', *, *, #4373, .F. ) ;
#5611 = CARTESIAN_POINT ( 'NONE',  ( -21.84310355970654172, 3.999999999999984457, 55.35000000000005116 ) ) ;
#5612 = LINE ( 'NONE', #3954, #10513 ) ;
#5613 = LINE ( 'NONE', #11203, #7906 ) ;
#5614 = AXIS2_PLACEMENT_3D ( 'NONE', #11669, #1760, #5196 ) ;
#5615 = LINE ( 'NONE', #6496, #3308 ) ;
#5616 = EDGE_LOOP ( 'NONE', ( #5303, #3861, #5497, #2001 ) ) ;
#5617 = CARTESIAN_POINT ( 'NONE',  ( -12.84604348946919394, 17.24999999999993250, 6.350000000000022737 ) ) ;
#5618 = ORIENTED_EDGE ( 'NONE', *, *, #8059, .T. ) ;
#5619 = VECTOR ( 'NONE', #2160, 1000.000000000000000 ) ;
#5620 = ORIENTED_EDGE ( 'NONE', *, *, #5389, .F. ) ;
#5621 = VERTEX_POINT ( 'NONE', #7591 ) ;
#5622 = DIRECTION ( 'NONE',  ( 0.000000000000000000, 0.000000000000000000, 1.000000000000000000 ) ) ;
#5623 = CARTESIAN_POINT ( 'NONE',  ( -12.96626054182322640, 4.458222042613341429, -3.649999999999986589 ) ) ;
#5624 = LINE ( 'NONE', #1081, #10671 ) ;
#5625 = ORIENTED_EDGE ( 'NONE', *, *, #968, .T. ) ;
#5627 = DIRECTION ( 'NONE',  ( 1.000000000000000000, 0.000000000000000000, 0.000000000000000000 ) ) ;
#5626 = CARTESIAN_POINT ( 'NONE',  ( -2.814582562299425827, -1.625000000000000666, 2.255140518769849223E-14 ) ) ;
#5628 = CARTESIAN_POINT ( 'NONE',  ( -12.12435565298215856, 10.24999999999995381, 2.255140518769849223E-14 ) ) ;
#5629 = VECTOR ( 'NONE', #6580, 1000.000000000000000 ) ;
#5630 = LINE ( 'NONE', #3030, #4383 ) ;
#5631 = EDGE_LOOP ( 'NONE', ( #3419, #7061, #3666, #8704 ) ) ;
#5632 = LINE ( 'NONE', #1204, #9114 ) ;
#5633 = VECTOR ( 'NONE', #9785, 1000.000000000000000 ) ;
#5634 = ORIENTED_EDGE ( 'NONE', *, *, #6806, .F. ) ;
#5635 = PLANE ( 'NONE',  #6443 ) ;
#5636 = PLANE ( 'NONE',  #10273 ) ;
#5637 = VECTOR ( 'NONE', #354, 1000.000000000000000 ) ;
#5638 = CARTESIAN_POINT ( 'NONE',  ( -12.77387470582048756, -9.874999999999950262, 2.255140518769849223E-14 ) ) ;
#5639 = DIRECTION ( 'NONE',  ( 0.5000000000000001110, -0.8660254037844385966, 0.000000000000000000 ) ) ;
#5640 = LINE ( 'NONE', #3038, #9210 ) ;
#5641 = CARTESIAN_POINT ( 'NONE',  ( -7.866397417708661521, -8.624999999999962697, 6.350000000000022737 ) ) ;
#5642 = FACE_OUTER_BOUND ( 'NONE', #2707, .T. ) ;
#5643 = EDGE_LOOP ( 'NONE', ( #8474, #8965, #9675, #10462, #5416, #10913 ) ) ;
#5644 = ORIENTED_EDGE ( 'NONE', *, *, #9898, .F. ) ;
#5645 = DIRECTION ( 'NONE',  ( 1.000000000000000000, 0.000000000000000000, 0.000000000000000000 ) ) ;
#5646 = ORIENTED_EDGE ( 'NONE', *, *, #11274, .F. ) ;
#5647 = ORIENTED_EDGE ( 'NONE', *, *, #3636, .T. ) ;
#5648 = EDGE_CURVE ( 'NONE', #9622, #2405, #513, .T. ) ;
#5650 = DIRECTION ( 'NONE',  ( 1.000000000000000000, 0.000000000000000000, 0.000000000000000000 ) ) ;
#5649 = DIRECTION ( 'NONE',  ( 0.8660254037844385966, -0.5000000000000001110, 0.000000000000000000 ) ) ;
#5651 = CARTESIAN_POINT ( 'NONE',  ( -30.34310355970659501, -12.50000000000001776, 6.350000000000022737 ) ) ;
#5652 = FACE_OUTER_BOUND ( 'NONE', #7082, .T. ) ;
#5653 = LINE ( 'NONE', #11192, #4821 ) ;
#5654 = ORIENTED_EDGE ( 'NONE', *, *, #1714, .F. ) ;
#5655 = CARTESIAN_POINT ( 'NONE',  ( 7.144709581221622585, 13.12499999999994316, 6.350000000000022737 ) ) ;
#5656 = DIRECTION ( 'NONE',  ( 1.000000000000000000, 0.000000000000000000, 0.000000000000000000 ) ) ;
#5657 = VECTOR ( 'NONE', #5495, 1000.000000000000000 ) ;
#5658 = EDGE_LOOP ( 'NONE', ( #9538, #11672 ) ) ;
#5659 = ORIENTED_EDGE ( 'NONE', *, *, #9702, .T. ) ;
#5660 = ADVANCED_FACE ( 'NONE', ( #7711 ), #3232, .F. ) ;
#5661 = EDGE_CURVE ( 'NONE', #5024, #9480, #1692, .T. ) ;
#5662 = VERTEX_POINT ( 'NONE', #7004 ) ;
#5663 = VECTOR ( 'NONE', #7740, 1000.000000000000000 ) ;
#5664 = EDGE_CURVE ( 'NONE', #4020, #1003, #11487, .T. ) ;
#5665 = VERTEX_POINT ( 'NONE', #7063 ) ;
#5666 = AXIS2_PLACEMENT_3D ( 'NONE', #9762, #10868, #7929 ) ;
#5667 = DIRECTION ( 'NONE',  ( 0.000000000000000000, 0.000000000000000000, 1.000000000000000000 ) ) ;
#5668 = DIRECTION ( 'NONE',  ( 1.000000000000000000, 0.000000000000000000, 0.000000000000000000 ) ) ;
#5669 = LINE ( 'NONE', #295, #9975 ) ;
#5670 = FACE_BOUND ( 'NONE', #826, .T. ) ;
#5671 = ORIENTED_EDGE ( 'NONE', *, *, #2122, .T. ) ;
#5672 = ORIENTED_EDGE ( 'NONE', *, *, #9990, .T. ) ;
#5673 = VECTOR ( 'NONE', #4387, 1000.000000000000000 ) ;
#5674 = ORIENTED_EDGE ( 'NONE', *, *, #8196, .F. ) ;
#5675 = ORIENTED_EDGE ( 'NONE', *, *, #10347, .T. ) ;
#5676 = CARTESIAN_POINT ( 'NONE',  ( -12.12435565298215856, -1.249999999999996447, 6.350000000000022737 ) ) ;
#5677 = DIRECTION ( 'NONE',  ( 0.000000000000000000, 0.000000000000000000, 1.000000000000000000 ) ) ;
#5678 = DIRECTION ( 'NONE',  ( 0.5000000000000001110, -0.8660254037844385966, 0.000000000000000000 ) ) ;
#5679 = ORIENTED_EDGE ( 'NONE', *, *, #9836, .T. ) ;
#5680 = EDGE_CURVE ( 'NONE', #7013, #6535, #10607, .T. ) ;
#5682 = CARTESIAN_POINT ( 'NONE',  ( -30.79146613135289101, 30.00000000000002132, -3.649999999999977707 ) ) ;
#5681 = DIRECTION ( 'NONE',  ( 0.000000000000000000, 0.000000000000000000, 1.000000000000000000 ) ) ;
#5683 = EDGE_CURVE ( 'NONE', #6733, #3155, #5182, .T. ) ;
#5684 = CARTESIAN_POINT ( 'NONE',  ( -2.818925648462311528E-15, -20.49999999999992895, 6.350000000000022737 ) ) ;
#5685 = CARTESIAN_POINT ( 'NONE',  ( 9.705317949235135799, -36.50000000000001421, 29.39999999999995239 ) ) ;
#5686 = VERTEX_POINT ( 'NONE', #8834 ) ;
#5687 = LINE ( 'NONE', #4861, #636 ) ;
#5688 = AXIS2_PLACEMENT_3D ( 'NONE', #1347, #6835, #6951 ) ;
#5689 = ORIENTED_EDGE ( 'NONE', *, *, #4654, .T. ) ;
#5690 = CARTESIAN_POINT ( 'NONE',  ( -12.96626054182322108, -15.95822204261327570, -3.649999999999986589 ) ) ;
#5691 = CARTESIAN_POINT ( 'NONE',  ( 0.000000000000000000, 0.000000000000000000, 3.350000000000019629 ) ) ;
#5692 = CARTESIAN_POINT ( 'NONE',  ( 12.05218686933345218, 2.874999999999991562, 2.255140518769849223E-14 ) ) ;
#5693 = LINE ( 'NONE', #4101, #9386 ) ;
#5694 = VECTOR ( 'NONE', #5821, 1000.000000000000114 ) ;
#5695 = LINE ( 'NONE', #3163, #1110 ) ;
#5696 = DIRECTION ( 'NONE',  ( 0.5000000000000001110, -0.8660254037844385966, 0.000000000000000000 ) ) ;
#5697 = PLANE ( 'NONE',  #9337 ) ;
#5698 = ORIENTED_EDGE ( 'NONE', *, *, #10497, .F. ) ;
#5699 = PRESENTATION_LAYER_ASSIGNMENT (  '', '', ( #2873 ) ) ;
#5700 = AXIS2_PLACEMENT_3D ( 'NONE', #5394, #6334, #5453 ) ;
#5701 = ORIENTED_EDGE ( 'NONE', *, *, #10135, .T. ) ;
#5702 = CARTESIAN_POINT ( 'NONE',  ( 12.41303078757691125, -18.00000000000000711, 6.350000000000022737 ) ) ;
#5703 = ORIENTED_EDGE ( 'NONE', *, *, #1757, .T. ) ;
#5704 = ORIENTED_EDGE ( 'NONE', *, *, #6376, .F. ) ;
#5706 = CARTESIAN_POINT ( 'NONE',  ( -2.165063509461109259, 12.74999999999994138, 6.350000000000022737 ) ) ;
#5705 = LINE ( 'NONE', #7196, #8389 ) ;
#5707 = DIRECTION ( 'NONE',  ( 1.000000000000000000, 0.000000000000000000, 0.000000000000000000 ) ) ;
#5708 = CARTESIAN_POINT ( 'NONE',  ( 13.03373945817676827, 4.575098954177381216, 6.350000000000022737 ) ) ;
#5709 = CARTESIAN_POINT ( 'NONE',  ( 7.144709581221622585, -9.874999999999960920, 6.350000000000022737 ) ) ;
#5710 = DIRECTION ( 'NONE',  ( 0.7071067811865461294, 0.7071067811865490160, 0.000000000000000000 ) ) ;
#5711 = DIRECTION ( 'NONE',  ( 0.8660254037844387076, 0.5000000000000000000, -0.000000000000000000 ) ) ;
#5712 = CARTESIAN_POINT ( 'NONE',  ( 12.84604348946918151, -11.49999999999995026, 2.255140518769849223E-14 ) ) ;
#5713 = ORIENTED_EDGE ( 'NONE', *, *, #8677, .F. ) ;
#5714 = ORIENTED_EDGE ( 'NONE', *, *, #6297, .T. ) ;
#5715 = ADVANCED_FACE ( 'NONE', ( #9781 ), #1581, .F. ) ;
#5716 = EDGE_LOOP ( 'NONE', ( #6722, #2849, #11507, #10670, #3421, #2289 ) ) ;
#5717 = VECTOR ( 'NONE', #9828, 1000.000000000000114 ) ;
#5718 = ORIENTED_EDGE ( 'NONE', *, *, #3574, .T. ) ;
#5719 = CARTESIAN_POINT ( 'NONE',  ( 2.165063509461100377, -15.99999999999994138, 6.350000000000022737 ) ) ;
#5720 = CARTESIAN_POINT ( 'NONE',  ( -2.453738644055865947, -18.00000000000001421, 3.350000000000019629 ) ) ;
#5721 = ADVANCED_FACE ( 'NONE', ( #9834 ), #7117, .T. ) ;
#5722 = LINE ( 'NONE', #6554, #360 ) ;
#5723 = LINE ( 'NONE', #2179, #7433 ) ;
#5724 = ORIENTED_EDGE ( 'NONE', *, *, #2005, .F. ) ;
#5725 = VECTOR ( 'NONE', #9015, 1000.000000000000000 ) ;
#5726 = EDGE_CURVE ( 'NONE', #2058, #944, #8001, .T. ) ;
#5727 = ORIENTED_EDGE ( 'NONE', *, *, #9732, .F. ) ;
#5728 = ADVANCED_FACE ( 'NONE', ( #7886 ), #6233, .T. ) ;
#5729 = ORIENTED_EDGE ( 'NONE', *, *, #6338, .T. ) ;
#5730 = ORIENTED_EDGE ( 'NONE', *, *, #7962, .F. ) ;
#5731 = AXIS2_PLACEMENT_3D ( 'NONE', #11397, #9512, #7619 ) ;
#5732 = FACE_OUTER_BOUND ( 'NONE', #8486, .T. ) ;
#5733 = FACE_OUTER_BOUND ( 'NONE', #1834, .T. ) ;
#5734 = EDGE_CURVE ( 'NONE', #9079, #11665, #3529, .T. ) ;
#5735 = CARTESIAN_POINT ( 'NONE',  ( -12.77387470582048579, 9.874999999999953815, 6.350000000000022737 ) ) ;
#5736 = ORIENTED_EDGE ( 'NONE', *, *, #3952, .F. ) ;
#5737 = EDGE_CURVE ( 'NONE', #9407, #1588, #8065, .T. ) ;
#5739 = CARTESIAN_POINT ( 'NONE',  ( -7.866397417708659745, -2.874999999999984457, 2.255140518769849223E-14 ) ) ;
#5738 = LINE ( 'NONE', #9456, #9149 ) ;
#5740 = DIRECTION ( 'NONE',  ( -0.000000000000000000, 0.000000000000000000, -1.000000000000000000 ) ) ;
#5741 = PLANE ( 'NONE',  #4150 ) ;
#5742 = VERTEX_POINT ( 'NONE', #10716 ) ;
#5743 = PLANE ( 'NONE',  #6283 ) ;
#5744 = EDGE_CURVE ( 'NONE', #2931, #8692, #11563, .T. ) ;
#5745 = EDGE_CURVE ( 'NONE', #2990, #2539, #1747, .T. ) ;
#5746 = ADVANCED_FACE ( 'NONE', ( #5125 ), #7944, .F. ) ;
#5747 = EDGE_LOOP ( 'NONE', ( #10786, #9930, #712, #1357 ) ) ;
#5748 = DIRECTION ( 'NONE',  ( 0.5000000000000001110, -0.8660254037844385966, 0.000000000000000000 ) ) ;
#5749 = CARTESIAN_POINT ( 'NONE',  ( -6.423021744734610294, 11.12499999999994138, 2.255140518769849223E-14 ) ) ;
#5750 = LINE ( 'NONE', #4989, #8215 ) ;
#5751 = VECTOR ( 'NONE', #9229, 1000.000000000000114 ) ;
#5752 = DIRECTION ( 'NONE',  ( 1.000000000000000000, 0.000000000000000000, 0.000000000000000000 ) ) ;
#5753 = DIRECTION ( 'NONE',  ( 0.000000000000000000, 1.000000000000000000, 0.000000000000000000 ) ) ;
#5754 = DIRECTION ( 'NONE',  ( 0.000000000000000000, 1.000000000000000000, 0.000000000000000000 ) ) ;
#5755 = CARTESIAN_POINT ( 'NONE',  ( -1.443375672974066992, -13.99999999999995204, 6.350000000000022737 ) ) ;
#5756 = CIRCLE ( 'NONE', #7830, 1.750000000000001554 ) ;
#5757 = ORIENTED_EDGE ( 'NONE', *, *, #5241, .T. ) ;
#5758 = VECTOR ( 'NONE', #8647, 1000.000000000000000 ) ;
#5759 = VECTOR ( 'NONE', #6567, 1000.000000000000000 ) ;
#5760 = ORIENTED_EDGE ( 'NONE', *, *, #1346, .F. ) ;
#5761 = ORIENTED_EDGE ( 'NONE', *, *, #7602, .T. ) ;
#5762 = CARTESIAN_POINT ( 'NONE',  ( -2.165063509461099933, -6.999999999999972466, 6.350000000000022737 ) ) ;
#5763 = EDGE_LOOP ( 'NONE', ( #2802, #1712, #5550, #7838 ) ) ;
#5764 = ORIENTED_EDGE ( 'NONE', *, *, #10190, .T. ) ;
#5766 = LINE ( 'NONE', #11250, #2143 ) ;
#5765 = CARTESIAN_POINT ( 'NONE',  ( 12.41303078757691836, -18.00000000000000711, -3.649999999999986589 ) ) ;
#5767 = DIRECTION ( 'NONE',  ( 1.000000000000000000, 0.000000000000000000, 0.000000000000000000 ) ) ;
#5768 = CARTESIAN_POINT ( 'NONE',  ( 2.814582562299422719, 15.62499999999993072, 2.255140518769849223E-14 ) ) ;
#5769 = CARTESIAN_POINT ( 'NONE',  ( 6.423021744734587202, 16.87499999999994671, 6.350000000000022737 ) ) ;
#5770 = DIRECTION ( 'NONE',  ( 0.000000000000000000, 0.000000000000000000, -1.000000000000000000 ) ) ;
#5771 = CARTESIAN_POINT ( 'NONE',  ( 12.77387470582047868, -4.124999999999974243, 2.255140518769849223E-14 ) ) ;
#5772 = EDGE_CURVE ( 'NONE', #9388, #2351, #10663, .T. ) ;
#5773 = PLANE ( 'NONE',  #8817 ) ;
#5774 = ORIENTED_EDGE ( 'NONE', *, *, #8778, .T. ) ;
#5775 = ORIENTED_EDGE ( 'NONE', *, *, #4228, .F. ) ;
#5776 = VERTEX_POINT ( 'NONE', #806 ) ;
#5777 = VERTEX_POINT ( 'NONE', #6885 ) ;
#5778 = DIRECTION ( 'NONE',  ( 3.373073425510458458E-16, -1.000000000000000000, 0.000000000000000000 ) ) ;
#5779 = CARTESIAN_POINT ( 'NONE',  ( -30.34310355970659856, -21.50000000000003197, -3.649999999999977707 ) ) ;
#5780 = CARTESIAN_POINT ( 'NONE',  ( 8.515916470546976313, -3.250000000000000888, 2.255140518769849223E-14 ) ) ;
#5781 = DIRECTION ( 'NONE',  ( 1.000000000000000000, 0.000000000000000000, 0.000000000000000000 ) ) ;
#5782 = VERTEX_POINT ( 'NONE', #10484 ) ;
#5783 = ORIENTED_EDGE ( 'NONE', *, *, #8330, .F. ) ;
#5784 = ORIENTED_EDGE ( 'NONE', *, *, #10920, .F. ) ;
#5785 = VECTOR ( 'NONE', #10808, 1000.000000000000000 ) ;
#5786 = ORIENTED_EDGE ( 'NONE', *, *, #9554, .T. ) ;
#5787 = ORIENTED_EDGE ( 'NONE', *, *, #1266, .F. ) ;
#5788 = VECTOR ( 'NONE', #8860, 1000.000000000000000 ) ;
#5789 = LINE ( 'NONE', #6737, #7773 ) ;
#5790 = FACE_OUTER_BOUND ( 'NONE', #9506, .T. ) ;
#5791 = EDGE_CURVE ( 'NONE', #5119, #9139, #2399, .T. ) ;
#5792 = DIRECTION ( 'NONE',  ( -1.000000000000000000, -4.003208021484940511E-16, 0.000000000000000000 ) ) ;
#5793 = CARTESIAN_POINT ( 'NONE',  ( -7.300682423332677473, 34.17780897597563694, 3.350000000000019629 ) ) ;
#5794 = ORIENTED_EDGE ( 'NONE', *, *, #9268, .T. ) ;
#5796 = LINE ( 'NONE', #6744, #9966 ) ;
#5795 = CARTESIAN_POINT ( 'NONE',  ( 3.536270398786462099, -11.12499999999996092, 2.255140518769849223E-14 ) ) ;
#5797 = VECTOR ( 'NONE', #518, 1000.000000000000114 ) ;
#5798 = CARTESIAN_POINT ( 'NONE',  ( -2.886751345948131764, -11.49999999999995381, 6.350000000000022737 ) ) ;
#5799 = DIRECTION ( 'NONE',  ( 0.5000000000000001110, -0.8660254037844385966, 0.000000000000000000 ) ) ;
#5800 = VECTOR ( 'NONE', #9670, 1000.000000000000000 ) ;
#5801 = LINE ( 'NONE', #6924, #9410 ) ;
#5802 = ADVANCED_FACE ( 'NONE', ( #11430 ), #3353, .T. ) ;
#5803 = ADVANCED_FACE ( 'NONE', ( #10279 ), #1919, .F. ) ;
#5804 = EDGE_CURVE ( 'NONE', #6535, #9383, #35, .T. ) ;
#5805 = EDGE_CURVE ( 'NONE', #4636, #9873, #1976, .T. ) ;
#5806 = EDGE_LOOP ( 'NONE', ( #1800, #1969, #4211, #5018 ) ) ;
#5807 = ORIENTED_EDGE ( 'NONE', *, *, #4443, .F. ) ;
#5808 = ADVANCED_FACE ( 'NONE', ( #6682 ), #2863, .T. ) ;
#5809 = DIRECTION ( 'NONE',  ( 0.000000000000000000, 0.000000000000000000, 1.000000000000000000 ) ) ;
#5810 = FACE_OUTER_BOUND ( 'NONE', #4845, .T. ) ;
#5811 = AXIS2_PLACEMENT_3D ( 'NONE', #4217, #3515, #3568 ) ;
#5812 = DIRECTION ( 'NONE',  ( 0.5000000000000001110, -0.8660254037844385966, 0.000000000000000000 ) ) ;
#5813 = CARTESIAN_POINT ( 'NONE',  ( -16.39626054182322790, -20.00000000000001776, 6.350000000000022737 ) ) ;
#5814 = CARTESIAN_POINT ( 'NONE',  ( -12.77387470582048579, 4.124999999999978684, 2.255140518769849223E-14 ) ) ;
#5815 = CARTESIAN_POINT ( 'NONE',  ( -12.05218686933346284, -14.37499999999993783, 2.255140518769849223E-14 ) ) ;
#5816 = AXIS2_PLACEMENT_3D ( 'NONE', #11252, #6774, #10372 ) ;
#5817 = DIRECTION ( 'NONE',  ( 1.000000000000000000, 0.000000000000000000, 0.000000000000000000 ) ) ;
#5818 = ORIENTED_EDGE ( 'NONE', *, *, #538, .F. ) ;
#5819 = VECTOR ( 'NONE', #2253, 1000.000000000000000 ) ;
#5820 = VERTEX_POINT ( 'NONE', #8117 ) ;
#5821 = DIRECTION ( 'NONE',  ( 0.4999999999999997224, 0.8660254037844387076, 0.000000000000000000 ) ) ;
#5822 = DIRECTION ( 'NONE',  ( 0.5000000000000001110, -0.8660254037844385966, 0.000000000000000000 ) ) ;
#5823 = ORIENTED_EDGE ( 'NONE', *, *, #6324, .T. ) ;
#5824 = VECTOR ( 'NONE', #2254, 999.9999999999998863 ) ;
#5826 = PLANE ( 'NONE',  #3840 ) ;
#5825 = CARTESIAN_POINT ( 'NONE',  ( 2.886751345948121550, 11.49999999999995381, 6.350000000000022737 ) ) ;
#5827 = DIRECTION ( 'NONE',  ( 0.000000000000000000, 0.000000000000000000, 1.000000000000000000 ) ) ;
#5828 = CARTESIAN_POINT ( 'NONE',  ( -9.959292143521064844, 14.74999999999993072, 2.255140518769849223E-14 ) ) ;
#5829 = PLANE ( 'NONE',  #3318 ) ;
#5830 = EDGE_CURVE ( 'NONE', #8322, #10118, #10010, .T. ) ;
#5831 = LINE ( 'NONE', #5945, #1539 ) ;
#5832 = FACE_OUTER_BOUND ( 'NONE', #6866, .T. ) ;
#5833 = EDGE_CURVE ( 'NONE', #11673, #3900, #6411, .T. ) ;
#5834 = FACE_OUTER_BOUND ( 'NONE', #842, .T. ) ;
#5835 = EDGE_LOOP ( 'NONE', ( #3720, #6421, #6720, #7719, #2180, #4532 ) ) ;
#5836 = ORIENTED_EDGE ( 'NONE', *, *, #1704, .F. ) ;
#5837 = ORIENTED_EDGE ( 'NONE', *, *, #7979, .T. ) ;
#5838 = ORIENTED_EDGE ( 'NONE', *, *, #547, .F. ) ;
#5839 = DIRECTION ( 'NONE',  ( -0.4999999999999997780, -0.8660254037844387076, 0.000000000000000000 ) ) ;
#5840 = CARTESIAN_POINT ( 'NONE',  ( -1.443375672974082757, -3.250000000000001332, 2.255140518769849223E-14 ) ) ;
#5841 = AXIS2_PLACEMENT_3D ( 'NONE', #7243, #780, #1001 ) ;
#5842 = FACE_BOUND ( 'NONE', #2302, .T. ) ;
#5843 = FACE_OUTER_BOUND ( 'NONE', #6016, .T. ) ;
#5844 = EDGE_LOOP ( 'NONE', ( #3144, #6072, #10672, #7672, #3702, #4301 ) ) ;
#5845 = EDGE_LOOP ( 'NONE', ( #7641, #651, #5375, #4965 ) ) ;
#5846 = ORIENTED_EDGE ( 'NONE', *, *, #5804, .F. ) ;
#5847 = AXIS2_PLACEMENT_3D ( 'NONE', #5279, #4450, #2668 ) ;
#5848 = ORIENTED_EDGE ( 'NONE', *, *, #8129, .F. ) ;
#5849 = ORIENTED_EDGE ( 'NONE', *, *, #8455, .F. ) ;
#5850 = DIRECTION ( 'NONE',  ( 0.5000000000000001110, -0.8660254037844385966, 0.000000000000000000 ) ) ;
#5851 = CARTESIAN_POINT ( 'NONE',  ( -7.794228634059957805, 6.999999999999965361, 2.255140518769849223E-14 ) ) ;
#5852 = CARTESIAN_POINT ( 'NONE',  ( -8.515916470546986972, 13.99999999999993072, 6.350000000000022737 ) ) ;
#5853 = LINE ( 'NONE', #1195, #3131 ) ;
#5854 = VERTEX_POINT ( 'NONE', #7284 ) ;
#5856 = CARTESIAN_POINT ( 'NONE',  ( 4.979646071760526205, -6.124999999999987566, 6.350000000000022737 ) ) ;
#5855 = LINE ( 'NONE', #7565, #2375 ) ;
#5857 = DIRECTION ( 'NONE',  ( -1.000000000000000000, 0.000000000000000000, 0.000000000000000000 ) ) ;
#5858 = DIRECTION ( 'NONE',  ( -0.4999999999999997780, -0.8660254037844387076, 0.000000000000000000 ) ) ;
#5859 = CARTESIAN_POINT ( 'NONE',  ( 25.33373945817676898, 20.00000000000001776, 6.350000000000022737 ) ) ;
#5860 = EDGE_CURVE ( 'NONE', #8694, #1763, #5526, .T. ) ;
#5861 = ORIENTED_EDGE ( 'NONE', *, *, #11639, .T. ) ;
#5862 = ORIENTED_EDGE ( 'NONE', *, *, #3714, .F. ) ;
#5863 = CARTESIAN_POINT ( 'NONE',  ( -30.34310355970659856, 12.50000000000001776, 6.350000000000022737 ) ) ;
#5864 = LINE ( 'NONE', #1444, #5879 ) ;
#5865 = CARTESIAN_POINT ( 'NONE',  ( 2.775557561562891351E-14, -24.69999999999999929, 3.350000000000019629 ) ) ;
#5866 = DIRECTION ( 'NONE',  ( 0.5000000000000001110, -0.8660254037844385966, 0.000000000000000000 ) ) ;
#5867 = PLANE ( 'NONE',  #4310 ) ;
#5868 = EDGE_CURVE ( 'NONE', #8286, #7165, #3633, .T. ) ;
#5869 = DIRECTION ( 'NONE',  ( 0.8660254037844385966, -0.5000000000000001110, 0.000000000000000000 ) ) ;
#5870 = DIRECTION ( 'NONE',  ( 0.5000000000000001110, -0.8660254037844385966, 0.000000000000000000 ) ) ;
#5871 = AXIS2_PLACEMENT_3D ( 'NONE', #4298, #7892, #752 ) ;
#5872 = CARTESIAN_POINT ( 'NONE',  ( -12.96626054182322285, -7.041777957386620379, -3.649999999999986589 ) ) ;
#5873 = EDGE_CURVE ( 'NONE', #10159, #7337, #7224, .T. ) ;
#5874 = VERTEX_POINT ( 'NONE', #3694 ) ;
#5875 = ORIENTED_EDGE ( 'NONE', *, *, #4969, .F. ) ;
#5876 = DIRECTION ( 'NONE',  ( 0.000000000000000000, 0.000000000000000000, 1.000000000000000000 ) ) ;
#5877 = ORIENTED_EDGE ( 'NONE', *, *, #10347, .F. ) ;
#5878 = ORIENTED_EDGE ( 'NONE', *, *, #8125, .T. ) ;
#5879 = VECTOR ( 'NONE', #5047, 1000.000000000000000 ) ;
#5881 = PLANE ( 'NONE',  #4975 ) ;
#5880 = CARTESIAN_POINT ( 'NONE',  ( 2.092894725812396661, -2.874999999999986233, 2.255140518769849223E-14 ) ) ;
#5882 = VECTOR ( 'NONE', #3745, 1000.000000000000000 ) ;
#5883 = CARTESIAN_POINT ( 'NONE',  ( -2.818925648462311528E-15, 20.49999999999993605, 2.255140518769849223E-14 ) ) ;
#5884 = LINE ( 'NONE', #4117, #6154 ) ;
#5885 = CARTESIAN_POINT ( 'NONE',  ( -12.96626054182322818, 7.041777957386622155, -3.649999999999986589 ) ) ;
#5886 = EDGE_CURVE ( 'NONE', #6011, #6002, #154, .T. ) ;
#5887 = CARTESIAN_POINT ( 'NONE',  ( -2.814582562299434709, -9.874999999999962697, 2.255140518769849223E-14 ) ) ;
#5888 = AXIS2_PLACEMENT_3D ( 'NONE', #11333, #2247, #2189 ) ;
#5889 = DIRECTION ( 'NONE',  ( -0.8660254037844385966, -0.5000000000000001110, 0.000000000000000000 ) ) ;
#5890 = ORIENTED_EDGE ( 'NONE', *, *, #396, .F. ) ;
#5891 = ORIENTED_EDGE ( 'NONE', *, *, #3366, .F. ) ;
#5892 = VECTOR ( 'NONE', #17, 1000.000000000000000 ) ;
#5893 = ORIENTED_EDGE ( 'NONE', *, *, #9691, .F. ) ;
#5894 = ADVANCED_FACE ( 'NONE', ( #4640 ), #8232, .F. ) ;
#5895 = ADVANCED_FACE ( 'NONE', ( #1862, #9062, #978, #5580, #7345, #9176, #4914, #4582 ), #8503, .T. ) ;
#5896 = EDGE_CURVE ( 'NONE', #7843, #2218, #1215, .T. ) ;
#5897 = ORIENTED_EDGE ( 'NONE', *, *, #5737, .T. ) ;
#5898 = AXIS2_PLACEMENT_3D ( 'NONE', #1358, #7721, #1472 ) ;
#5899 = DIRECTION ( 'NONE',  ( 0.000000000000000000, -0.000000000000000000, -1.000000000000000000 ) ) ;
#5900 = DIRECTION ( 'NONE',  ( 0.000000000000000000, 0.000000000000000000, 1.000000000000000000 ) ) ;
#5901 = DIRECTION ( 'NONE',  ( 0.000000000000000000, 0.000000000000000000, 1.000000000000000000 ) ) ;
#5902 = LINE ( 'NONE', #7550, #8768 ) ;
#5903 = ORIENTED_EDGE ( 'NONE', *, *, #2412, .T. ) ;
#5904 = VECTOR ( 'NONE', #6112, 1000.000000000000000 ) ;
#5905 = ORIENTED_EDGE ( 'NONE', *, *, #5305, .T. ) ;
#5906 = ORIENTED_EDGE ( 'NONE', *, *, #2959, .F. ) ;
#5907 = AXIS2_PLACEMENT_3D ( 'NONE', #5345, #8108, #7109 ) ;
#5908 = DIRECTION ( 'NONE',  ( -3.373073425510458458E-16, 1.000000000000000000, 0.000000000000000000 ) ) ;
#5909 = DIRECTION ( 'NONE',  ( 1.000000000000000000, 0.000000000000000000, 0.000000000000000000 ) ) ;
#5910 = DIRECTION ( 'NONE',  ( 1.000000000000000000, 0.000000000000000000, 0.000000000000000000 ) ) ;
#5911 = CARTESIAN_POINT ( 'NONE',  ( 32.78373945817675406, 3.999999999999984457, 46.84999999999998721 ) ) ;
#5912 = EDGE_LOOP ( 'NONE', ( #10381, #7183, #4760, #4359 ) ) ;
#5914 = DIRECTION ( 'NONE',  ( 0.000000000000000000, 0.000000000000000000, -1.000000000000000000 ) ) ;
#5913 = CARTESIAN_POINT ( 'NONE',  ( -2.818925648462311528E-15, 3.249999999999976463, 2.255140518769849223E-14 ) ) ;
#5915 = LINE ( 'NONE', #11104, #6957 ) ;
#5916 = DIRECTION ( 'NONE',  ( 0.5000000000000001110, 0.8660254037844385966, 0.000000000000000000 ) ) ;
#5917 = EDGE_CURVE ( 'NONE', #2405, #942, #3807, .T. ) ;
#5918 = DIRECTION ( 'NONE',  ( -0.8660254037844385966, -0.5000000000000001110, 0.000000000000000000 ) ) ;
#5919 = VECTOR ( 'NONE', #8973, 1000.000000000000000 ) ;
#5920 = ORIENTED_EDGE ( 'NONE', *, *, #3209, .T. ) ;
#5921 = ORIENTED_EDGE ( 'NONE', *, *, #5868, .F. ) ;
#5922 = FACE_OUTER_BOUND ( 'NONE', #3760, .T. ) ;
#5923 = DIRECTION ( 'NONE',  ( 0.000000000000000000, 0.000000000000000000, 1.000000000000000000 ) ) ;
#5924 = FACE_OUTER_BOUND ( 'NONE', #2453, .T. ) ;
#5925 = DIRECTION ( 'NONE',  ( 0.000000000000000000, -1.000000000000000000, 0.000000000000000000 ) ) ;
#5926 = LINE ( 'NONE', #5813, #3744 ) ;
#5927 = LINE ( 'NONE', #561, #4316 ) ;
#5928 = CARTESIAN_POINT ( 'NONE',  ( 3.536270398786450997, -0.3750000000000127121, 6.350000000000022737 ) ) ;
#5929 = ORIENTED_EDGE ( 'NONE', *, *, #5860, .T. ) ;
#5930 = FACE_OUTER_BOUND ( 'NONE', #837, .T. ) ;
#5931 = ORIENTED_EDGE ( 'NONE', *, *, #6014, .F. ) ;
#5932 = VECTOR ( 'NONE', #4437, 1000.000000000000000 ) ;
#5933 = EDGE_LOOP ( 'NONE', ( #2012, #4023, #6673, #5134 ) ) ;
#5934 = CARTESIAN_POINT ( 'NONE',  ( -2.814582562299434709, 7.374999999999966249, 6.350000000000022737 ) ) ;
#5935 = VERTEX_POINT ( 'NONE', #3080 ) ;
#5936 = EDGE_LOOP ( 'NONE', ( #3653, #4607, #6478, #11197 ) ) ;
#5938 = DIRECTION ( 'NONE',  ( 0.5000000000000001110, -0.8660254037844385966, 0.000000000000000000 ) ) ;
#5937 = LINE ( 'NONE', #9363, #9333 ) ;
#5939 = EDGE_CURVE ( 'NONE', #8138, #7422, #10768, .T. ) ;
#5940 = CARTESIAN_POINT ( 'NONE',  ( 12.84604348946918151, -5.749999999999973355, 2.255140518769849223E-14 ) ) ;
#5941 = ADVANCED_FACE ( 'NONE', ( #2249 ), #6739, .F. ) ;
#5942 = LINE ( 'NONE', #10312, #8646 ) ;
#5943 = CARTESIAN_POINT ( 'NONE',  ( 24.28373945817669366, -12.50000000000001776, 6.350000000000022737 ) ) ;
#5944 = VECTOR ( 'NONE', #7223, 1000.000000000000000 ) ;
#5945 = CARTESIAN_POINT ( 'NONE',  ( -11.40266781649512495, -8.249999999999975131, 2.255140518769849223E-14 ) ) ;
#5946 = AXIS2_PLACEMENT_3D ( 'NONE', #9789, #6415, #5530 ) ;
#5947 = AXIS2_PLACEMENT_3D ( 'NONE', #5095, #6859, #4088 ) ;
#5948 = FACE_OUTER_BOUND ( 'NONE', #10216, .T. ) ;
#5949 = ORIENTED_EDGE ( 'NONE', *, *, #8639, .T. ) ;
#5950 = ORIENTED_EDGE ( 'NONE', *, *, #2147, .T. ) ;
#5951 = ORIENTED_EDGE ( 'NONE', *, *, #4509, .T. ) ;
#5952 = EDGE_CURVE ( 'NONE', #2571, #1173, #6976, .T. ) ;
#5953 = EDGE_CURVE ( 'NONE', #2990, #956, #10573, .T. ) ;
#5954 = AXIS2_PLACEMENT_3D ( 'NONE', #7988, #6932, #3513 ) ;
#5955 = AXIS2_PLACEMENT_3D ( 'NONE', #10120, #7513, #9117 ) ;
#5956 = ADVANCED_FACE ( 'NONE', ( #8739 ), #4140, .F. ) ;
#5957 = VERTEX_POINT ( 'NONE', #5090 ) ;
#5958 = EDGE_CURVE ( 'NONE', #3105, #5820, #5150, .T. ) ;
#5959 = VECTOR ( 'NONE', #10634, 1000.000000000000000 ) ;
#5960 = PLANE ( 'NONE',  #4010 ) ;
#5961 = CARTESIAN_POINT ( 'NONE',  ( 8.515916470546986972, 3.249999999999976463, 2.255140518769849223E-14 ) ) ;
#5962 = CARTESIAN_POINT ( 'NONE',  ( -30.34310355970660922, 32.74999999999986500, -3.649999999999977707 ) ) ;
#5963 = CARTESIAN_POINT ( 'NONE',  ( -12.84604348946919039, 11.49999999999995381, 2.255140518769849223E-14 ) ) ;
#5964 = VERTEX_POINT ( 'NONE', #5852 ) ;
#5965 = VECTOR ( 'NONE', #11100, 1000.000000000000000 ) ;
#5966 = ORIENTED_EDGE ( 'NONE', *, *, #6370, .T. ) ;
#5967 = EDGE_CURVE ( 'NONE', #2187, #3478, #481, .T. ) ;
#5968 = EDGE_CURVE ( 'NONE', #7110, #483, #7734, .T. ) ;
#5969 = VERTEX_POINT ( 'NONE', #596 ) ;
#5970 = VERTEX_POINT ( 'NONE', #4198 ) ;
#5971 = VECTOR ( 'NONE', #6651, 1000.000000000000000 ) ;
#5972 = LINE ( 'NONE', #6679, #10601 ) ;
#5973 = CARTESIAN_POINT ( 'NONE',  ( -12.05218686933346284, 8.624999999999968026, 2.255140518769849223E-14 ) ) ;
#5974 = CARTESIAN_POINT ( 'NONE',  ( -1.876388374866285957, -20.49999999999992895, 2.255140518769849223E-14 ) ) ;
#5975 = CARTESIAN_POINT ( 'NONE',  ( 7.794228634059952476, -4.499999999999986677, 2.255140518769849223E-14 ) ) ;
#5976 = ORIENTED_EDGE ( 'NONE', *, *, #11495, .T. ) ;
#5978 = CARTESIAN_POINT ( 'NONE',  ( -7.300682423332666815, -30.00000000000002132, 6.350000000000022737 ) ) ;
#5977 = CARTESIAN_POINT ( 'NONE',  ( -20.09626054182323074, -20.00000000000001776, 4.350000000000028955 ) ) ;
#5979 = DIRECTION ( 'NONE',  ( 0.5000000000000001110, -0.8660254037844385966, 0.000000000000000000 ) ) ;
#5980 = DIRECTION ( 'NONE',  ( 0.5000000000000001110, 0.8660254037844385966, 0.000000000000000000 ) ) ;
#5981 = EDGE_CURVE ( 'NONE', #7787, #7058, #9885, .T. ) ;
#5982 = VECTOR ( 'NONE', #10660, 1000.000000000000000 ) ;
#5983 = CARTESIAN_POINT ( 'NONE',  ( -3.536270398786467428, 0.3749999999999895084, 2.255140518769849223E-14 ) ) ;
#5984 = ORIENTED_EDGE ( 'NONE', *, *, #11115, .T. ) ;
#5985 = ORIENTED_EDGE ( 'NONE', *, *, #595, .T. ) ;
#5986 = VERTEX_POINT ( 'NONE', #8624 ) ;
#5987 = DIRECTION ( 'NONE',  ( 1.000000000000000000, 0.000000000000000000, 0.000000000000000000 ) ) ;
#5988 = FACE_OUTER_BOUND ( 'NONE', #5107, .T. ) ;
#5989 = DIRECTION ( 'NONE',  ( 1.000000000000000000, 0.000000000000000000, 0.000000000000000000 ) ) ;
#5990 = CARTESIAN_POINT ( 'NONE',  ( 11.40266781649511607, -3.249999999999972911, 2.255140518769849223E-14 ) ) ;
#5991 = PLANE ( 'NONE',  #5811 ) ;
#5992 = LINE ( 'NONE', #10239, #4125 ) ;
#5993 = AXIS2_PLACEMENT_3D ( 'NONE', #3481, #937, #7075 ) ;
#5994 = DIRECTION ( 'NONE',  ( 0.000000000000000000, 0.000000000000000000, 1.000000000000000000 ) ) ;
#5995 = ORIENTED_EDGE ( 'NONE', *, *, #5868, .T. ) ;
#5996 = FACE_OUTER_BOUND ( 'NONE', #7786, .T. ) ;
#5997 = ORIENTED_EDGE ( 'NONE', *, *, #5917, .F. ) ;
#5998 = ORIENTED_EDGE ( 'NONE', *, *, #9098, .T. ) ;
#5999 = VECTOR ( 'NONE', #11056, 1000.000000000000000 ) ;
#6000 = PLANE ( 'NONE',  #7570 ) ;
#6001 = ORIENTED_EDGE ( 'NONE', *, *, #1754, .F. ) ;
#6002 = VERTEX_POINT ( 'NONE', #1602 ) ;
#6004 = CARTESIAN_POINT ( 'NONE',  ( 12.77387470582047868, 1.625000000000000222, 6.350000000000022737 ) ) ;
#6003 = DIRECTION ( 'NONE',  ( 0.000000000000000000, 0.000000000000000000, 1.000000000000000000 ) ) ;
#6005 = DIRECTION ( 'NONE',  ( 0.4999999999999997224, 0.8660254037844387076, 0.000000000000000000 ) ) ;
#6006 = AXIS2_PLACEMENT_3D ( 'NONE', #3222, #5113, #619 ) ;
#6007 = LINE ( 'NONE', #8718, #11613 ) ;
#6008 = LINE ( 'NONE', #6892, #1163 ) ;
#6009 = CIRCLE ( 'NONE', #11272, 1.499999999999996669 ) ;
#6010 = DIRECTION ( 'NONE',  ( 0.000000000000000000, 0.000000000000000000, 1.000000000000000000 ) ) ;
#6011 = VERTEX_POINT ( 'NONE', #4974 ) ;
#6012 = ORIENTED_EDGE ( 'NONE', *, *, #3148, .F. ) ;
#6013 = ORIENTED_EDGE ( 'NONE', *, *, #6254, .F. ) ;
#6014 = EDGE_CURVE ( 'NONE', #9388, #8106, #11277, .T. ) ;
#6015 = VECTOR ( 'NONE', #1965, 1000.000000000000000 ) ;
#6016 = EDGE_LOOP ( 'NONE', ( #1634, #9373, #10546, #11232, #1352, #11081 ) ) ;
#6017 = DIRECTION ( 'NONE',  ( 0.5000000000000001110, -0.8660254037844385966, 0.000000000000000000 ) ) ;
#6018 = VECTOR ( 'NONE', #10182, 1000.000000000000000 ) ;
#6019 = FACE_OUTER_BOUND ( 'NONE', #7353, .T. ) ;
#6020 = CARTESIAN_POINT ( 'NONE',  ( 7.368161339686235323, 34.17780897597563694, 3.350000000000019629 ) ) ;
#6021 = CARTESIAN_POINT ( 'NONE',  ( 12.12435565298214790, 6.999999999999977796, 6.350000000000022737 ) ) ;
#6022 = ORIENTED_EDGE ( 'NONE', *, *, #1062, .T. ) ;
#6023 = EDGE_CURVE ( 'NONE', #3703, #8286, #7792, .T. ) ;
#6024 = EDGE_CURVE ( 'NONE', #6240, #7262, #425, .T. ) ;
#6025 = ORIENTED_EDGE ( 'NONE', *, *, #4698, .T. ) ;
#6026 = ORIENTED_EDGE ( 'NONE', *, *, #4608, .T. ) ;
#6027 = ORIENTED_EDGE ( 'NONE', *, *, #3347, .T. ) ;
#6028 = EDGE_CURVE ( 'NONE', #1467, #8126, #539, .T. ) ;
#6029 = CARTESIAN_POINT ( 'NONE',  ( -30.79146613135289101, 30.00000000000002132, 6.350000000000022737 ) ) ;
#6030 = DIRECTION ( 'NONE',  ( 0.000000000000000000, -0.000000000000000000, -1.000000000000000000 ) ) ;
#6031 = CARTESIAN_POINT ( 'NONE',  ( 2.453738644055859286, -18.00000000000001066, -3.649999999999986589 ) ) ;
#6032 = CARTESIAN_POINT ( 'NONE',  ( 32.78373945817675406, -3.999999999999984457, 46.84999999999998721 ) ) ;
#6033 = ORIENTED_EDGE ( 'NONE', *, *, #696, .T. ) ;
#6035 = LINE ( 'NONE', #8135, #3612 ) ;
#6034 = DIRECTION ( 'NONE',  ( -0.000000000000000000, 0.000000000000000000, -1.000000000000000000 ) ) ;
#6036 = CARTESIAN_POINT ( 'NONE',  ( -7.794228634059964911, -1.249999999999995337, 6.350000000000022737 ) ) ;
#6037 = ADVANCED_FACE ( 'NONE', ( #10391 ), #2429, .T. ) ;
#6038 = LINE ( 'NONE', #8981, #5673 ) ;
#6039 = AXIS2_PLACEMENT_3D ( 'NONE', #4203, #5488, #6983 ) ;
#6040 = PLANE ( 'NONE',  #3566 ) ;
#6041 = EDGE_CURVE ( 'NONE', #1120, #9922, #5209, .T. ) ;
#6042 = VERTEX_POINT ( 'NONE', #3321 ) ;
#6043 = ORIENTED_EDGE ( 'NONE', *, *, #4369, .T. ) ;
#6044 = ORIENTED_EDGE ( 'NONE', *, *, #1207, .F. ) ;
#6045 = CARTESIAN_POINT ( 'NONE',  ( 12.77387470582047868, -9.874999999999950262, 2.255140518769849223E-14 ) ) ;
#6046 = FACE_OUTER_BOUND ( 'NONE', #7717, .T. ) ;
#6047 = DIRECTION ( 'NONE',  ( 1.437200963164487406E-16, -1.000000000000000000, 0.000000000000000000 ) ) ;
#6048 = EDGE_CURVE ( 'NONE', #6073, #10099, #1430, .T. ) ;
#6049 = ADVANCED_FACE ( 'NONE', ( #10516 ), #9632, .F. ) ;
#6050 = DIRECTION ( 'NONE',  ( 0.000000000000000000, 0.000000000000000000, -1.000000000000000000 ) ) ;
#6051 = DIRECTION ( 'NONE',  ( -0.000000000000000000, 0.000000000000000000, 1.000000000000000000 ) ) ;
#6052 = LINE ( 'NONE', #6164, #540 ) ;
#6053 = DIRECTION ( 'NONE',  ( -0.5000000000000002220, 0.8660254037844384856, 0.000000000000000000 ) ) ;
#6054 = EDGE_LOOP ( 'NONE', ( #9845, #1107, #1278, #6822 ) ) ;
#6055 = CARTESIAN_POINT ( 'NONE',  ( -11.40266781649513916, 13.99999999999993072, 6.350000000000022737 ) ) ;
#6056 = VERTEX_POINT ( 'NONE', #9864 ) ;
#6057 = ORIENTED_EDGE ( 'NONE', *, *, #2689, .F. ) ;
#6058 = VECTOR ( 'NONE', #953, 1000.000000000000000 ) ;
#6059 = FACE_OUTER_BOUND ( 'NONE', #2724, .T. ) ;
#6060 = ORIENTED_EDGE ( 'NONE', *, *, #9870, .F. ) ;
#6061 = VERTEX_POINT ( 'NONE', #10797 ) ;
#6063 = CARTESIAN_POINT ( 'NONE',  ( -12.96626054182323173, 17.99999999999996092, 6.350000000000022737 ) ) ;
#6062 = CARTESIAN_POINT ( 'NONE',  ( 3.536270398786450997, -0.3750000000000126010, 2.255140518769849223E-14 ) ) ;
#6064 = CARTESIAN_POINT ( 'NONE',  ( -2.886751345948129543, 0.000000000000000000, 6.350000000000022737 ) ) ;
#6065 = AXIS2_PLACEMENT_3D ( 'NONE', #10906, #1000, #3888 ) ;
#6066 = CARTESIAN_POINT ( 'NONE',  ( 2.814582562299421831, 18.87499999999993250, 6.350000000000022737 ) ) ;
#6067 = LINE ( 'NONE', #1584, #1912 ) ;
#6068 = CARTESIAN_POINT ( 'NONE',  ( 1.876388374866280184, -20.49999999999992895, 2.255140518769849223E-14 ) ) ;
#6069 = ORIENTED_EDGE ( 'NONE', *, *, #3859, .T. ) ;
#6070 = EDGE_LOOP ( 'NONE', ( #621, #9744, #2201, #10149, #7465, #8732 ) ) ;
#6071 = VECTOR ( 'NONE', #11121, 999.9999999999998863 ) ;
#6072 = ORIENTED_EDGE ( 'NONE', *, *, #3589, .T. ) ;
#6073 = VERTEX_POINT ( 'NONE', #7254 ) ;
#6074 = FACE_OUTER_BOUND ( 'NONE', #8111, .T. ) ;
#6075 = FACE_OUTER_BOUND ( 'NONE', #2574, .T. ) ;
#6076 = CARTESIAN_POINT ( 'NONE',  ( 9.705317949235135799, -36.50000000000001421, 29.39999999999995239 ) ) ;
#6077 = LINE ( 'NONE', #768, #473 ) ;
#6078 = VECTOR ( 'NONE', #536, 1000.000000000000000 ) ;
#6079 = EDGE_LOOP ( 'NONE', ( #8853, #10950, #4124, #1150 ) ) ;
#6080 = CIRCLE ( 'NONE', #986, 1.500000000000001332 ) ;
#6081 = EDGE_CURVE ( 'NONE', #8272, #11506, #3477, .T. ) ;
#6082 = VERTEX_POINT ( 'NONE', #891 ) ;
#6083 = ORIENTED_EDGE ( 'NONE', *, *, #9990, .F. ) ;
#6084 = ORIENTED_EDGE ( 'NONE', *, *, #2493, .F. ) ;
#6085 = VECTOR ( 'NONE', #2698, 1000.000000000000000 ) ;
#6086 = PRODUCT_DEFINITION ( 'UNKNOWN', '', #4268, #9330 ) ;
#6087 = VECTOR ( 'NONE', #4260, 1000.000000000000000 ) ;
#6088 = CARTESIAN_POINT ( 'NONE',  ( 12.77387470582047868, 9.874999999999953815, 6.350000000000022737 ) ) ;
#6089 = LINE ( 'NONE', #7855, #10037 ) ;
#6090 = CARTESIAN_POINT ( 'NONE',  ( 0.000000000000000000, 0.000000000000000000, 6.350000000000022737 ) ) ;
#6091 = CARTESIAN_POINT ( 'NONE',  ( -20.09626054182323074, -20.00000000000001776, 6.350000000000022737 ) ) ;
#6092 = ORIENTED_EDGE ( 'NONE', *, *, #9429, .F. ) ;
#6093 = ADVANCED_FACE ( 'NONE', ( #3436 ), #10740, .F. ) ;
#6095 = LINE ( 'NONE', #601, #9074 ) ;
#6094 = DIRECTION ( 'NONE',  ( -0.5000000000000002220, 0.8660254037844384856, 0.000000000000000000 ) ) ;
#6096 = ADVANCED_FACE ( 'NONE', ( #2659 ), #9751, .F. ) ;
#6097 = DIRECTION ( 'NONE',  ( -0.5000000000000002220, 0.8660254037844384856, 0.000000000000000000 ) ) ;
#6098 = PLANE ( 'NONE',  #4169 ) ;
#6099 = CARTESIAN_POINT ( 'NONE',  ( 32.78373945817675406, 3.999999999999984457, 46.84999999999998721 ) ) ;
#6100 = ADVANCED_FACE ( 'NONE', ( #775 ), #5321, .F. ) ;
#6101 = ORIENTED_EDGE ( 'NONE', *, *, #8043, .F. ) ;
#6102 = EDGE_LOOP ( 'NONE', ( #8151, #11559, #6189, #8352, #10461, #3505 ) ) ;
#6103 = DIRECTION ( 'NONE',  ( 0.000000000000000000, 0.000000000000000000, 1.000000000000000000 ) ) ;
#6104 = EDGE_CURVE ( 'NONE', #9746, #3008, #11567, .T. ) ;
#6105 = LINE ( 'NONE', #4274, #8724 ) ;
#6106 = DIRECTION ( 'NONE',  ( -0.4999999999999999445, 0.8660254037844385966, 0.000000000000000000 ) ) ;
#6107 = VECTOR ( 'NONE', #4224, 1000.000000000000114 ) ;
#6108 = EDGE_CURVE ( 'NONE', #10856, #8268, #8089, .T. ) ;
#6109 = PLANE ( 'NONE',  #5954 ) ;
#6110 = DIRECTION ( 'NONE',  ( 1.000000000000000000, 0.000000000000000000, 0.000000000000000000 ) ) ;
#6111 = LINE ( 'NONE', #10756, #5270 ) ;
#6112 = DIRECTION ( 'NONE',  ( 0.5000000000000001110, -0.8660254037844385966, 0.000000000000000000 ) ) ;
#6113 = EDGE_CURVE ( 'NONE', #1123, #1826, #7972, .T. ) ;
#6114 = ORIENTED_EDGE ( 'NONE', *, *, #6634, .F. ) ;
#6115 = AXIS2_PLACEMENT_3D ( 'NONE', #5003, #8476, #395 ) ;
#6116 = LINE ( 'NONE', #6281, #7603 ) ;
#6117 = EDGE_CURVE ( 'NONE', #9158, #5056, #1887, .T. ) ;
#6118 = VERTEX_POINT ( 'NONE', #9809 ) ;
#6119 = EDGE_CURVE ( 'NONE', #5665, #7195, #1468, .T. ) ;
#6120 = ORIENTED_EDGE ( 'NONE', *, *, #3010, .F. ) ;
#6121 = PLANE ( 'NONE',  #3622 ) ;
#6122 = FACE_OUTER_BOUND ( 'NONE', #5202, .T. ) ;
#6123 = ORIENTED_EDGE ( 'NONE', *, *, #4519, .T. ) ;
#6125 = DIRECTION ( 'NONE',  ( -1.000000000000000000, 0.000000000000000000, 0.000000000000000000 ) ) ;
#6124 = DIRECTION ( 'NONE',  ( -1.000000000000000000, -3.373073425510458458E-16, 0.000000000000000000 ) ) ;
#6126 = FACE_OUTER_BOUND ( 'NONE', #10246, .T. ) ;
#6127 = DIRECTION ( 'NONE',  ( 1.000000000000000000, 0.000000000000000000, 0.000000000000000000 ) ) ;
#6128 = CARTESIAN_POINT ( 'NONE',  ( 12.05218686933345396, -8.624999999999962697, 2.255140518769849223E-14 ) ) ;
#6129 = DIRECTION ( 'NONE',  ( 1.000000000000000000, 0.000000000000000000, 0.000000000000000000 ) ) ;
#6130 = ORIENTED_EDGE ( 'NONE', *, *, #6742, .F. ) ;
#6131 = EDGE_LOOP ( 'NONE', ( #9649, #10867, #1686, #3983, #4063, #4151 ) ) ;
#6132 = ORIENTED_EDGE ( 'NONE', *, *, #4162, .T. ) ;
#6133 = ORIENTED_EDGE ( 'NONE', *, *, #8129, .T. ) ;
#6134 = CARTESIAN_POINT ( 'NONE',  ( 12.12435565298214790, 6.999999999999977796, 2.255140518769849223E-14 ) ) ;
#6135 = VECTOR ( 'NONE', #2651, 1000.000000000000000 ) ;
#6136 = CARTESIAN_POINT ( 'NONE',  ( 7.072540797572925086, -17.24999999999992895, 2.255140518769849223E-14 ) ) ;
#6137 = DIRECTION ( 'NONE',  ( -0.000000000000000000, 0.000000000000000000, 1.000000000000000000 ) ) ;
#6138 = LINE ( 'NONE', #6846, #11211 ) ;
#6139 = VECTOR ( 'NONE', #3235, 1000.000000000000000 ) ;
#6140 = ORIENTED_EDGE ( 'NONE', *, *, #8895, .T. ) ;
#6141 = AXIS2_PLACEMENT_3D ( 'NONE', #1032, #2975, #3918 ) ;
#6142 = ORIENTED_EDGE ( 'NONE', *, *, #3922, .T. ) ;
#6143 = ORIENTED_EDGE ( 'NONE', *, *, #5584, .T. ) ;
#6144 = VECTOR ( 'NONE', #11623, 1000.000000000000000 ) ;
#6145 = ORIENTED_EDGE ( 'NONE', *, *, #1484, .T. ) ;
#6146 = CARTESIAN_POINT ( 'NONE',  ( -30.34310355970659856, 12.50000000000001776, 6.350000000000022737 ) ) ;
#6147 = LINE ( 'NONE', #3492, #5788 ) ;
#6148 = LINE ( 'NONE', #5975, #4057 ) ;
#6149 = ORIENTED_EDGE ( 'NONE', *, *, #4205, .T. ) ;
#6150 = VECTOR ( 'NONE', #2266, 1000.000000000000000 ) ;
#6151 = DIRECTION ( 'NONE',  ( 0.000000000000000000, 0.000000000000000000, 1.000000000000000000 ) ) ;
#6152 = CARTESIAN_POINT ( 'NONE',  ( 7.794228634059957805, -12.74999999999995026, 6.350000000000022737 ) ) ;
#6153 = CARTESIAN_POINT ( 'NONE',  ( 8.515916470546978090, 13.99999999999993072, 6.350000000000022737 ) ) ;
#6154 = VECTOR ( 'NONE', #1462, 1000.000000000000000 ) ;
#6155 = ORIENTED_EDGE ( 'NONE', *, *, #4443, .T. ) ;
#6156 = ORIENTED_EDGE ( 'NONE', *, *, #3780, .T. ) ;
#6157 = ADVANCED_FACE ( 'NONE', ( #9978 ), #833, .F. ) ;
#6158 = CARTESIAN_POINT ( 'NONE',  ( -30.34310355970659501, -12.50000000000001776, 6.350000000000022737 ) ) ;
#6159 = CARTESIAN_POINT ( 'NONE',  ( 12.12435565298215145, -15.99999999999992717, 6.350000000000022737 ) ) ;
#6160 = CARTESIAN_POINT ( 'NONE',  ( 12.77387470582047868, -1.625000000000000222, 2.255140518769849223E-14 ) ) ;
#6161 = CARTESIAN_POINT ( 'NONE',  ( -4.979646071760531534, -17.62499999999993960, 6.350000000000022737 ) ) ;
#6163 = CARTESIAN_POINT ( 'NONE',  ( -2.165063509461099933, 4.499999999999976907, 2.255140518769849223E-14 ) ) ;
#6162 = LINE ( 'NONE', #8935, #1610 ) ;
#6164 = CARTESIAN_POINT ( 'NONE',  ( -12.77387470582048579, -13.12499999999995204, 6.350000000000022737 ) ) ;
#6165 = CARTESIAN_POINT ( 'NONE',  ( -12.96626054182322818, -4.458222042613333436, 0.000000000000000000 ) ) ;
#6166 = ORIENTED_EDGE ( 'NONE', *, *, #2870, .F. ) ;
#6167 = EDGE_CURVE ( 'NONE', #7193, #2480, #3551, .T. ) ;
#6168 = EDGE_CURVE ( 'NONE', #4775, #10554, #1718, .T. ) ;
#6169 = DIRECTION ( 'NONE',  ( 0.8660254037844385966, -0.5000000000000001110, 0.000000000000000000 ) ) ;
#6170 = EDGE_CURVE ( 'NONE', #6647, #1557, #7489, .T. ) ;
#6171 = ORIENTED_EDGE ( 'NONE', *, *, #5383, .T. ) ;
#6172 = EDGE_CURVE ( 'NONE', #5478, #8309, #6147, .T. ) ;
#6173 = ADVANCED_FACE ( 'NONE', ( #7088 ), #10685, .T. ) ;
#6174 = VERTEX_POINT ( 'NONE', #8030 ) ;
#6175 = CARTESIAN_POINT ( 'NONE',  ( -12.96626054182322640, -1.291777957386637254, 6.350000000000022737 ) ) ;
#6176 = DIRECTION ( 'NONE',  ( 0.000000000000000000, 0.000000000000000000, 1.000000000000000000 ) ) ;
#6177 = ORIENTED_EDGE ( 'NONE', *, *, #9775, .F. ) ;
#6178 = VECTOR ( 'NONE', #1417, 1000.000000000000000 ) ;
#6180 = DIRECTION ( 'NONE',  ( -0.000000000000000000, 0.000000000000000000, -1.000000000000000000 ) ) ;
#6179 = CARTESIAN_POINT ( 'NONE',  ( 2.814582562299424939, 1.624999999999999778, 2.255140518769849223E-14 ) ) ;
#6181 = FACE_OUTER_BOUND ( 'NONE', #7184, .T. ) ;
#6182 = FACE_OUTER_BOUND ( 'NONE', #4208, .T. ) ;
#6183 = DIRECTION ( 'NONE',  ( 0.8660254037844385966, 0.5000000000000003331, -0.000000000000000000 ) ) ;
#6184 = AXIS2_PLACEMENT_3D ( 'NONE', #6656, #10255, #2167 ) ;
#6185 = DIRECTION ( 'NONE',  ( 0.000000000000000000, 0.000000000000000000, 1.000000000000000000 ) ) ;
#6186 = ORIENTED_EDGE ( 'NONE', *, *, #1899, .F. ) ;
#6187 = ORIENTED_EDGE ( 'NONE', *, *, #8923, .T. ) ;
#6188 = VECTOR ( 'NONE', #3176, 1000.000000000000114 ) ;
#6189 = ORIENTED_EDGE ( 'NONE', *, *, #9934, .F. ) ;
#6190 = ORIENTED_EDGE ( 'NONE', *, *, #9627, .F. ) ;
#6191 = DIRECTION ( 'NONE',  ( -1.950718261999192631E-15, -0.7071067811865463515, -0.7071067811865487940 ) ) ;
#6192 = EDGE_CURVE ( 'NONE', #3783, #6241, #9919, .T. ) ;
#6193 = EDGE_CURVE ( 'NONE', #6733, #4685, #5612, .T. ) ;
#6194 = FACE_OUTER_BOUND ( 'NONE', #7127, .T. ) ;
#6195 = CARTESIAN_POINT ( 'NONE',  ( -11.40266781649512495, -8.249999999999975131, 2.255140518769849223E-14 ) ) ;
#6196 = VECTOR ( 'NONE', #9593, 1000.000000000000000 ) ;
#6197 = LINE ( 'NONE', #5080, #4625 ) ;
#6198 = ORIENTED_EDGE ( 'NONE', *, *, #3869, .T. ) ;
#6199 = VERTEX_POINT ( 'NONE', #9090 ) ;
#6200 = VERTEX_POINT ( 'NONE', #7313 ) ;
#6201 = AXIS2_PLACEMENT_3D ( 'NONE', #11357, #5753, #1389 ) ;
#6202 = VERTEX_POINT ( 'NONE', #3013 ) ;
#6203 = VECTOR ( 'NONE', #1532, 1000.000000000000000 ) ;
#6204 = CARTESIAN_POINT ( 'NONE',  ( -12.96626054182323173, 17.99999999999996092, -3.649999999999986589 ) ) ;
#6205 = FACE_OUTER_BOUND ( 'NONE', #785, .T. ) ;
#6206 = CARTESIAN_POINT ( 'NONE',  ( -7.794228634059964911, 10.24999999999995559, 2.255140518769849223E-14 ) ) ;
#6207 = LINE ( 'NONE', #8, #10737 ) ;
#6208 = DIRECTION ( 'NONE',  ( 0.000000000000000000, 0.000000000000000000, 1.000000000000000000 ) ) ;
#6209 = VERTEX_POINT ( 'NONE', #2834 ) ;
#6210 = LINE ( 'NONE', #11400, #9345 ) ;
#6211 = LINE ( 'NONE', #9869, #8690 ) ;
#6212 = ORIENTED_EDGE ( 'NONE', *, *, #11508, .T. ) ;
#6213 = EDGE_LOOP ( 'NONE', ( #118, #7975, #1394, #2652 ) ) ;
#6214 = DIRECTION ( 'NONE',  ( 0.5000000000000001110, -0.8660254037844385966, 0.000000000000000000 ) ) ;
#6215 = LINE ( 'NONE', #3398, #7777 ) ;
#6216 = DIRECTION ( 'NONE',  ( -1.000000000000000000, 0.000000000000000000, 0.000000000000000000 ) ) ;
#6217 = DIRECTION ( 'NONE',  ( 1.000000000000000000, 0.000000000000000000, 0.000000000000000000 ) ) ;
#6219 = LINE ( 'NONE', #4337, #6196 ) ;
#6218 = LINE ( 'NONE', #9490, #6511 ) ;
#6220 = VECTOR ( 'NONE', #10636, 1000.000000000000000 ) ;
#6221 = PLANE ( 'NONE',  #9403 ) ;
#6222 = DIRECTION ( 'NONE',  ( -0.8660254037844385966, -0.5000000000000001110, 0.000000000000000000 ) ) ;
#6223 = ORIENTED_EDGE ( 'NONE', *, *, #8463, .T. ) ;
#6224 = CARTESIAN_POINT ( 'NONE',  ( 7.368161339686235323, 19.26202979870123855, 3.350000000000019629 ) ) ;
#6225 = EDGE_CURVE ( 'NONE', #10733, #7220, #4726, .T. ) ;
#6226 = ORIENTED_EDGE ( 'NONE', *, *, #4439, .F. ) ;
#6227 = ORIENTED_EDGE ( 'NONE', *, *, #5442, .T. ) ;
#6228 = AXIS2_PLACEMENT_3D ( 'NONE', #10530, #556, #2381 ) ;
#6229 = PLANE ( 'NONE',  #6638 ) ;
#6230 = FACE_OUTER_BOUND ( 'NONE', #6102, .T. ) ;
#6231 = EDGE_CURVE ( 'NONE', #8323, #2571, #1128, .T. ) ;
#6233 = PLANE ( 'NONE',  #1953 ) ;
#6232 = CARTESIAN_POINT ( 'NONE',  ( 3.250000000000030642, -27.70000000000000284, 6.350000000000022737 ) ) ;
#6234 = DIRECTION ( 'NONE',  ( 0.000000000000000000, -1.000000000000000000, 0.000000000000000000 ) ) ;
#6235 = DIRECTION ( 'NONE',  ( 0.000000000000000000, 1.000000000000000000, -0.000000000000000000 ) ) ;
#6236 = ADVANCED_FACE ( 'NONE', ( #10915 ), #10036, .T. ) ;
#6237 = DIRECTION ( 'NONE',  ( 0.000000000000000000, 0.000000000000000000, 1.000000000000000000 ) ) ;
#6238 = VERTEX_POINT ( 'NONE', #353 ) ;
#6239 = ORIENTED_EDGE ( 'NONE', *, *, #252, .T. ) ;
#6240 = VERTEX_POINT ( 'NONE', #10156 ) ;
#6241 = VERTEX_POINT ( 'NONE', #5552 ) ;
#6242 = CARTESIAN_POINT ( 'NONE',  ( 23.33373945817676898, -20.00000000000001776, 4.350000000000027178 ) ) ;
#6243 = ADVANCED_FACE ( 'NONE', ( #8314 ), #6434, .F. ) ;
#6244 = DIRECTION ( 'NONE',  ( 0.000000000000000000, 0.000000000000000000, 1.000000000000000000 ) ) ;
#6245 = DIRECTION ( 'NONE',  ( -0.8660254037844385966, 0.5000000000000001110, 0.000000000000000000 ) ) ;
#6246 = CARTESIAN_POINT ( 'NONE',  ( -12.96626054182323173, -18.00000000000001421, 3.350000000000019629 ) ) ;
#6247 = ORIENTED_EDGE ( 'NONE', *, *, #2412, .F. ) ;
#6248 = EDGE_LOOP ( 'NONE', ( #8081, #8024, #8471, #10651 ) ) ;
#6249 = EDGE_CURVE ( 'NONE', #3639, #10862, #2953, .T. ) ;
#6250 = ORIENTED_EDGE ( 'NONE', *, *, #3739, .T. ) ;
#6251 = AXIS2_PLACEMENT_3D ( 'NONE', #2875, #6419, #162 ) ;
#6252 = EDGE_LOOP ( 'NONE', ( #10131, #590, #9184, #6677 ) ) ;
#6253 = EDGE_CURVE ( 'NONE', #11068, #9552, #6553, .T. ) ;
#6254 = EDGE_CURVE ( 'NONE', #6238, #8353, #10208, .T. ) ;
#6255 = VERTEX_POINT ( 'NONE', #8374 ) ;
#6256 = DIRECTION ( 'NONE',  ( -0.8660254037844385966, -0.5000000000000001110, 0.000000000000000000 ) ) ;
#6257 = LINE ( 'NONE', #8029, #6144 ) ;
#6258 = CARTESIAN_POINT ( 'NONE',  ( -12.96626054182323173, 17.99999999999996092, -3.649999999999986589 ) ) ;
#6259 = VECTOR ( 'NONE', #10356, 1000.000000000000000 ) ;
#6260 = DIRECTION ( 'NONE',  ( 0.000000000000000000, 0.000000000000000000, 1.000000000000000000 ) ) ;
#6261 = FACE_BOUND ( 'NONE', #6841, .T. ) ;
#6262 = ORIENTED_EDGE ( 'NONE', *, *, #11303, .T. ) ;
#6263 = VECTOR ( 'NONE', #7992, 1000.000000000000000 ) ;
#6264 = DIRECTION ( 'NONE',  ( -0.000000000000000000, 0.000000000000000000, -1.000000000000000000 ) ) ;
#6265 = FACE_OUTER_BOUND ( 'NONE', #1812, .T. ) ;
#6266 = CIRCLE ( 'NONE', #8334, 1.750000000000001554 ) ;
#6267 = AXIS2_PLACEMENT_3D ( 'NONE', #6868, #10643, #7101 ) ;
#6268 = ORIENTED_EDGE ( 'NONE', *, *, #4307, .F. ) ;
#6269 = ORIENTED_EDGE ( 'NONE', *, *, #4297, .F. ) ;
#6270 = FACE_OUTER_BOUND ( 'NONE', #9737, .T. ) ;
#6271 = CARTESIAN_POINT ( 'NONE',  ( -6.423021744734599636, 11.87499999999994316, 2.255140518769849223E-14 ) ) ;
#6272 = FACE_OUTER_BOUND ( 'NONE', #7052, .T. ) ;
#6273 = DIRECTION ( 'NONE',  ( 0.000000000000000000, -1.000000000000000000, 0.000000000000000000 ) ) ;
#6275 = LINE ( 'NONE', #1905, #8828 ) ;
#6274 = CARTESIAN_POINT ( 'NONE',  ( -12.96626054182323529, 10.20822204261331656, 0.000000000000000000 ) ) ;
#6276 = ADVANCED_FACE ( 'NONE', ( #10096 ), #294, .F. ) ;
#6277 = DIRECTION ( 'NONE',  ( 1.000000000000000000, 0.000000000000000000, 0.000000000000000000 ) ) ;
#6278 = LINE ( 'NONE', #9883, #7766 ) ;
#6279 = EDGE_LOOP ( 'NONE', ( #1945, #10089, #2006, #6572 ) ) ;
#6280 = VECTOR ( 'NONE', #562, 1000.000000000000000 ) ;
#6281 = CARTESIAN_POINT ( 'NONE',  ( 6.423021744734604077, -6.124999999999987566, 2.255140518769849223E-14 ) ) ;
#6282 = ORIENTED_EDGE ( 'NONE', *, *, #1711, .T. ) ;
#6283 = AXIS2_PLACEMENT_3D ( 'NONE', #3032, #10174, #2856 ) ;
#6284 = EDGE_CURVE ( 'NONE', #4302, #10027, #1949, .T. ) ;
#6285 = VERTEX_POINT ( 'NONE', #5720 ) ;
#6286 = FACE_OUTER_BOUND ( 'NONE', #10217, .T. ) ;
#6287 = CARTESIAN_POINT ( 'NONE',  ( -20.09626054182323074, 0.000000000000000000, 0.000000000000000000 ) ) ;
#6289 = DIRECTION ( 'NONE',  ( 0.5000000000000001110, 0.8660254037844385966, 0.000000000000000000 ) ) ;
#6288 = LINE ( 'NONE', #1805, #5575 ) ;
#6290 = DIRECTION ( 'NONE',  ( 0.4999999999999997780, 0.8660254037844388186, 0.000000000000000000 ) ) ;
#6291 = DIRECTION ( 'NONE',  ( 0.4999999999999997224, 0.8660254037844387076, 0.000000000000000000 ) ) ;
#6292 = VECTOR ( 'NONE', #1223, 1000.000000000000000 ) ;
#6293 = CARTESIAN_POINT ( 'NONE',  ( 13.03373945817677360, -12.67490104582253174, 6.350000000000022737 ) ) ;
#6294 = ORIENTED_EDGE ( 'NONE', *, *, #7683, .F. ) ;
#6295 = EDGE_CURVE ( 'NONE', #4882, #522, #2118, .T. ) ;
#6296 = VECTOR ( 'NONE', #1035, 1000.000000000000000 ) ;
#6297 = EDGE_CURVE ( 'NONE', #10657, #6491, #1242, .T. ) ;
#6298 = VERTEX_POINT ( 'NONE', #4612 ) ;
#6299 = ORIENTED_EDGE ( 'NONE', *, *, #3950, .F. ) ;
#6300 = EDGE_CURVE ( 'NONE', #6734, #8211, #3779, .T. ) ;
#6301 = CARTESIAN_POINT ( 'NONE',  ( 3.250000000000030642, -27.70000000000000284, 3.350000000000019629 ) ) ;
#6302 = LINE ( 'NONE', #1817, #8621 ) ;
#6303 = LINE ( 'NONE', #11615, #9164 ) ;
#6304 = DIRECTION ( 'NONE',  ( -0.5000000000000002220, 0.8660254037844384856, 0.000000000000000000 ) ) ;
#6305 = ORIENTED_EDGE ( 'NONE', *, *, #8455, .T. ) ;
#6306 = CARTESIAN_POINT ( 'NONE',  ( -12.77387470582048579, -1.624999999999996669, 6.350000000000022737 ) ) ;
#6307 = ORIENTED_EDGE ( 'NONE', *, *, #685, .T. ) ;
#6308 = ORIENTED_EDGE ( 'NONE', *, *, #9509, .T. ) ;
#6309 = EDGE_CURVE ( 'NONE', #9622, #5782, #7368, .T. ) ;
#6310 = EDGE_CURVE ( 'NONE', #4486, #388, #3723, .T. ) ;
#6311 = EDGE_CURVE ( 'NONE', #8604, #10795, #1008, .T. ) ;
#6312 = ORIENTED_EDGE ( 'NONE', *, *, #5734, .F. ) ;
#6313 = EDGE_CURVE ( 'NONE', #9324, #5152, #9379, .T. ) ;
#6314 = VECTOR ( 'NONE', #6208, 1000.000000000000000 ) ;
#6315 = EDGE_CURVE ( 'NONE', #6255, #1397, #7722, .T. ) ;
#6316 = ORIENTED_EDGE ( 'NONE', *, *, #2260, .F. ) ;
#6317 = AXIS2_PLACEMENT_3D ( 'NONE', #7633, #9590, #2321 ) ;
#6318 = DIRECTION ( 'NONE',  ( -0.5000000000000002220, 0.8660254037844384856, 0.000000000000000000 ) ) ;
#6319 = CARTESIAN_POINT ( 'NONE',  ( -11.40266781649512851, 14.74999999999993072, 2.255140518769849223E-14 ) ) ;
#6320 = CARTESIAN_POINT ( 'NONE',  ( 20.78373945817676827, 0.000000000000000000, 0.000000000000000000 ) ) ;
#6321 = LINE ( 'NONE', #9752, #3408 ) ;
#6322 = FACE_BOUND ( 'NONE', #10307, .T. ) ;
#6323 = EDGE_LOOP ( 'NONE', ( #11136, #10538 ) ) ;
#6324 = EDGE_CURVE ( 'NONE', #8250, #3380, #2354, .T. ) ;
#6325 = APPLICATION_PROTOCOL_DEFINITION ( 'draft international standard', 'automotive_design', 1998, #1866 ) ;
#6326 = VECTOR ( 'NONE', #11188, 1000.000000000000000 ) ;
#6327 = CARTESIAN_POINT ( 'NONE',  ( -12.96626054182322285, -10.20822204261329702, -3.649999999999986589 ) ) ;
#6328 = VECTOR ( 'NONE', #2985, 1000.000000000000114 ) ;
#6329 = VECTOR ( 'NONE', #1345, 1000.000000000000000 ) ;
#6330 = EDGE_LOOP ( 'NONE', ( #11607, #11273, #7393 ) ) ;
#6331 = ORIENTED_EDGE ( 'NONE', *, *, #1536, .F. ) ;
#6332 = VECTOR ( 'NONE', #11530, 1000.000000000000000 ) ;
#6333 = LINE ( 'NONE', #76, #2080 ) ;
#6334 = DIRECTION ( 'NONE',  ( -0.000000000000000000, 0.000000000000000000, 1.000000000000000000 ) ) ;
#6335 = DIRECTION ( 'NONE',  ( 0.5000000000000001110, -0.8660254037844385966, 0.000000000000000000 ) ) ;
#6336 = AXIS2_PLACEMENT_3D ( 'NONE', #9696, #10519, #7796 ) ;
#6337 = CARTESIAN_POINT ( 'NONE',  ( 7.866397417708654416, -2.874999999999985345, 2.255140518769849223E-14 ) ) ;
#6338 = EDGE_CURVE ( 'NONE', #1500, #1016, #4248, .T. ) ;
#6340 = CARTESIAN_POINT ( 'NONE',  ( 1.876388374866280184, -20.49999999999992895, 6.350000000000022737 ) ) ;
#6339 = FACE_OUTER_BOUND ( 'NONE', #1218, .T. ) ;
#6341 = LINE ( 'NONE', #83, #11093 ) ;
#6342 = CARTESIAN_POINT ( 'NONE',  ( -20.09626054182323074, -20.00000000000001776, 6.350000000000022737 ) ) ;
#6343 = ORIENTED_EDGE ( 'NONE', *, *, #2996, .F. ) ;
#6344 = LINE ( 'NONE', #4342, #10802 ) ;
#6345 = ORIENTED_EDGE ( 'NONE', *, *, #8763, .T. ) ;
#6346 = VECTOR ( 'NONE', #2591, 1000.000000000000000 ) ;
#6347 = ORIENTED_EDGE ( 'NONE', *, *, #10793, .F. ) ;
#6348 = PLANE ( 'NONE',  #3990 ) ;
#6349 = PLANE ( 'NONE',  #10121 ) ;
#6351 = DIRECTION ( 'NONE',  ( -0.000000000000000000, 0.000000000000000000, 1.000000000000000000 ) ) ;
#6350 = PLANE ( 'NONE',  #5007 ) ;
#6352 = CARTESIAN_POINT ( 'NONE',  ( -12.12435565298215856, -12.74999999999995204, 2.255140518769849223E-14 ) ) ;
#6353 = FACE_OUTER_BOUND ( 'NONE', #9058, .T. ) ;
#6354 = FACE_OUTER_BOUND ( 'NONE', #4542, .T. ) ;
#6355 = ORIENTED_EDGE ( 'NONE', *, *, #337, .T. ) ;
#6356 = AXIS2_PLACEMENT_3D ( 'NONE', #1473, #10504, #4129 ) ;
#6357 = CARTESIAN_POINT ( 'NONE',  ( 6.423021744734604077, -6.124999999999987566, 2.255140518769849223E-14 ) ) ;
#6358 = ORIENTED_EDGE ( 'NONE', *, *, #11126, .F. ) ;
#6359 = ORIENTED_EDGE ( 'NONE', *, *, #10773, .T. ) ;
#6360 = DIRECTION ( 'NONE',  ( -0.5000000000000001110, -0.8660254037844385966, 0.000000000000000000 ) ) ;
#6361 = CARTESIAN_POINT ( 'NONE',  ( -12.96626054182322996, 4.458222042613344982, 6.350000000000022737 ) ) ;
#6362 = FACE_OUTER_BOUND ( 'NONE', #3017, .T. ) ;
#6363 = DIRECTION ( 'NONE',  ( 0.000000000000000000, -0.000000000000000000, -1.000000000000000000 ) ) ;
#6364 = ORIENTED_EDGE ( 'NONE', *, *, #6669, .T. ) ;
#6365 = DIRECTION ( 'NONE',  ( -0.5000000000000001110, 0.8660254037844387076, 0.000000000000000000 ) ) ;
#6366 = CARTESIAN_POINT ( 'NONE',  ( 8.515916470546990524, 8.999999999999953815, 6.350000000000022737 ) ) ;
#6367 = AXIS2_PLACEMENT_3D ( 'NONE', #2688, #4295, #4351 ) ;
#6368 = ORIENTED_EDGE ( 'NONE', *, *, #6634, .T. ) ;
#6369 = ORIENTED_EDGE ( 'NONE', *, *, #8341, .F. ) ;
#6370 = EDGE_CURVE ( 'NONE', #6790, #2275, #645, .T. ) ;
#6371 = ORIENTED_EDGE ( 'NONE', *, *, #2769, .T. ) ;
#6372 = ORIENTED_EDGE ( 'NONE', *, *, #1593, .F. ) ;
#6373 = CIRCLE ( 'NONE', #1485, 4.499999999999997335 ) ;
#6374 = LINE ( 'NONE', #7367, #5139 ) ;
#6375 = CARTESIAN_POINT ( 'NONE',  ( -21.84310355970654172, 3.999999999999984457, 55.35000000000005116 ) ) ;
#6376 = EDGE_CURVE ( 'NONE', #6988, #6547, #7606, .T. ) ;
#6377 = DIRECTION ( 'NONE',  ( -0.000000000000000000, 0.000000000000000000, -1.000000000000000000 ) ) ;
#6378 = FACE_BOUND ( 'NONE', #10050, .T. ) ;
#6379 = ORIENTED_EDGE ( 'NONE', *, *, #11238, .T. ) ;
#6380 = ADVANCED_FACE ( 'NONE', ( #525 ), #6784, .T. ) ;
#6381 = CARTESIAN_POINT ( 'NONE',  ( 7.072540797572925086, -17.24999999999992895, 2.255140518769849223E-14 ) ) ;
#6382 = VECTOR ( 'NONE', #3635, 1000.000000000000000 ) ;
#6383 = EDGE_CURVE ( 'NONE', #286, #7884, #6904, .T. ) ;
#6384 = CARTESIAN_POINT ( 'NONE',  ( 4.979646071760526205, -17.62499999999993960, 2.255140518769849223E-14 ) ) ;
#6385 = ORIENTED_EDGE ( 'NONE', *, *, #6681, .T. ) ;
#6386 = VECTOR ( 'NONE', #6921, 1000.000000000000000 ) ;
#6387 = ORIENTED_EDGE ( 'NONE', *, *, #9748, .F. ) ;
#6388 = ORIENTED_EDGE ( 'NONE', *, *, #11453, .T. ) ;
#6389 = VECTOR ( 'NONE', #7505, 1000.000000000000000 ) ;
#6390 = CARTESIAN_POINT ( 'NONE',  ( -12.96626054182323173, -18.00000000000001421, -3.649999999999986589 ) ) ;
#6391 = DIRECTION ( 'NONE',  ( 1.000000000000000000, 0.000000000000000000, 0.000000000000000000 ) ) ;
#6392 = CARTESIAN_POINT ( 'NONE',  ( 32.78373945817675406, 21.50000000000001066, 0.000000000000000000 ) ) ;
#6393 = ORIENTED_EDGE ( 'NONE', *, *, #4786, .F. ) ;
#6394 = EDGE_CURVE ( 'NONE', #4304, #8180, #9442, .T. ) ;
#6395 = VECTOR ( 'NONE', #5553, 1000.000000000000000 ) ;
#6397 = DIRECTION ( 'NONE',  ( -0.000000000000000000, -0.000000000000000000, -1.000000000000000000 ) ) ;
#6396 = CARTESIAN_POINT ( 'NONE',  ( 7.144709581221619032, 7.374999999999966249, 2.255140518769849223E-14 ) ) ;
#6398 = DIRECTION ( 'NONE',  ( 0.000000000000000000, 0.000000000000000000, 1.000000000000000000 ) ) ;
#6399 = DIRECTION ( 'NONE',  ( -0.8660254037844388186, 0.4999999999999998335, 0.000000000000000000 ) ) ;
#6400 = VERTEX_POINT ( 'NONE', #11202 ) ;
#6401 = CARTESIAN_POINT ( 'NONE',  ( -8.515916470546997630, 8.999999999999953815, 6.350000000000022737 ) ) ;
#6402 = ORIENTED_EDGE ( 'NONE', *, *, #9404, .F. ) ;
#6403 = EDGE_CURVE ( 'NONE', #5357, #5969, #7781, .T. ) ;
#6404 = ADVANCED_FACE ( 'NONE', ( #9560 ), #9501, .F. ) ;
#6405 = EDGE_CURVE ( 'NONE', #3367, #10045, #7663, .T. ) ;
#6406 = ORIENTED_EDGE ( 'NONE', *, *, #2212, .T. ) ;
#6407 = CARTESIAN_POINT ( 'NONE',  ( 13.03373945817676827, -16.07509895417734569, 0.000000000000000000 ) ) ;
#6408 = CARTESIAN_POINT ( 'NONE',  ( -21.84310355970654172, 12.50000000000001776, 55.35000000000005116 ) ) ;
#6409 = AXIS2_PLACEMENT_3D ( 'NONE', #59, #2497, #6097 ) ;
#6411 = LINE ( 'NONE', #1806, #835 ) ;
#6410 = LINE ( 'NONE', #8231, #3872 ) ;
#6412 = CARTESIAN_POINT ( 'NONE',  ( -3.536270398786471869, 16.87499999999994671, 2.255140518769849223E-14 ) ) ;
#6413 = LINE ( 'NONE', #212, #3926 ) ;
#6414 = PLANE ( 'NONE',  #2439 ) ;
#6415 = DIRECTION ( 'NONE',  ( -0.000000000000000000, 0.000000000000000000, -1.000000000000000000 ) ) ;
#6416 = ORIENTED_EDGE ( 'NONE', *, *, #3858, .F. ) ;
#6417 = AXIS2_PLACEMENT_3D ( 'NONE', #8695, #9524, #1443 ) ;
#6418 = ORIENTED_EDGE ( 'NONE', *, *, #7690, .T. ) ;
#6419 = DIRECTION ( 'NONE',  ( -0.8660254037844385966, -0.5000000000000001110, 0.000000000000000000 ) ) ;
#6420 = VERTEX_POINT ( 'NONE', #5961 ) ;
#6421 = ORIENTED_EDGE ( 'NONE', *, *, #10263, .T. ) ;
#6422 = CARTESIAN_POINT ( 'NONE',  ( 11.40266781649511785, 14.74999999999993072, 6.350000000000022737 ) ) ;
#6423 = CARTESIAN_POINT ( 'NONE',  ( 7.072540797572925086, 4.336808689942017736E-16, 2.255140518769849223E-14 ) ) ;
#6424 = FACE_OUTER_BOUND ( 'NONE', #3418, .T. ) ;
#6425 = CARTESIAN_POINT ( 'NONE',  ( -30.34310355970659501, -12.50000000000001776, 46.84999999999998721 ) ) ;
#6426 = VERTEX_POINT ( 'NONE', #3371 ) ;
#6427 = DIRECTION ( 'NONE',  ( -0.8660254037844385966, -0.5000000000000001110, 0.000000000000000000 ) ) ;
#6428 = DIRECTION ( 'NONE',  ( 0.000000000000000000, -1.000000000000000000, 0.000000000000000000 ) ) ;
#6429 = VERTEX_POINT ( 'NONE', #3190 ) ;
#6430 = ORIENTED_EDGE ( 'NONE', *, *, #9346, .T. ) ;
#6431 = ORIENTED_EDGE ( 'NONE', *, *, #7436, .F. ) ;
#6432 = EDGE_LOOP ( 'NONE', ( #5142, #11299, #4168, #11141 ) ) ;
#6433 = CYLINDRICAL_SURFACE ( 'NONE', #3455, 1.499999999999996225 ) ;
#6434 = PLANE ( 'NONE',  #2408 ) ;
#6435 = LINE ( 'NONE', #4669, #5637 ) ;
#6436 = FACE_BOUND ( 'NONE', #2676, .T. ) ;
#6437 = VERTEX_POINT ( 'NONE', #8610 ) ;
#6438 = AXIS2_PLACEMENT_3D ( 'NONE', #3770, #7361, #9195 ) ;
#6439 = ORIENTED_EDGE ( 'NONE', *, *, #1854, .T. ) ;
#6440 = EDGE_CURVE ( 'NONE', #4477, #9100, #3246, .T. ) ;
#6441 = ORIENTED_EDGE ( 'NONE', *, *, #7545, .F. ) ;
#6442 = EDGE_LOOP ( 'NONE', ( #6247, #4372, #8214, #2639 ) ) ;
#6443 = AXIS2_PLACEMENT_3D ( 'NONE', #3628, #5577, #9228 ) ;
#6444 = DIRECTION ( 'NONE',  ( 0.000000000000000000, 0.000000000000000000, -1.000000000000000000 ) ) ;
#6445 = EDGE_CURVE ( 'NONE', #8309, #1397, #2414, .T. ) ;
#6446 = DIRECTION ( 'NONE',  ( -0.8660254037844385966, -0.5000000000000001110, 0.000000000000000000 ) ) ;
#6447 = EDGE_CURVE ( 'NONE', #5288, #8575, #2177, .T. ) ;
#6448 = DIRECTION ( 'NONE',  ( 0.000000000000000000, 0.000000000000000000, 1.000000000000000000 ) ) ;
#6449 = EDGE_LOOP ( 'NONE', ( #10762, #6897, #11307, #2183 ) ) ;
#6451 = DIRECTION ( 'NONE',  ( -0.5000000000000002220, 0.8660254037844384856, 0.000000000000000000 ) ) ;
#6450 = DIRECTION ( 'NONE',  ( 0.4999999999999997224, 0.8660254037844387076, 0.000000000000000000 ) ) ;
#6452 = LINE ( 'NONE', #2968, #3385 ) ;
#6453 = VECTOR ( 'NONE', #3845, 1000.000000000000000 ) ;
#6454 = LINE ( 'NONE', #10054, #2075 ) ;
#6455 = ORIENTED_EDGE ( 'NONE', *, *, #5515, .T. ) ;
#6456 = AXIS2_PLACEMENT_3D ( 'NONE', #11041, #3905, #11159 ) ;
#6457 = FACE_OUTER_BOUND ( 'NONE', #5234, .T. ) ;
#6458 = EDGE_LOOP ( 'NONE', ( #9163, #11382, #6402, #10819, #5447, #7354 ) ) ;
#6459 = EDGE_CURVE ( 'NONE', #8725, #1123, #4187, .T. ) ;
#6460 = ADVANCED_FACE ( 'NONE', ( #6019 ), #9617, .F. ) ;
#6461 = EDGE_CURVE ( 'NONE', #11673, #10386, #1359, .T. ) ;
#6462 = ORIENTED_EDGE ( 'NONE', *, *, #5418, .T. ) ;
#6463 = VECTOR ( 'NONE', #2237, 1000.000000000000000 ) ;
#6464 = CARTESIAN_POINT ( 'NONE',  ( 23.33373945817676898, -20.00000000000001776, 0.000000000000000000 ) ) ;
#6465 = FACE_OUTER_BOUND ( 'NONE', #8726, .T. ) ;
#6467 = CARTESIAN_POINT ( 'NONE',  ( 2.814582562299422719, -13.12499999999995204, 2.255140518769849223E-14 ) ) ;
#6466 = DIRECTION ( 'NONE',  ( 0.8660254037844385966, -0.5000000000000001110, 0.000000000000000000 ) ) ;
#6468 = ADVANCED_FACE ( 'NONE', ( #6075 ), #820, .T. ) ;
#6469 = CARTESIAN_POINT ( 'NONE',  ( -8.515916470546997630, 3.249999999999978240, 2.255140518769849223E-14 ) ) ;
#6470 = CARTESIAN_POINT ( 'NONE',  ( -7.144709581221632355, 13.12499999999994316, 2.255140518769849223E-14 ) ) ;
#6471 = FACE_BOUND ( 'NONE', #11043, .T. ) ;
#6472 = ADVANCED_FACE ( 'NONE', ( #8903 ), #9741, .F. ) ;
#6473 = EDGE_CURVE ( 'NONE', #9746, #4898, #4537, .T. ) ;
#6474 = DIRECTION ( 'NONE',  ( -0.8660254037844385966, -0.5000000000000001110, 0.000000000000000000 ) ) ;
#6475 = ORIENTED_EDGE ( 'NONE', *, *, #10435, .F. ) ;
#6476 = ORIENTED_EDGE ( 'NONE', *, *, #3268, .T. ) ;
#6477 = DIRECTION ( 'NONE',  ( 0.5000000000000001110, -0.8660254037844385966, 0.000000000000000000 ) ) ;
#6478 = ORIENTED_EDGE ( 'NONE', *, *, #11210, .F. ) ;
#6479 = ORIENTED_EDGE ( 'NONE', *, *, #3658, .T. ) ;
#6480 = VECTOR ( 'NONE', #10726, 1000.000000000000000 ) ;
#6481 = CARTESIAN_POINT ( 'NONE',  ( 12.84604348946918151, 11.49999999999995381, 2.255140518769849223E-14 ) ) ;
#6482 = CARTESIAN_POINT ( 'NONE',  ( 23.33373945817676898, 3.122849337825748940E-16, 0.000000000000000000 ) ) ;
#6483 = LINE ( 'NONE', #4770, #878 ) ;
#6484 = DIRECTION ( 'NONE',  ( 0.5000000000000001110, 0.8660254037844385966, 0.000000000000000000 ) ) ;
#6485 = ORIENTED_EDGE ( 'NONE', *, *, #7308, .T. ) ;
#6486 = PLANE ( 'NONE',  #6065 ) ;
#6487 = DIRECTION ( 'NONE',  ( 0.000000000000000000, 0.000000000000000000, -1.000000000000000000 ) ) ;
#6488 = VERTEX_POINT ( 'NONE', #8958 ) ;
#6489 = ORIENTED_EDGE ( 'NONE', *, *, #2428, .T. ) ;
#6490 = AXIS2_PLACEMENT_3D ( 'NONE', #9030, #2773, #3605 ) ;
#6491 = VERTEX_POINT ( 'NONE', #709 ) ;
#6492 = ORIENTED_EDGE ( 'NONE', *, *, #42, .T. ) ;
#6493 = PLANE ( 'NONE',  #4395 ) ;
#6494 = CARTESIAN_POINT ( 'NONE',  ( 13.03373945817676294, 0.000000000000000000, 0.000000000000000000 ) ) ;
#6495 = CARTESIAN_POINT ( 'NONE',  ( -2.092894725812406875, 14.37499999999994316, 2.255140518769849223E-14 ) ) ;
#6496 = CARTESIAN_POINT ( 'NONE',  ( -2.814582562299425827, -1.625000000000000666, 6.350000000000022737 ) ) ;
#6497 = ORIENTED_EDGE ( 'NONE', *, *, #7905, .T. ) ;
#6498 = ORIENTED_EDGE ( 'NONE', *, *, #8200, .T. ) ;
#6499 = VECTOR ( 'NONE', #7665, 1000.000000000000000 ) ;
#6500 = VERTEX_POINT ( 'NONE', #11501 ) ;
#6501 = ORIENTED_EDGE ( 'NONE', *, *, #7502, .F. ) ;
#6502 = DIRECTION ( 'NONE',  ( -0.5000000000000002220, 0.8660254037844384856, 0.000000000000000000 ) ) ;
#6503 = PLANE ( 'NONE',  #6643 ) ;
#6504 = DIRECTION ( 'NONE',  ( 0.4999999999999997780, 0.8660254037844388186, 0.000000000000000000 ) ) ;
#6505 = ORIENTED_EDGE ( 'NONE', *, *, #3630, .F. ) ;
#6506 = VECTOR ( 'NONE', #10137, 1000.000000000000000 ) ;
#6508 = CARTESIAN_POINT ( 'NONE',  ( -6.423021744734612071, -0.3750000000000109357, 6.350000000000022737 ) ) ;
#6507 = FACE_OUTER_BOUND ( 'NONE', #4595, .T. ) ;
#6509 = AXIS2_PLACEMENT_3D ( 'NONE', #7580, #8467, #2152 ) ;
#6510 = CARTESIAN_POINT ( 'NONE',  ( -2.886751345948132208, -11.49999999999995204, 2.255140518769849223E-14 ) ) ;
#6511 = VECTOR ( 'NONE', #11315, 1000.000000000000000 ) ;
#6512 = CARTESIAN_POINT ( 'NONE',  ( 8.515916470546990524, 14.74999999999993072, 6.350000000000022737 ) ) ;
#6513 = ORIENTED_EDGE ( 'NONE', *, *, #1125, .T. ) ;
#6514 = CARTESIAN_POINT ( 'NONE',  ( 0.000000000000000000, 18.00000000000001421, 0.000000000000000000 ) ) ;
#6515 = EDGE_CURVE ( 'NONE', #8613, #2243, #3725, .T. ) ;
#6516 = CONICAL_SURFACE ( 'NONE', #9343, 2.550000000000000266, 0.7853981633974492782 ) ;
#6517 = ORIENTED_EDGE ( 'NONE', *, *, #2122, .F. ) ;
#6518 = VECTOR ( 'NONE', #5327, 1000.000000000000000 ) ;
#6519 = DIRECTION ( 'NONE',  ( 1.000000000000000000, 0.000000000000000000, 0.000000000000000000 ) ) ;
#6520 = CARTESIAN_POINT ( 'NONE',  ( 12.05218686933345218, -14.37499999999993960, 6.350000000000022737 ) ) ;
#6521 = CARTESIAN_POINT ( 'NONE',  ( -1.443375672974080093, 8.249999999999953815, 2.255140518769849223E-14 ) ) ;
#6522 = CARTESIAN_POINT ( 'NONE',  ( 23.33373945817676898, 20.00000000000001776, 4.350000000000027178 ) ) ;
#6523 = EDGE_CURVE ( 'NONE', #9100, #8939, #879, .T. ) ;
#6524 = CARTESIAN_POINT ( 'NONE',  ( 32.78373945817675406, -21.50000000000000000, 0.000000000000000000 ) ) ;
#6525 = AXIS2_PLACEMENT_3D ( 'NONE', #5793, #9393, #7563 ) ;
#6526 = EDGE_CURVE ( 'NONE', #10027, #8645, #1652, .T. ) ;
#6527 = CARTESIAN_POINT ( 'NONE',  ( 0.000000000000000000, 0.000000000000000000, 3.350000000000019629 ) ) ;
#6528 = EDGE_CURVE ( 'NONE', #8213, #10778, #7016, .T. ) ;
#6529 = CARTESIAN_POINT ( 'NONE',  ( 0.000000000000000000, -18.00000000000001421, 0.000000000000000000 ) ) ;
#6530 = EDGE_CURVE ( 'NONE', #11392, #7621, #2590, .T. ) ;
#6531 = VECTOR ( 'NONE', #2940, 1000.000000000000000 ) ;
#6532 = ORIENTED_EDGE ( 'NONE', *, *, #2274, .F. ) ;
#6533 = EDGE_LOOP ( 'NONE', ( #9665, #1469, #5203, #5291 ) ) ;
#6534 = FACE_OUTER_BOUND ( 'NONE', #3700, .T. ) ;
#6535 = VERTEX_POINT ( 'NONE', #53 ) ;
#6536 = ORIENTED_EDGE ( 'NONE', *, *, #7600, .T. ) ;
#6538 = PLANE ( 'NONE',  #4606 ) ;
#6537 = LINE ( 'NONE', #9918, #9902 ) ;
#6539 = DIRECTION ( 'NONE',  ( -3.373073425510458458E-16, 1.000000000000000000, 0.000000000000000000 ) ) ;
#6540 = CARTESIAN_POINT ( 'NONE',  ( -12.96626054182322463, -15.95822204261328281, 0.000000000000000000 ) ) ;
#6541 = FACE_OUTER_BOUND ( 'NONE', #10088, .T. ) ;
#6542 = ORIENTED_EDGE ( 'NONE', *, *, #2840, .T. ) ;
#6543 = CARTESIAN_POINT ( 'NONE',  ( 32.78373945817675406, -21.50000000000000000, 6.350000000000022737 ) ) ;
#6544 = VECTOR ( 'NONE', #7999, 1000.000000000000000 ) ;
#6545 = DIRECTION ( 'NONE',  ( 1.000000000000000000, 0.000000000000000000, 0.000000000000000000 ) ) ;
#6546 = ORIENTED_EDGE ( 'NONE', *, *, #6660, .T. ) ;
#6547 = VERTEX_POINT ( 'NONE', #3647 ) ;
#6548 = ORIENTED_EDGE ( 'NONE', *, *, #3715, .F. ) ;
#6549 = ADVANCED_FACE ( 'NONE', ( #5364 ), #8847, .F. ) ;
#6550 = VERTEX_POINT ( 'NONE', #2473 ) ;
#6551 = EDGE_CURVE ( 'NONE', #1763, #5231, #4363, .T. ) ;
#6552 = CARTESIAN_POINT ( 'NONE',  ( -4.979646071760535087, 17.62499999999994671, 2.255140518769849223E-14 ) ) ;
#6553 = LINE ( 'NONE', #9151, #8430 ) ;
#6554 = CARTESIAN_POINT ( 'NONE',  ( -7.072540797572933080, -17.24999999999992895, 2.255140518769849223E-14 ) ) ;
#6555 = VECTOR ( 'NONE', #1664, 1000.000000000000000 ) ;
#6556 = CARTESIAN_POINT ( 'NONE',  ( -25.79626054182322648, -20.00000000000001776, 6.350000000000022737 ) ) ;
#6557 = EDGE_LOOP ( 'NONE', ( #6294, #11212, #11155, #6022 ) ) ;
#6558 = ORIENTED_EDGE ( 'NONE', *, *, #7622, .F. ) ;
#6559 = VECTOR ( 'NONE', #8347, 1000.000000000000000 ) ;
#6560 = ORIENTED_EDGE ( 'NONE', *, *, #1040, .T. ) ;
#6561 = ORIENTED_EDGE ( 'NONE', *, *, #6661, .T. ) ;
#6562 = DIRECTION ( 'NONE',  ( 0.000000000000000000, -1.000000000000000000, 0.000000000000000000 ) ) ;
#6563 = DIRECTION ( 'NONE',  ( -0.8660254037844385966, -0.5000000000000001110, 0.000000000000000000 ) ) ;
#6564 = AXIS2_PLACEMENT_3D ( 'NONE', #7286, #10012, #981 ) ;
#6565 = PLANE ( 'NONE',  #2749 ) ;
#6566 = EDGE_LOOP ( 'NONE', ( #7363, #4281, #9747, #4286, #10257, #7919 ) ) ;
#6568 = LINE ( 'NONE', #7682, #11472 ) ;
#6567 = DIRECTION ( 'NONE',  ( -0.000000000000000000, 0.000000000000000000, 1.000000000000000000 ) ) ;
#6569 = LINE ( 'NONE', #5684, #9024 ) ;
#6570 = AXIS2_PLACEMENT_3D ( 'NONE', #3401, #617, #7810 ) ;
#6571 = LINE ( 'NONE', #3683, #231 ) ;
#6572 = ORIENTED_EDGE ( 'NONE', *, *, #1479, .T. ) ;
#6573 = DIRECTION ( 'NONE',  ( 0.8660254037844388186, -0.4999999999999997780, 0.000000000000000000 ) ) ;
#6574 = VECTOR ( 'NONE', #10891, 1000.000000000000114 ) ;
#6575 = ORIENTED_EDGE ( 'NONE', *, *, #2582, .F. ) ;
#6576 = DIRECTION ( 'NONE',  ( 0.5000000000000001110, -0.8660254037844385966, 0.000000000000000000 ) ) ;
#6577 = CARTESIAN_POINT ( 'NONE',  ( 7.368161339686235323, 34.17780897597563694, 6.350000000000022737 ) ) ;
#6578 = AXIS2_PLACEMENT_3D ( 'NONE', #3868, #7460, #6583 ) ;
#6579 = CARTESIAN_POINT ( 'NONE',  ( 3.536270398786450997, -0.3750000000000124900, 2.255140518769849223E-14 ) ) ;
#6580 = DIRECTION ( 'NONE',  ( 1.000000000000000000, 4.003208021484940511E-16, 0.000000000000000000 ) ) ;
#6581 = DIRECTION ( 'NONE',  ( -0.5000000000000002220, 0.8660254037844384856, 0.000000000000000000 ) ) ;
#6582 = EDGE_CURVE ( 'NONE', #1940, #300, #9681, .T. ) ;
#6583 = DIRECTION ( 'NONE',  ( 0.000000000000000000, -0.000000000000000000, -1.000000000000000000 ) ) ;
#6584 = CARTESIAN_POINT ( 'NONE',  ( 12.41303078757693257, 17.99999999999997158, 6.350000000000022737 ) ) ;
#6585 = ORIENTED_EDGE ( 'NONE', *, *, #6167, .F. ) ;
#6586 = EDGE_CURVE ( 'NONE', #4272, #5357, #11556, .T. ) ;
#6587 = LINE ( 'NONE', #9298, #9648 ) ;
#6588 = EDGE_LOOP ( 'NONE', ( #10654, #3558 ) ) ;
#6589 = ORIENTED_EDGE ( 'NONE', *, *, #10570, .T. ) ;
#6591 = DIRECTION ( 'NONE',  ( 3.373073425510458458E-16, -1.000000000000000000, 0.000000000000000000 ) ) ;
#6590 = CARTESIAN_POINT ( 'NONE',  ( -7.866397417708661521, 2.874999999999990230, 6.350000000000022737 ) ) ;
#6592 = ADVANCED_FACE ( 'NONE', ( #6194 ), #9798, .F. ) ;
#6593 = CARTESIAN_POINT ( 'NONE',  ( 2.165063509461100377, 12.74999999999994138, 6.350000000000022737 ) ) ;
#6594 = EDGE_CURVE ( 'NONE', #8323, #4750, #5311, .T. ) ;
#6595 = CARTESIAN_POINT ( 'NONE',  ( -3.536270398786467428, 0.3749999999999895084, 6.350000000000022737 ) ) ;
#6596 = LINE ( 'NONE', #10373, #10272 ) ;
#6597 = PLANE ( 'NONE',  #3981 ) ;
#6598 = CARTESIAN_POINT ( 'NONE',  ( -20.09626054182323074, -20.00000000000001776, 4.350000000000028955 ) ) ;
#6599 = CONICAL_SURFACE ( 'NONE', #946, 3.700000000000001954, 0.7853981633974485010 ) ;
#6600 = CARTESIAN_POINT ( 'NONE',  ( -3.216260541823223740, 24.69999999999997087, 6.350000000000022737 ) ) ;
#6601 = ORIENTED_EDGE ( 'NONE', *, *, #1649, .T. ) ;
#6602 = ORIENTED_EDGE ( 'NONE', *, *, #10286, .T. ) ;
#6603 = ORIENTED_EDGE ( 'NONE', *, *, #2190, .F. ) ;
#6604 = VECTOR ( 'NONE', #3609, 1000.000000000000114 ) ;
#6605 = EDGE_CURVE ( 'NONE', #11035, #2215, #8793, .T. ) ;
#6606 = EDGE_CURVE ( 'NONE', #5776, #7294, #6302, .T. ) ;
#6607 = ORIENTED_EDGE ( 'NONE', *, *, #2599, .T. ) ;
#6608 = PLANE ( 'NONE',  #10229 ) ;
#6609 = DIRECTION ( 'NONE',  ( 0.000000000000000000, 0.000000000000000000, 1.000000000000000000 ) ) ;
#6610 = CARTESIAN_POINT ( 'NONE',  ( -7.794228634059964911, -6.999999999999973355, 2.255140518769849223E-14 ) ) ;
#6611 = PLANE ( 'NONE',  #10827 ) ;
#6612 = ORIENTED_EDGE ( 'NONE', *, *, #4236, .T. ) ;
#6613 = EDGE_CURVE ( 'NONE', #9968, #9463, #3821, .T. ) ;
#6614 = EDGE_CURVE ( 'NONE', #770, #4898, #2939, .T. ) ;
#6615 = EDGE_CURVE ( 'NONE', #8255, #6240, #7238, .T. ) ;
#6616 = ORIENTED_EDGE ( 'NONE', *, *, #1197, .F. ) ;
#6617 = AXIS2_PLACEMENT_3D ( 'NONE', #4330, #8866, #1670 ) ;
#6618 = VERTEX_POINT ( 'NONE', #4829 ) ;
#6619 = ORIENTED_EDGE ( 'NONE', *, *, #10794, .F. ) ;
#6620 = CARTESIAN_POINT ( 'NONE',  ( -12.77387470582048756, 7.374999999999980460, 2.255140518769849223E-14 ) ) ;
#6621 = CARTESIAN_POINT ( 'NONE',  ( 2.886751345948125103, -17.24999999999992895, 6.350000000000022737 ) ) ;
#6622 = DIRECTION ( 'NONE',  ( -3.373073425510458458E-16, 1.000000000000000000, 0.000000000000000000 ) ) ;
#6623 = ORIENTED_EDGE ( 'NONE', *, *, #1911, .F. ) ;
#6625 = CARTESIAN_POINT ( 'NONE',  ( -12.05218686933346284, 8.624999999999968026, 2.255140518769849223E-14 ) ) ;
#6624 = LINE ( 'NONE', #2137, #4453 ) ;
#6626 = CARTESIAN_POINT ( 'NONE',  ( 12.77387470582047868, 9.874999999999953815, 2.255140518769849223E-14 ) ) ;
#6627 = CARTESIAN_POINT ( 'NONE',  ( -2.165063509461099933, 15.99999999999993072, 2.255140518769849223E-14 ) ) ;
#6628 = ORIENTED_EDGE ( 'NONE', *, *, #8278, .F. ) ;
#6629 = CARTESIAN_POINT ( 'NONE',  ( -2.886751345948132208, 17.24999999999993250, 6.350000000000022737 ) ) ;
#6630 = VECTOR ( 'NONE', #5008, 1000.000000000000000 ) ;
#6631 = ORIENTED_EDGE ( 'NONE', *, *, #6528, .T. ) ;
#6632 = FACE_OUTER_BOUND ( 'NONE', #8192, .T. ) ;
#6633 = CARTESIAN_POINT ( 'NONE',  ( -12.84604348946919039, 3.903127820947815962E-15, 2.255140518769849223E-14 ) ) ;
#6634 = EDGE_CURVE ( 'NONE', #6734, #5742, #1112, .T. ) ;
#6635 = VECTOR ( 'NONE', #7497, 1000.000000000000000 ) ;
#6636 = PLANE ( 'NONE',  #5583 ) ;
#6637 = LINE ( 'NONE', #10238, #3373 ) ;
#6638 = AXIS2_PLACEMENT_3D ( 'NONE', #862, #9721, #8829 ) ;
#6639 = DIRECTION ( 'NONE',  ( -0.5000000000000002220, 0.8660254037844384856, 0.000000000000000000 ) ) ;
#6640 = CARTESIAN_POINT ( 'NONE',  ( 6.423021744734588978, 16.87499999999994671, 2.255140518769849223E-14 ) ) ;
#6641 = LINE ( 'NONE', #385, #111 ) ;
#6642 = VERTEX_POINT ( 'NONE', #4655 ) ;
#6643 = AXIS2_PLACEMENT_3D ( 'NONE', #2019, #6446, #8275 ) ;
#6644 = ORIENTED_EDGE ( 'NONE', *, *, #2778, .F. ) ;
#6645 = DIRECTION ( 'NONE',  ( -0.7071067811865477948, 8.659560562354936556E-17, 0.7071067811865473507 ) ) ;
#6646 = ORIENTED_EDGE ( 'NONE', *, *, #9898, .T. ) ;
#6647 = VERTEX_POINT ( 'NONE', #6482 ) ;
#6649 = DIRECTION ( 'NONE',  ( 1.000000000000000000, 0.000000000000000000, 0.000000000000000000 ) ) ;
#6648 = CARTESIAN_POINT ( 'NONE',  ( -7.072540797572933080, -11.49999999999995204, 2.255140518769849223E-14 ) ) ;
#6650 = LINE ( 'NONE', #2225, #2600 ) ;
#6651 = DIRECTION ( 'NONE',  ( 0.5000000000000001110, -0.8660254037844385966, 0.000000000000000000 ) ) ;
#6652 = CARTESIAN_POINT ( 'NONE',  ( -12.96626054182323706, 15.95822204261329169, 0.000000000000000000 ) ) ;
#6653 = FACE_OUTER_BOUND ( 'NONE', #3092, .T. ) ;
#6654 = FACE_OUTER_BOUND ( 'NONE', #4723, .T. ) ;
#6655 = ADVANCED_FACE ( 'NONE', ( #7475 ), #5540, .F. ) ;
#6656 = CARTESIAN_POINT ( 'NONE',  ( 2.165063509461100377, -4.499999999999986677, 2.255140518769849223E-14 ) ) ;
#6657 = ORIENTED_EDGE ( 'NONE', *, *, #13, .T. ) ;
#6658 = VERTEX_POINT ( 'NONE', #1224 ) ;
#6659 = ORIENTED_EDGE ( 'NONE', *, *, #1766, .T. ) ;
#6660 = EDGE_CURVE ( 'NONE', #3774, #1826, #3882, .T. ) ;
#6661 = EDGE_CURVE ( 'NONE', #1016, #1091, #279, .T. ) ;
#6662 = VECTOR ( 'NONE', #7628, 1000.000000000000000 ) ;
#6663 = VERTEX_POINT ( 'NONE', #11071 ) ;
#6664 = DIRECTION ( 'NONE',  ( -0.5000000000000001110, -0.8660254037844385966, 0.000000000000000000 ) ) ;
#6665 = CARTESIAN_POINT ( 'NONE',  ( 7.794228634059957805, -18.49999999999992895, 2.255140518769849223E-14 ) ) ;
#6666 = DIRECTION ( 'NONE',  ( 0.000000000000000000, 0.000000000000000000, 1.000000000000000000 ) ) ;
#6667 = FACE_BOUND ( 'NONE', #8525, .T. ) ;
#6668 = ORIENTED_EDGE ( 'NONE', *, *, #8339, .F. ) ;
#6669 = EDGE_CURVE ( 'NONE', #472, #10256, #2998, .T. ) ;
#6670 = EDGE_CURVE ( 'NONE', #3380, #7220, #8302, .T. ) ;
#6671 = VECTOR ( 'NONE', #3937, 1000.000000000000000 ) ;
#6672 = EDGE_CURVE ( 'NONE', #882, #8766, #5598, .T. ) ;
#6673 = ORIENTED_EDGE ( 'NONE', *, *, #313, .F. ) ;
#6674 = EDGE_CURVE ( 'NONE', #8586, #1425, #4489, .T. ) ;
#6675 = ORIENTED_EDGE ( 'NONE', *, *, #5597, .F. ) ;
#6676 = EDGE_CURVE ( 'NONE', #503, #6202, #4710, .T. ) ;
#6677 = ORIENTED_EDGE ( 'NONE', *, *, #5661, .F. ) ;
#6678 = EDGE_LOOP ( 'NONE', ( #2681, #9929 ) ) ;
#6679 = CARTESIAN_POINT ( 'NONE',  ( 13.03373945817676294, 18.00000000000001421, 6.350000000000022737 ) ) ;
#6680 = CARTESIAN_POINT ( 'NONE',  ( 4.979646071760526205, 0.3749999999999877320, 2.255140518769849223E-14 ) ) ;
#6681 = EDGE_CURVE ( 'NONE', #4848, #8672, #9076, .T. ) ;
#6682 = FACE_OUTER_BOUND ( 'NONE', #10964, .T. ) ;
#6683 = DIRECTION ( 'NONE',  ( 0.000000000000000000, -0.000000000000000000, -1.000000000000000000 ) ) ;
#6684 = ORIENTED_EDGE ( 'NONE', *, *, #6394, .F. ) ;
#6686 = PLANE ( 'NONE',  #9591 ) ;
#6685 = DIRECTION ( 'NONE',  ( 0.000000000000000000, 0.000000000000000000, 1.000000000000000000 ) ) ;
#6687 = CARTESIAN_POINT ( 'NONE',  ( -6.639528095680764963, -18.00000000000001776, 0.000000000000000000 ) ) ;
#6688 = DIRECTION ( 'NONE',  ( -1.000000000000000000, 0.000000000000000000, 0.000000000000000000 ) ) ;
#6689 = DIRECTION ( 'NONE',  ( 0.5000000000000001110, -0.8660254037844385966, 0.000000000000000000 ) ) ;
#6690 = VERTEX_POINT ( 'NONE', #6423 ) ;
#6691 = VERTEX_POINT ( 'NONE', #2759 ) ;
#6692 = VECTOR ( 'NONE', #7359, 1000.000000000000000 ) ;
#6693 = DIRECTION ( 'NONE',  ( -0.000000000000000000, 1.000000000000000000, -0.000000000000000000 ) ) ;
#6694 = LINE ( 'NONE', #6810, #100 ) ;
#6695 = ADVANCED_FACE ( 'NONE', ( #10141 ), #10024, .T. ) ;
#6696 = AXIS2_PLACEMENT_3D ( 'NONE', #2078, #9221, #1142 ) ;
#6697 = CARTESIAN_POINT ( 'NONE',  ( -6.288372600415925717E-15, 8.249999999999953815, 6.350000000000022737 ) ) ;
#6698 = VECTOR ( 'NONE', #3273, 1000.000000000000000 ) ;
#6699 = CARTESIAN_POINT ( 'NONE',  ( 0.000000000000000000, 0.000000000000000000, 6.350000000000022737 ) ) ;
#6700 = PLANE ( 'NONE',  #1855 ) ;
#6701 = CARTESIAN_POINT ( 'NONE',  ( 7.649891066762594782, -12.50000000000001954, 6.350000000000022737 ) ) ;
#6702 = DIRECTION ( 'NONE',  ( 0.000000000000000000, 0.000000000000000000, 1.000000000000000000 ) ) ;
#6703 = VECTOR ( 'NONE', #4114, 1000.000000000000000 ) ;
#6704 = EDGE_LOOP ( 'NONE', ( #10364, #3172, #9022, #1119 ) ) ;
#6705 = CIRCLE ( 'NONE', #11413, 1.750000000000005107 ) ;
#6706 = ORIENTED_EDGE ( 'NONE', *, *, #2114, .T. ) ;
#6707 = ORIENTED_EDGE ( 'NONE', *, *, #1715, .T. ) ;
#6708 = DIRECTION ( 'NONE',  ( 0.4999999999999997780, 0.8660254037844388186, 0.000000000000000000 ) ) ;
#6709 = VERTEX_POINT ( 'NONE', #10838 ) ;
#6710 = ORIENTED_EDGE ( 'NONE', *, *, #7905, .F. ) ;
#6712 = CARTESIAN_POINT ( 'NONE',  ( -2.814582562299428936, 15.62499999999993072, 6.350000000000022737 ) ) ;
#6711 = LINE ( 'NONE', #10423, #9155 ) ;
#6713 = AXIS2_PLACEMENT_3D ( 'NONE', #2308, #5034, #4853 ) ;
#6714 = DIRECTION ( 'NONE',  ( 0.000000000000000000, 1.000000000000000000, -0.000000000000000000 ) ) ;
#6715 = CARTESIAN_POINT ( 'NONE',  ( -17.54626054182323003, 3.122849337825749926E-16, 6.350000000000022737 ) ) ;
#6716 = DIRECTION ( 'NONE',  ( 0.5000000000000001110, 0.8660254037844385966, -0.000000000000000000 ) ) ;
#6717 = CARTESIAN_POINT ( 'NONE',  ( 2.165063509461097269, 6.999999999999965361, 2.255140518769849223E-14 ) ) ;
#6718 = CARTESIAN_POINT ( 'NONE',  ( -1.443375672974082979, 13.99999999999993072, 6.350000000000022737 ) ) ;
#6719 = DIRECTION ( 'NONE',  ( 0.5000000000000001110, -0.8660254037844385966, 0.000000000000000000 ) ) ;
#6720 = ORIENTED_EDGE ( 'NONE', *, *, #7502, .T. ) ;
#6721 = ORIENTED_EDGE ( 'NONE', *, *, #10203, .F. ) ;
#6722 = ORIENTED_EDGE ( 'NONE', *, *, #9120, .T. ) ;
#6723 = EDGE_LOOP ( 'NONE', ( #6132, #6177, #8124, #9666 ) ) ;
#6724 = DIRECTION ( 'NONE',  ( -0.8660254037844388186, 0.4999999999999998335, 0.000000000000000000 ) ) ;
#6725 = DIRECTION ( 'NONE',  ( 0.000000000000000000, -0.000000000000000000, -1.000000000000000000 ) ) ;
#6726 = DIRECTION ( 'NONE',  ( 1.000000000000000000, 0.000000000000000000, 0.000000000000000000 ) ) ;
#6727 = CARTESIAN_POINT ( 'NONE',  ( -1.443375672974078539, -8.999999999999973355, 2.255140518769849223E-14 ) ) ;
#6728 = ORIENTED_EDGE ( 'NONE', *, *, #2569, .T. ) ;
#6729 = EDGE_CURVE ( 'NONE', #5219, #11137, #2049, .T. ) ;
#6730 = ORIENTED_EDGE ( 'NONE', *, *, #4575, .F. ) ;
#6731 = VERTEX_POINT ( 'NONE', #1166 ) ;
#6732 = VECTOR ( 'NONE', #3510, 1000.000000000000000 ) ;
#6733 = VERTEX_POINT ( 'NONE', #6361 ) ;
#6734 = VERTEX_POINT ( 'NONE', #2103 ) ;
#6735 = EDGE_CURVE ( 'NONE', #10862, #1710, #1875, .T. ) ;
#6736 = VECTOR ( 'NONE', #3067, 1000.000000000000000 ) ;
#6737 = CARTESIAN_POINT ( 'NONE',  ( 13.03373945817676294, 0.000000000000000000, 0.000000000000000000 ) ) ;
#6738 = CARTESIAN_POINT ( 'NONE',  ( 12.84604348946918151, 17.24999999999993250, 2.255140518769849223E-14 ) ) ;
#6739 = PLANE ( 'NONE',  #9505 ) ;
#6740 = CARTESIAN_POINT ( 'NONE',  ( 7.794228634059957805, 15.99999999999993072, 2.255140518769849223E-14 ) ) ;
#6741 = VERTEX_POINT ( 'NONE', #110 ) ;
#6742 = EDGE_CURVE ( 'NONE', #8682, #3478, #11267, .T. ) ;
#6744 = CARTESIAN_POINT ( 'NONE',  ( 9.959292143521054186, -2.500000000000000444, 6.350000000000022737 ) ) ;
#6743 = DIRECTION ( 'NONE',  ( 0.000000000000000000, 0.000000000000000000, 1.000000000000000000 ) ) ;
#6745 = AXIS2_PLACEMENT_3D ( 'NONE', #6384, #9926, #10198 ) ;
#6746 = CARTESIAN_POINT ( 'NONE',  ( 12.12435565298215145, -12.74999999999994849, 2.255140518769849223E-14 ) ) ;
#6747 = LINE ( 'NONE', #7568, #9625 ) ;
#6748 = AXIS2_PLACEMENT_3D ( 'NONE', #8656, #1461, #6887 ) ;
#6749 = LINE ( 'NONE', #4092, #1759 ) ;
#6750 = ORIENTED_EDGE ( 'NONE', *, *, #4382, .F. ) ;
#6751 = VERTEX_POINT ( 'NONE', #9365 ) ;
#6752 = LINE ( 'NONE', #5863, #8297 ) ;
#6753 = EDGE_CURVE ( 'NONE', #4272, #10020, #4947, .T. ) ;
#6754 = CARTESIAN_POINT ( 'NONE',  ( -2.818925648462311528E-15, -8.999999999999973355, 2.255140518769849223E-14 ) ) ;
#6755 = CARTESIAN_POINT ( 'NONE',  ( 4.979646071760522652, 6.124999999999965361, 2.255140518769849223E-14 ) ) ;
#6756 = VECTOR ( 'NONE', #1566, 1000.000000000000000 ) ;
#6757 = DIRECTION ( 'NONE',  ( -0.8660254037844385966, -0.5000000000000001110, 0.000000000000000000 ) ) ;
#6758 = CARTESIAN_POINT ( 'NONE',  ( 7.866397417708654416, -14.37499999999993960, 2.255140518769849223E-14 ) ) ;
#6759 = DIRECTION ( 'NONE',  ( 0.000000000000000000, -0.7071067811865462405, -0.7071067811865487940 ) ) ;
#6760 = CARTESIAN_POINT ( 'NONE',  ( -2.814582562299438262, 13.12499999999994316, 2.255140518769849223E-14 ) ) ;
#6761 = EDGE_CURVE ( 'NONE', #11065, #1588, #514, .T. ) ;
#6762 = VECTOR ( 'NONE', #853, 1000.000000000000000 ) ;
#6763 = DIRECTION ( 'NONE',  ( 1.000000000000000000, 0.000000000000000000, 0.000000000000000000 ) ) ;
#6764 = ADVANCED_FACE ( 'NONE', ( #10371 ), #4116, .T. ) ;
#6765 = VERTEX_POINT ( 'NONE', #9608 ) ;
#6766 = ADVANCED_FACE ( 'NONE', ( #11127 ), #10425, .F. ) ;
#6767 = VERTEX_POINT ( 'NONE', #5065 ) ;
#6768 = LINE ( 'NONE', #1516, #6071 ) ;
#6769 = ORIENTED_EDGE ( 'NONE', *, *, #4065, .T. ) ;
#6770 = EDGE_LOOP ( 'NONE', ( #1625, #10042, #7850, #7025 ) ) ;
#6772 = CARTESIAN_POINT ( 'NONE',  ( -20.09626054182323074, -20.00000000000001776, 0.000000000000000000 ) ) ;
#6771 = CARTESIAN_POINT ( 'NONE',  ( 3.536270398786445224, 11.12499999999994138, 6.350000000000022737 ) ) ;
#6773 = CARTESIAN_POINT ( 'NONE',  ( -12.77387470582048756, 13.12499999999995559, 2.255140518769849223E-14 ) ) ;
#6774 = DIRECTION ( 'NONE',  ( 0.8660254037844388186, -0.4999999999999997780, 0.000000000000000000 ) ) ;
#6775 = DIRECTION ( 'NONE',  ( 1.000000000000000000, 0.000000000000000000, 0.000000000000000000 ) ) ;
#6776 = DIRECTION ( 'NONE',  ( 0.000000000000000000, 0.000000000000000000, 1.000000000000000000 ) ) ;
#6777 = CARTESIAN_POINT ( 'NONE',  ( 12.12435565298215145, 15.99999999999993427, 2.255140518769849223E-14 ) ) ;
#6778 = ORIENTED_EDGE ( 'NONE', *, *, #8703, .T. ) ;
#6779 = ORIENTED_EDGE ( 'NONE', *, *, #6883, .F. ) ;
#6780 = ORIENTED_EDGE ( 'NONE', *, *, #2847, .T. ) ;
#6781 = ORIENTED_EDGE ( 'NONE', *, *, #9566, .T. ) ;
#6782 = PLANE ( 'NONE',  #810 ) ;
#6783 = EDGE_CURVE ( 'NONE', #5463, #10027, #4175, .T. ) ;
#6784 = PLANE ( 'NONE',  #1832 ) ;
#6785 = AXIS2_PLACEMENT_3D ( 'NONE', #8482, #3999, #3114 ) ;
#6786 = PLANE ( 'NONE',  #7095 ) ;
#6787 = DIRECTION ( 'NONE',  ( 0.5000000000000001110, 0.8660254037844385966, 0.000000000000000000 ) ) ;
#6788 = ORIENTED_EDGE ( 'NONE', *, *, #6295, .T. ) ;
#6789 = ORIENTED_EDGE ( 'NONE', *, *, #6972, .T. ) ;
#6790 = VERTEX_POINT ( 'NONE', #2284 ) ;
#6791 = VECTOR ( 'NONE', #10404, 1000.000000000000000 ) ;
#6792 = ORIENTED_EDGE ( 'NONE', *, *, #8366, .T. ) ;
#6793 = LINE ( 'NONE', #11218, #7574 ) ;
#6794 = LINE ( 'NONE', #7675, #3816 ) ;
#6795 = DIRECTION ( 'NONE',  ( 0.000000000000000000, 0.000000000000000000, 1.000000000000000000 ) ) ;
#6796 = DIRECTION ( 'NONE',  ( 0.000000000000000000, -1.000000000000000000, 0.000000000000000000 ) ) ;
#6797 = VERTEX_POINT ( 'NONE', #1287 ) ;
#6799 = DIRECTION ( 'NONE',  ( 0.000000000000000000, -1.000000000000000000, 0.000000000000000000 ) ) ;
#6798 = CARTESIAN_POINT ( 'NONE',  ( 2.092894725812396661, -2.874999999999986233, 2.255140518769849223E-14 ) ) ;
#6800 = CARTESIAN_POINT ( 'NONE',  ( 24.28373945817674695, -30.00000000000002132, 6.350000000000022737 ) ) ;
#6801 = CARTESIAN_POINT ( 'NONE',  ( -7.144709581221628802, -9.874999999999964473, 2.255140518769849223E-14 ) ) ;
#6802 = ADVANCED_FACE ( 'NONE', ( #11313 ), #8477, .T. ) ;
#6803 = CARTESIAN_POINT ( 'NONE',  ( 1.876388374866281739, -20.49999999999992895, 3.350000000000019629 ) ) ;
#6804 = EDGE_CURVE ( 'NONE', #9463, #5179, #6650, .T. ) ;
#6805 = ORIENTED_EDGE ( 'NONE', *, *, #10761, .F. ) ;
#6806 = EDGE_CURVE ( 'NONE', #3448, #10987, #7592, .T. ) ;
#6807 = ORIENTED_EDGE ( 'NONE', *, *, #5085, .T. ) ;
#6808 = CARTESIAN_POINT ( 'NONE',  ( 7.794228634059954253, 4.499999999999976907, 2.255140518769849223E-14 ) ) ;
#6809 = CARTESIAN_POINT ( 'NONE',  ( -2.814582562299425827, -1.625000000000000666, 2.255140518769849223E-14 ) ) ;
#6810 = CARTESIAN_POINT ( 'NONE',  ( 8.515916470546990524, -13.99999999999995026, 2.255140518769849223E-14 ) ) ;
#6811 = CARTESIAN_POINT ( 'NONE',  ( 1.220317949235080635, -36.50000000000001421, 39.63500000000003354 ) ) ;
#6812 = DIRECTION ( 'NONE',  ( 0.4999999999999997224, 0.8660254037844387076, 0.000000000000000000 ) ) ;
#6813 = CARTESIAN_POINT ( 'NONE',  ( 12.84604348946917973, 5.749999999999977796, 6.350000000000022737 ) ) ;
#6814 = CARTESIAN_POINT ( 'NONE',  ( -6.423021744734608518, -17.62499999999993960, 2.255140518769849223E-14 ) ) ;
#6815 = ORIENTED_EDGE ( 'NONE', *, *, #11298, .F. ) ;
#6816 = EDGE_CURVE ( 'NONE', #132, #8243, #4054, .T. ) ;
#6817 = VECTOR ( 'NONE', #3263, 1000.000000000000000 ) ;
#6818 = DIRECTION ( 'NONE',  ( 0.5000000000000001110, 0.8660254037844385966, 0.000000000000000000 ) ) ;
#6819 = EDGE_CURVE ( 'NONE', #2492, #9776, #11374, .T. ) ;
#6820 = ORIENTED_EDGE ( 'NONE', *, *, #1478, .F. ) ;
#6821 = EDGE_CURVE ( 'NONE', #7615, #9383, #5126, .T. ) ;
#6822 = ORIENTED_EDGE ( 'NONE', *, *, #10136, .F. ) ;
#6823 = DIRECTION ( 'NONE',  ( 0.5000000000000001110, -0.8660254037844385966, 0.000000000000000000 ) ) ;
#6824 = ORIENTED_EDGE ( 'NONE', *, *, #9782, .F. ) ;
#6825 = VERTEX_POINT ( 'NONE', #8717 ) ;
#6826 = VECTOR ( 'NONE', #6823, 1000.000000000000000 ) ;
#6828 = CARTESIAN_POINT ( 'NONE',  ( -12.12435565298215856, -6.999999999999974243, 2.255140518769849223E-14 ) ) ;
#6827 = CARTESIAN_POINT ( 'NONE',  ( -9.959292143521061291, 8.249999999999953815, 2.255140518769849223E-14 ) ) ;
#6829 = EDGE_CURVE ( 'NONE', #1934, #7195, #9430, .T. ) ;
#6830 = AXIS2_PLACEMENT_3D ( 'NONE', #6342, #9940, #5287 ) ;
#6831 = EDGE_CURVE ( 'NONE', #9225, #7485, #3548, .T. ) ;
#6832 = CARTESIAN_POINT ( 'NONE',  ( -12.12435565298215856, 6.999999999999978684, 2.255140518769849223E-14 ) ) ;
#6833 = FACE_OUTER_BOUND ( 'NONE', #8367, .T. ) ;
#6834 = CARTESIAN_POINT ( 'NONE',  ( -2.092894725812403323, -2.874999999999983569, 6.350000000000022737 ) ) ;
#6835 = DIRECTION ( 'NONE',  ( 0.000000000000000000, -1.000000000000000000, 0.000000000000000000 ) ) ;
#6836 = AXIS2_PLACEMENT_3D ( 'NONE', #5393, #4505, #7208 ) ;
#6837 = LINE ( 'NONE', #9551, #149 ) ;
#6838 = EDGE_LOOP ( 'NONE', ( #6044, #3621, #3746, #8617 ) ) ;
#6839 = ORIENTED_EDGE ( 'NONE', *, *, #6383, .F. ) ;
#6840 = AXIS2_PLACEMENT_3D ( 'NONE', #7559, #248, #4973 ) ;
#6841 = EDGE_LOOP ( 'NONE', ( #10622, #251, #2829 ) ) ;
#6842 = ORIENTED_EDGE ( 'NONE', *, *, #101, .T. ) ;
#6843 = PLANE ( 'NONE',  #7397 ) ;
#6844 = CARTESIAN_POINT ( 'NONE',  ( -12.12435565298215856, 6.999999999999978684, 6.350000000000022737 ) ) ;
#6845 = FACE_OUTER_BOUND ( 'NONE', #1423, .T. ) ;
#6846 = CARTESIAN_POINT ( 'NONE',  ( -2.814582562299434709, -15.62499999999993960, 2.255140518769849223E-14 ) ) ;
#6847 = ORIENTED_EDGE ( 'NONE', *, *, #10136, .T. ) ;
#6848 = VECTOR ( 'NONE', #6335, 1000.000000000000000 ) ;
#6849 = ORIENTED_EDGE ( 'NONE', *, *, #900, .T. ) ;
#6850 = VERTEX_POINT ( 'NONE', #7767 ) ;
#6851 = ORIENTED_EDGE ( 'NONE', *, *, #3283, .T. ) ;
#6852 = AXIS2_PLACEMENT_3D ( 'NONE', #9111, #6573, #3798 ) ;
#6853 = LINE ( 'NONE', #10389, #2303 ) ;
#6854 = CARTESIAN_POINT ( 'NONE',  ( -2.818925648462311528E-15, 19.74999999999993605, 2.255140518769849223E-14 ) ) ;
#6855 = CARTESIAN_POINT ( 'NONE',  ( 2.092894725812396661, 14.37499999999994316, 2.255140518769849223E-14 ) ) ;
#6856 = VECTOR ( 'NONE', #9892, 1000.000000000000114 ) ;
#6857 = CARTESIAN_POINT ( 'NONE',  ( 7.144709581221628802, -13.12499999999994849, 6.350000000000022737 ) ) ;
#6858 = ORIENTED_EDGE ( 'NONE', *, *, #7172, .T. ) ;
#6860 = LINE ( 'NONE', #10455, #6386 ) ;
#6859 = DIRECTION ( 'NONE',  ( 0.000000000000000000, 1.000000000000000000, 0.000000000000000000 ) ) ;
#6861 = LINE ( 'NONE', #2374, #10348 ) ;
#6862 = FACE_OUTER_BOUND ( 'NONE', #10061, .T. ) ;
#6863 = DIRECTION ( 'NONE',  ( 0.5000000000000001110, -0.8660254037844385966, 0.000000000000000000 ) ) ;
#6864 = VECTOR ( 'NONE', #5910, 1000.000000000000000 ) ;
#6865 = VERTEX_POINT ( 'NONE', #3294 ) ;
#6866 = EDGE_LOOP ( 'NONE', ( #10075, #3487, #3462, #6156 ) ) ;
#6867 = FACE_OUTER_BOUND ( 'NONE', #10341, .T. ) ;
#6868 = CARTESIAN_POINT ( 'NONE',  ( -12.77387470582048756, -4.124999999999972466, 2.255140518769849223E-14 ) ) ;
#6869 = DIRECTION ( 'NONE',  ( -0.000000000000000000, 0.000000000000000000, 1.000000000000000000 ) ) ;
#6870 = FACE_OUTER_BOUND ( 'NONE', #8259, .T. ) ;
#6871 = LINE ( 'NONE', #1388, #3181 ) ;
#6872 = FACE_OUTER_BOUND ( 'NONE', #3313, .T. ) ;
#6873 = DIRECTION ( 'NONE',  ( -0.000000000000000000, 0.000000000000000000, 1.000000000000000000 ) ) ;
#6874 = ORIENTED_EDGE ( 'NONE', *, *, #4566, .F. ) ;
#6875 = EDGE_CURVE ( 'NONE', #1396, #4705, #11190, .T. ) ;
#6876 = DIRECTION ( 'NONE',  ( -2.155801444746731110E-16, 1.000000000000000000, 0.000000000000000000 ) ) ;
#6877 = ORIENTED_EDGE ( 'NONE', *, *, #10635, .T. ) ;
#6878 = AXIS2_PLACEMENT_3D ( 'NONE', #11671, #7240, #10083 ) ;
#6879 = ORIENTED_EDGE ( 'NONE', *, *, #4649, .T. ) ;
#6880 = CARTESIAN_POINT ( 'NONE',  ( 0.000000000000000000, 0.000000000000000000, 6.350000000000022737 ) ) ;
#6881 = ORIENTED_EDGE ( 'NONE', *, *, #8330, .T. ) ;
#6882 = EDGE_LOOP ( 'NONE', ( #9754, #9249, #10883 ) ) ;
#6883 = EDGE_CURVE ( 'NONE', #956, #6734, #3938, .T. ) ;
#6885 = CARTESIAN_POINT ( 'NONE',  ( 12.84604348946918151, -17.24999999999992895, 6.350000000000022737 ) ) ;
#6884 = DIRECTION ( 'NONE',  ( 0.000000000000000000, 1.000000000000000000, 0.000000000000000000 ) ) ;
#6886 = EDGE_CURVE ( 'NONE', #10403, #1579, #7651, .T. ) ;
#6887 = DIRECTION ( 'NONE',  ( 0.000000000000000000, 0.000000000000000000, 1.000000000000000000 ) ) ;
#6888 = LINE ( 'NONE', #515, #4647 ) ;
#6889 = FACE_OUTER_BOUND ( 'NONE', #1637, .T. ) ;
#6890 = VECTOR ( 'NONE', #5063, 1000.000000000000000 ) ;
#6891 = ADVANCED_FACE ( 'NONE', ( #6126 ), #11546, .F. ) ;
#6892 = CARTESIAN_POINT ( 'NONE',  ( 2.814582562299380974, 1.624999999999974021, 3.350000000000019629 ) ) ;
#6893 = AXIS2_PLACEMENT_3D ( 'NONE', #3166, #4045, #6763 ) ;
#6894 = VECTOR ( 'NONE', #1289, 999.9999999999998863 ) ;
#6895 = LINE ( 'NONE', #6953, #3168 ) ;
#6896 = ORIENTED_EDGE ( 'NONE', *, *, #392, .F. ) ;
#6897 = ORIENTED_EDGE ( 'NONE', *, *, #10709, .F. ) ;
#6898 = EDGE_LOOP ( 'NONE', ( #9013, #5905, #2469, #1702, #6881, #1046 ) ) ;
#6899 = VECTOR ( 'NONE', #9411, 1000.000000000000000 ) ;
#6900 = EDGE_LOOP ( 'NONE', ( #7218, #8094, #3093, #11482 ) ) ;
#6901 = VECTOR ( 'NONE', #4201, 1000.000000000000000 ) ;
#6902 = CARTESIAN_POINT ( 'NONE',  ( 2.814582562299429380, -9.874999999999962697, 6.350000000000022737 ) ) ;
#6903 = EDGE_CURVE ( 'NONE', #4847, #5935, #8002, .T. ) ;
#6904 = LINE ( 'NONE', #10383, #6178 ) ;
#6905 = DIRECTION ( 'NONE',  ( -4.003208021484940511E-16, 1.000000000000000000, 0.000000000000000000 ) ) ;
#6906 = DIRECTION ( 'NONE',  ( -1.000000000000000000, 0.000000000000000000, 0.000000000000000000 ) ) ;
#6907 = ORIENTED_EDGE ( 'NONE', *, *, #9098, .F. ) ;
#6908 = ORIENTED_EDGE ( 'NONE', *, *, #993, .T. ) ;
#6909 = EDGE_CURVE ( 'NONE', #2002, #11269, #632, .T. ) ;
#6910 = VERTEX_POINT ( 'NONE', #7828 ) ;
#6911 = VERTEX_POINT ( 'NONE', #2525 ) ;
#6912 = ADVANCED_FACE ( 'NONE', ( #6181 ), #807, .T. ) ;
#6913 = VECTOR ( 'NONE', #1344, 1000.000000000000000 ) ;
#6914 = EDGE_CURVE ( 'NONE', #2424, #5432, #8888, .T. ) ;
#6915 = DIRECTION ( 'NONE',  ( -0.4999999999999997780, -0.8660254037844387076, 0.000000000000000000 ) ) ;
#6916 = CARTESIAN_POINT ( 'NONE',  ( -9.959292143521061291, -8.249999999999975131, 2.255140518769849223E-14 ) ) ;
#6917 = DIRECTION ( 'NONE',  ( 1.437200963164487406E-16, -1.000000000000000000, 0.000000000000000000 ) ) ;
#6918 = CARTESIAN_POINT ( 'NONE',  ( 12.77387470582047868, -4.124999999999974243, 2.255140518769849223E-14 ) ) ;
#6919 = ORIENTED_EDGE ( 'NONE', *, *, #8130, .T. ) ;
#6921 = DIRECTION ( 'NONE',  ( 1.000000000000000000, 0.000000000000000000, 0.000000000000000000 ) ) ;
#6920 = CARTESIAN_POINT ( 'NONE',  ( 20.78373945817676827, 20.00000000000001776, 6.350000000000022737 ) ) ;
#6922 = LINE ( 'NONE', #2437, #9421 ) ;
#6923 = LINE ( 'NONE', #11228, #1138 ) ;
#6924 = CARTESIAN_POINT ( 'NONE',  ( -4.979646071760531534, -11.12499999999996270, 6.350000000000022737 ) ) ;
#6925 = VECTOR ( 'NONE', #182, 1000.000000000000000 ) ;
#6926 = ORIENTED_EDGE ( 'NONE', *, *, #9717, .F. ) ;
#6927 = ORIENTED_EDGE ( 'NONE', *, *, #1124, .F. ) ;
#6928 = EDGE_LOOP ( 'NONE', ( #4005, #10828, #8055, #3288 ) ) ;
#6929 = CARTESIAN_POINT ( 'NONE',  ( -7.144709581221628802, -4.124999999999984901, 2.255140518769849223E-14 ) ) ;
#6930 = LINE ( 'NONE', #3335, #4762 ) ;
#6931 = CARTESIAN_POINT ( 'NONE',  ( -7.300682423332677473, 34.17780897597563694, 3.350000000000019629 ) ) ;
#6932 = DIRECTION ( 'NONE',  ( 4.003208021484940511E-16, -1.000000000000000000, 0.000000000000000000 ) ) ;
#6933 = DIRECTION ( 'NONE',  ( -0.4999999999999999445, 0.8660254037844385966, 0.000000000000000000 ) ) ;
#6934 = LINE ( 'NONE', #11532, #9961 ) ;
#6935 = AXIS2_PLACEMENT_3D ( 'NONE', #7346, #5581, #265 ) ;
#6936 = DIRECTION ( 'NONE',  ( 0.5000000000000001110, -0.8660254037844385966, 0.000000000000000000 ) ) ;
#6937 = ORIENTED_EDGE ( 'NONE', *, *, #4649, .F. ) ;
#6938 = CARTESIAN_POINT ( 'NONE',  ( -11.40266781649512495, 3.249999999999978240, 2.255140518769849223E-14 ) ) ;
#6939 = EDGE_LOOP ( 'NONE', ( #3106, #3474, #5557, #3601 ) ) ;
#6940 = ORIENTED_EDGE ( 'NONE', *, *, #7545, .T. ) ;
#6941 = VECTOR ( 'NONE', #8835, 1000.000000000000000 ) ;
#6942 = CARTESIAN_POINT ( 'NONE',  ( -7.144709581221639461, 18.87499999999993250, 2.255140518769849223E-14 ) ) ;
#6943 = ORIENTED_EDGE ( 'NONE', *, *, #3134, .T. ) ;
#6944 = ORIENTED_EDGE ( 'NONE', *, *, #9554, .F. ) ;
#6945 = ADVANCED_FACE ( 'NONE', ( #11602 ), #7888, .F. ) ;
#6947 = DIRECTION ( 'NONE',  ( -0.8660254037844385966, -0.5000000000000001110, 0.000000000000000000 ) ) ;
#6946 = CARTESIAN_POINT ( 'NONE',  ( -11.40266781649512673, 13.99999999999995559, 2.255140518769849223E-14 ) ) ;
#6948 = CARTESIAN_POINT ( 'NONE',  ( -2.814582562299434709, -4.124999999999984013, 2.255140518769849223E-14 ) ) ;
#6949 = VECTOR ( 'NONE', #10771, 1000.000000000000000 ) ;
#6950 = DIRECTION ( 'NONE',  ( 0.000000000000000000, 0.000000000000000000, 1.000000000000000000 ) ) ;
#6951 = DIRECTION ( 'NONE',  ( 0.000000000000000000, -0.000000000000000000, -1.000000000000000000 ) ) ;
#6952 = VECTOR ( 'NONE', #5627, 1000.000000000000000 ) ;
#6953 = CARTESIAN_POINT ( 'NONE',  ( -1.443375672974078539, -8.999999999999973355, 2.255140518769849223E-14 ) ) ;
#6954 = VERTEX_POINT ( 'NONE', #11432 ) ;
#6955 = EDGE_LOOP ( 'NONE', ( #4448, #4615, #1513, #2817, #3016, #3534 ) ) ;
#6956 = VERTEX_POINT ( 'NONE', #3355 ) ;
#6957 = VECTOR ( 'NONE', #5740, 1000.000000000000000 ) ;
#6958 = EDGE_CURVE ( 'NONE', #8863, #10223, #5353, .T. ) ;
#6959 = VERTEX_POINT ( 'NONE', #3469 ) ;
#6960 = EDGE_CURVE ( 'NONE', #5448, #876, #7119, .T. ) ;
#6961 = CARTESIAN_POINT ( 'NONE',  ( 2.165063509461100377, -10.24999999999996092, 2.255140518769849223E-14 ) ) ;
#6962 = AXIS2_PLACEMENT_3D ( 'NONE', #1243, #8435, #10264 ) ;
#6963 = CARTESIAN_POINT ( 'NONE',  ( 2.165063509461100377, -10.24999999999996092, 6.350000000000022737 ) ) ;
#6964 = PLANE ( 'NONE',  #10722 ) ;
#6965 = LINE ( 'NONE', #1654, #283 ) ;
#6966 = ORIENTED_EDGE ( 'NONE', *, *, #1926, .F. ) ;
#6967 = EDGE_LOOP ( 'NONE', ( #2318, #5325, #6548, #4331 ) ) ;
#6968 = EDGE_LOOP ( 'NONE', ( #8841, #5314, #6585, #8457, #3610, #1891 ) ) ;
#6969 = EDGE_CURVE ( 'NONE', #4848, #3748, #10550, .T. ) ;
#6970 = ADVANCED_FACE ( 'NONE', ( #7173 ), #2633, .F. ) ;
#6971 = ORIENTED_EDGE ( 'NONE', *, *, #1356, .T. ) ;
#6972 = EDGE_CURVE ( 'NONE', #4681, #4193, #2462, .T. ) ;
#6973 = DIRECTION ( 'NONE',  ( -4.003208021484940511E-16, 1.000000000000000000, 0.000000000000000000 ) ) ;
#6974 = CARTESIAN_POINT ( 'NONE',  ( 6.423021744734604077, -11.87499999999996270, 6.350000000000022737 ) ) ;
#6975 = ADVANCED_FACE ( 'NONE', ( #749 ), #2578, .F. ) ;
#6976 = LINE ( 'NONE', #5974, #1777 ) ;
#6977 = LINE ( 'NONE', #1720, #10270 ) ;
#6978 = VERTEX_POINT ( 'NONE', #6064 ) ;
#6979 = EDGE_CURVE ( 'NONE', #3878, #6658, #9893, .T. ) ;
#6980 = ADVANCED_FACE ( 'NONE', ( #4471 ), #8066, .F. ) ;
#6982 = LINE ( 'NONE', #5154, #10770 ) ;
#6981 = CARTESIAN_POINT ( 'NONE',  ( -3.536270398786467428, 0.3749999999999895084, 2.255140518769849223E-14 ) ) ;
#6983 = DIRECTION ( 'NONE',  ( 1.000000000000000000, 0.000000000000000000, 0.000000000000000000 ) ) ;
#6984 = DIRECTION ( 'NONE',  ( -0.000000000000000000, -0.000000000000000000, -1.000000000000000000 ) ) ;
#6985 = AXIS2_PLACEMENT_3D ( 'NONE', #3724, #4551, #10741 ) ;
#6986 = CARTESIAN_POINT ( 'NONE',  ( -21.84310355970654172, -12.50000000000001776, 55.35000000000005116 ) ) ;
#6987 = ORIENTED_EDGE ( 'NONE', *, *, #8196, .T. ) ;
#6988 = VERTEX_POINT ( 'NONE', #11488 ) ;
#6989 = CARTESIAN_POINT ( 'NONE',  ( -9.959292143521061291, 2.499999999999977796, 2.255140518769849223E-14 ) ) ;
#6990 = DIRECTION ( 'NONE',  ( 0.000000000000000000, -0.000000000000000000, -1.000000000000000000 ) ) ;
#6991 = LINE ( 'NONE', #6160, #5785 ) ;
#6992 = PLANE ( 'NONE',  #9159 ) ;
#6993 = PLANE ( 'NONE',  #1671 ) ;
#6994 = CARTESIAN_POINT ( 'NONE',  ( -30.34310355970660567, 12.50000000000001954, 46.85000000000001563 ) ) ;
#6995 = CARTESIAN_POINT ( 'NONE',  ( 7.794228634059954253, 4.499999999999976907, 2.255140518769849223E-14 ) ) ;
#6996 = ORIENTED_EDGE ( 'NONE', *, *, #7816, .T. ) ;
#6997 = CARTESIAN_POINT ( 'NONE',  ( -4.979646071760531534, -16.87499999999994316, 2.255140518769849223E-14 ) ) ;
#6998 = ORIENTED_EDGE ( 'NONE', *, *, #6606, .F. ) ;
#6999 = ORIENTED_EDGE ( 'NONE', *, *, #4817, .F. ) ;
#7000 = DIRECTION ( 'NONE',  ( 0.8660254037844388186, -0.4999999999999997780, 0.000000000000000000 ) ) ;
#7001 = PLANE ( 'NONE',  #5042 ) ;
#7002 = VERTEX_POINT ( 'NONE', #3414 ) ;
#7004 = CARTESIAN_POINT ( 'NONE',  ( 8.515916470546990524, -13.99999999999995026, 6.350000000000022737 ) ) ;
#7003 = CARTESIAN_POINT ( 'NONE',  ( -7.794228634059957805, -10.24999999999996447, 2.255140518769849223E-14 ) ) ;
#7005 = CARTESIAN_POINT ( 'NONE',  ( 8.515916470546990524, -8.249999999999975131, 6.350000000000022737 ) ) ;
#7006 = VECTOR ( 'NONE', #9610, 1000.000000000000114 ) ;
#7007 = CARTESIAN_POINT ( 'NONE',  ( -4.979646071760531534, -11.12499999999996270, 2.255140518769849223E-14 ) ) ;
#7008 = CARTESIAN_POINT ( 'NONE',  ( 7.144709581221622585, -9.874999999999960920, 2.255140518769849223E-14 ) ) ;
#7009 = CARTESIAN_POINT ( 'NONE',  ( 3.283739458176754056, 27.69999999999997442, 3.350000000000019629 ) ) ;
#7010 = ORIENTED_EDGE ( 'NONE', *, *, #11128, .T. ) ;
#7011 = ORIENTED_EDGE ( 'NONE', *, *, #7057, .T. ) ;
#7012 = AXIS2_PLACEMENT_3D ( 'NONE', #6942, #5349, #4230 ) ;
#7013 = VERTEX_POINT ( 'NONE', #7005 ) ;
#7014 = ORIENTED_EDGE ( 'NONE', *, *, #11519, .T. ) ;
#7015 = CARTESIAN_POINT ( 'NONE',  ( 4.979646071760522652, 6.124999999999965361, 6.350000000000022737 ) ) ;
#7016 = LINE ( 'NONE', #4480, #899 ) ;
#7017 = DIRECTION ( 'NONE',  ( -3.373073425510458458E-16, 1.000000000000000000, 0.000000000000000000 ) ) ;
#7018 = DIRECTION ( 'NONE',  ( -0.5000000000000002220, 0.8660254037844384856, 0.000000000000000000 ) ) ;
#7019 = VECTOR ( 'NONE', #7142, 1000.000000000000114 ) ;
#7020 = ORIENTED_EDGE ( 'NONE', *, *, #612, .T. ) ;
#7021 = VECTOR ( 'NONE', #671, 1000.000000000000000 ) ;
#7022 = ORIENTED_EDGE ( 'NONE', *, *, #1690, .T. ) ;
#7023 = ORIENTED_EDGE ( 'NONE', *, *, #10046, .T. ) ;
#7024 = EDGE_CURVE ( 'NONE', #11390, #1631, #329, .T. ) ;
#7025 = ORIENTED_EDGE ( 'NONE', *, *, #1791, .T. ) ;
#7026 = VECTOR ( 'NONE', #9204, 1000.000000000000000 ) ;
#7027 = VECTOR ( 'NONE', #3383, 1000.000000000000000 ) ;
#7028 = FACE_OUTER_BOUND ( 'NONE', #11452, .T. ) ;
#7029 = CARTESIAN_POINT ( 'NONE',  ( 1.220317949211388697, -12.50000000000001776, 33.89999999999898250 ) ) ;
#7030 = EDGE_CURVE ( 'NONE', #7419, #2593, #4527, .T. ) ;
#7031 = DIRECTION ( 'NONE',  ( 1.000000000000000000, 0.000000000000000000, 0.000000000000000000 ) ) ;
#7032 = EDGE_CURVE ( 'NONE', #3130, #7220, #1977, .T. ) ;
#7033 = PLANE ( 'NONE',  #2916 ) ;
#7034 = ORIENTED_EDGE ( 'NONE', *, *, #1230, .F. ) ;
#7035 = EDGE_CURVE ( 'NONE', #11381, #5315, #8174, .T. ) ;
#7037 = DIRECTION ( 'NONE',  ( 0.5000000000000001110, -0.8660254037844385966, 0.000000000000000000 ) ) ;
#7036 = CARTESIAN_POINT ( 'NONE',  ( -30.34310355970660922, 32.74999999999986500, 6.350000000000022737 ) ) ;
#7038 = ADVANCED_FACE ( 'NONE', ( #8292 ), #2783, .F. ) ;
#7039 = LINE ( 'NONE', #1607, #9618 ) ;
#7040 = EDGE_CURVE ( 'NONE', #9142, #1237, #9177, .T. ) ;
#7041 = FACE_OUTER_BOUND ( 'NONE', #11449, .T. ) ;
#7042 = ORIENTED_EDGE ( 'NONE', *, *, #11138, .T. ) ;
#7043 = VERTEX_POINT ( 'NONE', #6412 ) ;
#7044 = CONICAL_SURFACE ( 'NONE', #2897, 2.550000000000000266, 0.7853981633974492782 ) ;
#7045 = CARTESIAN_POINT ( 'NONE',  ( -7.144709581221628802, -15.62499999999994138, 6.350000000000022737 ) ) ;
#7046 = CARTESIAN_POINT ( 'NONE',  ( -3.216260541823223740, 26.19999999999997442, 6.350000000000022737 ) ) ;
#7047 = DIRECTION ( 'NONE',  ( 0.000000000000000000, 0.000000000000000000, -1.000000000000000000 ) ) ;
#7048 = DIRECTION ( 'NONE',  ( -1.000000000000000000, 0.000000000000000000, 0.000000000000000000 ) ) ;
#7049 = FACE_OUTER_BOUND ( 'NONE', #3407, .T. ) ;
#7050 = CARTESIAN_POINT ( 'NONE',  ( 0.000000000000000000, 0.000000000000000000, 6.350000000000022737 ) ) ;
#7051 = LINE ( 'NONE', #5403, #10979 ) ;
#7052 = EDGE_LOOP ( 'NONE', ( #11505, #7936, #11085, #11280 ) ) ;
#7053 = AXIS2_PLACEMENT_3D ( 'NONE', #6828, #2339, #5938 ) ;
#7054 = DIRECTION ( 'NONE',  ( 0.5000000000000001110, 0.8660254037844385966, 0.000000000000000000 ) ) ;
#7055 = VERTEX_POINT ( 'NONE', #1921 ) ;
#7056 = EDGE_CURVE ( 'NONE', #9200, #5370, #8233, .T. ) ;
#7057 = EDGE_CURVE ( 'NONE', #10033, #9840, #10946, .T. ) ;
#7058 = VERTEX_POINT ( 'NONE', #4584 ) ;
#7059 = FACE_OUTER_BOUND ( 'NONE', #7911, .T. ) ;
#7060 = CARTESIAN_POINT ( 'NONE',  ( -7.794228634059967575, 15.99999999999993427, 6.350000000000022737 ) ) ;
#7061 = ORIENTED_EDGE ( 'NONE', *, *, #1124, .T. ) ;
#7063 = CARTESIAN_POINT ( 'NONE',  ( 3.283739458176782033, 24.69999999999997087, 0.000000000000000000 ) ) ;
#7062 = LINE ( 'NONE', #7003, #1994 ) ;
#7064 = CARTESIAN_POINT ( 'NONE',  ( 2.092894725812396661, -8.624999999999960920, 2.255140518769849223E-14 ) ) ;
#7065 = CARTESIAN_POINT ( 'NONE',  ( -30.34310355970659856, -21.50000000000003197, 0.000000000000000000 ) ) ;
#7066 = DIRECTION ( 'NONE',  ( 1.000000000000000000, 0.000000000000000000, 0.000000000000000000 ) ) ;
#7067 = CARTESIAN_POINT ( 'NONE',  ( 2.814582562299422719, -13.12499999999995204, 6.350000000000022737 ) ) ;
#7068 = VECTOR ( 'NONE', #777, 1000.000000000000000 ) ;
#7069 = EDGE_LOOP ( 'NONE', ( #9613, #11033, #4427, #282 ) ) ;
#7070 = EDGE_LOOP ( 'NONE', ( #6388, #1409, #1058, #1351, #4447, #9481 ) ) ;
#7071 = VERTEX_POINT ( 'NONE', #93 ) ;
#7072 = VERTEX_POINT ( 'NONE', #10123 ) ;
#7073 = CARTESIAN_POINT ( 'NONE',  ( -4.979646071760531534, 5.374999999999964473, 2.255140518769849223E-14 ) ) ;
#7074 = AXIS2_PLACEMENT_3D ( 'NONE', #1691, #4349, #1580 ) ;
#7076 = CIRCLE ( 'NONE', #860, 2.550000000000000266 ) ;
#7075 = DIRECTION ( 'NONE',  ( 1.000000000000000000, 0.000000000000000000, 0.000000000000000000 ) ) ;
#7077 = PLANE ( 'NONE',  #2758 ) ;
#7078 = LINE ( 'NONE', #5261, #850 ) ;
#7079 = AXIS2_PLACEMENT_3D ( 'NONE', #3514, #9823, #10427 ) ;
#7080 = VERTEX_POINT ( 'NONE', #6469 ) ;
#7081 = ORIENTED_EDGE ( 'NONE', *, *, #5188, .T. ) ;
#7082 = EDGE_LOOP ( 'NONE', ( #9085, #3834, #6262, #1220 ) ) ;
#7083 = VECTOR ( 'NONE', #10767, 1000.000000000000000 ) ;
#7084 = VERTEX_POINT ( 'NONE', #1099 ) ;
#7085 = VECTOR ( 'NONE', #4385, 1000.000000000000000 ) ;
#7086 = CARTESIAN_POINT ( 'NONE',  ( 12.77387470582047868, -7.374999999999974243, 6.350000000000022737 ) ) ;
#7087 = DIRECTION ( 'NONE',  ( -0.000000000000000000, 0.000000000000000000, 1.000000000000000000 ) ) ;
#7088 = FACE_OUTER_BOUND ( 'NONE', #4231, .T. ) ;
#7089 = DIRECTION ( 'NONE',  ( 0.000000000000000000, 0.000000000000000000, 1.000000000000000000 ) ) ;
#7090 = FACE_OUTER_BOUND ( 'NONE', #8664, .T. ) ;
#7091 = ORIENTED_EDGE ( 'NONE', *, *, #1649, .F. ) ;
#7092 = VECTOR ( 'NONE', #7751, 1000.000000000000000 ) ;
#7093 = CARTESIAN_POINT ( 'NONE',  ( 3.536270398786445668, 11.12499999999994138, 2.255140518769849223E-14 ) ) ;
#7094 = LINE ( 'NONE', #5328, #1521 ) ;
#7095 = AXIS2_PLACEMENT_3D ( 'NONE', #5962, #1474, #4188 ) ;
#7096 = ADVANCED_FACE ( 'NONE', ( #2033 ), #211, .T. ) ;
#7097 = ORIENTED_EDGE ( 'NONE', *, *, #696, .F. ) ;
#7098 = VERTEX_POINT ( 'NONE', #1154 ) ;
#7099 = LINE ( 'NONE', #9272, #10215 ) ;
#7100 = ADVANCED_FACE ( 'NONE', ( #9007 ), #3755, .T. ) ;
#7101 = DIRECTION ( 'NONE',  ( -0.5000000000000001110, -0.8660254037844385966, 0.000000000000000000 ) ) ;
#7102 = LINE ( 'NONE', #5222, #7290 ) ;
#7103 = PLANE ( 'NONE',  #8788 ) ;
#7105 = PLANE ( 'NONE',  #2425 ) ;
#7104 = CARTESIAN_POINT ( 'NONE',  ( -8.515916470546997630, -2.499999999999996891, 2.255140518769849223E-14 ) ) ;
#7106 = DIRECTION ( 'NONE',  ( 0.4999999999999997224, 0.8660254037844387076, 0.000000000000000000 ) ) ;
#7107 = CARTESIAN_POINT ( 'NONE',  ( 0.000000000000000000, 0.000000000000000000, 6.350000000000022737 ) ) ;
#7108 = ORIENTED_EDGE ( 'NONE', *, *, #8911, .F. ) ;
#7109 = DIRECTION ( 'NONE',  ( 1.000000000000000000, 0.000000000000000000, 0.000000000000000000 ) ) ;
#7110 = VERTEX_POINT ( 'NONE', #3866 ) ;
#7111 = EDGE_CURVE ( 'NONE', #2002, #716, #979, .T. ) ;
#7112 = VERTEX_POINT ( 'NONE', #9951 ) ;
#7113 = LINE ( 'NONE', #11425, #10400 ) ;
#7114 = DIRECTION ( 'NONE',  ( 1.000000000000000000, 4.003208021484940511E-16, 0.000000000000000000 ) ) ;
#7115 = AXIS2_PLACEMENT_3D ( 'NONE', #7428, #235, #9205 ) ;
#7117 = PLANE ( 'NONE',  #8357 ) ;
#7116 = LINE ( 'NONE', #6232, #3121 ) ;
#7118 = EDGE_CURVE ( 'NONE', #10704, #2218, #3695, .T. ) ;
#7119 = LINE ( 'NONE', #3582, #7875 ) ;
#7120 = CARTESIAN_POINT ( 'NONE',  ( -8.515916470546983419, -3.249999999999996891, 6.350000000000022737 ) ) ;
#7121 = EDGE_CURVE ( 'NONE', #1869, #386, #1863, .T. ) ;
#7122 = EDGE_CURVE ( 'NONE', #2194, #7257, #10180, .T. ) ;
#7123 = CARTESIAN_POINT ( 'NONE',  ( -3.536270398786467428, -5.374999999999985789, 6.350000000000022737 ) ) ;
#7124 = ORIENTED_EDGE ( 'NONE', *, *, #3305, .T. ) ;
#7125 = ORIENTED_EDGE ( 'NONE', *, *, #7122, .F. ) ;
#7126 = VECTOR ( 'NONE', #11003, 1000.000000000000000 ) ;
#7127 = EDGE_LOOP ( 'NONE', ( #7151, #10905, #1933, #7371 ) ) ;
#7128 = ORIENTED_EDGE ( 'NONE', *, *, #9334, .F. ) ;
#7129 = LINE ( 'NONE', #8956, #7414 ) ;
#7130 = CARTESIAN_POINT ( 'NONE',  ( -7.144709581221635908, -13.12499999999995204, 2.255140518769849223E-14 ) ) ;
#7131 = PLANE ( 'NONE',  #9740 ) ;
#7132 = VECTOR ( 'NONE', #4869, 1000.000000000000000 ) ;
#7133 = PLANE ( 'NONE',  #10094 ) ;
#7134 = ORIENTED_EDGE ( 'NONE', *, *, #6041, .T. ) ;
#7135 = ORIENTED_EDGE ( 'NONE', *, *, #3368, .F. ) ;
#7136 = VERTEX_POINT ( 'NONE', #7225 ) ;
#7137 = VECTOR ( 'NONE', #4176, 1000.000000000000114 ) ;
#7138 = ORIENTED_EDGE ( 'NONE', *, *, #3366, .T. ) ;
#7139 = AXIS2_PLACEMENT_3D ( 'NONE', #10157, #3837, #3069 ) ;
#7140 = ORIENTED_EDGE ( 'NONE', *, *, #9556, .T. ) ;
#7141 = ADVANCED_FACE ( 'NONE', ( #10824 ), #5472, .F. ) ;
#7142 = DIRECTION ( 'NONE',  ( 0.4999999999999997224, 0.8660254037844387076, 0.000000000000000000 ) ) ;
#7143 = CARTESIAN_POINT ( 'NONE',  ( 6.423021744734603189, 11.12499999999994138, 2.255140518769849223E-14 ) ) ;
#7144 = CARTESIAN_POINT ( 'NONE',  ( -20.09626054182323074, -20.00000000000001776, 4.350000000000028955 ) ) ;
#7145 = DIRECTION ( 'NONE',  ( 0.000000000000000000, 0.000000000000000000, 1.000000000000000000 ) ) ;
#7146 = DIRECTION ( 'NONE',  ( 0.000000000000000000, 0.000000000000000000, 1.000000000000000000 ) ) ;
#7147 = ORIENTED_EDGE ( 'NONE', *, *, #8752, .F. ) ;
#7148 = LINE ( 'NONE', #7093, #6518 ) ;
#7149 = CARTESIAN_POINT ( 'NONE',  ( 13.03373945817676294, 16.07509895417732082, -3.649999999999986589 ) ) ;
#7150 = ORIENTED_EDGE ( 'NONE', *, *, #7772, .F. ) ;
#7151 = ORIENTED_EDGE ( 'NONE', *, *, #8404, .T. ) ;
#7152 = CARTESIAN_POINT ( 'NONE',  ( 13.03373945817676294, -1.174901045822595469, 0.000000000000000000 ) ) ;
#7153 = FACE_OUTER_BOUND ( 'NONE', #11498, .T. ) ;
#7154 = CARTESIAN_POINT ( 'NONE',  ( -7.794228634059957805, 6.999999999999965361, 6.350000000000022737 ) ) ;
#7155 = CARTESIAN_POINT ( 'NONE',  ( 0.000000000000000000, 19.74999999999993605, 3.350000000000019629 ) ) ;
#7157 = LINE ( 'NONE', #10647, #10895 ) ;
#7156 = LINE ( 'NONE', #7714, #6139 ) ;
#7158 = VECTOR ( 'NONE', #3205, 1000.000000000000000 ) ;
#7159 = CARTESIAN_POINT ( 'NONE',  ( -12.96626054182323173, 0.000000000000000000, 0.000000000000000000 ) ) ;
#7160 = CARTESIAN_POINT ( 'NONE',  ( 0.000000000000000000, -2.500000000000000888, 6.350000000000022737 ) ) ;
#7161 = ORIENTED_EDGE ( 'NONE', *, *, #910, .T. ) ;
#7162 = DIRECTION ( 'NONE',  ( 0.000000000000000000, -1.000000000000000000, 0.000000000000000000 ) ) ;
#7163 = EDGE_CURVE ( 'NONE', #882, #1587, #10890, .T. ) ;
#7164 = CIRCLE ( 'NONE', #8673, 2.550000000000000266 ) ;
#7165 = VERTEX_POINT ( 'NONE', #560 ) ;
#7166 = EDGE_CURVE ( 'NONE', #10386, #8213, #6637, .T. ) ;
#7167 = ORIENTED_EDGE ( 'NONE', *, *, #11661, .T. ) ;
#7168 = FACE_OUTER_BOUND ( 'NONE', #8675, .T. ) ;
#7169 = LINE ( 'NONE', #10765, #7480 ) ;
#7171 = CARTESIAN_POINT ( 'NONE',  ( 20.78373945817676827, 20.00000000000001776, 6.350000000000022737 ) ) ;
#7170 = PLANE ( 'NONE',  #669 ) ;
#7172 = EDGE_CURVE ( 'NONE', #1027, #3966, #6871, .T. ) ;
#7173 = FACE_OUTER_BOUND ( 'NONE', #1310, .T. ) ;
#7174 = EDGE_CURVE ( 'NONE', #5854, #4180, #4159, .T. ) ;
#7175 = DIRECTION ( 'NONE',  ( 0.8660254037844388186, -0.4999999999999997780, 0.000000000000000000 ) ) ;
#7176 = EDGE_CURVE ( 'NONE', #8272, #5391, #5926, .T. ) ;
#7177 = ADVANCED_FACE ( 'NONE', ( #10300 ), #500, .F. ) ;
#7178 = CARTESIAN_POINT ( 'NONE',  ( 2.886751345948125103, -5.749999999999971578, 2.255140518769849223E-14 ) ) ;
#7179 = EDGE_CURVE ( 'NONE', #9662, #11564, #9412, .T. ) ;
#7180 = ORIENTED_EDGE ( 'NONE', *, *, #2423, .T. ) ;
#7181 = VECTOR ( 'NONE', #11195, 1000.000000000000000 ) ;
#7182 = EDGE_CURVE ( 'NONE', #6767, #132, #5693, .T. ) ;
#7183 = ORIENTED_EDGE ( 'NONE', *, *, #10103, .F. ) ;
#7184 = EDGE_LOOP ( 'NONE', ( #3167, #9143, #10527, #8506, #1954, #9564, #10965, #5593 ) ) ;
#7185 = CARTESIAN_POINT ( 'NONE',  ( 20.78373945817676827, 0.000000000000000000, 6.350000000000022737 ) ) ;
#7186 = CARTESIAN_POINT ( 'NONE',  ( 24.28373945817669011, 12.50000000000001776, 6.350000000000022737 ) ) ;
#7187 = CARTESIAN_POINT ( 'NONE',  ( 3.536270398786462099, 11.87499999999994316, 2.255140518769849223E-14 ) ) ;
#7188 = LINE ( 'NONE', #3768, #5195 ) ;
#7189 = ORIENTED_EDGE ( 'NONE', *, *, #2789, .F. ) ;
#7190 = ORIENTED_EDGE ( 'NONE', *, *, #6253, .F. ) ;
#7191 = VERTEX_POINT ( 'NONE', #1330 ) ;
#7192 = AXIS2_PLACEMENT_3D ( 'NONE', #6717, #577, #7654 ) ;
#7193 = VERTEX_POINT ( 'NONE', #380 ) ;
#7194 = EDGE_CURVE ( 'NONE', #5621, #5058, #11355, .T. ) ;
#7195 = VERTEX_POINT ( 'NONE', #3276 ) ;
#7196 = CARTESIAN_POINT ( 'NONE',  ( 6.423021744734589866, -5.374999999999987566, 2.255140518769849223E-14 ) ) ;
#7197 = DIRECTION ( 'NONE',  ( 0.5000000000000001110, -0.8660254037844385966, 0.000000000000000000 ) ) ;
#7198 = CIRCLE ( 'NONE', #1555, 1.499999999999995337 ) ;
#7199 = CARTESIAN_POINT ( 'NONE',  ( -2.165063509461105706, -15.99999999999994138, 2.255140518769849223E-14 ) ) ;
#7200 = FACE_BOUND ( 'NONE', #4906, .T. ) ;
#7201 = EDGE_LOOP ( 'NONE', ( #3064, #894, #3818, #554 ) ) ;
#7202 = PRODUCT_CONTEXT ( 'NONE', #1866, 'mechanical' ) ;
#7203 = CARTESIAN_POINT ( 'NONE',  ( -11.40266781649512495, 8.999999999999953815, 2.255140518769849223E-14 ) ) ;
#7204 = VECTOR ( 'NONE', #11455, 1000.000000000000000 ) ;
#7205 = VECTOR ( 'NONE', #9993, 1000.000000000000000 ) ;
#7206 = ORIENTED_EDGE ( 'NONE', *, *, #4676, .T. ) ;
#7207 = ORIENTED_EDGE ( 'NONE', *, *, #8244, .F. ) ;
#7208 = DIRECTION ( 'NONE',  ( 0.5000000000000001110, 0.8660254037844385966, 0.000000000000000000 ) ) ;
#7209 = LINE ( 'NONE', #2669, #9471 ) ;
#7210 = LINE ( 'NONE', #9821, #1650 ) ;
#7211 = DIRECTION ( 'NONE',  ( -0.4999999999999997780, -0.8660254037844387076, 0.000000000000000000 ) ) ;
#7213 = LINE ( 'NONE', #9166, #8452 ) ;
#7212 = LINE ( 'NONE', #7104, #11597 ) ;
#7214 = LINE ( 'NONE', #6510, #8456 ) ;
#7215 = FACE_OUTER_BOUND ( 'NONE', #2516, .T. ) ;
#7216 = ORIENTED_EDGE ( 'NONE', *, *, #131, .T. ) ;
#7217 = CARTESIAN_POINT ( 'NONE',  ( -3.216260541823223740, 27.69999999999997442, 0.000000000000000000 ) ) ;
#7218 = ORIENTED_EDGE ( 'NONE', *, *, #6883, .T. ) ;
#7219 = AXIS2_PLACEMENT_3D ( 'NONE', #7569, #7509, #10057 ) ;
#7220 = VERTEX_POINT ( 'NONE', #1213 ) ;
#7221 = CARTESIAN_POINT ( 'NONE',  ( 20.78373945817676827, 0.000000000000000000, 0.000000000000000000 ) ) ;
#7222 = CARTESIAN_POINT ( 'NONE',  ( -12.12435565298215856, -4.499999999999974243, 2.255140518769849223E-14 ) ) ;
#7224 = LINE ( 'NONE', #10823, #4792 ) ;
#7223 = DIRECTION ( 'NONE',  ( 1.000000000000000000, 0.000000000000000000, 0.000000000000000000 ) ) ;
#7225 = CARTESIAN_POINT ( 'NONE',  ( -12.84604348946919039, 11.49999999999995381, 6.350000000000022737 ) ) ;
#7226 = ADVANCED_FACE ( 'NONE', ( #9350, #2324 ), #9530, .F. ) ;
#7227 = PLANE ( 'NONE',  #11083 ) ;
#7228 = AXIS2_PLACEMENT_3D ( 'NONE', #3468, #4470, #9725 ) ;
#7229 = CARTESIAN_POINT ( 'NONE',  ( -22.64626054182323145, 0.000000000000000000, 0.000000000000000000 ) ) ;
#7230 = ORIENTED_EDGE ( 'NONE', *, *, #9266, .F. ) ;
#7231 = EDGE_CURVE ( 'NONE', #1752, #3484, #8408, .T. ) ;
#7232 = EDGE_CURVE ( 'NONE', #11156, #11393, #11240, .T. ) ;
#7233 = DIRECTION ( 'NONE',  ( -0.8660254037844385966, -0.5000000000000001110, 0.000000000000000000 ) ) ;
#7234 = EDGE_LOOP ( 'NONE', ( #2540, #3241, #7571, #3082 ) ) ;
#7235 = EDGE_LOOP ( 'NONE', ( #3042, #9794, #9344, #6166, #427, #5704, #8844, #8500 ) ) ;
#7236 = CARTESIAN_POINT ( 'NONE',  ( 1.443375672974063884, -2.500000000000000888, 2.255140518769849223E-14 ) ) ;
#7237 = EDGE_CURVE ( 'NONE', #1295, #8645, #321, .T. ) ;
#7238 = LINE ( 'NONE', #2879, #9011 ) ;
#7239 = DIRECTION ( 'NONE',  ( 0.4999999999999997780, 0.8660254037844388186, 0.000000000000000000 ) ) ;
#7240 = DIRECTION ( 'NONE',  ( -0.8660254037844385966, -0.5000000000000001110, 0.000000000000000000 ) ) ;
#7241 = ORIENTED_EDGE ( 'NONE', *, *, #11086, .T. ) ;
#7242 = LINE ( 'NONE', #58, #7946 ) ;
#7243 = CARTESIAN_POINT ( 'NONE',  ( 9.959292143521054186, 8.249999999999953815, 2.255140518769849223E-14 ) ) ;
#7244 = ORIENTED_EDGE ( 'NONE', *, *, #1845, .F. ) ;
#7245 = ORIENTED_EDGE ( 'NONE', *, *, #11207, .F. ) ;
#7246 = ORIENTED_EDGE ( 'NONE', *, *, #2753, .T. ) ;
#7247 = VECTOR ( 'NONE', #169, 1000.000000000000000 ) ;
#7248 = EDGE_CURVE ( 'NONE', #4713, #1751, #3162, .T. ) ;
#7249 = ORIENTED_EDGE ( 'NONE', *, *, #2260, .T. ) ;
#7250 = VECTOR ( 'NONE', #9432, 1000.000000000000000 ) ;
#7251 = VECTOR ( 'NONE', #10236, 1000.000000000000000 ) ;
#7252 = CARTESIAN_POINT ( 'NONE',  ( -7.144709581221635908, -1.624999999999996669, 2.255140518769849223E-14 ) ) ;
#7253 = DIRECTION ( 'NONE',  ( 1.437200963164487406E-16, -1.000000000000000000, 0.000000000000000000 ) ) ;
#7254 = CARTESIAN_POINT ( 'NONE',  ( -7.300682423332677473, 30.00000000000002132, 3.350000000000019629 ) ) ;
#7255 = LINE ( 'NONE', #10860, #7926 ) ;
#7256 = FACE_BOUND ( 'NONE', #7993, .T. ) ;
#7257 = VERTEX_POINT ( 'NONE', #10359 ) ;
#7258 = ADVANCED_FACE ( 'NONE', ( #2267 ), #5867, .F. ) ;
#7259 = VECTOR ( 'NONE', #8116, 1000.000000000000000 ) ;
#7260 = DIRECTION ( 'NONE',  ( -0.000000000000000000, 0.000000000000000000, -1.000000000000000000 ) ) ;
#7261 = EDGE_CURVE ( 'NONE', #6241, #8900, #5050, .T. ) ;
#7262 = VERTEX_POINT ( 'NONE', #11113 ) ;
#7263 = VECTOR ( 'NONE', #9009, 1000.000000000000000 ) ;
#7264 = AXIS2_PLACEMENT_3D ( 'NONE', #6396, #3793, #140 ) ;
#7265 = ORIENTED_EDGE ( 'NONE', *, *, #698, .T. ) ;
#7266 = EDGE_LOOP ( 'NONE', ( #4785, #8995, #3230, #3709 ) ) ;
#7267 = VECTOR ( 'NONE', #1621, 1000.000000000000000 ) ;
#7268 = CARTESIAN_POINT ( 'NONE',  ( 2.165063509461096825, -1.249999999999999112, 2.255140518769849223E-14 ) ) ;
#7269 = LINE ( 'NONE', #10869, #4957 ) ;
#7270 = CARTESIAN_POINT ( 'NONE',  ( 7.866397417708654416, -8.624999999999960920, 6.350000000000022737 ) ) ;
#7271 = CARTESIAN_POINT ( 'NONE',  ( -12.12435565298215856, -10.24999999999995204, 6.350000000000022737 ) ) ;
#7272 = ORIENTED_EDGE ( 'NONE', *, *, #11150, .T. ) ;
#7274 = CARTESIAN_POINT ( 'NONE',  ( -12.05218686933346284, -14.37499999999993783, 2.255140518769849223E-14 ) ) ;
#7273 = DIRECTION ( 'NONE',  ( 0.000000000000000000, 0.000000000000000000, 1.000000000000000000 ) ) ;
#7275 = DIRECTION ( 'NONE',  ( 0.000000000000000000, 0.000000000000000000, -1.000000000000000000 ) ) ;
#7276 = LINE ( 'NONE', #7336, #2300 ) ;
#7277 = EDGE_LOOP ( 'NONE', ( #1196, #1457, #10882 ) ) ;
#7278 = PLANE ( 'NONE',  #3274 ) ;
#7279 = ORIENTED_EDGE ( 'NONE', *, *, #2790, .F. ) ;
#7280 = EDGE_LOOP ( 'NONE', ( #623, #11023, #1956, #8140 ) ) ;
#7281 = CARTESIAN_POINT ( 'NONE',  ( 12.05218686933345218, -14.37499999999993960, 2.255140518769849223E-14 ) ) ;
#7282 = PLANE ( 'NONE',  #6141 ) ;
#7284 = CARTESIAN_POINT ( 'NONE',  ( 3.536270398786461211, 16.87499999999994671, 2.255140518769849223E-14 ) ) ;
#7283 = FACE_OUTER_BOUND ( 'NONE', #1785, .T. ) ;
#7285 = DIRECTION ( 'NONE',  ( 0.5000000000000001110, -0.8660254037844385966, 0.000000000000000000 ) ) ;
#7286 = CARTESIAN_POINT ( 'NONE',  ( -2.818925648462311528E-15, -13.99999999999995204, 2.255140518769849223E-14 ) ) ;
#7287 = CARTESIAN_POINT ( 'NONE',  ( -8.515916470547001182, 14.74999999999993072, 2.255140518769849223E-14 ) ) ;
#7288 = CARTESIAN_POINT ( 'NONE',  ( -7.264682050764862176, -12.50000000000001776, 29.40000000000000924 ) ) ;
#7289 = ORIENTED_EDGE ( 'NONE', *, *, #3148, .T. ) ;
#7290 = VECTOR ( 'NONE', #2670, 1000.000000000000000 ) ;
#7291 = AXIS2_PLACEMENT_3D ( 'NONE', #66, #2603, #8919 ) ;
#7292 = VERTEX_POINT ( 'NONE', #10409 ) ;
#7293 = CARTESIAN_POINT ( 'NONE',  ( 4.979646071760526205, -5.374999999999987566, 6.350000000000022737 ) ) ;
#7294 = VERTEX_POINT ( 'NONE', #1448 ) ;
#7295 = ORIENTED_EDGE ( 'NONE', *, *, #197, .F. ) ;
#7296 = CARTESIAN_POINT ( 'NONE',  ( -26.09310355970657369, 8.250000000000001776, 46.85000000000000142 ) ) ;
#7297 = CARTESIAN_POINT ( 'NONE',  ( -2.165063509461097269, -1.250000000000000444, 2.255140518769849223E-14 ) ) ;
#7298 = VECTOR ( 'NONE', #5070, 999.9999999999998863 ) ;
#7299 = DIRECTION ( 'NONE',  ( 1.000000000000000000, 0.000000000000000000, 0.000000000000000000 ) ) ;
#7300 = CARTESIAN_POINT ( 'NONE',  ( 1.443375672974074986, 13.99999999999993072, 2.255140518769849223E-14 ) ) ;
#7301 = ORIENTED_EDGE ( 'NONE', *, *, #8852, .F. ) ;
#7302 = LINE ( 'NONE', #4773, #2667 ) ;
#7303 = LINE ( 'NONE', #10907, #2070 ) ;
#7304 = AXIS2_PLACEMENT_3D ( 'NONE', #1807, #5413, #694 ) ;
#7305 = ORIENTED_EDGE ( 'NONE', *, *, #7899, .T. ) ;
#7306 = ORIENTED_EDGE ( 'NONE', *, *, #6108, .F. ) ;
#7307 = EDGE_LOOP ( 'NONE', ( #1245, #5786, #3907, #6805 ) ) ;
#7308 = EDGE_CURVE ( 'NONE', #1934, #8613, #6009, .T. ) ;
#7309 = EDGE_CURVE ( 'NONE', #6500, #6618, #4398, .T. ) ;
#7310 = VERTEX_POINT ( 'NONE', #9654 ) ;
#7311 = VECTOR ( 'NONE', #10700, 1000.000000000000000 ) ;
#7312 = CARTESIAN_POINT ( 'NONE',  ( -2.165063509461099933, 15.99999999999993072, 6.350000000000022737 ) ) ;
#7313 = CARTESIAN_POINT ( 'NONE',  ( 11.40266781649511785, -2.500000000000000444, 2.255140518769849223E-14 ) ) ;
#7314 = LINE ( 'NONE', #125, #5657 ) ;
#7315 = FACE_BOUND ( 'NONE', #10495, .T. ) ;
#7316 = ORIENTED_EDGE ( 'NONE', *, *, #8686, .T. ) ;
#7317 = ADVANCED_FACE ( 'NONE', ( #7933 ), #11642, .F. ) ;
#7318 = VECTOR ( 'NONE', #2209, 1000.000000000000000 ) ;
#7319 = ADVANCED_FACE ( 'NONE', ( #8700 ), #5991, .T. ) ;
#7320 = CARTESIAN_POINT ( 'NONE',  ( 10.28405166994017605, -5.937499999999984013, 3.350000000000019629 ) ) ;
#7321 = VERTEX_POINT ( 'NONE', #3340 ) ;
#7322 = EDGE_CURVE ( 'NONE', #6420, #3227, #736, .T. ) ;
#7323 = ADVANCED_FACE ( 'NONE', ( #8819 ), #6993, .T. ) ;
#7324 = ORIENTED_EDGE ( 'NONE', *, *, #888, .F. ) ;
#7325 = VERTEX_POINT ( 'NONE', #11586 ) ;
#7326 = VECTOR ( 'NONE', #9108, 1000.000000000000000 ) ;
#7327 = DIRECTION ( 'NONE',  ( 0.000000000000000000, 0.000000000000000000, -1.000000000000000000 ) ) ;
#7328 = FACE_OUTER_BOUND ( 'NONE', #2348, .T. ) ;
#7329 = ADVANCED_FACE ( 'NONE', ( #1681 ), #7105, .F. ) ;
#7330 = EDGE_CURVE ( 'NONE', #1316, #1667, #6219, .T. ) ;
#7331 = DIRECTION ( 'NONE',  ( 0.000000000000000000, -0.000000000000000000, -1.000000000000000000 ) ) ;
#7332 = VERTEX_POINT ( 'NONE', #11531 ) ;
#7334 = LINE ( 'NONE', #10931, #535 ) ;
#7333 = DIRECTION ( 'NONE',  ( 0.000000000000000000, 0.000000000000000000, 1.000000000000000000 ) ) ;
#7335 = DIRECTION ( 'NONE',  ( 0.000000000000000000, 0.000000000000000000, 1.000000000000000000 ) ) ;
#7336 = CARTESIAN_POINT ( 'NONE',  ( 12.77387470582047868, 1.625000000000000222, 2.255140518769849223E-14 ) ) ;
#7337 = VERTEX_POINT ( 'NONE', #9710 ) ;
#7338 = DIRECTION ( 'NONE',  ( 1.000000000000000000, 0.000000000000000000, 0.000000000000000000 ) ) ;
#7339 = ORIENTED_EDGE ( 'NONE', *, *, #9788, .T. ) ;
#7340 = ORIENTED_EDGE ( 'NONE', *, *, #8677, .T. ) ;
#7341 = LINE ( 'NONE', #8343, #4755 ) ;
#7342 = CARTESIAN_POINT ( 'NONE',  ( 13.03373945817677537, -16.07509895417734569, 6.350000000000022737 ) ) ;
#7343 = VECTOR ( 'NONE', #5656, 1000.000000000000000 ) ;
#7345 = FACE_BOUND ( 'NONE', #10479, .T. ) ;
#7344 = CARTESIAN_POINT ( 'NONE',  ( 1.220317949234429156, 7.500000000000017764, 42.15000000000003411 ) ) ;
#7346 = CARTESIAN_POINT ( 'NONE',  ( 9.705317949235135799, 7.500000000000020428, 29.39999999999995239 ) ) ;
#7347 = LINE ( 'NONE', #5528, #10528 ) ;
#7348 = LINE ( 'NONE', #3925, #11664 ) ;
#7349 = CARTESIAN_POINT ( 'NONE',  ( 12.12435565298215145, 10.24999999999995559, 2.255140518769849223E-14 ) ) ;
#7350 = ORIENTED_EDGE ( 'NONE', *, *, #6735, .T. ) ;
#7351 = VECTOR ( 'NONE', #844, 1000.000000000000000 ) ;
#7352 = CARTESIAN_POINT ( 'NONE',  ( 3.250000000000030642, -26.20000000000000284, 3.350000000000019629 ) ) ;
#7353 = EDGE_LOOP ( 'NONE', ( #9792, #5122, #9020, #11554 ) ) ;
#7354 = ORIENTED_EDGE ( 'NONE', *, *, #11008, .F. ) ;
#7355 = CARTESIAN_POINT ( 'NONE',  ( 11.40266781649511785, -2.500000000000000444, 6.350000000000022737 ) ) ;
#7356 = EDGE_CURVE ( 'NONE', #11011, #2949, #2987, .T. ) ;
#7357 = DIRECTION ( 'NONE',  ( 0.5000000000000001110, -0.8660254037844385966, 0.000000000000000000 ) ) ;
#7358 = DIRECTION ( 'NONE',  ( -0.8660254037844385966, -0.5000000000000001110, 0.000000000000000000 ) ) ;
#7359 = DIRECTION ( 'NONE',  ( -0.5000000000000001110, -0.8660254037844385966, 0.000000000000000000 ) ) ;
#7360 = ORIENTED_EDGE ( 'NONE', *, *, #1356, .F. ) ;
#7361 = DIRECTION ( 'NONE',  ( -0.8660254037844385966, -0.5000000000000001110, 0.000000000000000000 ) ) ;
#7362 = DIRECTION ( 'NONE',  ( 0.5000000000000001110, -0.8660254037844385966, 0.000000000000000000 ) ) ;
#7363 = ORIENTED_EDGE ( 'NONE', *, *, #11656, .T. ) ;
#7364 = ORIENTED_EDGE ( 'NONE', *, *, #11051, .F. ) ;
#7365 = ORIENTED_EDGE ( 'NONE', *, *, #6594, .T. ) ;
#7366 = ORIENTED_EDGE ( 'NONE', *, *, #4009, .T. ) ;
#7367 = CARTESIAN_POINT ( 'NONE',  ( 1.443375672974060997, 3.249999999999976463, 2.255140518769849223E-14 ) ) ;
#7368 = LINE ( 'NONE', #10262, #323 ) ;
#7369 = LINE ( 'NONE', #10974, #4697 ) ;
#7370 = CARTESIAN_POINT ( 'NONE',  ( -22.64626054182323145, 0.000000000000000000, 6.350000000000022737 ) ) ;
#7371 = ORIENTED_EDGE ( 'NONE', *, *, #2340, .T. ) ;
#7372 =( NAMED_UNIT ( * ) PLANE_ANGLE_UNIT ( ) SI_UNIT ( $, .RADIAN. ) );
#7373 = EDGE_CURVE ( 'NONE', #7670, #7609, #9824, .T. ) ;
#7374 = VECTOR ( 'NONE', #5300, 1000.000000000000000 ) ;
#7375 = VERTEX_POINT ( 'NONE', #5169 ) ;
#7376 = ORIENTED_EDGE ( 'NONE', *, *, #2843, .T. ) ;
#7377 = ORIENTED_EDGE ( 'NONE', *, *, #6440, .T. ) ;
#7378 = ADVANCED_FACE ( 'NONE', ( #7049 ), #4278, .F. ) ;
#7379 = VECTOR ( 'NONE', #5479, 1000.000000000000000 ) ;
#7380 = LINE ( 'NONE', #10219, #6453 ) ;
#7381 = ADVANCED_FACE ( 'NONE', ( #852 ), #11474, .T. ) ;
#7382 = PLANE ( 'NONE',  #5700 ) ;
#7383 = VECTOR ( 'NONE', #1907, 1000.000000000000000 ) ;
#7384 = EDGE_CURVE ( 'NONE', #5231, #6911, #7157, .T. ) ;
#7385 = LINE ( 'NONE', #8100, #119 ) ;
#7386 = ORIENTED_EDGE ( 'NONE', *, *, #5176, .F. ) ;
#7387 = ADVANCED_FACE ( 'NONE', ( #2562 ), #2386, .F. ) ;
#7389 = LINE ( 'NONE', #2023, #3557 ) ;
#7388 = CARTESIAN_POINT ( 'NONE',  ( -12.05218686933346284, -2.874999999999983569, 2.255140518769849223E-14 ) ) ;
#7390 = DIRECTION ( 'NONE',  ( 0.5000000000000001110, -0.8660254037844385966, 0.000000000000000000 ) ) ;
#7391 = VECTOR ( 'NONE', #7854, 1000.000000000000000 ) ;
#7392 = CARTESIAN_POINT ( 'NONE',  ( 4.979646071760526205, -17.62499999999993960, 2.255140518769849223E-14 ) ) ;
#7393 = ORIENTED_EDGE ( 'NONE', *, *, #6909, .F. ) ;
#7394 = VECTOR ( 'NONE', #4393, 999.9999999999998863 ) ;
#7395 = DIRECTION ( 'NONE',  ( 1.000000000000000000, 0.000000000000000000, 0.000000000000000000 ) ) ;
#7396 = ORIENTED_EDGE ( 'NONE', *, *, #8380, .T. ) ;
#7397 = AXIS2_PLACEMENT_3D ( 'NONE', #9500, #10440, #409 ) ;
#7398 = DIRECTION ( 'NONE',  ( -0.4999999999999997780, -0.8660254037844387076, 0.000000000000000000 ) ) ;
#7399 = CARTESIAN_POINT ( 'NONE',  ( 2.814582562299422719, -7.374999999999972466, 2.255140518769849223E-14 ) ) ;
#7400 = CARTESIAN_POINT ( 'NONE',  ( -7.072540797572933080, 11.49999999999995381, 2.255140518769849223E-14 ) ) ;
#7401 = VECTOR ( 'NONE', #1333, 1000.000000000000000 ) ;
#7402 = CARTESIAN_POINT ( 'NONE',  ( -7.144709581221639461, 15.62499999999993072, 2.255140518769849223E-14 ) ) ;
#7403 = CARTESIAN_POINT ( 'NONE',  ( -7.794228634059957805, 1.249999999999989786, 6.350000000000022737 ) ) ;
#7404 = LINE ( 'NONE', #10892, #550 ) ;
#7405 = CARTESIAN_POINT ( 'NONE',  ( 1.443375672974060997, -8.249999999999973355, 2.255140518769849223E-14 ) ) ;
#7406 = EDGE_CURVE ( 'NONE', #8377, #8284, #11416, .T. ) ;
#7407 = VECTOR ( 'NONE', #7703, 1000.000000000000000 ) ;
#7408 = VERTEX_POINT ( 'NONE', #7274 ) ;
#7409 = EDGE_CURVE ( 'NONE', #2931, #9464, #6275, .T. ) ;
#7410 = ORIENTED_EDGE ( 'NONE', *, *, #5360, .F. ) ;
#7411 = PLANE ( 'NONE',  #10597 ) ;
#7412 = ORIENTED_EDGE ( 'NONE', *, *, #5519, .F. ) ;
#7413 = ORIENTED_EDGE ( 'NONE', *, *, #11140, .T. ) ;
#7414 = VECTOR ( 'NONE', #3369, 1000.000000000000000 ) ;
#7415 = DIRECTION ( 'NONE',  ( 0.000000000000000000, 0.000000000000000000, 1.000000000000000000 ) ) ;
#7416 = DIRECTION ( 'NONE',  ( 1.000000000000000000, 0.000000000000000000, 0.000000000000000000 ) ) ;
#7417 = CARTESIAN_POINT ( 'NONE',  ( -3.250000000000002665, -24.69999999999999929, 0.000000000000000000 ) ) ;
#7418 = LINE ( 'NONE', #3000, #2928 ) ;
#7419 = VERTEX_POINT ( 'NONE', #9107 ) ;
#7420 = FACE_OUTER_BOUND ( 'NONE', #10803, .T. ) ;
#7421 = LINE ( 'NONE', #4833, #1321 ) ;
#7422 = VERTEX_POINT ( 'NONE', #10811 ) ;
#7423 = ORIENTED_EDGE ( 'NONE', *, *, #3329, .F. ) ;
#7424 = VECTOR ( 'NONE', #3384, 1000.000000000000000 ) ;
#7425 = ORIENTED_EDGE ( 'NONE', *, *, #10766, .T. ) ;
#7426 = VERTEX_POINT ( 'NONE', #21 ) ;
#7427 = FACE_OUTER_BOUND ( 'NONE', #2514, .T. ) ;
#7428 = CARTESIAN_POINT ( 'NONE',  ( -9.959292143521064844, 13.99999999999993072, 2.255140518769849223E-14 ) ) ;
#7429 = CARTESIAN_POINT ( 'NONE',  ( -6.783865662978158184, -12.50000000000001776, 6.350000000000022737 ) ) ;
#7430 = FACE_BOUND ( 'NONE', #1103, .T. ) ;
#7431 = VERTEX_POINT ( 'NONE', #6340 ) ;
#7432 = ORIENTED_EDGE ( 'NONE', *, *, #1205, .T. ) ;
#7433 = VECTOR ( 'NONE', #3129, 999.9999999999998863 ) ;
#7434 = ORIENTED_EDGE ( 'NONE', *, *, #3924, .F. ) ;
#7435 = VERTEX_POINT ( 'NONE', #10755 ) ;
#7436 = EDGE_CURVE ( 'NONE', #10818, #7136, #7389, .T. ) ;
#7437 = CARTESIAN_POINT ( 'NONE',  ( -11.40266781649512495, -8.249999999999975131, 6.350000000000022737 ) ) ;
#7438 = DIRECTION ( 'NONE',  ( 0.4999999999999997224, 0.8660254037844387076, 0.000000000000000000 ) ) ;
#7439 = LINE ( 'NONE', #11042, #3506 ) ;
#7440 = ORIENTED_EDGE ( 'NONE', *, *, #4798, .F. ) ;
#7441 = VECTOR ( 'NONE', #1861, 1000.000000000000000 ) ;
#7443 = DIRECTION ( 'NONE',  ( 0.5000000000000001110, -0.8660254037844385966, 0.000000000000000000 ) ) ;
#7442 = CARTESIAN_POINT ( 'NONE',  ( -1.443375672974067880, 19.74999999999993605, 2.255140518769849223E-14 ) ) ;
#7444 = VECTOR ( 'NONE', #681, 1000.000000000000000 ) ;
#7445 = LINE ( 'NONE', #4628, #7898 ) ;
#7446 = CONICAL_SURFACE ( 'NONE', #2552, 2.550000000000000266, 0.7853981633974492782 ) ;
#7447 = CARTESIAN_POINT ( 'NONE',  ( 2.814582562299429380, 13.12499999999994316, 6.350000000000022737 ) ) ;
#7448 = ORIENTED_EDGE ( 'NONE', *, *, #2850, .F. ) ;
#7449 = EDGE_CURVE ( 'NONE', #2218, #7843, #1104, .T. ) ;
#7450 = PLANE ( 'NONE',  #6852 ) ;
#7451 = VECTOR ( 'NONE', #4639, 1000.000000000000000 ) ;
#7452 = EDGE_CURVE ( 'NONE', #7837, #7072, #8992, .T. ) ;
#7453 = ORIENTED_EDGE ( 'NONE', *, *, #7667, .F. ) ;
#7454 = EDGE_CURVE ( 'NONE', #4475, #5408, #3678, .T. ) ;
#7455 = CARTESIAN_POINT ( 'NONE',  ( 9.705317949235135799, -12.50000000000001776, 27.64999999999995239 ) ) ;
#7456 = DIRECTION ( 'NONE',  ( 0.5000000000000001110, 0.8660254037844385966, 0.000000000000000000 ) ) ;
#7457 = DIRECTION ( 'NONE',  ( -0.000000000000000000, 1.000000000000000000, -0.000000000000000000 ) ) ;
#7458 = DIRECTION ( 'NONE',  ( 3.373073425510458458E-16, -1.000000000000000000, 0.000000000000000000 ) ) ;
#7459 = DIRECTION ( 'NONE',  ( 0.7071067811865463515, -0.7071067811865487940, 0.000000000000000000 ) ) ;
#7460 = DIRECTION ( 'NONE',  ( 0.000000000000000000, -1.000000000000000000, 0.000000000000000000 ) ) ;
#7461 = EDGE_CURVE ( 'NONE', #9662, #7002, #9999, .T. ) ;
#7462 = CARTESIAN_POINT ( 'NONE',  ( 13.03373945817676471, 12.67490104582256372, 6.350000000000022737 ) ) ;
#7463 = ADVANCED_FACE ( 'NONE', ( #5568 ), #9048, .T. ) ;
#7464 = VECTOR ( 'NONE', #10783, 1000.000000000000000 ) ;
#7465 = ORIENTED_EDGE ( 'NONE', *, *, #2195, .F. ) ;
#7466 = ORIENTED_EDGE ( 'NONE', *, *, #3857, .F. ) ;
#7467 = LINE ( 'NONE', #3640, #2677 ) ;
#7468 = ORIENTED_EDGE ( 'NONE', *, *, #2423, .F. ) ;
#7469 = EDGE_CURVE ( 'NONE', #8329, #770, #912, .T. ) ;
#7470 = VERTEX_POINT ( 'NONE', #6508 ) ;
#7472 = LINE ( 'NONE', #11070, #9875 ) ;
#7471 = CARTESIAN_POINT ( 'NONE',  ( 12.84604348946918329, -5.749999999999973355, 6.350000000000022737 ) ) ;
#7473 = EDGE_CURVE ( 'NONE', #204, #8438, #5460, .T. ) ;
#7474 = ADVANCED_FACE ( 'NONE', ( #8222 ), #9938, .T. ) ;
#7475 = FACE_OUTER_BOUND ( 'NONE', #2442, .T. ) ;
#7476 = FACE_OUTER_BOUND ( 'NONE', #1234, .T. ) ;
#7477 = DIRECTION ( 'NONE',  ( -0.000000000000000000, 0.000000000000000000, 1.000000000000000000 ) ) ;
#7478 = EDGE_LOOP ( 'NONE', ( #9283, #7134, #2309, #5718, #5371, #7546 ) ) ;
#7479 = CARTESIAN_POINT ( 'NONE',  ( -30.34310355970659856, 12.50000000000001776, 6.350000000000022737 ) ) ;
#7480 = VECTOR ( 'NONE', #1689, 1000.000000000000000 ) ;
#7481 = PLANE ( 'NONE',  #3772 ) ;
#7482 = ORIENTED_EDGE ( 'NONE', *, *, #9636, .F. ) ;
#7483 = ORIENTED_EDGE ( 'NONE', *, *, #197, .T. ) ;
#7484 = VERTEX_POINT ( 'NONE', #141 ) ;
#7485 = VERTEX_POINT ( 'NONE', #1847 ) ;
#7486 = LINE ( 'NONE', #123, #7026 ) ;
#7487 = DIRECTION ( 'NONE',  ( 0.4999999999999997224, 0.8660254037844387076, 0.000000000000000000 ) ) ;
#7488 = CARTESIAN_POINT ( 'NONE',  ( 11.40266781649511607, -3.249999999999972911, 2.255140518769849223E-14 ) ) ;
#7489 = CIRCLE ( 'NONE', #5052, 2.550000000000000266 ) ;
#7490 = CARTESIAN_POINT ( 'NONE',  ( 7.072540797572925086, 17.24999999999993250, 6.350000000000022737 ) ) ;
#7491 = EDGE_LOOP ( 'NONE', ( #10394, #1132, #6710, #6558, #6369, #6027 ) ) ;
#7492 = ORIENTED_EDGE ( 'NONE', *, *, #8838, .T. ) ;
#7493 = EDGE_CURVE ( 'NONE', #9922, #6285, #7334, .T. ) ;
#7494 = AXIS2_PLACEMENT_3D ( 'NONE', #5242, #6234, #8948 ) ;
#7495 = ORIENTED_EDGE ( 'NONE', *, *, #7532, .T. ) ;
#7496 = ORIENTED_EDGE ( 'NONE', *, *, #5830, .F. ) ;
#7497 = DIRECTION ( 'NONE',  ( 1.000000000000000000, 0.000000000000000000, 0.000000000000000000 ) ) ;
#7498 = LINE ( 'NONE', #11276, #11157 ) ;
#7499 = AXIS2_PLACEMENT_3D ( 'NONE', #322, #1923, #1979 ) ;
#7500 = LINE ( 'NONE', #3965, #5965 ) ;
#7501 = ORIENTED_EDGE ( 'NONE', *, *, #10829, .T. ) ;
#7502 = EDGE_CURVE ( 'NONE', #11321, #2484, #7213, .T. ) ;
#7504 = CARTESIAN_POINT ( 'NONE',  ( -2.453738644055862839, -18.00000000000001421, 0.000000000000000000 ) ) ;
#7503 = CARTESIAN_POINT ( 'NONE',  ( 20.78373945817676827, -20.00000000000001776, 4.350000000000027178 ) ) ;
#7505 = DIRECTION ( 'NONE',  ( -2.155801444746731110E-16, 1.000000000000000000, 0.000000000000000000 ) ) ;
#7506 = VECTOR ( 'NONE', #4980, 1000.000000000000000 ) ;
#7507 = LINE ( 'NONE', #9282, #8327 ) ;
#7508 = ORIENTED_EDGE ( 'NONE', *, *, #2005, .T. ) ;
#7509 = DIRECTION ( 'NONE',  ( -0.000000000000000000, 0.000000000000000000, 1.000000000000000000 ) ) ;
#7510 = AXIS2_PLACEMENT_3D ( 'NONE', #678, #2620, #2512 ) ;
#7511 = ORIENTED_EDGE ( 'NONE', *, *, #1824, .T. ) ;
#7512 = LINE ( 'NONE', #2145, #3256 ) ;
#7513 = DIRECTION ( 'NONE',  ( -0.8660254037844385966, -0.5000000000000001110, 0.000000000000000000 ) ) ;
#7514 = VECTOR ( 'NONE', #8235, 1000.000000000000000 ) ;
#7515 = EDGE_CURVE ( 'NONE', #701, #4713, #2794, .T. ) ;
#7516 = DIRECTION ( 'NONE',  ( 1.000000000000000000, 0.000000000000000000, 0.000000000000000000 ) ) ;
#7517 = DIRECTION ( 'NONE',  ( -3.373073425510458458E-16, 1.000000000000000000, 0.000000000000000000 ) ) ;
#7518 = LINE ( 'NONE', #8293, #7890 ) ;
#7519 = EDGE_CURVE ( 'NONE', #2021, #7843, #9222, .T. ) ;
#7520 = LINE ( 'NONE', #10013, #10162 ) ;
#7521 = EDGE_CURVE ( 'NONE', #4848, #10856, #4687, .T. ) ;
#7522 = CARTESIAN_POINT ( 'NONE',  ( -7.264682050764862176, -12.50000000000001776, 29.40000000000000924 ) ) ;
#7523 = EDGE_LOOP ( 'NONE', ( #5807, #7207, #9478, #10030, #8674, #921 ) ) ;
#7524 = VERTEX_POINT ( 'NONE', #3852 ) ;
#7525 = CARTESIAN_POINT ( 'NONE',  ( 7.144709581221622585, 1.624999999999989564, 6.350000000000022737 ) ) ;
#7526 = EDGE_LOOP ( 'NONE', ( #9286, #11101, #5672, #9253 ) ) ;
#7527 = EDGE_LOOP ( 'NONE', ( #5679, #566, #4518, #11538 ) ) ;
#7528 = EDGE_CURVE ( 'NONE', #3946, #6118, #1793, .T. ) ;
#7529 = EDGE_CURVE ( 'NONE', #5776, #2298, #8102, .T. ) ;
#7531 = CARTESIAN_POINT ( 'NONE',  ( 7.144709581221628802, -18.87499999999992895, 2.255140518769849223E-14 ) ) ;
#7530 = CARTESIAN_POINT ( 'NONE',  ( 7.368161339686237099, -30.00000000000002132, 3.350000000000019629 ) ) ;
#7532 = EDGE_CURVE ( 'NONE', #2170, #6797, #9516, .T. ) ;
#7533 = ADVANCED_FACE ( 'NONE', ( #3087 ), #6686, .F. ) ;
#7534 = DIRECTION ( 'NONE',  ( 0.000000000000000000, 0.000000000000000000, 1.000000000000000000 ) ) ;
#7535 = DIRECTION ( 'NONE',  ( 1.000000000000000000, 3.373073425510458458E-16, 0.000000000000000000 ) ) ;
#7536 = DIRECTION ( 'NONE',  ( 0.000000000000000000, 0.000000000000000000, 1.000000000000000000 ) ) ;
#7537 = EDGE_CURVE ( 'NONE', #7485, #9225, #6373, .T. ) ;
#7538 = CARTESIAN_POINT ( 'NONE',  ( -14.39626054182323323, 20.00000000000001776, 6.350000000000022737 ) ) ;
#7539 = CARTESIAN_POINT ( 'NONE',  ( 2.092894725812396661, -2.874999999999986233, 6.350000000000022737 ) ) ;
#7540 = VECTOR ( 'NONE', #11076, 1000.000000000000000 ) ;
#7541 = LINE ( 'NONE', #7320, #4548 ) ;
#7542 = VERTEX_POINT ( 'NONE', #9457 ) ;
#7543 = ORIENTED_EDGE ( 'NONE', *, *, #1630, .F. ) ;
#7544 = ORIENTED_EDGE ( 'NONE', *, *, #10793, .T. ) ;
#7545 = EDGE_CURVE ( 'NONE', #6865, #7718, #4919, .T. ) ;
#7546 = ORIENTED_EDGE ( 'NONE', *, *, #5791, .F. ) ;
#7547 = LINE ( 'NONE', #5020, #1378 ) ;
#7548 = CARTESIAN_POINT ( 'NONE',  ( -10.28405166994018138, -5.937499999999985789, 3.350000000000019629 ) ) ;
#7549 = CARTESIAN_POINT ( 'NONE',  ( -7.072540797572933080, -17.24999999999992895, 2.255140518769849223E-14 ) ) ;
#7550 = CARTESIAN_POINT ( 'NONE',  ( 32.78373945817675406, 0.000000000000000000, 0.000000000000000000 ) ) ;
#7551 = ORIENTED_EDGE ( 'NONE', *, *, #10653, .T. ) ;
#7552 = ORIENTED_EDGE ( 'NONE', *, *, #6394, .T. ) ;
#7553 = ORIENTED_EDGE ( 'NONE', *, *, #9486, .T. ) ;
#7554 = ADVANCED_FACE ( 'NONE', ( #1258 ), #309, .T. ) ;
#7555 = CIRCLE ( 'NONE', #589, 12.74999999999999822 ) ;
#7556 = ORIENTED_EDGE ( 'NONE', *, *, #7118, .T. ) ;
#7557 = EDGE_LOOP ( 'NONE', ( #3020, #5546, #2888, #8154, #5931, #7583 ) ) ;
#7558 = DIRECTION ( 'NONE',  ( -0.4999999999999997780, -0.8660254037844387076, 0.000000000000000000 ) ) ;
#7559 = CARTESIAN_POINT ( 'NONE',  ( 0.000000000000000000, 0.000000000000000000, 6.350000000000022737 ) ) ;
#7560 = UNCERTAINTY_MEASURE_WITH_UNIT (LENGTH_MEASURE( 1.000000000000000082E-05 ), #5556, 'distance_accuracy_value', 'NONE');
#7561 = CARTESIAN_POINT ( 'NONE',  ( 3.536270398786449221, -11.87499999999996270, 2.255140518769849223E-14 ) ) ;
#7562 = AXIS2_PLACEMENT_3D ( 'NONE', #10028, #6427, #115 ) ;
#7563 = DIRECTION ( 'NONE',  ( 1.437200963164487406E-16, -1.000000000000000000, 0.000000000000000000 ) ) ;
#7564 = ORIENTED_EDGE ( 'NONE', *, *, #757, .T. ) ;
#7566 = CARTESIAN_POINT ( 'NONE',  ( 7.794228634059952476, -10.24999999999996092, 6.350000000000022737 ) ) ;
#7565 = CARTESIAN_POINT ( 'NONE',  ( -4.979646071760535087, 11.12499999999994138, 2.255140518769849223E-14 ) ) ;
#7567 = LINE ( 'NONE', #8570, #11111 ) ;
#7568 = CARTESIAN_POINT ( 'NONE',  ( -30.34310355970660211, 3.999999999999982681, 6.350000000000022737 ) ) ;
#7569 = CARTESIAN_POINT ( 'NONE',  ( 0.000000000000000000, 0.000000000000000000, 6.350000000000022737 ) ) ;
#7570 = AXIS2_PLACEMENT_3D ( 'NONE', #6880, #9479, #10419 ) ;
#7571 = ORIENTED_EDGE ( 'NONE', *, *, #9038, .F. ) ;
#7572 = PLANE ( 'NONE',  #11344 ) ;
#7573 = CARTESIAN_POINT ( 'NONE',  ( -30.34310355970660211, -3.999999999999989786, 6.350000000000022737 ) ) ;
#7574 = VECTOR ( 'NONE', #7731, 1000.000000000000000 ) ;
#7575 = LINE ( 'NONE', #1271, #6150 ) ;
#7576 = DIRECTION ( 'NONE',  ( 0.000000000000000000, -0.000000000000000000, -1.000000000000000000 ) ) ;
#7577 = AXIS2_PLACEMENT_3D ( 'NONE', #3198, #3964, #10390 ) ;
#7578 = FACE_OUTER_BOUND ( 'NONE', #7234, .T. ) ;
#7579 = CARTESIAN_POINT ( 'NONE',  ( -1.443375672974064328, -2.500000000000000888, 2.255140518769849223E-14 ) ) ;
#7580 = CARTESIAN_POINT ( 'NONE',  ( 20.78373945817676827, 20.00000000000001776, 4.350000000000027178 ) ) ;
#7581 = ORIENTED_EDGE ( 'NONE', *, *, #8639, .F. ) ;
#7582 = AXIS2_PLACEMENT_3D ( 'NONE', #7073, #1703, #8902 ) ;
#7583 = ORIENTED_EDGE ( 'NONE', *, *, #5772, .T. ) ;
#7584 = AXIS2_PLACEMENT_3D ( 'NONE', #6854, #9630, #3435 ) ;
#7585 = ORIENTED_EDGE ( 'NONE', *, *, #1268, .F. ) ;
#7586 = LINE ( 'NONE', #5762, #4191 ) ;
#7587 = VERTEX_POINT ( 'NONE', #429 ) ;
#7588 = ORIENTED_EDGE ( 'NONE', *, *, #5967, .T. ) ;
#7589 = ADVANCED_FACE ( 'NONE', ( #8508 ), #7625, .F. ) ;
#7591 = CARTESIAN_POINT ( 'NONE',  ( -6.423021744734610294, -6.124999999999984901, 2.255140518769849223E-14 ) ) ;
#7590 = LINE ( 'NONE', #3174, #6890 ) ;
#7592 = LINE ( 'NONE', #8597, #9197 ) ;
#7593 = LINE ( 'NONE', #8538, #3524 ) ;
#7594 = CARTESIAN_POINT ( 'NONE',  ( 2.092894725812393553, 8.624999999999966249, 6.350000000000022737 ) ) ;
#7595 = CARTESIAN_POINT ( 'NONE',  ( -6.423021744734610294, -6.124999999999985789, 2.255140518769849223E-14 ) ) ;
#7596 = CARTESIAN_POINT ( 'NONE',  ( -6.288372600415925717E-15, 8.999999999999953815, 2.255140518769849223E-14 ) ) ;
#7597 = CARTESIAN_POINT ( 'NONE',  ( 8.515916470546978090, 2.499999999999976019, 6.350000000000022737 ) ) ;
#7598 = EDGE_LOOP ( 'NONE', ( #11170, #8072, #7364, #648, #4677, #312 ) ) ;
#7599 = VERTEX_POINT ( 'NONE', #3909 ) ;
#7600 = EDGE_CURVE ( 'NONE', #2871, #2593, #4031, .T. ) ;
#7601 = ORIENTED_EDGE ( 'NONE', *, *, #10570, .F. ) ;
#7602 = EDGE_CURVE ( 'NONE', #2625, #9321, #4089, .T. ) ;
#7603 = VECTOR ( 'NONE', #8941, 1000.000000000000000 ) ;
#7604 = EDGE_LOOP ( 'NONE', ( #8381, #10518 ) ) ;
#7605 = PLANE ( 'NONE',  #1564 ) ;
#7606 = LINE ( 'NONE', #4962, #2027 ) ;
#7607 = DIRECTION ( 'NONE',  ( 1.000000000000000000, 0.000000000000000000, 0.000000000000000000 ) ) ;
#7608 = LINE ( 'NONE', #11091, #2353 ) ;
#7609 = VERTEX_POINT ( 'NONE', #7504 ) ;
#7610 = VECTOR ( 'NONE', #10618, 1000.000000000000000 ) ;
#7611 = ORIENTED_EDGE ( 'NONE', *, *, #5253, .T. ) ;
#7612 = EDGE_CURVE ( 'NONE', #3345, #6956, #3147, .T. ) ;
#7613 = ORIENTED_EDGE ( 'NONE', *, *, #11345, .T. ) ;
#7614 = EDGE_LOOP ( 'NONE', ( #1952, #8787, #1077, #9362 ) ) ;
#7615 = VERTEX_POINT ( 'NONE', #4856 ) ;
#7616 = CARTESIAN_POINT ( 'NONE',  ( -2.453738644055864615, -18.00000000000001421, -3.649999999999986589 ) ) ;
#7617 = CARTESIAN_POINT ( 'NONE',  ( 1.220317949211389141, 7.500000000000017764, 24.89999999999898250 ) ) ;
#7618 = EDGE_CURVE ( 'NONE', #1667, #5463, #5796, .T. ) ;
#7619 = DIRECTION ( 'NONE',  ( 0.000000000000000000, -0.7071067811865462405, 0.7071067811865489050 ) ) ;
#7620 = FACE_OUTER_BOUND ( 'NONE', #5933, .T. ) ;
#7621 = VERTEX_POINT ( 'NONE', #10343 ) ;
#7622 = EDGE_CURVE ( 'NONE', #174, #2786, #8450, .T. ) ;
#7623 = EDGE_CURVE ( 'NONE', #7332, #7321, #2197, .T. ) ;
#7625 = PLANE ( 'NONE',  #2796 ) ;
#7624 = DIRECTION ( 'NONE',  ( -0.5000000000000001110, -0.8660254037844385966, 0.000000000000000000 ) ) ;
#7626 = CARTESIAN_POINT ( 'NONE',  ( 3.536270398786447000, -6.124999999999986677, 6.350000000000022737 ) ) ;
#7627 = DIRECTION ( 'NONE',  ( -0.8660254037844385966, -0.5000000000000001110, 0.000000000000000000 ) ) ;
#7628 = DIRECTION ( 'NONE',  ( 0.000000000000000000, 0.000000000000000000, 1.000000000000000000 ) ) ;
#7629 = ORIENTED_EDGE ( 'NONE', *, *, #10076, .F. ) ;
#7630 = EDGE_LOOP ( 'NONE', ( #945, #11152, #2596, #3761 ) ) ;
#7631 = PLANE ( 'NONE',  #6417 ) ;
#7632 = PLANE ( 'NONE',  #5516 ) ;
#7633 = CARTESIAN_POINT ( 'NONE',  ( 9.959292143521054186, 8.999999999999953815, 2.255140518769849223E-14 ) ) ;
#7634 = AXIS2_PLACEMENT_3D ( 'NONE', #4657, #8079, #6363 ) ;
#7635 = DIRECTION ( 'NONE',  ( -1.000000000000000000, -1.067522139062644163E-15, 0.000000000000000000 ) ) ;
#7636 = DIRECTION ( 'NONE',  ( 0.5000000000000001110, 0.8660254037844385966, 0.000000000000000000 ) ) ;
#7637 = CARTESIAN_POINT ( 'NONE',  ( -11.40266781649512673, -8.999999999999950262, 2.255140518769849223E-14 ) ) ;
#7638 = CARTESIAN_POINT ( 'NONE',  ( 0.000000000000000000, 0.000000000000000000, 6.350000000000022737 ) ) ;
#7639 = DIRECTION ( 'NONE',  ( 4.003208021484940511E-16, -1.000000000000000000, 0.000000000000000000 ) ) ;
#7640 = CIRCLE ( 'NONE', #10464, 2.550000000000000266 ) ;
#7641 = ORIENTED_EDGE ( 'NONE', *, *, #8912, .T. ) ;
#7642 = AXIS2_PLACEMENT_3D ( 'NONE', #10041, #1012, #4616 ) ;
#7643 = EDGE_CURVE ( 'NONE', #3803, #3270, #10396, .T. ) ;
#7644 = ORIENTED_EDGE ( 'NONE', *, *, #7356, .F. ) ;
#7645 = FACE_OUTER_BOUND ( 'NONE', #228, .T. ) ;
#7646 = CARTESIAN_POINT ( 'NONE',  ( -30.34310355970660567, 21.50000000000000711, 0.000000000000000000 ) ) ;
#7647 = ORIENTED_EDGE ( 'NONE', *, *, #10438, .T. ) ;
#7649 = PLANE ( 'NONE',  #75 ) ;
#7648 = FACE_OUTER_BOUND ( 'NONE', #4431, .T. ) ;
#7650 = CONICAL_SURFACE ( 'NONE', #8399, 2.550000000000000266, 0.7853981633974492782 ) ;
#7651 = LINE ( 'NONE', #6773, #8253 ) ;
#7652 = FACE_OUTER_BOUND ( 'NONE', #2477, .T. ) ;
#7653 = LINE ( 'NONE', #11253, #3681 ) ;
#7654 = DIRECTION ( 'NONE',  ( 0.5000000000000001110, -0.8660254037844385966, 0.000000000000000000 ) ) ;
#7655 = AXIS2_PLACEMENT_3D ( 'NONE', #6076, #2296, #5901 ) ;
#7656 = DIRECTION ( 'NONE',  ( 0.8660254037844385966, -0.5000000000000001110, 0.000000000000000000 ) ) ;
#7657 = DIRECTION ( 'NONE',  ( 0.000000000000000000, -1.000000000000000000, 0.000000000000000000 ) ) ;
#7658 = ORIENTED_EDGE ( 'NONE', *, *, #5360, .T. ) ;
#7659 = ORIENTED_EDGE ( 'NONE', *, *, #5176, .T. ) ;
#7660 = ORIENTED_EDGE ( 'NONE', *, *, #2997, .T. ) ;
#7661 = ORIENTED_EDGE ( 'NONE', *, *, #7831, .T. ) ;
#7662 = CARTESIAN_POINT ( 'NONE',  ( -6.423021744734596084, 6.124999999999965361, 6.350000000000022737 ) ) ;
#7663 = LINE ( 'NONE', #11265, #11064 ) ;
#7664 = DIRECTION ( 'NONE',  ( -0.5000000000000001110, -0.8660254037844385966, 0.000000000000000000 ) ) ;
#7665 = DIRECTION ( 'NONE',  ( 0.000000000000000000, 0.000000000000000000, 1.000000000000000000 ) ) ;
#7666 = ORIENTED_EDGE ( 'NONE', *, *, #7623, .F. ) ;
#7667 = EDGE_CURVE ( 'NONE', #3043, #10403, #6568, .T. ) ;
#7668 = VERTEX_POINT ( 'NONE', #2311 ) ;
#7669 = EDGE_CURVE ( 'NONE', #8377, #11552, #546, .T. ) ;
#7670 = VERTEX_POINT ( 'NONE', #2079 ) ;
#7671 = VECTOR ( 'NONE', #10697, 1000.000000000000000 ) ;
#7672 = ORIENTED_EDGE ( 'NONE', *, *, #888, .T. ) ;
#7673 = VECTOR ( 'NONE', #2648, 1000.000000000000000 ) ;
#7674 = CARTESIAN_POINT ( 'NONE',  ( 4.979646071760526205, -16.87499999999994316, 2.255140518769849223E-14 ) ) ;
#7675 = CARTESIAN_POINT ( 'NONE',  ( 2.886751345948125103, 17.24999999999993250, 2.255140518769849223E-14 ) ) ;
#7676 = ADVANCED_FACE ( 'NONE', ( #1200 ), #4800, .F. ) ;
#7677 = CARTESIAN_POINT ( 'NONE',  ( -12.77387470582048579, 4.124999999999978684, 2.255140518769849223E-14 ) ) ;
#7678 = CARTESIAN_POINT ( 'NONE',  ( -12.96626054182323173, 17.99999999999996092, -3.649999999999986589 ) ) ;
#7679 = ORIENTED_EDGE ( 'NONE', *, *, #485, .T. ) ;
#7680 = EDGE_CURVE ( 'NONE', #599, #9142, #6860, .T. ) ;
#7682 = CARTESIAN_POINT ( 'NONE',  ( -12.05218686933346461, 14.37499999999994138, 2.255140518769849223E-14 ) ) ;
#7681 = CARTESIAN_POINT ( 'NONE',  ( 2.165063509461093272, 18.49999999999993250, 2.255140518769849223E-14 ) ) ;
#7683 = EDGE_CURVE ( 'NONE', #11552, #2041, #1606, .T. ) ;
#7684 = VECTOR ( 'NONE', #8660, 1000.000000000000114 ) ;
#7685 = DIRECTION ( 'NONE',  ( -0.5000000000000001110, 0.8660254037844387076, 0.000000000000000000 ) ) ;
#7686 = CARTESIAN_POINT ( 'NONE',  ( 1.443375672974059887, 19.74999999999993605, 6.350000000000022737 ) ) ;
#7687 = VECTOR ( 'NONE', #8360, 1000.000000000000000 ) ;
#7688 = DIRECTION ( 'NONE',  ( 0.5000000000000001110, -0.8660254037844385966, 0.000000000000000000 ) ) ;
#7689 = EDGE_CURVE ( 'NONE', #10118, #4882, #10844, .T. ) ;
#7690 = EDGE_CURVE ( 'NONE', #8439, #4341, #3389, .T. ) ;
#7691 = ORIENTED_EDGE ( 'NONE', *, *, #5082, .F. ) ;
#7692 = ORIENTED_EDGE ( 'NONE', *, *, #4877, .T. ) ;
#7693 = CARTESIAN_POINT ( 'NONE',  ( -7.264682050764862176, -12.50000000000001776, 27.65000000000000568 ) ) ;
#7694 = LINE ( 'NONE', #376, #8896 ) ;
#7695 = DIRECTION ( 'NONE',  ( -0.8660254037844385966, -0.5000000000000001110, 0.000000000000000000 ) ) ;
#7696 = VECTOR ( 'NONE', #4929, 999.9999999999998863 ) ;
#7697 = DIRECTION ( 'NONE',  ( 0.000000000000000000, -1.000000000000000000, 0.000000000000000000 ) ) ;
#7698 = DIRECTION ( 'NONE',  ( -0.4999999999999997780, -0.8660254037844387076, 0.000000000000000000 ) ) ;
#7699 = DIRECTION ( 'NONE',  ( 0.4999999999999997224, 0.8660254037844387076, 0.000000000000000000 ) ) ;
#7700 = DIRECTION ( 'NONE',  ( 0.4999999999999997224, 0.8660254037844387076, 0.000000000000000000 ) ) ;
#7701 = ORIENTED_EDGE ( 'NONE', *, *, #10863, .T. ) ;
#7702 = VECTOR ( 'NONE', #5226, 1000.000000000000114 ) ;
#7703 = DIRECTION ( 'NONE',  ( 1.000000000000000000, 0.000000000000000000, -0.000000000000000000 ) ) ;
#7704 = ORIENTED_EDGE ( 'NONE', *, *, #1913, .T. ) ;
#7705 = AXIS2_PLACEMENT_3D ( 'NONE', #11445, #2239, #586 ) ;
#7706 = ORIENTED_EDGE ( 'NONE', *, *, #11511, .F. ) ;
#7707 = DIRECTION ( 'NONE',  ( 0.000000000000000000, 0.000000000000000000, -1.000000000000000000 ) ) ;
#7708 = ORIENTED_EDGE ( 'NONE', *, *, #417, .T. ) ;
#7709 = ORIENTED_EDGE ( 'NONE', *, *, #7683, .T. ) ;
#7711 = FACE_OUTER_BOUND ( 'NONE', #11419, .T. ) ;
#7710 = CARTESIAN_POINT ( 'NONE',  ( -8.515916470546997630, -13.99999999999995204, 6.350000000000022737 ) ) ;
#7712 = DIRECTION ( 'NONE',  ( 0.000000000000000000, 0.000000000000000000, 1.000000000000000000 ) ) ;
#7713 = FACE_OUTER_BOUND ( 'NONE', #10584, .T. ) ;
#7714 = CARTESIAN_POINT ( 'NONE',  ( 1.443375672974060997, -13.99999999999995204, 2.255140518769849223E-14 ) ) ;
#7715 = DIRECTION ( 'NONE',  ( 0.000000000000000000, 0.000000000000000000, 1.000000000000000000 ) ) ;
#7716 = FACE_OUTER_BOUND ( 'NONE', #8761, .T. ) ;
#7717 = EDGE_LOOP ( 'NONE', ( #230, #6542, #5440, #1591 ) ) ;
#7718 = VERTEX_POINT ( 'NONE', #941 ) ;
#7719 = ORIENTED_EDGE ( 'NONE', *, *, #10350, .F. ) ;
#7720 = ORIENTED_EDGE ( 'NONE', *, *, #10139, .F. ) ;
#7721 = DIRECTION ( 'NONE',  ( 0.000000000000000000, 0.000000000000000000, 1.000000000000000000 ) ) ;
#7722 = LINE ( 'NONE', #8729, #521 ) ;
#7723 = LINE ( 'NONE', #4071, #11481 ) ;
#7724 = CARTESIAN_POINT ( 'NONE',  ( 13.03373945817676649, -12.67490104582253174, 0.000000000000000000 ) ) ;
#7725 = ORIENTED_EDGE ( 'NONE', *, *, #10283, .T. ) ;
#7726 = ORIENTED_EDGE ( 'NONE', *, *, #249, .F. ) ;
#7727 = VECTOR ( 'NONE', #5858, 1000.000000000000114 ) ;
#7728 = EDGE_LOOP ( 'NONE', ( #9841, #5674, #8153, #7340 ) ) ;
#7729 = VERTEX_POINT ( 'NONE', #724 ) ;
#7730 = AXIS2_PLACEMENT_3D ( 'NONE', #7747, #9705, #7869 ) ;
#7731 = DIRECTION ( 'NONE',  ( -0.5000000000000002220, 0.8660254037844384856, 0.000000000000000000 ) ) ;
#7732 = LINE ( 'NONE', #6916, #7027 ) ;
#7733 = EDGE_CURVE ( 'NONE', #8604, #8590, #9579, .T. ) ;
#7734 = LINE ( 'NONE', #9573, #6864 ) ;
#7735 = LINE ( 'NONE', #3260, #11039 ) ;
#7736 = ORIENTED_EDGE ( 'NONE', *, *, #4282, .F. ) ;
#7738 = CARTESIAN_POINT ( 'NONE',  ( -12.84604348946919039, -5.749999999999974243, 2.255140518769849223E-14 ) ) ;
#7737 = CARTESIAN_POINT ( 'NONE',  ( 32.78373945817675406, 21.50000000000001066, 6.350000000000022737 ) ) ;
#7739 = DIRECTION ( 'NONE',  ( 1.000000000000000000, 0.000000000000000000, 0.000000000000000000 ) ) ;
#7740 = DIRECTION ( 'NONE',  ( 0.000000000000000000, 0.000000000000000000, 1.000000000000000000 ) ) ;
#7741 = LINE ( 'NONE', #10399, #8351 ) ;
#7742 = EDGE_CURVE ( 'NONE', #10020, #5969, #4541, .T. ) ;
#7743 = EDGE_CURVE ( 'NONE', #10045, #10144, #9909, .T. ) ;
#7744 = ADVANCED_FACE ( 'NONE', ( #10577 ), #2763, .F. ) ;
#7745 = ORIENTED_EDGE ( 'NONE', *, *, #3508, .F. ) ;
#7746 = ORIENTED_EDGE ( 'NONE', *, *, #3979, .F. ) ;
#7747 = CARTESIAN_POINT ( 'NONE',  ( 13.03373945817676294, 18.00000000000001421, -3.649999999999986589 ) ) ;
#7748 = EDGE_CURVE ( 'NONE', #2411, #2072, #5487, .T. ) ;
#7749 = CARTESIAN_POINT ( 'NONE',  ( 3.536270398786461655, 0.3749999999999877320, 6.350000000000022737 ) ) ;
#7750 = DIRECTION ( 'NONE',  ( -0.000000000000000000, -1.000000000000000000, -0.000000000000000000 ) ) ;
#7751 = DIRECTION ( 'NONE',  ( 0.000000000000000000, 0.000000000000000000, 1.000000000000000000 ) ) ;
#7752 = CARTESIAN_POINT ( 'NONE',  ( -2.165063509461097713, 1.249999999999999778, 2.255140518769849223E-14 ) ) ;
#7753 = CARTESIAN_POINT ( 'NONE',  ( 12.84604348946918151, 17.24999999999993250, 2.255140518769849223E-14 ) ) ;
#7754 = CARTESIAN_POINT ( 'NONE',  ( -2.814582562299428936, 15.62499999999993072, 2.255140518769849223E-14 ) ) ;
#7755 = ORIENTED_EDGE ( 'NONE', *, *, #7172, .F. ) ;
#7756 = VECTOR ( 'NONE', #1493, 1000.000000000000000 ) ;
#7757 = PLANE ( 'NONE',  #2741 ) ;
#7758 = ORIENTED_EDGE ( 'NONE', *, *, #8537, .F. ) ;
#7759 = ORIENTED_EDGE ( 'NONE', *, *, #6300, .T. ) ;
#7760 = FACE_OUTER_BOUND ( 'NONE', #9157, .T. ) ;
#7761 = EDGE_LOOP ( 'NONE', ( #974, #6575, #1857, #8270 ) ) ;
#7762 = ORIENTED_EDGE ( 'NONE', *, *, #7166, .F. ) ;
#7763 = AXIS2_PLACEMENT_3D ( 'NONE', #6809, #9525, #5748 ) ;
#7765 = DIRECTION ( 'NONE',  ( 0.4999999999999997224, 0.8660254037844387076, 0.000000000000000000 ) ) ;
#7764 = DIRECTION ( 'NONE',  ( 1.000000000000000000, 0.000000000000000000, 0.000000000000000000 ) ) ;
#7766 = VECTOR ( 'NONE', #5227, 1000.000000000000000 ) ;
#7767 = CARTESIAN_POINT ( 'NONE',  ( -11.40266781649512495, -2.499999999999996891, 6.350000000000022737 ) ) ;
#7768 = CARTESIAN_POINT ( 'NONE',  ( -2.814582562299428936, -18.87499999999992895, 2.255140518769849223E-14 ) ) ;
#7769 = FACE_BOUND ( 'NONE', #4003, .T. ) ;
#7770 = EDGE_CURVE ( 'NONE', #3688, #8742, #6035, .T. ) ;
#7771 = DIRECTION ( 'NONE',  ( 0.000000000000000000, 0.000000000000000000, 1.000000000000000000 ) ) ;
#7772 = EDGE_CURVE ( 'NONE', #9037, #5249, #7242, .T. ) ;
#7773 = VECTOR ( 'NONE', #10335, 1000.000000000000000 ) ;
#7774 = CARTESIAN_POINT ( 'NONE',  ( -12.77387470582048934, 15.62499999999993072, 2.255140518769849223E-14 ) ) ;
#7775 = ORIENTED_EDGE ( 'NONE', *, *, #2181, .T. ) ;
#7776 = ORIENTED_EDGE ( 'NONE', *, *, #8832, .T. ) ;
#7777 = VECTOR ( 'NONE', #10588, 1000.000000000000000 ) ;
#7778 = ORIENTED_EDGE ( 'NONE', *, *, #28, .T. ) ;
#7779 = EDGE_LOOP ( 'NONE', ( #4576, #8663, #6393, #218 ) ) ;
#7780 = CARTESIAN_POINT ( 'NONE',  ( 24.28373945817669366, -12.50000000000001776, 46.84999999999998721 ) ) ;
#7781 = LINE ( 'NONE', #6844, #1274 ) ;
#7782 = DIRECTION ( 'NONE',  ( 0.000000000000000000, -0.000000000000000000, 1.000000000000000000 ) ) ;
#7783 = FACE_OUTER_BOUND ( 'NONE', #8042, .T. ) ;
#7784 = ORIENTED_EDGE ( 'NONE', *, *, #10323, .T. ) ;
#7785 = VECTOR ( 'NONE', #6936, 1000.000000000000000 ) ;
#7786 = EDGE_LOOP ( 'NONE', ( #7788, #1947, #5574, #2815 ) ) ;
#7787 = VERTEX_POINT ( 'NONE', #3441 ) ;
#7788 = ORIENTED_EDGE ( 'NONE', *, *, #3799, .T. ) ;
#7789 = VECTOR ( 'NONE', #2084, 1000.000000000000000 ) ;
#7790 = LINE ( 'NONE', #7674, #9088 ) ;
#7791 = PLANE ( 'NONE',  #5524 ) ;
#7792 = LINE ( 'NONE', #7677, #11391 ) ;
#7793 = VECTOR ( 'NONE', #877, 1000.000000000000000 ) ;
#7794 = LINE ( 'NONE', #1666, #8201 ) ;
#7795 = ORIENTED_EDGE ( 'NONE', *, *, #6783, .T. ) ;
#7797 = CARTESIAN_POINT ( 'NONE',  ( -30.34310355970660211, -6.428933627971723696E-15, 0.000000000000000000 ) ) ;
#7796 = DIRECTION ( 'NONE',  ( 1.000000000000000000, 0.000000000000000000, 0.000000000000000000 ) ) ;
#7798 = DIRECTION ( 'NONE',  ( 0.4999999999999997780, 0.8660254037844388186, 0.000000000000000000 ) ) ;
#7799 = CARTESIAN_POINT ( 'NONE',  ( 3.250000000000030642, -26.20000000000000284, 6.350000000000022737 ) ) ;
#7800 = FACE_OUTER_BOUND ( 'NONE', #3626, .T. ) ;
#7801 = VECTOR ( 'NONE', #10451, 1000.000000000000000 ) ;
#7802 = EDGE_CURVE ( 'NONE', #5044, #1396, #11461, .T. ) ;
#7803 = ORIENTED_EDGE ( 'NONE', *, *, #1771, .T. ) ;
#7804 = ORIENTED_EDGE ( 'NONE', *, *, #9189, .T. ) ;
#7805 = VERTEX_POINT ( 'NONE', #1549 ) ;
#7806 = FACE_OUTER_BOUND ( 'NONE', #4426, .T. ) ;
#7807 = CARTESIAN_POINT ( 'NONE',  ( -9.959292143521061291, -2.499999999999996891, 6.350000000000022737 ) ) ;
#7808 = FACE_OUTER_BOUND ( 'NONE', #8589, .T. ) ;
#7809 = DIRECTION ( 'NONE',  ( 0.5000000000000001110, -0.8660254037844385966, 0.000000000000000000 ) ) ;
#7810 = DIRECTION ( 'NONE',  ( 1.000000000000000000, 4.003208021484940511E-16, 0.000000000000000000 ) ) ;
#7811 = EDGE_CURVE ( 'NONE', #6061, #795, #6982, .T. ) ;
#7812 = CARTESIAN_POINT ( 'NONE',  ( -7.300682423332667703, -30.00000000000002842, 3.350000000000019629 ) ) ;
#7813 = CARTESIAN_POINT ( 'NONE',  ( -3.536270398786467428, -11.12499999999996270, 2.255140518769849223E-14 ) ) ;
#7814 = VERTEX_POINT ( 'NONE', #5978 ) ;
#7815 = FACE_OUTER_BOUND ( 'NONE', #7557, .T. ) ;
#7816 = EDGE_CURVE ( 'NONE', #10542, #4381, #5214, .T. ) ;
#7817 = VERTEX_POINT ( 'NONE', #4266 ) ;
#7818 = EDGE_CURVE ( 'NONE', #11666, #164, #6095, .T. ) ;
#7819 = VECTOR ( 'NONE', #2297, 1000.000000000000000 ) ;
#7820 = EDGE_LOOP ( 'NONE', ( #9521, #1659, #6644, #6043 ) ) ;
#7821 = AXIS2_PLACEMENT_3D ( 'NONE', #5691, #319, #9288 ) ;
#7822 = LINE ( 'NONE', #8884, #4942 ) ;
#7823 = EDGE_LOOP ( 'NONE', ( #4805, #6849, #4483, #9202, #9425, #10260 ) ) ;
#7824 = ORIENTED_EDGE ( 'NONE', *, *, #5027, .T. ) ;
#7826 = CARTESIAN_POINT ( 'NONE',  ( -3.250000000000002665, -26.20000000000000284, 0.000000000000000000 ) ) ;
#7825 = CARTESIAN_POINT ( 'NONE',  ( 7.368161339686238875, 19.26202979870124921, 6.350000000000022737 ) ) ;
#7827 = EDGE_CURVE ( 'NONE', #5288, #10, #4202, .T. ) ;
#7828 = CARTESIAN_POINT ( 'NONE',  ( -8.515916470546983419, 2.499999999999977796, 6.350000000000022737 ) ) ;
#7829 = LINE ( 'NONE', #6715, #9392 ) ;
#7830 = AXIS2_PLACEMENT_3D ( 'NONE', #4052, #6884, #1459 ) ;
#7831 = EDGE_CURVE ( 'NONE', #3688, #10274, #9697, .T. ) ;
#7832 = DIRECTION ( 'NONE',  ( 0.7071067811865477948, 0.000000000000000000, 0.7071067811865473507 ) ) ;
#7833 = VECTOR ( 'NONE', #10241, 1000.000000000000000 ) ;
#7834 = VECTOR ( 'NONE', #9548, 1000.000000000000000 ) ;
#7835 = CARTESIAN_POINT ( 'NONE',  ( -2.818925648462311528E-15, 20.49999999999993605, 6.350000000000022737 ) ) ;
#7836 = ORIENTED_EDGE ( 'NONE', *, *, #685, .F. ) ;
#7837 = VERTEX_POINT ( 'NONE', #10787 ) ;
#7838 = ORIENTED_EDGE ( 'NONE', *, *, #1715, .F. ) ;
#7839 = EDGE_CURVE ( 'NONE', #8491, #7837, #3651, .T. ) ;
#7840 = AXIS2_PLACEMENT_3D ( 'NONE', #3161, #7697, #4868 ) ;
#7841 = ADVANCED_FACE ( 'NONE', ( #9250 ), #11131, .T. ) ;
#7842 = ADVANCED_FACE ( 'NONE', ( #10253 ), #3710, .T. ) ;
#7843 = VERTEX_POINT ( 'NONE', #1059 ) ;
#7844 = VECTOR ( 'NONE', #8449, 1000.000000000000000 ) ;
#7845 = LINE ( 'NONE', #11442, #7793 ) ;
#7846 = CARTESIAN_POINT ( 'NONE',  ( -12.84604348946919039, -11.49999999999995204, 2.255140518769849223E-14 ) ) ;
#7847 = DIRECTION ( 'NONE',  ( 0.000000000000000000, 0.000000000000000000, 1.000000000000000000 ) ) ;
#7848 = LINE ( 'NONE', #5313, #1416 ) ;
#7849 = EDGE_LOOP ( 'NONE', ( #4406, #8011, #10432, #1235 ) ) ;
#7850 = ORIENTED_EDGE ( 'NONE', *, *, #2872, .F. ) ;
#7851 = ORIENTED_EDGE ( 'NONE', *, *, #2454, .F. ) ;
#7852 = ORIENTED_EDGE ( 'NONE', *, *, #547, .T. ) ;
#7853 = VECTOR ( 'NONE', #767, 1000.000000000000000 ) ;
#7854 = DIRECTION ( 'NONE',  ( 0.5000000000000001110, 0.8660254037844385966, 0.000000000000000000 ) ) ;
#7855 = CARTESIAN_POINT ( 'NONE',  ( 32.78373945817675406, -3.999999999999984457, 46.84999999999998721 ) ) ;
#7856 = DIRECTION ( 'NONE',  ( 0.5000000000000001110, 0.8660254037844385966, 0.000000000000000000 ) ) ;
#7857 = CARTESIAN_POINT ( 'NONE',  ( 7.144709581221619032, 7.374999999999966249, 6.350000000000022737 ) ) ;
#7858 = ORIENTED_EDGE ( 'NONE', *, *, #8978, .F. ) ;
#7860 = DIRECTION ( 'NONE',  ( 0.4999999999999997224, 0.8660254037844387076, 0.000000000000000000 ) ) ;
#7859 = DIRECTION ( 'NONE',  ( 1.000000000000000000, 0.000000000000000000, 0.000000000000000000 ) ) ;
#7861 = FACE_OUTER_BOUND ( 'NONE', #5936, .T. ) ;
#7862 = DIRECTION ( 'NONE',  ( 0.000000000000000000, 0.000000000000000000, 1.000000000000000000 ) ) ;
#7863 = AXIS2_PLACEMENT_3D ( 'NONE', #8873, #2507, #6216 ) ;
#7864 = EDGE_CURVE ( 'NONE', #2245, #10987, #7302, .T. ) ;
#7865 = DIRECTION ( 'NONE',  ( -0.5000000000000001110, 0.8660254037844387076, 0.000000000000000000 ) ) ;
#7866 = VECTOR ( 'NONE', #7487, 1000.000000000000114 ) ;
#7867 = ORIENTED_EDGE ( 'NONE', *, *, #6979, .T. ) ;
#7868 = ORIENTED_EDGE ( 'NONE', *, *, #10635, .F. ) ;
#7869 = DIRECTION ( 'NONE',  ( -3.373073425510458458E-16, 1.000000000000000000, 0.000000000000000000 ) ) ;
#7870 = LINE ( 'NONE', #6159, #4389 ) ;
#7871 = LINE ( 'NONE', #4394, #6732 ) ;
#7872 = CARTESIAN_POINT ( 'NONE',  ( -8.515916470546986972, 13.99999999999993072, 2.255140518769849223E-14 ) ) ;
#7873 = CARTESIAN_POINT ( 'NONE',  ( 0.000000000000000000, 0.000000000000000000, 6.350000000000022737 ) ) ;
#7874 = CARTESIAN_POINT ( 'NONE',  ( 0.000000000000000000, 0.000000000000000000, 6.350000000000022737 ) ) ;
#7875 = VECTOR ( 'NONE', #10717, 1000.000000000000000 ) ;
#7876 = DIRECTION ( 'NONE',  ( 1.000000000000000000, 0.000000000000000000, 0.000000000000000000 ) ) ;
#7877 = EDGE_LOOP ( 'NONE', ( #5620, #830, #555, #4966 ) ) ;
#7878 = DIRECTION ( 'NONE',  ( 0.000000000000000000, 0.000000000000000000, 1.000000000000000000 ) ) ;
#7879 = ORIENTED_EDGE ( 'NONE', *, *, #783, .F. ) ;
#7880 = ORIENTED_EDGE ( 'NONE', *, *, #3637, .F. ) ;
#7881 = VECTOR ( 'NONE', #3634, 1000.000000000000000 ) ;
#7882 = DIRECTION ( 'NONE',  ( 0.000000000000000000, -1.000000000000000000, 0.000000000000000000 ) ) ;
#7883 = DIRECTION ( 'NONE',  ( -0.4999999999999997780, -0.8660254037844387076, 0.000000000000000000 ) ) ;
#7884 = VERTEX_POINT ( 'NONE', #6543 ) ;
#7886 = FACE_OUTER_BOUND ( 'NONE', #7069, .T. ) ;
#7885 = LINE ( 'NONE', #5181, #3499 ) ;
#7887 = ADVANCED_FACE ( 'NONE', ( #6653 ), #3054, .T. ) ;
#7888 = PLANE ( 'NONE',  #9582 ) ;
#7889 = EDGE_CURVE ( 'NONE', #6298, #5361, #342, .T. ) ;
#7890 = VECTOR ( 'NONE', #2921, 1000.000000000000000 ) ;
#7891 = CARTESIAN_POINT ( 'NONE',  ( 2.814582562299425827, -1.625000000000000666, 2.255140518769849223E-14 ) ) ;
#7892 = DIRECTION ( 'NONE',  ( 0.000000000000000000, -1.000000000000000000, 0.000000000000000000 ) ) ;
#7893 = VECTOR ( 'NONE', #11401, 1000.000000000000000 ) ;
#7894 = CARTESIAN_POINT ( 'NONE',  ( 2.165063509461094160, -6.999999999999971578, 2.255140518769849223E-14 ) ) ;
#7895 = ORIENTED_EDGE ( 'NONE', *, *, #10500, .T. ) ;
#7896 = ORIENTED_EDGE ( 'NONE', *, *, #9211, .T. ) ;
#7897 = ADVANCED_FACE ( 'NONE', ( #2164 ), #5544, .T. ) ;
#7898 = VECTOR ( 'NONE', #8223, 1000.000000000000000 ) ;
#7899 = EDGE_CURVE ( 'NONE', #8725, #9220, #8193, .T. ) ;
#7900 = ADVANCED_FACE ( 'NONE', ( #284 ), #6486, .F. ) ;
#7901 = ORIENTED_EDGE ( 'NONE', *, *, #464, .F. ) ;
#7902 = ORIENTED_EDGE ( 'NONE', *, *, #631, .T. ) ;
#7903 = EDGE_CURVE ( 'NONE', #5782, #4391, #10086, .T. ) ;
#7904 = LINE ( 'NONE', #11612, #8547 ) ;
#7905 = EDGE_CURVE ( 'NONE', #2786, #10188, #2825, .T. ) ;
#7906 = VECTOR ( 'NONE', #9206, 1000.000000000000000 ) ;
#7907 = CARTESIAN_POINT ( 'NONE',  ( 12.12435565298215145, 1.250000000000000666, 6.350000000000022737 ) ) ;
#7908 = PLANE ( 'NONE',  #1117 ) ;
#7909 = CARTESIAN_POINT ( 'NONE',  ( 13.03373945817676649, -10.32509895417736701, 0.000000000000000000 ) ) ;
#7910 = ORIENTED_EDGE ( 'NONE', *, *, #5745, .T. ) ;
#7911 = EDGE_LOOP ( 'NONE', ( #10016, #8442, #2241, #8487 ) ) ;
#7912 = ORIENTED_EDGE ( 'NONE', *, *, #6903, .T. ) ;
#7913 = ORIENTED_EDGE ( 'NONE', *, *, #7818, .F. ) ;
#7914 = VECTOR ( 'NONE', #2107, 1000.000000000000000 ) ;
#7915 = FILL_AREA_STYLE_COLOUR ( '', #1178 ) ;
#7916 = CARTESIAN_POINT ( 'NONE',  ( 7.794228634059957805, 15.99999999999993072, 6.350000000000022737 ) ) ;
#7917 = CARTESIAN_POINT ( 'NONE',  ( 12.77387470582047868, 9.874999999999953815, 2.255140518769849223E-14 ) ) ;
#7918 = CARTESIAN_POINT ( 'NONE',  ( 1.220317949235080857, -12.50000000000001776, 36.13500000000002643 ) ) ;
#7919 = ORIENTED_EDGE ( 'NONE', *, *, #9631, .T. ) ;
#7921 = DIRECTION ( 'NONE',  ( 0.000000000000000000, 0.000000000000000000, 1.000000000000000000 ) ) ;
#7920 = FACE_OUTER_BOUND ( 'NONE', #667, .T. ) ;
#7922 = FACE_OUTER_BOUND ( 'NONE', #7954, .T. ) ;
#7923 = CARTESIAN_POINT ( 'NONE',  ( -4.979646071760531534, -5.374999999999985789, 2.255140518769849223E-14 ) ) ;
#7924 = EDGE_CURVE ( 'NONE', #8309, #3903, #5602, .T. ) ;
#7925 = EDGE_CURVE ( 'NONE', #8939, #8796, #3826, .T. ) ;
#7926 = VECTOR ( 'NONE', #2774, 1000.000000000000000 ) ;
#7927 = ORIENTED_EDGE ( 'NONE', *, *, #5330, .T. ) ;
#7928 = ORIENTED_EDGE ( 'NONE', *, *, #10428, .F. ) ;
#7929 = DIRECTION ( 'NONE',  ( 0.000000000000000000, 0.000000000000000000, 1.000000000000000000 ) ) ;
#7930 = LINE ( 'NONE', #11470, #7394 ) ;
#7931 = DIRECTION ( 'NONE',  ( 1.000000000000000000, 4.003208021484940511E-16, 0.000000000000000000 ) ) ;
#7932 = LINE ( 'NONE', #7155, #11604 ) ;
#7933 = FACE_OUTER_BOUND ( 'NONE', #2725, .T. ) ;
#7934 = PLANE ( 'NONE',  #7510 ) ;
#7935 = PLANE ( 'NONE',  #1739 ) ;
#7936 = ORIENTED_EDGE ( 'NONE', *, *, #1791, .F. ) ;
#7937 = CARTESIAN_POINT ( 'NONE',  ( -7.144709581221635908, -7.374999999999974243, 6.350000000000022737 ) ) ;
#7938 = ORIENTED_EDGE ( 'NONE', *, *, #5830, .T. ) ;
#7939 = ORIENTED_EDGE ( 'NONE', *, *, #10873, .T. ) ;
#7940 = LINE ( 'NONE', #5293, #9667 ) ;
#7941 = CARTESIAN_POINT ( 'NONE',  ( 0.000000000000000000, -18.00000000000001421, 0.000000000000000000 ) ) ;
#7942 = EDGE_LOOP ( 'NONE', ( #2839, #3429, #1709, #6987 ) ) ;
#7944 = PLANE ( 'NONE',  #7228 ) ;
#7943 = CARTESIAN_POINT ( 'NONE',  ( -9.959292143521061291, 2.499999999999977796, 6.350000000000022737 ) ) ;
#7945 = DIRECTION ( 'NONE',  ( 0.4999999999999997224, 0.8660254037844387076, 0.000000000000000000 ) ) ;
#7946 = VECTOR ( 'NONE', #9638, 1000.000000000000000 ) ;
#7947 = CARTESIAN_POINT ( 'NONE',  ( 8.515916470546979866, -14.74999999999995026, 2.255140518769849223E-14 ) ) ;
#7948 = CARTESIAN_POINT ( 'NONE',  ( 7.794228634059952476, 1.249999999999988010, 6.350000000000022737 ) ) ;
#7949 = CARTESIAN_POINT ( 'NONE',  ( 20.78373945817676827, -20.00000000000001776, 6.350000000000022737 ) ) ;
#7950 = ORIENTED_EDGE ( 'NONE', *, *, #10848, .T. ) ;
#7951 = ORIENTED_EDGE ( 'NONE', *, *, #9836, .F. ) ;
#7952 = ADVANCED_FACE ( 'NONE', ( #2053 ), #11075, .T. ) ;
#7953 = VECTOR ( 'NONE', #975, 1000.000000000000000 ) ;
#7954 = EDGE_LOOP ( 'NONE', ( #5565, #10981, #7851, #1307 ) ) ;
#7955 = VERTEX_POINT ( 'NONE', #1116 ) ;
#7956 = DIRECTION ( 'NONE',  ( -0.000000000000000000, 0.000000000000000000, -1.000000000000000000 ) ) ;
#7957 = DIRECTION ( 'NONE',  ( 0.5000000000000001110, 0.8660254037844385966, 0.000000000000000000 ) ) ;
#7958 = CARTESIAN_POINT ( 'NONE',  ( -2.814582562299432045, 9.874999999999953815, 6.350000000000022737 ) ) ;
#7959 = FACE_OUTER_BOUND ( 'NONE', #2534, .T. ) ;
#7960 = VECTOR ( 'NONE', #6915, 1000.000000000000114 ) ;
#7961 = VERTEX_POINT ( 'NONE', #7538 ) ;
#7962 = EDGE_CURVE ( 'NONE', #7426, #9220, #8306, .T. ) ;
#7963 = AXIS2_PLACEMENT_3D ( 'NONE', #1269, #4987, #4865 ) ;
#7964 = ORIENTED_EDGE ( 'NONE', *, *, #5099, .F. ) ;
#7965 = VERTEX_POINT ( 'NONE', #225 ) ;
#7966 = ORIENTED_EDGE ( 'NONE', *, *, #5183, .T. ) ;
#7967 = ADVANCED_FACE ( 'NONE', ( #7420 ), #6597, .F. ) ;
#7968 = VECTOR ( 'NONE', #6017, 1000.000000000000000 ) ;
#7969 = SURFACE_STYLE_FILL_AREA ( #9861 ) ;
#7970 = DIRECTION ( 'NONE',  ( -1.000000000000000000, -0.000000000000000000, -0.000000000000000000 ) ) ;
#7971 = VECTOR ( 'NONE', #679, 1000.000000000000000 ) ;
#7972 = LINE ( 'NONE', #2714, #6555 ) ;
#7973 = FACE_OUTER_BOUND ( 'NONE', #4844, .T. ) ;
#7974 = CARTESIAN_POINT ( 'NONE',  ( -2.309401076758470062, 12.50000000000001776, 6.350000000000022737 ) ) ;
#7975 = ORIENTED_EDGE ( 'NONE', *, *, #8846, .T. ) ;
#7976 = DIRECTION ( 'NONE',  ( 0.000000000000000000, 0.000000000000000000, 1.000000000000000000 ) ) ;
#7977 = EDGE_CURVE ( 'NONE', #6642, #8900, #4893, .T. ) ;
#7978 = LINE ( 'NONE', #4499, #9644 ) ;
#7979 = EDGE_CURVE ( 'NONE', #5430, #10099, #6008, .T. ) ;
#7980 = EDGE_LOOP ( 'NONE', ( #9723, #10322, #5950, #9867 ) ) ;
#7981 = ORIENTED_EDGE ( 'NONE', *, *, #6958, .F. ) ;
#7982 = VECTOR ( 'NONE', #4174, 1000.000000000000000 ) ;
#7983 = DIRECTION ( 'NONE',  ( 0.8660254037844388186, -0.4999999999999997780, 0.000000000000000000 ) ) ;
#7984 = DIRECTION ( 'NONE',  ( 0.5000000000000001110, 0.8660254037844385966, 0.000000000000000000 ) ) ;
#7985 = CARTESIAN_POINT ( 'NONE',  ( 1.443375672974076096, -3.250000000000001332, 2.255140518769849223E-14 ) ) ;
#7986 = EDGE_CURVE ( 'NONE', #8272, #7817, #4119, .T. ) ;
#7987 = EDGE_CURVE ( 'NONE', #668, #8439, #11316, .T. ) ;
#7988 = CARTESIAN_POINT ( 'NONE',  ( -12.96626054182323173, -18.00000000000001421, -3.649999999999986589 ) ) ;
#7990 = CARTESIAN_POINT ( 'NONE',  ( 12.77387470582047868, 13.12499999999995381, 2.255140518769849223E-14 ) ) ;
#7989 = FACE_OUTER_BOUND ( 'NONE', #8141, .T. ) ;
#7991 = DIRECTION ( 'NONE',  ( 0.000000000000000000, 0.000000000000000000, 1.000000000000000000 ) ) ;
#7992 = DIRECTION ( 'NONE',  ( 0.000000000000000000, 0.000000000000000000, 1.000000000000000000 ) ) ;
#7993 = EDGE_LOOP ( 'NONE', ( #9001, #3657, #7746, #9555, #2841, #7376 ) ) ;
#7994 = VECTOR ( 'NONE', #2807, 1000.000000000000000 ) ;
#7995 = CARTESIAN_POINT ( 'NONE',  ( 18.23373945817677111, 20.00000000000001776, 4.350000000000027178 ) ) ;
#7996 = ORIENTED_EDGE ( 'NONE', *, *, #4819, .T. ) ;
#7997 = EDGE_LOOP ( 'NONE', ( #8026, #6851, #6966, #7704 ) ) ;
#7998 = DIRECTION ( 'NONE',  ( 1.000000000000000000, 0.000000000000000000, 0.000000000000000000 ) ) ;
#7999 = DIRECTION ( 'NONE',  ( -1.000000000000000000, -0.000000000000000000, -0.000000000000000000 ) ) ;
#8001 = LINE ( 'NONE', #4350, #3281 ) ;
#8000 = CARTESIAN_POINT ( 'NONE',  ( 8.515916470546976313, -3.250000000000000888, 2.255140518769849223E-14 ) ) ;
#8002 = LINE ( 'NONE', #1640, #5251 ) ;
#8003 = DIRECTION ( 'NONE',  ( -1.000000000000000000, -0.000000000000000000, -0.000000000000000000 ) ) ;
#8004 = CARTESIAN_POINT ( 'NONE',  ( -16.39626054182322790, 20.00000000000001776, 0.000000000000000000 ) ) ;
#8005 = LINE ( 'NONE', #870, #5387 ) ;
#8006 = VECTOR ( 'NONE', #7018, 1000.000000000000000 ) ;
#8007 = ORIENTED_EDGE ( 'NONE', *, *, #4358, .F. ) ;
#8008 = EDGE_LOOP ( 'NONE', ( #2542, #2154, #1884, #4251, #7726, #11010 ) ) ;
#8009 = EDGE_CURVE ( 'NONE', #8854, #3946, #9433, .T. ) ;
#8010 = ORIENTED_EDGE ( 'NONE', *, *, #3503, .F. ) ;
#8011 = ORIENTED_EDGE ( 'NONE', *, *, #9773, .F. ) ;
#8012 = CYLINDRICAL_SURFACE ( 'NONE', #1589, 1.499999999999996225 ) ;
#8013 = AXIS2_PLACEMENT_3D ( 'NONE', #2089, #4581, #3693 ) ;
#8014 = ADVANCED_FACE ( 'NONE', ( #4058 ), #10429, .F. ) ;
#8016 = VECTOR ( 'NONE', #3698, 1000.000000000000000 ) ;
#8015 = CARTESIAN_POINT ( 'NONE',  ( -7.144709581221628802, -15.62499999999994138, 2.255140518769849223E-14 ) ) ;
#8017 = DIRECTION ( 'NONE',  ( 0.000000000000000000, 1.000000000000000000, 0.000000000000000000 ) ) ;
#8018 = LINE ( 'NONE', #10904, #3112 ) ;
#8019 = VECTOR ( 'NONE', #3296, 1000.000000000000000 ) ;
#8020 = ORIENTED_EDGE ( 'NONE', *, *, #9353, .T. ) ;
#8021 = EDGE_LOOP ( 'NONE', ( #4487, #9310, #10453, #10321 ) ) ;
#8022 = ORIENTED_EDGE ( 'NONE', *, *, #10579, .F. ) ;
#8023 = AXIS2_PLACEMENT_3D ( 'NONE', #2616, #735, #9822 ) ;
#8024 = ORIENTED_EDGE ( 'NONE', *, *, #1769, .T. ) ;
#8025 = CIRCLE ( 'NONE', #6336, 1.499999999999995337 ) ;
#8026 = ORIENTED_EDGE ( 'NONE', *, *, #9928, .T. ) ;
#8027 = PRODUCT_RELATED_PRODUCT_CATEGORY ( 'part', '', ( #8868 ) ) ;
#8028 = LINE ( 'NONE', #11512, #7019 ) ;
#8029 = CARTESIAN_POINT ( 'NONE',  ( -3.216260541823223740, 27.69999999999997442, 6.350000000000022737 ) ) ;
#8030 = CARTESIAN_POINT ( 'NONE',  ( 7.866397417708654416, -8.624999999999960920, 2.255140518769849223E-14 ) ) ;
#8031 = DIRECTION ( 'NONE',  ( 0.000000000000000000, 0.000000000000000000, -1.000000000000000000 ) ) ;
#8032 = DIRECTION ( 'NONE',  ( 0.8660254037844385966, -0.5000000000000001110, 0.000000000000000000 ) ) ;
#8033 = EDGE_LOOP ( 'NONE', ( #6187, #1017, #10708, #5543 ) ) ;
#8034 = AXIS2_PLACEMENT_3D ( 'NONE', #7678, #9454, #10222 ) ;
#8035 = EDGE_CURVE ( 'NONE', #8616, #5306, #635, .T. ) ;
#8036 = CARTESIAN_POINT ( 'NONE',  ( 12.12435565298215145, 12.74999999999995559, 2.255140518769849223E-14 ) ) ;
#8037 = EDGE_CURVE ( 'NONE', #5621, #2153, #402, .T. ) ;
#8038 = DIRECTION ( 'NONE',  ( -3.373073425510458458E-16, 1.000000000000000000, 0.000000000000000000 ) ) ;
#8039 = AXIS2_PLACEMENT_3D ( 'NONE', #3310, #6905, #10505 ) ;
#8040 = ADVANCED_FACE ( 'NONE', ( #8659 ), #3179, .F. ) ;
#8041 = ORIENTED_EDGE ( 'NONE', *, *, #6806, .T. ) ;
#8042 = EDGE_LOOP ( 'NONE', ( #6659, #9112, #10116, #1962 ) ) ;
#8043 = EDGE_CURVE ( 'NONE', #483, #570, #10552, .T. ) ;
#8044 = LINE ( 'NONE', #9931, #766 ) ;
#8045 = ADVANCED_FACE ( 'NONE', ( #8600 ), #10375, .F. ) ;
#8046 = LINE ( 'NONE', #10531, #2304 ) ;
#8047 = CARTESIAN_POINT ( 'NONE',  ( 7.144709581221622585, -4.124999999999985789, 2.255140518769849223E-14 ) ) ;
#8048 = EDGE_CURVE ( 'NONE', #1467, #1915, #1464, .T. ) ;
#8049 = LINE ( 'NONE', #1730, #298 ) ;
#8050 = VECTOR ( 'NONE', #3527, 1000.000000000000000 ) ;
#8052 = DIRECTION ( 'NONE',  ( 0.8660254037844387076, 0.5000000000000000000, -0.000000000000000000 ) ) ;
#8051 = DIRECTION ( 'NONE',  ( 0.000000000000000000, 0.000000000000000000, 1.000000000000000000 ) ) ;
#8053 = LINE ( 'NONE', #7159, #6762 ) ;
#8054 = PLANE ( 'NONE',  #5344 ) ;
#8055 = ORIENTED_EDGE ( 'NONE', *, *, #337, .F. ) ;
#8056 = LINE ( 'NONE', #5229, #9871 ) ;
#8057 = ADVANCED_FACE ( 'NONE', ( #2346 ), #2464, .F. ) ;
#8058 = ORIENTED_EDGE ( 'NONE', *, *, #11062, .F. ) ;
#8059 = EDGE_CURVE ( 'NONE', #2697, #4705, #5831, .T. ) ;
#8060 = ORIENTED_EDGE ( 'NONE', *, *, #3801, .F. ) ;
#8061 = CARTESIAN_POINT ( 'NONE',  ( 6.423021744734604077, -11.87499999999996270, 2.255140518769849223E-14 ) ) ;
#8062 = DIRECTION ( 'NONE',  ( -0.4999999999999997780, -0.8660254037844387076, 0.000000000000000000 ) ) ;
#8063 = VECTOR ( 'NONE', #4668, 1000.000000000000114 ) ;
#8065 = LINE ( 'NONE', #1639, #2708 ) ;
#8064 = LINE ( 'NONE', #11654, #1424 ) ;
#8066 = PLANE ( 'NONE',  #7304 ) ;
#8067 = CARTESIAN_POINT ( 'NONE',  ( 2.092894725812396661, 14.37499999999994316, 2.255140518769849223E-14 ) ) ;
#8068 = DIRECTION ( 'NONE',  ( 0.000000000000000000, -1.000000000000000000, 0.000000000000000000 ) ) ;
#8069 = ORIENTED_EDGE ( 'NONE', *, *, #3061, .F. ) ;
#8070 = EDGE_LOOP ( 'NONE', ( #7034, #2349, #3650, #11466, #1518, #1598, #8356, #7950, #11186, #9447 ) ) ;
#8071 = VECTOR ( 'NONE', #7458, 1000.000000000000000 ) ;
#8072 = ORIENTED_EDGE ( 'NONE', *, *, #1926, .T. ) ;
#8073 = ORIENTED_EDGE ( 'NONE', *, *, #8260, .F. ) ;
#8074 = VECTOR ( 'NONE', #1214, 1000.000000000000000 ) ;
#8075 = FACE_OUTER_BOUND ( 'NONE', #3406, .T. ) ;
#8076 = CARTESIAN_POINT ( 'NONE',  ( -11.40266781649512673, 8.249999999999978684, 2.255140518769849223E-14 ) ) ;
#8077 = LINE ( 'NONE', #1876, #8982 ) ;
#8078 = AXIS2_PLACEMENT_3D ( 'NONE', #1318, #5039, #9336 ) ;
#8079 = DIRECTION ( 'NONE',  ( 0.000000000000000000, -1.000000000000000000, 0.000000000000000000 ) ) ;
#8080 = ORIENTED_EDGE ( 'NONE', *, *, #10995, .T. ) ;
#8081 = ORIENTED_EDGE ( 'NONE', *, *, #7469, .F. ) ;
#8082 = VERTEX_POINT ( 'NONE', #9549 ) ;
#8083 = VECTOR ( 'NONE', #7991, 1000.000000000000000 ) ;
#8084 = ORIENTED_EDGE ( 'NONE', *, *, #1403, .T. ) ;
#8085 = VECTOR ( 'NONE', #3014, 1000.000000000000000 ) ;
#8086 = ORIENTED_EDGE ( 'NONE', *, *, #683, .F. ) ;
#8087 = CARTESIAN_POINT ( 'NONE',  ( -3.175426480542919094, 12.50000000000001421, 6.350000000000022737 ) ) ;
#8088 = PLANE ( 'NONE',  #4816 ) ;
#8089 = LINE ( 'NONE', #720, #9477 ) ;
#8090 = CARTESIAN_POINT ( 'NONE',  ( -12.77387470582048756, 13.12499999999995559, 6.350000000000022737 ) ) ;
#8091 = FACE_BOUND ( 'NONE', #4797, .T. ) ;
#8092 = ORIENTED_EDGE ( 'NONE', *, *, #2181, .F. ) ;
#8093 = DIRECTION ( 'NONE',  ( 0.000000000000000000, 0.000000000000000000, -1.000000000000000000 ) ) ;
#8094 = ORIENTED_EDGE ( 'NONE', *, *, #315, .F. ) ;
#8095 = ORIENTED_EDGE ( 'NONE', *, *, #3858, .T. ) ;
#8096 = ADVANCED_FACE ( 'NONE', ( #3113 ), #5068, .T. ) ;
#8097 = CARTESIAN_POINT ( 'NONE',  ( -30.34310355970660211, 3.999999999999982681, -3.649999999999977707 ) ) ;
#8098 = DIRECTION ( 'NONE',  ( 0.5000000000000001110, -0.8660254037844385966, 0.000000000000000000 ) ) ;
#8099 = DIRECTION ( 'NONE',  ( 0.8660254037844387076, 0.5000000000000000000, -0.000000000000000000 ) ) ;
#8100 = CARTESIAN_POINT ( 'NONE',  ( -7.794228634059961358, 12.74999999999994138, 6.350000000000022737 ) ) ;
#8102 = LINE ( 'NONE', #3618, #1849 ) ;
#8101 = LINE ( 'NONE', #8658, #8019 ) ;
#8103 = CIRCLE ( 'NONE', #10922, 5.699999999999996625 ) ;
#8104 = CARTESIAN_POINT ( 'NONE',  ( -21.84310355970657014, 30.00000000000002132, -3.649999999999977707 ) ) ;
#8105 = DIRECTION ( 'NONE',  ( 0.5000000000000001110, 0.8660254037844385966, 0.000000000000000000 ) ) ;
#8106 = VERTEX_POINT ( 'NONE', #10314 ) ;
#8107 = EDGE_CURVE ( 'NONE', #7729, #581, #2403, .T. ) ;
#8108 = DIRECTION ( 'NONE',  ( 0.000000000000000000, 0.000000000000000000, 1.000000000000000000 ) ) ;
#8109 = EDGE_CURVE ( 'NONE', #5430, #6400, #1524, .T. ) ;
#8110 = VECTOR ( 'NONE', #5980, 1000.000000000000000 ) ;
#8111 = EDGE_LOOP ( 'NONE', ( #5316, #9359, #5659, #2083 ) ) ;
#8112 = EDGE_CURVE ( 'NONE', #3894, #7013, #5128, .T. ) ;
#8113 = ORIENTED_EDGE ( 'NONE', *, *, #1276, .F. ) ;
#8114 = CARTESIAN_POINT ( 'NONE',  ( -2.775557561562891351E-14, 27.69999999999997442, 3.350000000000019629 ) ) ;
#8115 = DIRECTION ( 'NONE',  ( 0.5000000000000001110, -0.8660254037844385966, 0.000000000000000000 ) ) ;
#8117 = CARTESIAN_POINT ( 'NONE',  ( 2.092894725812396661, 14.37499999999994138, 6.350000000000022737 ) ) ;
#8116 = DIRECTION ( 'NONE',  ( 0.5000000000000001110, 0.8660254037844385966, 0.000000000000000000 ) ) ;
#8118 = CARTESIAN_POINT ( 'NONE',  ( -7.794228634059957805, -4.499999999999984901, 6.350000000000022737 ) ) ;
#8119 = CARTESIAN_POINT ( 'NONE',  ( -4.749999999999999112, -26.20000000000000284, 3.350000000000019629 ) ) ;
#8120 = FACE_OUTER_BOUND ( 'NONE', #10669, .T. ) ;
#8121 = ADVANCED_FACE ( 'NONE', ( #1642 ), #3472, .F. ) ;
#8122 = EDGE_LOOP ( 'NONE', ( #227, #2277, #7496, #9277 ) ) ;
#8123 = VECTOR ( 'NONE', #6719, 1000.000000000000000 ) ;
#8124 = ORIENTED_EDGE ( 'NONE', *, *, #3073, .F. ) ;
#8125 = EDGE_CURVE ( 'NONE', #3785, #9463, #10610, .T. ) ;
#8126 = VERTEX_POINT ( 'NONE', #11548 ) ;
#8127 = VECTOR ( 'NONE', #9731, 1000.000000000000000 ) ;
#8128 = CARTESIAN_POINT ( 'NONE',  ( -3.319764047840333632, 17.99999999999996447, -3.649999999999986589 ) ) ;
#8129 = EDGE_CURVE ( 'NONE', #10604, #3903, #9787, .T. ) ;
#8130 = EDGE_CURVE ( 'NONE', #3929, #6174, #11490, .T. ) ;
#8131 = DIRECTION ( 'NONE',  ( 0.000000000000000000, 0.000000000000000000, 1.000000000000000000 ) ) ;
#8132 = DIRECTION ( 'NONE',  ( 0.5000000000000001110, -0.8660254037844385966, 0.000000000000000000 ) ) ;
#8133 = PLANE ( 'NONE',  #6878 ) ;
#8134 = ORIENTED_EDGE ( 'NONE', *, *, #9120, .F. ) ;
#8135 = CARTESIAN_POINT ( 'NONE',  ( -2.165063509461105706, -15.99999999999994138, 6.350000000000022737 ) ) ;
#8136 = CARTESIAN_POINT ( 'NONE',  ( 10.28405166994017783, 5.937499999999982236, 3.350000000000019629 ) ) ;
#8137 = ORIENTED_EDGE ( 'NONE', *, *, #393, .T. ) ;
#8138 = VERTEX_POINT ( 'NONE', #6128 ) ;
#8139 = AXIS2_PLACEMENT_3D ( 'NONE', #2705, #5096, #1879 ) ;
#8140 = ORIENTED_EDGE ( 'NONE', *, *, #4968, .F. ) ;
#8141 = EDGE_LOOP ( 'NONE', ( #7091, #461, #3479, #6307 ) ) ;
#8142 = VECTOR ( 'NONE', #11158, 1000.000000000000000 ) ;
#8143 = DIRECTION ( 'NONE',  ( -0.000000000000000000, -1.000000000000000000, -0.000000000000000000 ) ) ;
#8144 = CARTESIAN_POINT ( 'NONE',  ( 12.12435565298215145, 1.250000000000000666, 2.255140518769849223E-14 ) ) ;
#8145 = DIRECTION ( 'NONE',  ( 0.000000000000000000, 0.000000000000000000, 1.000000000000000000 ) ) ;
#8146 = AXIS2_PLACEMENT_3D ( 'NONE', #389, #8530, #447 ) ;
#8147 = CARTESIAN_POINT ( 'NONE',  ( 12.84604348946918151, 11.49999999999995381, 2.255140518769849223E-14 ) ) ;
#8148 = FACE_BOUND ( 'NONE', #11493, .T. ) ;
#8149 = ORIENTED_EDGE ( 'NONE', *, *, #5475, .T. ) ;
#8150 = DIRECTION ( 'NONE',  ( 0.000000000000000000, 0.000000000000000000, 1.000000000000000000 ) ) ;
#8151 = ORIENTED_EDGE ( 'NONE', *, *, #6295, .F. ) ;
#8152 = AXIS2_PLACEMENT_3D ( 'NONE', #3078, #6563, #8564 ) ;
#8153 = ORIENTED_EDGE ( 'NONE', *, *, #666, .T. ) ;
#8154 = ORIENTED_EDGE ( 'NONE', *, *, #3985, .F. ) ;
#8155 = PLANE ( 'NONE',  #10747 ) ;
#8156 = CARTESIAN_POINT ( 'NONE',  ( 4.979646071760526205, -5.374999999999987566, 2.255140518769849223E-14 ) ) ;
#8157 = CARTESIAN_POINT ( 'NONE',  ( -12.77387470582048934, 15.62499999999993072, 2.255140518769849223E-14 ) ) ;
#8158 = DIRECTION ( 'NONE',  ( 0.000000000000000000, -1.000000000000000000, 0.000000000000000000 ) ) ;
#8159 = EDGE_LOOP ( 'NONE', ( #4736, #11331, #2246, #2420, #4648, #11247 ) ) ;
#8161 = DIRECTION ( 'NONE',  ( 0.000000000000000000, 0.000000000000000000, 1.000000000000000000 ) ) ;
#8160 = DIRECTION ( 'NONE',  ( 0.000000000000000000, 0.000000000000000000, 1.000000000000000000 ) ) ;
#8162 = CARTESIAN_POINT ( 'NONE',  ( -2.814582562299428936, -7.374999999999972466, 2.255140518769849223E-14 ) ) ;
#8163 = FACE_OUTER_BOUND ( 'NONE', #406, .T. ) ;
#8164 = ORIENTED_EDGE ( 'NONE', *, *, #3572, .F. ) ;
#8165 = LINE ( 'NONE', #7937, #1198 ) ;
#8166 = EDGE_CURVE ( 'NONE', #7337, #1751, #4353, .T. ) ;
#8167 = ORIENTED_EDGE ( 'NONE', *, *, #3061, .T. ) ;
#8168 = AXIS2_PLACEMENT_3D ( 'NONE', #604, #3151, #491 ) ;
#8169 = ORIENTED_EDGE ( 'NONE', *, *, #10323, .F. ) ;
#8170 = DIRECTION ( 'NONE',  ( 1.000000000000000000, 0.000000000000000000, 0.000000000000000000 ) ) ;
#8171 = LINE ( 'NONE', #6408, #4630 ) ;
#8173 = DIRECTION ( 'NONE',  ( 0.5000000000000001110, -0.8660254037844385966, 0.000000000000000000 ) ) ;
#8172 = CARTESIAN_POINT ( 'NONE',  ( -1.443375672974070545, 8.999999999999953815, 2.255140518769849223E-14 ) ) ;
#8174 = LINE ( 'NONE', #2808, #6559 ) ;
#8175 = DIRECTION ( 'NONE',  ( 1.000000000000000000, 0.000000000000000000, 0.000000000000000000 ) ) ;
#8176 = AXIS2_PLACEMENT_3D ( 'NONE', #6772, #3050, #6649 ) ;
#8177 = EDGE_CURVE ( 'NONE', #2441, #1295, #8839, .T. ) ;
#8178 = ADVANCED_FACE ( 'NONE', ( #8891 ), #10667, .F. ) ;
#8179 = CYLINDRICAL_SURFACE ( 'NONE', #5946, 2.550000000000000266 ) ;
#8180 = VERTEX_POINT ( 'NONE', #8004 ) ;
#8181 = ORIENTED_EDGE ( 'NONE', *, *, #2212, .F. ) ;
#8182 = DIRECTION ( 'NONE',  ( 0.000000000000000000, 0.000000000000000000, -1.000000000000000000 ) ) ;
#8183 = ORIENTED_EDGE ( 'NONE', *, *, #7232, .T. ) ;
#8184 = ORIENTED_EDGE ( 'NONE', *, *, #22, .T. ) ;
#8185 = EDGE_CURVE ( 'NONE', #4302, #328, #6067, .T. ) ;
#8186 = FACE_OUTER_BOUND ( 'NONE', #9405, .T. ) ;
#8187 = EDGE_CURVE ( 'NONE', #5205, #5935, #8782, .T. ) ;
#8188 = EDGE_CURVE ( 'NONE', #9687, #10420, #6587, .T. ) ;
#8189 = CARTESIAN_POINT ( 'NONE',  ( -12.12435565298215856, -12.74999999999995204, 6.350000000000022737 ) ) ;
#8190 = DIRECTION ( 'NONE',  ( 0.5773502691896258421, -0.5773502691896275074, 0.5773502691896239547 ) ) ;
#8191 = CARTESIAN_POINT ( 'NONE',  ( 1.443375672974072099, 8.249999999999953815, 2.255140518769849223E-14 ) ) ;
#8192 = EDGE_LOOP ( 'NONE', ( #10555, #9960, #4401, #9888 ) ) ;
#8193 = LINE ( 'NONE', #2883, #9265 ) ;
#8194 = CARTESIAN_POINT ( 'NONE',  ( -4.979646071760531534, 0.3749999999999895084, 6.350000000000022737 ) ) ;
#8195 = VERTEX_POINT ( 'NONE', #10074 ) ;
#8196 = EDGE_CURVE ( 'NONE', #9685, #9388, #8298, .T. ) ;
#8197 = ORIENTED_EDGE ( 'NONE', *, *, #11509, .T. ) ;
#8198 = ORIENTED_EDGE ( 'NONE', *, *, #541, .T. ) ;
#8199 = EDGE_CURVE ( 'NONE', #11118, #6429, #2097, .T. ) ;
#8200 = EDGE_CURVE ( 'NONE', #4304, #3734, #3800, .T. ) ;
#8201 = VECTOR ( 'NONE', #5272, 1000.000000000000114 ) ;
#8202 = VERTEX_POINT ( 'NONE', #10187 ) ;
#8203 = VECTOR ( 'NONE', #9078, 1000.000000000000000 ) ;
#8204 = VECTOR ( 'NONE', #5989, 1000.000000000000000 ) ;
#8205 = DIRECTION ( 'NONE',  ( 1.000000000000000000, 0.000000000000000000, 0.000000000000000000 ) ) ;
#8206 = CARTESIAN_POINT ( 'NONE',  ( -2.814582562299428936, -13.12499999999995204, 2.255140518769849223E-14 ) ) ;
#8207 = DIRECTION ( 'NONE',  ( 0.5000000000000001110, 0.8660254037844385966, 0.000000000000000000 ) ) ;
#8208 = FACE_BOUND ( 'NONE', #8652, .T. ) ;
#8209 = ORIENTED_EDGE ( 'NONE', *, *, #8380, .F. ) ;
#8210 = CARTESIAN_POINT ( 'NONE',  ( 6.423021744734604077, -0.3750000000000126010, 2.255140518769849223E-14 ) ) ;
#8211 = VERTEX_POINT ( 'NONE', #988 ) ;
#8212 = AXIS2_PLACEMENT_3D ( 'NONE', #5055, #9534, #6876 ) ;
#8213 = VERTEX_POINT ( 'NONE', #4650 ) ;
#8214 = ORIENTED_EDGE ( 'NONE', *, *, #10579, .T. ) ;
#8215 = VECTOR ( 'NONE', #5866, 1000.000000000000000 ) ;
#8216 = DIRECTION ( 'NONE',  ( 0.8660254037844387076, 0.5000000000000000000, -0.000000000000000000 ) ) ;
#8217 = CARTESIAN_POINT ( 'NONE',  ( -12.96626054182323173, 17.99999999999996092, 6.350000000000022737 ) ) ;
#8218 = CARTESIAN_POINT ( 'NONE',  ( 3.175426480542902663, -12.50000000000001776, 6.350000000000022737 ) ) ;
#8219 = VERTEX_POINT ( 'NONE', #5702 ) ;
#8220 = VECTOR ( 'NONE', #340, 1000.000000000000114 ) ;
#8222 = FACE_OUTER_BOUND ( 'NONE', #10353, .T. ) ;
#8221 = LINE ( 'NONE', #5626, #10469 ) ;
#8223 = DIRECTION ( 'NONE',  ( 0.000000000000000000, 0.000000000000000000, 1.000000000000000000 ) ) ;
#8224 = CARTESIAN_POINT ( 'NONE',  ( -9.959292143521061291, -3.249999999999997335, 2.255140518769849223E-14 ) ) ;
#8225 = ORIENTED_EDGE ( 'NONE', *, *, #9201, .F. ) ;
#8226 = DIRECTION ( 'NONE',  ( 1.000000000000000000, 0.000000000000000000, 0.000000000000000000 ) ) ;
#8227 = ORIENTED_EDGE ( 'NONE', *, *, #4065, .F. ) ;
#8228 = ORIENTED_EDGE ( 'NONE', *, *, #6670, .T. ) ;
#8229 = LINE ( 'NONE', #9059, #7953 ) ;
#8230 = DIRECTION ( 'NONE',  ( 0.8660254037844385966, -0.5000000000000001110, 0.000000000000000000 ) ) ;
#8232 = PLANE ( 'NONE',  #8369 ) ;
#8231 = CARTESIAN_POINT ( 'NONE',  ( -30.34310355970659501, -12.50000000000001776, 6.350000000000022737 ) ) ;
#8233 = LINE ( 'NONE', #9233, #11644 ) ;
#8234 = CARTESIAN_POINT ( 'NONE',  ( 12.12435565298215145, 18.49999999999993250, 6.350000000000022737 ) ) ;
#8235 = DIRECTION ( 'NONE',  ( 0.5000000000000001110, 0.8660254037844385966, 0.000000000000000000 ) ) ;
#8236 = LINE ( 'NONE', #8295, #1239 ) ;
#8237 = ORIENTED_EDGE ( 'NONE', *, *, #38, .T. ) ;
#8238 = VECTOR ( 'NONE', #9652, 1000.000000000000000 ) ;
#8239 = VECTOR ( 'NONE', #8131, 1000.000000000000000 ) ;
#8240 = VERTEX_POINT ( 'NONE', #8241 ) ;
#8241 = CARTESIAN_POINT ( 'NONE',  ( -3.536270398786466540, -11.12499999999996270, 6.350000000000022737 ) ) ;
#8242 = ORIENTED_EDGE ( 'NONE', *, *, #2428, .F. ) ;
#8243 = VERTEX_POINT ( 'NONE', #1990 ) ;
#8244 = EDGE_CURVE ( 'NONE', #7484, #6765, #3701, .T. ) ;
#8245 = DIRECTION ( 'NONE',  ( 0.5000000000000001110, -0.8660254037844385966, 0.000000000000000000 ) ) ;
#8246 = CARTESIAN_POINT ( 'NONE',  ( 7.144709581221628802, -13.12499999999994849, 2.255140518769849223E-14 ) ) ;
#8247 = AXIS2_PLACEMENT_3D ( 'NONE', #11379, #3239, #10553 ) ;
#8248 = DIRECTION ( 'NONE',  ( 0.000000000000000000, 0.000000000000000000, 1.000000000000000000 ) ) ;
#8249 = DIRECTION ( 'NONE',  ( 0.000000000000000000, 0.000000000000000000, -1.000000000000000000 ) ) ;
#8250 = VERTEX_POINT ( 'NONE', #5591 ) ;
#8251 = DIRECTION ( 'NONE',  ( -1.000000000000000000, 0.000000000000000000, 0.000000000000000000 ) ) ;
#8252 = LINE ( 'NONE', #343, #7540 ) ;
#8253 = VECTOR ( 'NONE', #1582, 1000.000000000000000 ) ;
#8254 = EDGE_LOOP ( 'NONE', ( #1798, #11198, #6778, #991 ) ) ;
#8255 = VERTEX_POINT ( 'NONE', #104 ) ;
#8256 = EDGE_CURVE ( 'NONE', #9296, #10941, #216, .T. ) ;
#8257 = ADVANCED_FACE ( 'NONE', ( #3817 ), #1047, .F. ) ;
#8258 = ADVANCED_FACE ( 'NONE', ( #10896 ), #7411, .T. ) ;
#8259 = EDGE_LOOP ( 'NONE', ( #5161, #74, #8898, #511, #7140, #8713, #5228, #10507 ) ) ;
#8260 = EDGE_CURVE ( 'NONE', #5231, #11216, #2930, .T. ) ;
#8261 = ADVANCED_FACE ( 'NONE', ( #6534 ), #10132, .F. ) ;
#8262 = VERTEX_POINT ( 'NONE', #2816 ) ;
#8263 = AXIS2_PLACEMENT_3D ( 'NONE', #6699, #4042, #5752 ) ;
#8264 = CARTESIAN_POINT ( 'NONE',  ( -12.96626054182323173, 17.99999999999996092, -3.649999999999986589 ) ) ;
#8265 = DIRECTION ( 'NONE',  ( 1.000000000000000000, 0.000000000000000000, 0.000000000000000000 ) ) ;
#8266 = CARTESIAN_POINT ( 'NONE',  ( -7.866397417708661521, 8.624999999999966249, 6.350000000000022737 ) ) ;
#8267 = FACE_BOUND ( 'NONE', #3961, .T. ) ;
#8268 = VERTEX_POINT ( 'NONE', #6357 ) ;
#8269 = VECTOR ( 'NONE', #9065, 1000.000000000000000 ) ;
#8270 = ORIENTED_EDGE ( 'NONE', *, *, #2959, .T. ) ;
#8271 = VECTOR ( 'NONE', #3811, 1000.000000000000000 ) ;
#8272 = VERTEX_POINT ( 'NONE', #8354 ) ;
#8273 = EDGE_LOOP ( 'NONE', ( #1894, #11231, #5846, #11183, #9023, #7725 ) ) ;
#8274 = CARTESIAN_POINT ( 'NONE',  ( 12.12435565298215145, -15.99999999999992717, 2.255140518769849223E-14 ) ) ;
#8275 = DIRECTION ( 'NONE',  ( 0.5000000000000001110, -0.8660254037844385966, 0.000000000000000000 ) ) ;
#8276 = LINE ( 'NONE', #10927, #9535 ) ;
#8277 = ORIENTED_EDGE ( 'NONE', *, *, #764, .F. ) ;
#8278 = EDGE_CURVE ( 'NONE', #5306, #11289, #7198, .T. ) ;
#8280 = DIRECTION ( 'NONE',  ( 0.5000000000000001110, 0.8660254037844385966, 0.000000000000000000 ) ) ;
#8279 = LINE ( 'NONE', #9047, #476 ) ;
#8281 = EDGE_CURVE ( 'NONE', #3289, #11122, #9241, .T. ) ;
#8282 = PLANE ( 'NONE',  #4885 ) ;
#8283 = DIRECTION ( 'NONE',  ( 1.000000000000000000, 0.000000000000000000, 0.000000000000000000 ) ) ;
#8284 = VERTEX_POINT ( 'NONE', #2988 ) ;
#8285 = DIRECTION ( 'NONE',  ( 0.5000000000000001110, -0.8660254037844385966, 0.000000000000000000 ) ) ;
#8286 = VERTEX_POINT ( 'NONE', #274 ) ;
#8287 = DIRECTION ( 'NONE',  ( 0.4999999999999997224, 0.8660254037844387076, 0.000000000000000000 ) ) ;
#8288 = LINE ( 'NONE', #208, #665 ) ;
#8289 = VECTOR ( 'NONE', #3055, 1000.000000000000000 ) ;
#8291 = DIRECTION ( 'NONE',  ( -0.000000000000000000, -0.000000000000000000, -1.000000000000000000 ) ) ;
#8290 = CARTESIAN_POINT ( 'NONE',  ( -12.96626054182323173, 0.000000000000000000, 0.000000000000000000 ) ) ;
#8292 = FACE_OUTER_BOUND ( 'NONE', #6079, .T. ) ;
#8293 = CARTESIAN_POINT ( 'NONE',  ( -12.96626054182322463, -1.291777957386639697, -3.649999999999986589 ) ) ;
#8294 = CARTESIAN_POINT ( 'NONE',  ( 7.144709581221622585, -4.124999999999985789, 6.350000000000022737 ) ) ;
#8295 = CARTESIAN_POINT ( 'NONE',  ( -8.515916470546997630, -8.249999999999975131, 2.255140518769849223E-14 ) ) ;
#8296 = EDGE_LOOP ( 'NONE', ( #8069, #9996, #6439, #102 ) ) ;
#8297 = VECTOR ( 'NONE', #8754, 1000.000000000000000 ) ;
#8298 = LINE ( 'NONE', #11066, #8504 ) ;
#8299 = ORIENTED_EDGE ( 'NONE', *, *, #6615, .F. ) ;
#8300 = ORIENTED_EDGE ( 'NONE', *, *, #8824, .T. ) ;
#8301 = DIRECTION ( 'NONE',  ( 0.000000000000000000, 0.000000000000000000, 1.000000000000000000 ) ) ;
#8302 = LINE ( 'NONE', #3766, #3170 ) ;
#8303 = CARTESIAN_POINT ( 'NONE',  ( 2.814582562299429380, -15.62499999999994138, 2.255140518769849223E-14 ) ) ;
#8304 = CARTESIAN_POINT ( 'NONE',  ( -30.34310355970659856, 12.50000000000001776, 6.350000000000022737 ) ) ;
#8305 = ORIENTED_EDGE ( 'NONE', *, *, #10076, .T. ) ;
#8306 = LINE ( 'NONE', #5655, #11139 ) ;
#8307 = CARTESIAN_POINT ( 'NONE',  ( -30.34310355970660211, -3.999999999999989786, -3.649999999999977707 ) ) ;
#8308 = ORIENTED_EDGE ( 'NONE', *, *, #4373, .T. ) ;
#8309 = VERTEX_POINT ( 'NONE', #3877 ) ;
#8310 = EDGE_CURVE ( 'NONE', #7837, #11269, #7467, .T. ) ;
#8311 = VERTEX_POINT ( 'NONE', #2754 ) ;
#8312 = VERTEX_POINT ( 'NONE', #9958 ) ;
#8313 = CARTESIAN_POINT ( 'NONE',  ( 0.000000000000000000, 0.000000000000000000, 3.350000000000019629 ) ) ;
#8314 = FACE_OUTER_BOUND ( 'NONE', #8712, .T. ) ;
#8315 = EDGE_CURVE ( 'NONE', #7112, #7262, #9603, .T. ) ;
#8316 = CARTESIAN_POINT ( 'NONE',  ( -12.96626054182322285, -12.79177795738659817, 6.350000000000022737 ) ) ;
#8317 = DIRECTION ( 'NONE',  ( 0.000000000000000000, -1.000000000000000000, 0.000000000000000000 ) ) ;
#8318 = VERTEX_POINT ( 'NONE', #2155 ) ;
#8319 = VECTOR ( 'NONE', #3416, 1000.000000000000000 ) ;
#8320 = ADVANCED_FACE ( 'NONE', ( #3932 ), #6000, .F. ) ;
#8321 = ORIENTED_EDGE ( 'NONE', *, *, #1890, .T. ) ;
#8322 = VERTEX_POINT ( 'NONE', #2394 ) ;
#8323 = VERTEX_POINT ( 'NONE', #2220 ) ;
#8324 = VECTOR ( 'NONE', #10602, 1000.000000000000000 ) ;
#8325 = DIRECTION ( 'NONE',  ( -0.000000000000000000, -0.000000000000000000, -1.000000000000000000 ) ) ;
#8326 = PLANE ( 'NONE',  #3446 ) ;
#8327 = VECTOR ( 'NONE', #4690, 1000.000000000000000 ) ;
#8328 = DIRECTION ( 'NONE',  ( 1.000000000000000000, 0.000000000000000000, 0.000000000000000000 ) ) ;
#8329 = VERTEX_POINT ( 'NONE', #4170 ) ;
#8330 = EDGE_CURVE ( 'NONE', #610, #10818, #10480, .T. ) ;
#8332 = CARTESIAN_POINT ( 'NONE',  ( -2.818925648462311528E-15, 2.499999999999976019, 2.255140518769849223E-14 ) ) ;
#8331 = CARTESIAN_POINT ( 'NONE',  ( -6.423021744734596084, -16.87499999999994316, 6.350000000000022737 ) ) ;
#8333 = LINE ( 'NONE', #8162, #3756 ) ;
#8334 = AXIS2_PLACEMENT_3D ( 'NONE', #2485, #8143, #4547 ) ;
#8335 = CARTESIAN_POINT ( 'NONE',  ( 7.072540797572925975, -5.749999999999974243, 6.350000000000022737 ) ) ;
#8336 = ORIENTED_EDGE ( 'NONE', *, *, #7689, .T. ) ;
#8337 = VECTOR ( 'NONE', #318, 1000.000000000000000 ) ;
#8338 = LINE ( 'NONE', #146, #4029 ) ;
#8339 = EDGE_CURVE ( 'NONE', #175, #243, #6768, .T. ) ;
#8340 = EDGE_CURVE ( 'NONE', #3929, #11477, #5060, .T. ) ;
#8341 = EDGE_CURVE ( 'NONE', #795, #174, #7586, .T. ) ;
#8342 = VERTEX_POINT ( 'NONE', #1282 ) ;
#8343 = CARTESIAN_POINT ( 'NONE',  ( -2.814582562299428936, -7.374999999999972466, 6.350000000000022737 ) ) ;
#8344 = DIRECTION ( 'NONE',  ( 0.8660254037844385966, -0.5000000000000001110, 0.000000000000000000 ) ) ;
#8345 = CARTESIAN_POINT ( 'NONE',  ( 7.794228634059952476, -15.99999999999994138, 2.255140518769849223E-14 ) ) ;
#8346 = VECTOR ( 'NONE', #10413, 1000.000000000000000 ) ;
#8347 = DIRECTION ( 'NONE',  ( 0.5000000000000001110, -0.8660254037844385966, 0.000000000000000000 ) ) ;
#8348 = DIRECTION ( 'NONE',  ( 0.5000000000000001110, -0.8660254037844385966, 0.000000000000000000 ) ) ;
#8349 = DIRECTION ( 'NONE',  ( 0.000000000000000000, 1.000000000000000000, -0.000000000000000000 ) ) ;
#8350 = CARTESIAN_POINT ( 'NONE',  ( 4.979646071760526205, -17.62499999999993960, 6.350000000000022737 ) ) ;
#8351 = VECTOR ( 'NONE', #3208, 1000.000000000000000 ) ;
#8352 = ORIENTED_EDGE ( 'NONE', *, *, #11360, .T. ) ;
#8353 = VERTEX_POINT ( 'NONE', #3044 ) ;
#8354 = CARTESIAN_POINT ( 'NONE',  ( -16.39626054182322790, -20.00000000000001776, 4.350000000000028955 ) ) ;
#8355 = ORIENTED_EDGE ( 'NONE', *, *, #7770, .F. ) ;
#8356 = ORIENTED_EDGE ( 'NONE', *, *, #6231, .F. ) ;
#8357 = AXIS2_PLACEMENT_3D ( 'NONE', #9607, #692, #5296 ) ;
#8359 = LINE ( 'NONE', #2102, #1391 ) ;
#8358 = DIRECTION ( 'NONE',  ( 0.000000000000000000, 0.000000000000000000, 1.000000000000000000 ) ) ;
#8360 = DIRECTION ( 'NONE',  ( 0.000000000000000000, 0.000000000000000000, 1.000000000000000000 ) ) ;
#8361 = CARTESIAN_POINT ( 'NONE',  ( -9.959292143521061291, 3.249999999999978240, 2.255140518769849223E-14 ) ) ;
#8362 = DIRECTION ( 'NONE',  ( -1.000000000000000000, 0.000000000000000000, 0.000000000000000000 ) ) ;
#8363 = ORIENTED_EDGE ( 'NONE', *, *, #8260, .T. ) ;
#8364 = DIRECTION ( 'NONE',  ( 0.000000000000000000, 0.000000000000000000, -1.000000000000000000 ) ) ;
#8365 = LINE ( 'NONE', #3005, #7914 ) ;
#8366 = EDGE_CURVE ( 'NONE', #2187, #5348, #9658, .T. ) ;
#8367 = EDGE_LOOP ( 'NONE', ( #2597, #72, #8843, #9790, #4326, #8418 ) ) ;
#8368 = ORIENTED_EDGE ( 'NONE', *, *, #8912, .F. ) ;
#8369 = AXIS2_PLACEMENT_3D ( 'NONE', #3754, #6351, #10065 ) ;
#8370 = ORIENTED_EDGE ( 'NONE', *, *, #3887, .T. ) ;
#8371 = ORIENTED_EDGE ( 'NONE', *, *, #1733, .T. ) ;
#8372 = ADVANCED_FACE ( 'NONE', ( #9539 ), #4937, .F. ) ;
#8373 = LINE ( 'NONE', #7252, #5145 ) ;
#8374 = CARTESIAN_POINT ( 'NONE',  ( 2.886751345948125103, -11.49999999999995204, 2.255140518769849223E-14 ) ) ;
#8375 = CARTESIAN_POINT ( 'NONE',  ( -2.814582562299426716, 1.625000000000001110, 6.350000000000022737 ) ) ;
#8376 = FACE_BOUND ( 'NONE', #10092, .T. ) ;
#8377 = VERTEX_POINT ( 'NONE', #331 ) ;
#8378 = ORIENTED_EDGE ( 'NONE', *, *, #9928, .F. ) ;
#8379 = VECTOR ( 'NONE', #8249, 1000.000000000000000 ) ;
#8380 = EDGE_CURVE ( 'NONE', #11506, #10661, #1395, .T. ) ;
#8381 = ORIENTED_EDGE ( 'NONE', *, *, #10416, .T. ) ;
#8382 = ORIENTED_EDGE ( 'NONE', *, *, #11236, .T. ) ;
#8383 = DIRECTION ( 'NONE',  ( 0.5000000000000001110, -0.8660254037844385966, 0.000000000000000000 ) ) ;
#8384 = EDGE_CURVE ( 'NONE', #9476, #9198, #1456, .T. ) ;
#8385 = PLANE ( 'NONE',  #2502 ) ;
#8386 = ADVANCED_FACE ( 'NONE', ( #7645 ), #10306, .F. ) ;
#8387 = PLANE ( 'NONE',  #9545 ) ;
#8388 = ORIENTED_EDGE ( 'NONE', *, *, #2577, .F. ) ;
#8389 = VECTOR ( 'NONE', #8972, 1000.000000000000000 ) ;
#8391 = DIRECTION ( 'NONE',  ( 0.000000000000000000, -0.000000000000000000, -1.000000000000000000 ) ) ;
#8390 = PLANE ( 'NONE',  #6696 ) ;
#8392 = PLANE ( 'NONE',  #2809 ) ;
#8393 = VECTOR ( 'NONE', #962, 1000.000000000000000 ) ;
#8394 = CARTESIAN_POINT ( 'NONE',  ( 0.000000000000000000, 18.00000000000001421, 0.000000000000000000 ) ) ;
#8395 = ORIENTED_EDGE ( 'NONE', *, *, #7618, .T. ) ;
#8396 = CARTESIAN_POINT ( 'NONE',  ( -20.09626054182323074, 0.000000000000000000, 6.350000000000022737 ) ) ;
#8397 = ADVANCED_FACE ( 'NONE', ( #1338 ), #3287, .F. ) ;
#8398 = EDGE_CURVE ( 'NONE', #5044, #2697, #2276, .T. ) ;
#8399 = AXIS2_PLACEMENT_3D ( 'NONE', #2791, #6448, #10809 ) ;
#8400 = EDGE_CURVE ( 'NONE', #9215, #8417, #11246, .T. ) ;
#8401 = EDGE_CURVE ( 'NONE', #10872, #10420, #11306, .T. ) ;
#8402 = ORIENTED_EDGE ( 'NONE', *, *, #1985, .F. ) ;
#8403 = CIRCLE ( 'NONE', #8969, 4.499999999999997335 ) ;
#8404 = EDGE_CURVE ( 'NONE', #11049, #2275, #2333, .T. ) ;
#8405 = CARTESIAN_POINT ( 'NONE',  ( -7.794228634059968464, 18.49999999999993250, 6.350000000000022737 ) ) ;
#8406 = DIRECTION ( 'NONE',  ( 0.5000000000000001110, 0.8660254037844385966, 0.000000000000000000 ) ) ;
#8407 = CARTESIAN_POINT ( 'NONE',  ( 7.794228634059957805, -18.49999999999992895, 2.255140518769849223E-14 ) ) ;
#8408 = LINE ( 'NONE', #1272, #4689 ) ;
#8409 = FACE_OUTER_BOUND ( 'NONE', #4634, .T. ) ;
#8410 = DIRECTION ( 'NONE',  ( 0.000000000000000000, -1.000000000000000000, 0.000000000000000000 ) ) ;
#8411 = ADVANCED_FACE ( 'NONE', ( #7760 ), #6229, .F. ) ;
#8412 = LINE ( 'NONE', #326, #7833 ) ;
#8413 = VECTOR ( 'NONE', #3482, 1000.000000000000000 ) ;
#8414 = ORIENTED_EDGE ( 'NONE', *, *, #4154, .F. ) ;
#8415 = EDGE_LOOP ( 'NONE', ( #5191, #901, #10200, #4123 ) ) ;
#8416 = CARTESIAN_POINT ( 'NONE',  ( 20.78373945817676827, -20.00000000000001776, 4.350000000000027178 ) ) ;
#8417 = VERTEX_POINT ( 'NONE', #8061 ) ;
#8418 = ORIENTED_EDGE ( 'NONE', *, *, #9641, .T. ) ;
#8420 = CARTESIAN_POINT ( 'NONE',  ( -17.54626054182323003, 3.122849337825748940E-16, 0.000000000000000000 ) ) ;
#8419 = CARTESIAN_POINT ( 'NONE',  ( 2.165063509461100377, 12.74999999999994138, 2.255140518769849223E-14 ) ) ;
#8421 = DIRECTION ( 'NONE',  ( 0.000000000000000000, 1.000000000000000000, 0.000000000000000000 ) ) ;
#8422 = CARTESIAN_POINT ( 'NONE',  ( -7.144709581221628802, 1.624999999999990008, 2.255140518769849223E-14 ) ) ;
#8423 = CARTESIAN_POINT ( 'NONE',  ( -6.423021744734609406, -17.62499999999993960, 2.255140518769849223E-14 ) ) ;
#8424 = EDGE_CURVE ( 'NONE', #10980, #9242, #1635, .T. ) ;
#8425 = DIRECTION ( 'NONE',  ( 0.000000000000000000, 0.000000000000000000, -1.000000000000000000 ) ) ;
#8426 = PLANE ( 'NONE',  #6785 ) ;
#8427 = FACE_OUTER_BOUND ( 'NONE', #5073, .T. ) ;
#8428 = EDGE_LOOP ( 'NONE', ( #7644, #6190 ) ) ;
#8429 = EDGE_LOOP ( 'NONE', ( #761, #4429, #7022, #9602 ) ) ;
#8430 = VECTOR ( 'NONE', #1071, 1000.000000000000000 ) ;
#8431 = EDGE_LOOP ( 'NONE', ( #3611, #1820, #217, #1822, #4824, #6123, #3495, #3194, #6368, #1957, #69, #3947, #4135, #8440 ) ) ;
#8432 = ORIENTED_EDGE ( 'NONE', *, *, #11057, .T. ) ;
#8433 = LINE ( 'NONE', #584, #4960 ) ;
#8434 = CARTESIAN_POINT ( 'NONE',  ( -2.814582562299428936, -13.12499999999995204, 6.350000000000022737 ) ) ;
#8435 = DIRECTION ( 'NONE',  ( 0.8660254037844388186, -0.4999999999999997780, 0.000000000000000000 ) ) ;
#8436 = VECTOR ( 'NONE', #2342, 1000.000000000000114 ) ;
#8437 = FACE_OUTER_BOUND ( 'NONE', #3195, .T. ) ;
#8438 = VERTEX_POINT ( 'NONE', #2683 ) ;
#8439 = VERTEX_POINT ( 'NONE', #2628 ) ;
#8440 = ORIENTED_EDGE ( 'NONE', *, *, #4585, .T. ) ;
#8441 = VECTOR ( 'NONE', #5914, 1000.000000000000000 ) ;
#8442 = ORIENTED_EDGE ( 'NONE', *, *, #418, .T. ) ;
#8443 = ORIENTED_EDGE ( 'NONE', *, *, #9641, .F. ) ;
#8444 = PLANE ( 'NONE',  #10970 ) ;
#8445 = CARTESIAN_POINT ( 'NONE',  ( -6.783865662978158184, 12.50000000000001776, 6.350000000000022737 ) ) ;
#8446 = VECTOR ( 'NONE', #7699, 1000.000000000000114 ) ;
#8447 = DIRECTION ( 'NONE',  ( 0.8660254037844385966, 0.5000000000000003331, -0.000000000000000000 ) ) ;
#8448 = ORIENTED_EDGE ( 'NONE', *, *, #384, .F. ) ;
#8450 = LINE ( 'NONE', #2967, #9399 ) ;
#8449 = DIRECTION ( 'NONE',  ( -0.5000000000000002220, 0.8660254037844384856, 0.000000000000000000 ) ) ;
#8451 = PLANE ( 'NONE',  #5477 ) ;
#8452 = VECTOR ( 'NONE', #6451, 1000.000000000000000 ) ;
#8453 = CARTESIAN_POINT ( 'NONE',  ( -7.144709581221635908, -18.87499999999992895, 6.350000000000022737 ) ) ;
#8454 = LINE ( 'NONE', #3747, #2889 ) ;
#8455 = EDGE_CURVE ( 'NONE', #8353, #8211, #7113, .T. ) ;
#8456 = VECTOR ( 'NONE', #2024, 1000.000000000000000 ) ;
#8457 = ORIENTED_EDGE ( 'NONE', *, *, #8615, .F. ) ;
#8458 = CARTESIAN_POINT ( 'NONE',  ( 1.220317949235080635, -12.50000000000001776, 37.88500000000002643 ) ) ;
#8459 = LINE ( 'NONE', #9409, #2206 ) ;
#8460 = AXIS2_PLACEMENT_3D ( 'NONE', #11116, #5754, #2982 ) ;
#8461 = CARTESIAN_POINT ( 'NONE',  ( 3.536270398786462099, -5.374999999999987566, 2.255140518769849223E-14 ) ) ;
#8462 = DIRECTION ( 'NONE',  ( -0.4999999999999997780, -0.8660254037844387076, 0.000000000000000000 ) ) ;
#8463 = EDGE_CURVE ( 'NONE', #261, #4391, #3348, .T. ) ;
#8464 = CARTESIAN_POINT ( 'NONE',  ( -7.794228634059964911, 4.499999999999979572, 6.350000000000022737 ) ) ;
#8465 = EDGE_CURVE ( 'NONE', #8219, #5777, #744, .T. ) ;
#8466 = DIRECTION ( 'NONE',  ( -1.000000000000000000, -4.003208021484940511E-16, 0.000000000000000000 ) ) ;
#8467 = DIRECTION ( 'NONE',  ( 0.000000000000000000, 0.000000000000000000, 1.000000000000000000 ) ) ;
#8468 = EDGE_CURVE ( 'NONE', #9156, #6056, #3464, .T. ) ;
#8469 = ORIENTED_EDGE ( 'NONE', *, *, #829, .F. ) ;
#8470 = ORIENTED_EDGE ( 'NONE', *, *, #595, .F. ) ;
#8471 = ORIENTED_EDGE ( 'NONE', *, *, #6473, .T. ) ;
#8472 = DIRECTION ( 'NONE',  ( 0.000000000000000000, -1.000000000000000000, 0.000000000000000000 ) ) ;
#8473 = VERTEX_POINT ( 'NONE', #3409 ) ;
#8474 = ORIENTED_EDGE ( 'NONE', *, *, #103, .T. ) ;
#8476 = DIRECTION ( 'NONE',  ( 0.8660254037844388186, -0.4999999999999997780, 0.000000000000000000 ) ) ;
#8475 = DIRECTION ( 'NONE',  ( -0.000000000000000000, 1.000000000000000000, -0.000000000000000000 ) ) ;
#8477 = PLANE ( 'NONE',  #8631 ) ;
#8478 = DIRECTION ( 'NONE',  ( -0.8660254037844385966, -0.5000000000000001110, 0.000000000000000000 ) ) ;
#8479 = CARTESIAN_POINT ( 'NONE',  ( 2.165063509461100377, 12.74999999999994138, 2.255140518769849223E-14 ) ) ;
#8480 = ADVANCED_FACE ( 'NONE', ( #6286 ), #10659, .F. ) ;
#8481 = CARTESIAN_POINT ( 'NONE',  ( 6.423021744734586314, 6.124999999999965361, 2.255140518769849223E-14 ) ) ;
#8482 = CARTESIAN_POINT ( 'NONE',  ( 0.000000000000000000, 0.000000000000000000, 6.350000000000022737 ) ) ;
#8483 = AXIS2_PLACEMENT_3D ( 'NONE', #5271, #3606, #834 ) ;
#8484 = CARTESIAN_POINT ( 'NONE',  ( 3.283739458176782033, 24.69999999999997087, 6.350000000000022737 ) ) ;
#8485 = ORIENTED_EDGE ( 'NONE', *, *, #10283, .F. ) ;
#8486 = EDGE_LOOP ( 'NONE', ( #5646, #1604, #4064, #3118 ) ) ;
#8487 = ORIENTED_EDGE ( 'NONE', *, *, #9702, .F. ) ;
#8488 = ADVANCED_FACE ( 'NONE', ( #7059 ), #11652, .F. ) ;
#8489 = EDGE_CURVE ( 'NONE', #8342, #3475, #7940, .T. ) ;
#8490 = ADVANCED_FACE ( 'NONE', ( #7168 ), #2520, .T. ) ;
#8491 = VERTEX_POINT ( 'NONE', #6175 ) ;
#8492 = FACE_OUTER_BOUND ( 'NONE', #3375, .T. ) ;
#8493 = DIRECTION ( 'NONE',  ( 0.000000000000000000, 0.000000000000000000, -1.000000000000000000 ) ) ;
#8494 = DIRECTION ( 'NONE',  ( 0.8660254037844388186, -0.4999999999999997780, 0.000000000000000000 ) ) ;
#8495 = CARTESIAN_POINT ( 'NONE',  ( -1.443375672974066992, -19.74999999999993250, 2.255140518769849223E-14 ) ) ;
#8496 = ORIENTED_EDGE ( 'NONE', *, *, #1856, .T. ) ;
#8497 = ORIENTED_EDGE ( 'NONE', *, *, #1264, .T. ) ;
#8498 = ORIENTED_EDGE ( 'NONE', *, *, #3801, .T. ) ;
#8499 = ORIENTED_EDGE ( 'NONE', *, *, #6875, .F. ) ;
#8500 = ORIENTED_EDGE ( 'NONE', *, *, #6405, .T. ) ;
#8501 = CARTESIAN_POINT ( 'NONE',  ( -1.443375672974066992, 14.74999999999993072, 2.255140518769849223E-14 ) ) ;
#8502 = PLANE ( 'NONE',  #7577 ) ;
#8503 = PLANE ( 'NONE',  #4233 ) ;
#8504 = VECTOR ( 'NONE', #9071, 1000.000000000000000 ) ;
#8505 = LINE ( 'NONE', #9276, #5025 ) ;
#8506 = ORIENTED_EDGE ( 'NONE', *, *, #11496, .T. ) ;
#8508 = FACE_OUTER_BOUND ( 'NONE', #2156, .T. ) ;
#8507 = DIRECTION ( 'NONE',  ( 1.000000000000000000, 0.000000000000000000, 0.000000000000000000 ) ) ;
#8509 = LINE ( 'NONE', #10288, #756 ) ;
#8510 = CARTESIAN_POINT ( 'NONE',  ( 3.536270398786449221, -11.87499999999996270, 6.350000000000022737 ) ) ;
#8511 = LINE ( 'NONE', #434, #11095 ) ;
#8512 = VECTOR ( 'NONE', #1859, 1000.000000000000000 ) ;
#8513 = ORIENTED_EDGE ( 'NONE', *, *, #4698, .F. ) ;
#8514 = ORIENTED_EDGE ( 'NONE', *, *, #11291, .F. ) ;
#8515 = LINE ( 'NONE', #6929, #9239 ) ;
#8516 = LINE ( 'NONE', #3158, #422 ) ;
#8517 = DIRECTION ( 'NONE',  ( 0.000000000000000000, 0.000000000000000000, 1.000000000000000000 ) ) ;
#8518 = VECTOR ( 'NONE', #3549, 1000.000000000000000 ) ;
#8519 = DIRECTION ( 'NONE',  ( 0.000000000000000000, -0.000000000000000000, -1.000000000000000000 ) ) ;
#8520 = CARTESIAN_POINT ( 'NONE',  ( -30.34310355970659856, 12.50000000000001776, 55.35000000000005116 ) ) ;
#8521 = VECTOR ( 'NONE', #1717, 1000.000000000000000 ) ;
#8522 = DIRECTION ( 'NONE',  ( 0.000000000000000000, -0.000000000000000000, -1.000000000000000000 ) ) ;
#8523 = LINE ( 'NONE', #3223, #1753 ) ;
#8524 = CARTESIAN_POINT ( 'NONE',  ( -2.165063509461105706, 6.999999999999965361, 2.255140518769849223E-14 ) ) ;
#8525 = EDGE_LOOP ( 'NONE', ( #9760, #4521 ) ) ;
#8526 = VECTOR ( 'NONE', #11668, 1000.000000000000000 ) ;
#8527 = ORIENTED_EDGE ( 'NONE', *, *, #8310, .F. ) ;
#8528 = ADVANCED_FACE ( 'NONE', ( #2572 ), #6121, .T. ) ;
#8529 = VECTOR ( 'NONE', #10572, 1000.000000000000000 ) ;
#8530 = DIRECTION ( 'NONE',  ( -1.000000000000000000, -3.373073425510458458E-16, 0.000000000000000000 ) ) ;
#8531 = ORIENTED_EDGE ( 'NONE', *, *, #1253, .F. ) ;
#8532 = ORIENTED_EDGE ( 'NONE', *, *, #7176, .F. ) ;
#8534 = DIRECTION ( 'NONE',  ( 1.000000000000000000, 0.000000000000000000, 0.000000000000000000 ) ) ;
#8533 = FACE_OUTER_BOUND ( 'NONE', #6054, .T. ) ;
#8535 = ADVANCED_FACE ( 'NONE', ( #1688 ), #626, .T. ) ;
#8536 = CARTESIAN_POINT ( 'NONE',  ( -2.775557561562891351E-14, 27.69999999999997442, 0.000000000000000000 ) ) ;
#8537 = EDGE_CURVE ( 'NONE', #9037, #4477, #7822, .T. ) ;
#8538 = CARTESIAN_POINT ( 'NONE',  ( 2.165063509461094160, -18.49999999999992539, 6.350000000000022737 ) ) ;
#8539 = DIRECTION ( 'NONE',  ( 0.5000000000000001110, -0.8660254037844385966, 0.000000000000000000 ) ) ;
#8540 = DIRECTION ( 'NONE',  ( 0.000000000000000000, 0.000000000000000000, -1.000000000000000000 ) ) ;
#8541 = CARTESIAN_POINT ( 'NONE',  ( 7.794228634059948924, 6.999999999999965361, 2.255140518769849223E-14 ) ) ;
#8542 = LINE ( 'NONE', #6600, #24 ) ;
#8543 = ORIENTED_EDGE ( 'NONE', *, *, #612, .F. ) ;
#8544 = ORIENTED_EDGE ( 'NONE', *, *, #1050, .T. ) ;
#8545 = ORIENTED_EDGE ( 'NONE', *, *, #759, .F. ) ;
#8546 = ADVANCED_FACE ( 'NONE', ( #11598 ), #3526, .T. ) ;
#8547 = VECTOR ( 'NONE', #3538, 1000.000000000000000 ) ;
#8548 = ADVANCED_FACE ( 'NONE', ( #6059 ), #9664, .T. ) ;
#8549 = ORIENTED_EDGE ( 'NONE', *, *, #9994, .T. ) ;
#8550 = EDGE_CURVE ( 'NONE', #1557, #6647, #229, .T. ) ;
#8551 = DIRECTION ( 'NONE',  ( -0.7071067811865463515, -1.498179826988333084E-16, 0.7071067811865487940 ) ) ;
#8552 = CARTESIAN_POINT ( 'NONE',  ( -7.794228634059957805, -4.499999999999984901, 2.255140518769849223E-14 ) ) ;
#8553 = CARTESIAN_POINT ( 'NONE',  ( 13.03373945817676471, 12.67490104582256549, -3.649999999999986589 ) ) ;
#8554 = FACE_BOUND ( 'NONE', #10189, .T. ) ;
#8555 = ORIENTED_EDGE ( 'NONE', *, *, #8824, .F. ) ;
#8556 = EDGE_CURVE ( 'NONE', #8312, #10692, #32, .T. ) ;
#8557 = AXIS2_PLACEMENT_3D ( 'NONE', #1543, #4026, #4434 ) ;
#8558 = EDGE_CURVE ( 'NONE', #8813, #4341, #7341, .T. ) ;
#8559 = EDGE_CURVE ( 'NONE', #5421, #3738, #11000, .T. ) ;
#8560 = EDGE_LOOP ( 'NONE', ( #6308, #2946, #7412, #8113 ) ) ;
#8561 = ORIENTED_EDGE ( 'NONE', *, *, #1238, .F. ) ;
#8562 = ORIENTED_EDGE ( 'NONE', *, *, #5094, .F. ) ;
#8563 = LINE ( 'NONE', #1312, #985 ) ;
#8564 = DIRECTION ( 'NONE',  ( 0.5000000000000001110, -0.8660254037844385966, 0.000000000000000000 ) ) ;
#8565 = CARTESIAN_POINT ( 'NONE',  ( 12.12435565298215145, -1.249999999999998668, 2.255140518769849223E-14 ) ) ;
#8566 = FACE_OUTER_BOUND ( 'NONE', #8983, .T. ) ;
#8567 = ORIENTED_EDGE ( 'NONE', *, *, #4917, .T. ) ;
#8569 = DIRECTION ( 'NONE',  ( 0.000000000000000000, 0.000000000000000000, -1.000000000000000000 ) ) ;
#8568 = LINE ( 'NONE', #11339, #3885 ) ;
#8570 = CARTESIAN_POINT ( 'NONE',  ( 12.77387470582047868, 13.12499999999995381, 6.350000000000022737 ) ) ;
#8571 = AXIS2_PLACEMENT_3D ( 'NONE', #2120, #296, #5781 ) ;
#8572 = DIRECTION ( 'NONE',  ( -0.000000000000000000, 0.000000000000000000, -1.000000000000000000 ) ) ;
#8573 = DIRECTION ( 'NONE',  ( 0.000000000000000000, 0.000000000000000000, 1.000000000000000000 ) ) ;
#8574 = ORIENTED_EDGE ( 'NONE', *, *, #8696, .T. ) ;
#8575 = VERTEX_POINT ( 'NONE', #2917 ) ;
#8576 = VECTOR ( 'NONE', #264, 1000.000000000000000 ) ;
#8577 = CARTESIAN_POINT ( 'NONE',  ( -1.443375672974064328, -2.500000000000000888, 2.255140518769849223E-14 ) ) ;
#8578 = CARTESIAN_POINT ( 'NONE',  ( 13.03373945817677182, -6.924901045822558387, 6.350000000000022737 ) ) ;
#8579 = LINE ( 'NONE', #3218, #8204 ) ;
#8580 = AXIS2_PLACEMENT_3D ( 'NONE', #7288, #96, #10826 ) ;
#8581 = VECTOR ( 'NONE', #10875, 1000.000000000000000 ) ;
#8582 = CARTESIAN_POINT ( 'NONE',  ( 3.536270398786445224, 11.12499999999994138, 2.255140518769849223E-14 ) ) ;
#8583 = CARTESIAN_POINT ( 'NONE',  ( -7.794228634059964911, -1.249999999999995337, 2.255140518769849223E-14 ) ) ;
#8584 = FACE_OUTER_BOUND ( 'NONE', #4604, .T. ) ;
#8585 = CARTESIAN_POINT ( 'NONE',  ( 2.886751345948121550, 11.49999999999995381, 2.255140518769849223E-14 ) ) ;
#8586 = VERTEX_POINT ( 'NONE', #7455 ) ;
#8587 = DIRECTION ( 'NONE',  ( 0.000000000000000000, 0.000000000000000000, 1.000000000000000000 ) ) ;
#8588 = VECTOR ( 'NONE', #3790, 1000.000000000000000 ) ;
#8589 = EDGE_LOOP ( 'NONE', ( #3841, #5307, #11135, #5976 ) ) ;
#8590 = VERTEX_POINT ( 'NONE', #7281 ) ;
#8591 = CARTESIAN_POINT ( 'NONE',  ( 6.423021744734589866, -11.12499999999996092, 2.255140518769849223E-14 ) ) ;
#8592 = CARTESIAN_POINT ( 'NONE',  ( -12.12435565298216211, 15.99999999999993072, 6.350000000000022737 ) ) ;
#8593 = ORIENTED_EDGE ( 'NONE', *, *, #4078, .T. ) ;
#8595 = FACE_OUTER_BOUND ( 'NONE', #4496, .T. ) ;
#8594 = DIRECTION ( 'NONE',  ( 1.000000000000000000, 0.000000000000000000, 0.000000000000000000 ) ) ;
#8596 = VECTOR ( 'NONE', #616, 1000.000000000000000 ) ;
#8597 = CARTESIAN_POINT ( 'NONE',  ( -9.959292143521061291, -8.999999999999975131, 2.255140518769849223E-14 ) ) ;
#8598 = CARTESIAN_POINT ( 'NONE',  ( 13.03373945817676294, 16.07509895417732082, 6.350000000000022737 ) ) ;
#8599 = FACE_BOUND ( 'NONE', #875, .T. ) ;
#8600 = FACE_OUTER_BOUND ( 'NONE', #8775, .T. ) ;
#8601 = VECTOR ( 'NONE', #11072, 1000.000000000000114 ) ;
#8602 = CARTESIAN_POINT ( 'NONE',  ( -2.814582562299428936, 4.124999999999976907, 6.350000000000022737 ) ) ;
#8603 = ORIENTED_EDGE ( 'NONE', *, *, #5805, .F. ) ;
#8604 = VERTEX_POINT ( 'NONE', #6407 ) ;
#8605 = ORIENTED_EDGE ( 'NONE', *, *, #3848, .F. ) ;
#8606 = EDGE_CURVE ( 'NONE', #942, #9215, #10820, .T. ) ;
#8607 = ORIENTED_EDGE ( 'NONE', *, *, #8767, .F. ) ;
#8608 = FACE_OUTER_BOUND ( 'NONE', #11063, .T. ) ;
#8609 = VECTOR ( 'NONE', #6176, 1000.000000000000000 ) ;
#8610 = CARTESIAN_POINT ( 'NONE',  ( 24.28373945817671853, -3.999999999999984457, 55.35000000000005116 ) ) ;
#8611 = CARTESIAN_POINT ( 'NONE',  ( -1.876388374866285957, -20.49999999999992895, 3.350000000000019629 ) ) ;
#8612 = LINE ( 'NONE', #8495, #6499 ) ;
#8613 = VERTEX_POINT ( 'NONE', #10119 ) ;
#8614 = EDGE_CURVE ( 'NONE', #6751, #1368, #10885, .T. ) ;
#8615 = EDGE_CURVE ( 'NONE', #276, #7193, #9116, .T. ) ;
#8616 = VERTEX_POINT ( 'NONE', #150 ) ;
#8617 = ORIENTED_EDGE ( 'NONE', *, *, #6119, .F. ) ;
#8618 = ADVANCED_FACE ( 'NONE', ( #1973 ), #6348, .F. ) ;
#8619 = ORIENTED_EDGE ( 'NONE', *, *, #384, .T. ) ;
#8620 = ADVANCED_FACE ( 'NONE', ( #10942 ), #5635, .F. ) ;
#8621 = VECTOR ( 'NONE', #5423, 1000.000000000000000 ) ;
#8622 = LINE ( 'NONE', #653, #6078 ) ;
#8623 = CARTESIAN_POINT ( 'NONE',  ( 7.368161339686235323, 34.17780897597563694, 3.350000000000019629 ) ) ;
#8624 = CARTESIAN_POINT ( 'NONE',  ( -21.84310355970657014, 30.00000000000002132, 0.000000000000000000 ) ) ;
#8625 = LINE ( 'NONE', #1254, #4828 ) ;
#8626 = ORIENTED_EDGE ( 'NONE', *, *, #9483, .F. ) ;
#8628 = CARTESIAN_POINT ( 'NONE',  ( 7.794228634059957805, -12.74999999999995026, 2.255140518769849223E-14 ) ) ;
#8627 = DIRECTION ( 'NONE',  ( 0.000000000000000000, 0.000000000000000000, 1.000000000000000000 ) ) ;
#8629 = CARTESIAN_POINT ( 'NONE',  ( -2.092894725812402879, 2.874999999999986233, 6.350000000000022737 ) ) ;
#8630 = LINE ( 'NONE', #4147, #5663 ) ;
#8631 = AXIS2_PLACEMENT_3D ( 'NONE', #5883, #6714, #574 ) ;
#8632 = CARTESIAN_POINT ( 'NONE',  ( -3.536270398786451885, -0.3750000000000107692, 2.255140518769849223E-14 ) ) ;
#8633 = ORIENTED_EDGE ( 'NONE', *, *, #10997, .T. ) ;
#8634 = EDGE_LOOP ( 'NONE', ( #8733, #934, #2886, #11480, #7661, #7868 ) ) ;
#8635 = LINE ( 'NONE', #11350, #6791 ) ;
#8636 = DIRECTION ( 'NONE',  ( 0.000000000000000000, 0.000000000000000000, 1.000000000000000000 ) ) ;
#8637 = DIRECTION ( 'NONE',  ( 0.000000000000000000, -1.000000000000000000, 0.000000000000000000 ) ) ;
#8638 = EDGE_CURVE ( 'NONE', #770, #10967, #3751, .T. ) ;
#8639 = EDGE_CURVE ( 'NONE', #2468, #3345, #1031, .T. ) ;
#8640 = VECTOR ( 'NONE', #1143, 1000.000000000000000 ) ;
#8641 = CARTESIAN_POINT ( 'NONE',  ( 2.814582562299429380, -9.874999999999962697, 2.255140518769849223E-14 ) ) ;
#8642 = DIRECTION ( 'NONE',  ( 0.5000000000000001110, 0.8660254037844385966, 0.000000000000000000 ) ) ;
#8643 = CARTESIAN_POINT ( 'NONE',  ( 13.03373945817676471, -4.575098954177390098, 0.000000000000000000 ) ) ;
#8644 = CARTESIAN_POINT ( 'NONE',  ( -6.423021744734612071, -0.3750000000000107692, 2.255140518769849223E-14 ) ) ;
#8645 = VERTEX_POINT ( 'NONE', #9002 ) ;
#8646 = VECTOR ( 'NONE', #3234, 1000.000000000000114 ) ;
#8647 = DIRECTION ( 'NONE',  ( 1.000000000000000000, 0.000000000000000000, 0.000000000000000000 ) ) ;
#8648 = EDGE_LOOP ( 'NONE', ( #523, #3775, #2704, #4661 ) ) ;
#8649 = VECTOR ( 'NONE', #7865, 999.9999999999998863 ) ;
#8650 = VERTEX_POINT ( 'NONE', #1151 ) ;
#8651 = CARTESIAN_POINT ( 'NONE',  ( -12.12435565298215856, -6.999999999999974243, 2.255140518769849223E-14 ) ) ;
#8652 = EDGE_LOOP ( 'NONE', ( #4910, #2077, #4254 ) ) ;
#8653 = ORIENTED_EDGE ( 'NONE', *, *, #2479, .F. ) ;
#8655 = DIRECTION ( 'NONE',  ( 1.000000000000000000, 0.000000000000000000, 0.000000000000000000 ) ) ;
#8654 = DIRECTION ( 'NONE',  ( -0.5000000000000002220, 0.8660254037844384856, 0.000000000000000000 ) ) ;
#8656 = CARTESIAN_POINT ( 'NONE',  ( 1.220317949211388697, -12.50000000000001776, 29.39999999999898250 ) ) ;
#8657 = CARTESIAN_POINT ( 'NONE',  ( -2.814582562299434709, 7.374999999999966249, 2.255140518769849223E-14 ) ) ;
#8658 = CARTESIAN_POINT ( 'NONE',  ( -12.96626054182323173, -18.00000000000001421, 6.350000000000022737 ) ) ;
#8659 = FACE_OUTER_BOUND ( 'NONE', #1172, .T. ) ;
#8660 = DIRECTION ( 'NONE',  ( 0.4999999999999997224, 0.8660254037844387076, 0.000000000000000000 ) ) ;
#8661 = ORIENTED_EDGE ( 'NONE', *, *, #8177, .F. ) ;
#8662 = VERTEX_POINT ( 'NONE', #9173 ) ;
#8663 = ORIENTED_EDGE ( 'NONE', *, *, #6670, .F. ) ;
#8664 = EDGE_LOOP ( 'NONE', ( #10640, #6546, #2332, #6603 ) ) ;
#8665 = DIRECTION ( 'NONE',  ( -0.000000000000000000, 1.000000000000000000, -0.000000000000000000 ) ) ;
#8666 = DIRECTION ( 'NONE',  ( -0.5000000000000001110, 0.8660254037844385966, -0.000000000000000000 ) ) ;
#8667 = AXIS2_PLACEMENT_3D ( 'NONE', #403, #1118, #3889 ) ;
#8668 = FACE_OUTER_BOUND ( 'NONE', #9847, .T. ) ;
#8669 = DIRECTION ( 'NONE',  ( -0.4999999999999999445, 0.8660254037844385966, 0.000000000000000000 ) ) ;
#8670 = ORIENTED_EDGE ( 'NONE', *, *, #9992, .F. ) ;
#8671 = ADVANCED_FACE ( 'NONE', ( #4637 ), #262, .T. ) ;
#8672 = VERTEX_POINT ( 'NONE', #2860 ) ;
#8673 = AXIS2_PLACEMENT_3D ( 'NONE', #8926, #7862, #12 ) ;
#8674 = ORIENTED_EDGE ( 'NONE', *, *, #2088, .F. ) ;
#8675 = EDGE_LOOP ( 'NONE', ( #5787, #4050, #8955, #3007 ) ) ;
#8676 = VECTOR ( 'NONE', #3671, 1000.000000000000000 ) ;
#8677 = EDGE_CURVE ( 'NONE', #2842, #2351, #8229, .T. ) ;
#8678 = PLANE ( 'NONE',  #5888 ) ;
#8679 = DIRECTION ( 'NONE',  ( -2.155801444746731110E-16, 1.000000000000000000, 0.000000000000000000 ) ) ;
#8680 = DIRECTION ( 'NONE',  ( 0.5000000000000001110, 0.8660254037844385966, 0.000000000000000000 ) ) ;
#8681 = LINE ( 'NONE', #6918, #11584 ) ;
#8682 = VERTEX_POINT ( 'NONE', #6464 ) ;
#8683 = EDGE_CURVE ( 'NONE', #9439, #4502, #1094, .T. ) ;
#8685 = CARTESIAN_POINT ( 'NONE',  ( 1.220317949235080857, -36.50000000000001421, 36.13500000000002643 ) ) ;
#8684 = PLANE ( 'NONE',  #4060 ) ;
#8686 = EDGE_CURVE ( 'NONE', #9220, #6429, #4751, .T. ) ;
#8687 = CARTESIAN_POINT ( 'NONE',  ( -8.515916470546997630, -13.99999999999995204, 2.255140518769849223E-14 ) ) ;
#8688 = LINE ( 'NONE', #6801, #4721 ) ;
#8689 = DIRECTION ( 'NONE',  ( 0.000000000000000000, 0.000000000000000000, -1.000000000000000000 ) ) ;
#8690 = VECTOR ( 'NONE', #1783, 1000.000000000000000 ) ;
#8691 = ADVANCED_FACE ( 'NONE', ( #3804 ), #7572, .F. ) ;
#8692 = VERTEX_POINT ( 'NONE', #11109 ) ;
#8693 = ORIENTED_EDGE ( 'NONE', *, *, #6310, .F. ) ;
#8694 = VERTEX_POINT ( 'NONE', #3217 ) ;
#8695 = CARTESIAN_POINT ( 'NONE',  ( 0.000000000000000000, -3.999999999999984457, 55.35000000000005116 ) ) ;
#8696 = EDGE_CURVE ( 'NONE', #3894, #1881, #5864, .T. ) ;
#8697 = LINE ( 'NONE', #8755, #7021 ) ;
#8698 = CARTESIAN_POINT ( 'NONE',  ( 13.03373945817675938, 12.67490104582256372, 0.000000000000000000 ) ) ;
#8699 = CARTESIAN_POINT ( 'NONE',  ( -9.959292143521061291, 8.249999999999953815, 2.255140518769849223E-14 ) ) ;
#8700 = FACE_OUTER_BOUND ( 'NONE', #10569, .T. ) ;
#8701 = PLANE ( 'NONE',  #4498 ) ;
#8702 = LINE ( 'NONE', #10361, #7401 ) ;
#8703 = EDGE_CURVE ( 'NONE', #6061, #9324, #7694, .T. ) ;
#8704 = ORIENTED_EDGE ( 'NONE', *, *, #11360, .F. ) ;
#8705 = VECTOR ( 'NONE', #1696, 1000.000000000000000 ) ;
#8706 = CARTESIAN_POINT ( 'NONE',  ( 9.959292143521054186, -8.999999999999975131, 6.350000000000022737 ) ) ;
#8707 = EDGE_CURVE ( 'NONE', #7375, #2895, #4096, .T. ) ;
#8708 = EDGE_LOOP ( 'NONE', ( #177, #5045 ) ) ;
#8709 = EDGE_CURVE ( 'NONE', #10256, #10778, #11172, .T. ) ;
#8710 = VERTEX_POINT ( 'NONE', #2263 ) ;
#8711 = DIRECTION ( 'NONE',  ( 1.000000000000000000, 0.000000000000000000, 0.000000000000000000 ) ) ;
#8712 = EDGE_LOOP ( 'NONE', ( #8544, #8513, #5500, #4390 ) ) ;
#8713 = ORIENTED_EDGE ( 'NONE', *, *, #9486, .F. ) ;
#8714 = VECTOR ( 'NONE', #509, 1000.000000000000000 ) ;
#8716 = CARTESIAN_POINT ( 'NONE',  ( -2.814582562299429824, 18.87499999999993250, 6.350000000000022737 ) ) ;
#8715 = LINE ( 'NONE', #11429, #4066 ) ;
#8717 = CARTESIAN_POINT ( 'NONE',  ( 2.886751345948125103, 5.749999999999977796, 6.350000000000022737 ) ) ;
#8718 = CARTESIAN_POINT ( 'NONE',  ( -2.092894725812403323, -2.874999999999983569, 2.255140518769849223E-14 ) ) ;
#8719 = DIRECTION ( 'NONE',  ( 1.000000000000000000, 0.000000000000000000, 0.000000000000000000 ) ) ;
#8720 = VECTOR ( 'NONE', #1886, 1000.000000000000000 ) ;
#8721 = LINE ( 'NONE', #8602, #4299 ) ;
#8722 = ORIENTED_EDGE ( 'NONE', *, *, #683, .T. ) ;
#8723 = ORIENTED_EDGE ( 'NONE', *, *, #10705, .F. ) ;
#8724 = VECTOR ( 'NONE', #9707, 1000.000000000000000 ) ;
#8725 = VERTEX_POINT ( 'NONE', #10405 ) ;
#8726 = EDGE_LOOP ( 'NONE', ( #2481, #1517, #4356, #4344 ) ) ;
#8727 = CARTESIAN_POINT ( 'NONE',  ( -11.40266781649512495, 8.249999999999978684, 6.350000000000022737 ) ) ;
#8728 = ADVANCED_FACE ( 'NONE', ( #4155 ), #557, .T. ) ;
#8729 = CARTESIAN_POINT ( 'NONE',  ( 2.886751345948125103, -11.49999999999995204, 2.255140518769849223E-14 ) ) ;
#8730 = PLANE ( 'NONE',  #7705 ) ;
#8731 = LINE ( 'NONE', #10563, #9322 ) ;
#8732 = ORIENTED_EDGE ( 'NONE', *, *, #5446, .T. ) ;
#8733 = ORIENTED_EDGE ( 'NONE', *, *, #8846, .F. ) ;
#8734 = ORIENTED_EDGE ( 'NONE', *, *, #7827, .F. ) ;
#8735 = VERTEX_POINT ( 'NONE', #7749 ) ;
#8736 = VECTOR ( 'NONE', #7338, 1000.000000000000000 ) ;
#8737 = DIRECTION ( 'NONE',  ( 0.5000000000000001110, -0.8660254037844385966, 0.000000000000000000 ) ) ;
#8738 = CARTESIAN_POINT ( 'NONE',  ( 6.783865662978142197, 12.50000000000001421, 6.350000000000022737 ) ) ;
#8739 = FACE_OUTER_BOUND ( 'NONE', #2885, .T. ) ;
#8740 = VECTOR ( 'NONE', #4536, 1000.000000000000000 ) ;
#8741 = LINE ( 'NONE', #7857, #1440 ) ;
#8742 = VERTEX_POINT ( 'NONE', #2320 ) ;
#8744 = DIRECTION ( 'NONE',  ( 0.000000000000000000, 0.000000000000000000, 1.000000000000000000 ) ) ;
#8743 = PLANE ( 'NONE',  #11605 ) ;
#8745 = DIRECTION ( 'NONE',  ( 0.8660254037844388186, -0.4999999999999997780, 0.000000000000000000 ) ) ;
#8746 = PLANE ( 'NONE',  #5103 ) ;
#8747 = EDGE_CURVE ( 'NONE', #8694, #5056, #11351, .T. ) ;
#8748 = PLANE ( 'NONE',  #1679 ) ;
#8749 = EDGE_CURVE ( 'NONE', #3448, #9557, #1326, .T. ) ;
#8750 = ORIENTED_EDGE ( 'NONE', *, *, #10983, .F. ) ;
#8751 = ORIENTED_EDGE ( 'NONE', *, *, #1401, .F. ) ;
#8752 = EDGE_CURVE ( 'NONE', #446, #11338, #9347, .T. ) ;
#8753 = VERTEX_POINT ( 'NONE', #496 ) ;
#8754 = DIRECTION ( 'NONE',  ( -1.000000000000000000, -0.000000000000000000, -0.000000000000000000 ) ) ;
#8755 = CARTESIAN_POINT ( 'NONE',  ( -12.77387470582048934, 15.62499999999993072, 6.350000000000022737 ) ) ;
#8756 = CARTESIAN_POINT ( 'NONE',  ( -1.876388374866287290, 20.49999999999993605, 2.255140518769849223E-14 ) ) ;
#8757 = DIRECTION ( 'NONE',  ( 0.4999999999999997780, 0.8660254037844388186, -0.000000000000000000 ) ) ;
#8758 = CARTESIAN_POINT ( 'NONE',  ( 9.959292143521050633, 3.249999999999976463, 2.255140518769849223E-14 ) ) ;
#8759 = CARTESIAN_POINT ( 'NONE',  ( 8.515916470546974537, 8.249999999999953815, 2.255140518769849223E-14 ) ) ;
#8760 = LINE ( 'NONE', #5815, #3831 ) ;
#8761 = EDGE_LOOP ( 'NONE', ( #8693, #5836, #2459, #6815 ) ) ;
#8762 = ADVANCED_FACE ( 'NONE', ( #11234 ), #2086, .F. ) ;
#8763 = EDGE_CURVE ( 'NONE', #5742, #1710, #8516, .T. ) ;
#8764 = CARTESIAN_POINT ( 'NONE',  ( 4.979646071760526205, -16.87499999999994316, 6.350000000000022737 ) ) ;
#8765 = EDGE_CURVE ( 'NONE', #1514, #7426, #7512, .T. ) ;
#8766 = VERTEX_POINT ( 'NONE', #8578 ) ;
#8767 = EDGE_CURVE ( 'NONE', #224, #8082, #4808, .T. ) ;
#8768 = VECTOR ( 'NONE', #9503, 1000.000000000000000 ) ;
#8769 = ADVANCED_FACE ( 'NONE', ( #6632 ), #3917, .F. ) ;
#8770 = ORIENTED_EDGE ( 'NONE', *, *, #4282, .T. ) ;
#8771 = VECTOR ( 'NONE', #9248, 1000.000000000000000 ) ;
#8772 = AXIS2_PLACEMENT_3D ( 'NONE', #4579, #8344, #7456 ) ;
#8773 = CARTESIAN_POINT ( 'NONE',  ( 0.000000000000000000, 3.999999999999984457, 55.35000000000005116 ) ) ;
#8774 = ORIENTED_EDGE ( 'NONE', *, *, #450, .T. ) ;
#8775 = EDGE_LOOP ( 'NONE', ( #2056, #10852, #5369, #9376 ) ) ;
#8777 = CARTESIAN_POINT ( 'NONE',  ( -7.794228634059957805, -15.99999999999994138, 2.255140518769849223E-14 ) ) ;
#8776 = CARTESIAN_POINT ( 'NONE',  ( 20.78373945817676827, 0.000000000000000000, 6.350000000000022737 ) ) ;
#8778 = EDGE_CURVE ( 'NONE', #7599, #10542, #1567, .T. ) ;
#8779 = DIRECTION ( 'NONE',  ( 3.373073425510458458E-16, -1.000000000000000000, 0.000000000000000000 ) ) ;
#8780 = DIRECTION ( 'NONE',  ( -0.8660254037844385966, -0.5000000000000001110, 0.000000000000000000 ) ) ;
#8781 = AXIS2_PLACEMENT_3D ( 'NONE', #1341, #1399, #1519 ) ;
#8782 = LINE ( 'NONE', #1106, #2292 ) ;
#8783 = CIRCLE ( 'NONE', #11028, 1.499999999999996003 ) ;
#8784 = PRESENTATION_LAYER_ASSIGNMENT (  '', '', ( #1247 ) ) ;
#8785 = DIRECTION ( 'NONE',  ( 0.000000000000000000, 0.000000000000000000, 1.000000000000000000 ) ) ;
#8786 = VERTEX_POINT ( 'NONE', #438 ) ;
#8787 = ORIENTED_EDGE ( 'NONE', *, *, #8035, .T. ) ;
#8788 = AXIS2_PLACEMENT_3D ( 'NONE', #9879, #3456, #849 ) ;
#8789 = EDGE_LOOP ( 'NONE', ( #1481, #4544 ) ) ;
#8790 = ORIENTED_EDGE ( 'NONE', *, *, #5094, .T. ) ;
#8791 = CARTESIAN_POINT ( 'NONE',  ( 6.423021744734588978, 16.87499999999994671, 2.255140518769849223E-14 ) ) ;
#8792 = ADVANCED_FACE ( 'NONE', ( #4039 ), #7632, .T. ) ;
#8793 = LINE ( 'NONE', #4308, #4849 ) ;
#8794 = DIRECTION ( 'NONE',  ( -0.000000000000000000, 0.000000000000000000, 1.000000000000000000 ) ) ;
#8795 = LINE ( 'NONE', #11327, #10656 ) ;
#8796 = VERTEX_POINT ( 'NONE', #5221 ) ;
#8797 = ORIENTED_EDGE ( 'NONE', *, *, #5680, .T. ) ;
#8798 = EDGE_LOOP ( 'NONE', ( #11037, #9887, #4171, #6227 ) ) ;
#8799 = ORIENTED_EDGE ( 'NONE', *, *, #8556, .T. ) ;
#8800 = LINE ( 'NONE', #6088, #1929 ) ;
#8801 = CARTESIAN_POINT ( 'NONE',  ( -12.96626054182323173, 15.95822204261329169, 6.350000000000022737 ) ) ;
#8802 = DIRECTION ( 'NONE',  ( 0.7071067811865487940, 3.439555541887914381E-16, 0.7071067811865463515 ) ) ;
#8803 = CARTESIAN_POINT ( 'NONE',  ( -12.12435565298215856, -12.74999999999995204, 2.255140518769849223E-14 ) ) ;
#8804 = ORIENTED_EDGE ( 'NONE', *, *, #11148, .T. ) ;
#8806 = CARTESIAN_POINT ( 'NONE',  ( -2.165063509461099933, -18.49999999999992895, 6.350000000000022737 ) ) ;
#8805 = CARTESIAN_POINT ( 'NONE',  ( -2.818925648462311528E-15, -13.99999999999995204, 2.255140518769849223E-14 ) ) ;
#8807 = CARTESIAN_POINT ( 'NONE',  ( 6.423021744734589866, -11.12499999999996092, 2.255140518769849223E-14 ) ) ;
#8808 = CYLINDRICAL_SURFACE ( 'NONE', #10757, 2.550000000000000266 ) ;
#8809 = VECTOR ( 'NONE', #4275, 1000.000000000000114 ) ;
#8810 = DIRECTION ( 'NONE',  ( 0.000000000000000000, 0.000000000000000000, -1.000000000000000000 ) ) ;
#8811 = VECTOR ( 'NONE', #410, 1000.000000000000000 ) ;
#8812 = ORIENTED_EDGE ( 'NONE', *, *, #8752, .T. ) ;
#8813 = VERTEX_POINT ( 'NONE', #4451 ) ;
#8814 = LINE ( 'NONE', #8097, #9816 ) ;
#8815 = DIRECTION ( 'NONE',  ( 0.5000000000000001110, 0.8660254037844385966, 0.000000000000000000 ) ) ;
#8816 = LINE ( 'NONE', #8047, #8809 ) ;
#8817 = AXIS2_PLACEMENT_3D ( 'NONE', #9371, #459, #4001 ) ;
#8818 = DIRECTION ( 'NONE',  ( 0.000000000000000000, 0.000000000000000000, 1.000000000000000000 ) ) ;
#8819 = FACE_OUTER_BOUND ( 'NONE', #10921, .T. ) ;
#8820 = CARTESIAN_POINT ( 'NONE',  ( 12.12435565298215145, -4.499999999999973355, 6.350000000000022737 ) ) ;
#8821 = VECTOR ( 'NONE', #5527, 1000.000000000000000 ) ;
#8822 = CARTESIAN_POINT ( 'NONE',  ( -8.515916470546983419, -14.74999999999995204, 6.350000000000022737 ) ) ;
#8823 = ORIENTED_EDGE ( 'NONE', *, *, #8537, .T. ) ;
#8824 = EDGE_CURVE ( 'NONE', #105, #9439, #6930, .T. ) ;
#8825 = LINE ( 'NONE', #27, #2700 ) ;
#8826 = ORIENTED_EDGE ( 'NONE', *, *, #5744, .T. ) ;
#8827 = EDGE_LOOP ( 'NONE', ( #4256, #11510, #4977, #3449 ) ) ;
#8828 = VECTOR ( 'NONE', #3794, 1000.000000000000000 ) ;
#8829 = DIRECTION ( 'NONE',  ( 1.000000000000000000, 0.000000000000000000, 0.000000000000000000 ) ) ;
#8830 = CARTESIAN_POINT ( 'NONE',  ( -2.818925648462311528E-15, -8.249999999999973355, 2.255140518769849223E-14 ) ) ;
#8831 = ORIENTED_EDGE ( 'NONE', *, *, #4794, .T. ) ;
#8832 = EDGE_CURVE ( 'NONE', #6437, #10511, #7930, .T. ) ;
#8834 = CARTESIAN_POINT ( 'NONE',  ( -7.505553499465206890, -18.00000000000001421, 6.350000000000022737 ) ) ;
#8833 = LINE ( 'NONE', #7943, #2739 ) ;
#8835 = DIRECTION ( 'NONE',  ( 0.000000000000000000, 0.000000000000000000, 1.000000000000000000 ) ) ;
#8836 = VECTOR ( 'NONE', #9728, 1000.000000000000000 ) ;
#8837 = LINE ( 'NONE', #5414, #11658 ) ;
#8838 = EDGE_CURVE ( 'NONE', #446, #387, #11411, .T. ) ;
#8839 = LINE ( 'NONE', #7948, #8705 ) ;
#8840 = PLANE ( 'NONE',  #5247 ) ;
#8841 = ORIENTED_EDGE ( 'NONE', *, *, #2996, .T. ) ;
#8842 = ORIENTED_EDGE ( 'NONE', *, *, #2779, .T. ) ;
#8843 = ORIENTED_EDGE ( 'NONE', *, *, #5952, .T. ) ;
#8844 = ORIENTED_EDGE ( 'NONE', *, *, #9334, .T. ) ;
#8845 = FACE_OUTER_BOUND ( 'NONE', #10625, .T. ) ;
#8846 = EDGE_CURVE ( 'NONE', #6285, #3504, #6105, .T. ) ;
#8847 = PLANE ( 'NONE',  #10320 ) ;
#8848 = DIRECTION ( 'NONE',  ( 0.4999999999999997224, 0.8660254037844387076, 0.000000000000000000 ) ) ;
#8849 = DIRECTION ( 'NONE',  ( 0.5000000000000001110, 0.8660254037844385966, 0.000000000000000000 ) ) ;
#8850 = ORIENTED_EDGE ( 'NONE', *, *, #10849, .T. ) ;
#8851 = ORIENTED_EDGE ( 'NONE', *, *, #8559, .F. ) ;
#8852 = EDGE_CURVE ( 'NONE', #8854, #6550, #9589, .T. ) ;
#8853 = ORIENTED_EDGE ( 'NONE', *, *, #10642, .F. ) ;
#8854 = VERTEX_POINT ( 'NONE', #2614 ) ;
#8855 = ADVANCED_FACE ( 'NONE', ( #2445 ), #788, .F. ) ;
#8856 = EDGE_CURVE ( 'NONE', #9476, #4681, #8046, .T. ) ;
#8857 = VECTOR ( 'NONE', #7739, 1000.000000000000000 ) ;
#8858 = CARTESIAN_POINT ( 'NONE',  ( 23.33373945817676898, -20.00000000000001776, 4.350000000000027178 ) ) ;
#8859 = DIRECTION ( 'NONE',  ( 0.000000000000000000, -1.000000000000000000, 0.000000000000000000 ) ) ;
#8860 = DIRECTION ( 'NONE',  ( 1.000000000000000000, 0.000000000000000000, 0.000000000000000000 ) ) ;
#8861 = FACE_OUTER_BOUND ( 'NONE', #6432, .T. ) ;
#8862 = CARTESIAN_POINT ( 'NONE',  ( -7.144709581221639461, 15.62499999999993072, 6.350000000000022737 ) ) ;
#8863 = VERTEX_POINT ( 'NONE', #9820 ) ;
#8864 = FACE_OUTER_BOUND ( 'NONE', #8033, .T. ) ;
#8865 = DIRECTION ( 'NONE',  ( 1.000000000000000000, 0.000000000000000000, 0.000000000000000000 ) ) ;
#8866 = DIRECTION ( 'NONE',  ( 0.8660254037844388186, -0.4999999999999997780, 0.000000000000000000 ) ) ;
#8867 = CONICAL_SURFACE ( 'NONE', #2649, 3.700000000000001954, 0.7853981633974485010 ) ;
#8868 = PRODUCT ( 'WheelCarriage', 'WheelCarriage', '', ( #7202 ) ) ;
#8869 = VERTEX_POINT ( 'NONE', #4213 ) ;
#8870 = EDGE_LOOP ( 'NONE', ( #5502, #6996, #9496, #628 ) ) ;
#8871 = DIRECTION ( 'NONE',  ( -0.000000000000000000, 0.000000000000000000, -1.000000000000000000 ) ) ;
#8872 = DIRECTION ( 'NONE',  ( 0.8660254037844385966, -0.5000000000000001110, 0.000000000000000000 ) ) ;
#8873 = CARTESIAN_POINT ( 'NONE',  ( -20.09626054182323074, 20.00000000000001776, 6.350000000000022737 ) ) ;
#8874 = DIRECTION ( 'NONE',  ( 0.4999999999999997224, 0.8660254037844387076, 0.000000000000000000 ) ) ;
#8876 = CARTESIAN_POINT ( 'NONE',  ( 20.78373945817676827, 0.000000000000000000, 6.350000000000022737 ) ) ;
#8875 = DIRECTION ( 'NONE',  ( 0.000000000000000000, 0.000000000000000000, 1.000000000000000000 ) ) ;
#8877 = ADVANCED_FACE ( 'NONE', ( #4334 ), #5109, .T. ) ;
#8878 = LINE ( 'NONE', #793, #9784 ) ;
#8879 = FACE_OUTER_BOUND ( 'NONE', #640, .T. ) ;
#8880 = ORIENTED_EDGE ( 'NONE', *, *, #7667, .T. ) ;
#8881 = PLANE ( 'NONE',  #4215 ) ;
#8882 = VERTEX_POINT ( 'NONE', #1676 ) ;
#8883 = EDGE_LOOP ( 'NONE', ( #3660, #3251, #122, #2 ) ) ;
#8884 = CARTESIAN_POINT ( 'NONE',  ( -6.423021744734599636, 11.87499999999994316, 2.255140518769849223E-14 ) ) ;
#8885 = PLANE ( 'NONE',  #5417 ) ;
#8887 = DIRECTION ( 'NONE',  ( 0.5000000000000001110, 0.8660254037844385966, 0.000000000000000000 ) ) ;
#8886 = CARTESIAN_POINT ( 'NONE',  ( -26.09310355970657369, -3.999999999999989786, 51.10000000000003695 ) ) ;
#8888 = LINE ( 'NONE', #11657, #5800 ) ;
#8889 = VECTOR ( 'NONE', #1821, 1000.000000000000000 ) ;
#8890 = CARTESIAN_POINT ( 'NONE',  ( 24.28373945817671853, 0.000000000000000000, 55.35000000000005116 ) ) ;
#8891 = FACE_OUTER_BOUND ( 'NONE', #11106, .T. ) ;
#8892 = CARTESIAN_POINT ( 'NONE',  ( -11.40266781649512495, -13.99999999999995204, 6.350000000000022737 ) ) ;
#8893 = ORIENTED_EDGE ( 'NONE', *, *, #5683, .F. ) ;
#8894 = ORIENTED_EDGE ( 'NONE', *, *, #10497, .T. ) ;
#8895 = EDGE_CURVE ( 'NONE', #857, #7013, #6215, .T. ) ;
#8896 = VECTOR ( 'NONE', #3034, 1000.000000000000000 ) ;
#8897 = EDGE_CURVE ( 'NONE', #6850, #10090, #5165, .T. ) ;
#8898 = ORIENTED_EDGE ( 'NONE', *, *, #1982, .F. ) ;
#8899 = AXIS2_PLACEMENT_3D ( 'NONE', #10878, #6399, #10002 ) ;
#8900 = VERTEX_POINT ( 'NONE', #3451 ) ;
#8901 = ADVANCED_FACE ( 'NONE', ( #6046 ), #1562, .F. ) ;
#8902 = DIRECTION ( 'NONE',  ( 0.000000000000000000, -0.000000000000000000, -1.000000000000000000 ) ) ;
#8903 = FACE_OUTER_BOUND ( 'NONE', #436, .T. ) ;
#8904 = DIRECTION ( 'NONE',  ( -0.000000000000000000, 0.000000000000000000, 1.000000000000000000 ) ) ;
#8905 = CYLINDRICAL_SURFACE ( 'NONE', #8951, 3.700000000000001954 ) ;
#8906 = AXIS2_PLACEMENT_3D ( 'NONE', #6390, #787, #4392 ) ;
#8907 = ORIENTED_EDGE ( 'NONE', *, *, #4950, .T. ) ;
#8908 = AXIS2_PLACEMENT_3D ( 'NONE', #1137, #136, #3614 ) ;
#8909 = EDGE_LOOP ( 'NONE', ( #10791, #11447, #232, #1764 ) ) ;
#8910 = ORIENTED_EDGE ( 'NONE', *, *, #480, .F. ) ;
#8911 = EDGE_CURVE ( 'NONE', #9242, #3043, #8697, .T. ) ;
#8912 = EDGE_CURVE ( 'NONE', #5777, #10778, #7870, .T. ) ;
#8913 = ORIENTED_EDGE ( 'NONE', *, *, #11649, .F. ) ;
#8914 = ADVANCED_FACE ( 'NONE', ( #2382 ), #1728, .T. ) ;
#8915 = AXIS2_PLACEMENT_3D ( 'NONE', #1127, #4611, #4725 ) ;
#8916 = DIRECTION ( 'NONE',  ( 0.5000000000000001110, -0.8660254037844385966, 0.000000000000000000 ) ) ;
#8917 = LINE ( 'NONE', #5377, #11409 ) ;
#8918 = AXIS2_PLACEMENT_3D ( 'NONE', #5342, #6222, #9826 ) ;
#8919 = DIRECTION ( 'NONE',  ( 0.5000000000000001110, 0.8660254037844385966, 0.000000000000000000 ) ) ;
#8920 = CARTESIAN_POINT ( 'NONE',  ( -11.40266781649512495, -3.249999999999972911, 6.350000000000022737 ) ) ;
#8921 = LINE ( 'NONE', #9634, #9518 ) ;
#8922 = VERTEX_POINT ( 'NONE', #11581 ) ;
#8923 = EDGE_CURVE ( 'NONE', #8262, #6437, #3509, .T. ) ;
#8924 = ADVANCED_FACE ( 'NONE', ( #5988 ), #959, .F. ) ;
#8925 = CARTESIAN_POINT ( 'NONE',  ( -4.749999999999999112, -26.20000000000000284, 6.350000000000022737 ) ) ;
#8926 = CARTESIAN_POINT ( 'NONE',  ( 20.78373945817676827, 20.00000000000001776, 0.000000000000000000 ) ) ;
#8927 = AXIS2_PLACEMENT_3D ( 'NONE', #917, #2737, #797 ) ;
#8928 = ORIENTED_EDGE ( 'NONE', *, *, #7121, .T. ) ;
#8929 = EDGE_LOOP ( 'NONE', ( #9101, #2467, #8497, #3033 ) ) ;
#8930 = VECTOR ( 'NONE', #3992, 1000.000000000000000 ) ;
#8931 = DIRECTION ( 'NONE',  ( 0.4999999999999997780, 0.8660254037844388186, 0.000000000000000000 ) ) ;
#8932 = CARTESIAN_POINT ( 'NONE',  ( 32.78373945817675406, -3.999999999999984457, 55.35000000000005116 ) ) ;
#8933 = LINE ( 'NONE', #7985, #2771 ) ;
#8934 = FACE_OUTER_BOUND ( 'NONE', #6557, .T. ) ;
#8936 = DIRECTION ( 'NONE',  ( 1.437200963164487406E-16, -1.000000000000000000, 0.000000000000000000 ) ) ;
#8935 = CARTESIAN_POINT ( 'NONE',  ( -7.794228634059964911, 4.499999999999979572, 2.255140518769849223E-14 ) ) ;
#8937 = PLANE ( 'NONE',  #731 ) ;
#8938 = DIRECTION ( 'NONE',  ( 1.000000000000000000, 0.000000000000000000, 0.000000000000000000 ) ) ;
#8939 = VERTEX_POINT ( 'NONE', #3736 ) ;
#8940 = VECTOR ( 'NONE', #5792, 1000.000000000000000 ) ;
#8941 = DIRECTION ( 'NONE',  ( 0.000000000000000000, 0.000000000000000000, -1.000000000000000000 ) ) ;
#8942 = VERTEX_POINT ( 'NONE', #9218 ) ;
#8943 = ORIENTED_EDGE ( 'NONE', *, *, #4889, .T. ) ;
#8944 = DIRECTION ( 'NONE',  ( -5.337610695313253357E-16, 1.000000000000000000, 0.000000000000000000 ) ) ;
#8945 = CARTESIAN_POINT ( 'NONE',  ( 32.78373945817675406, -3.999999999999984457, 6.350000000000022737 ) ) ;
#8947 = CARTESIAN_POINT ( 'NONE',  ( -7.144709581221635908, -13.12499999999995204, 6.350000000000022737 ) ) ;
#8946 = DIRECTION ( 'NONE',  ( 0.4999999999999997224, 0.8660254037844387076, 0.000000000000000000 ) ) ;
#8948 = DIRECTION ( 'NONE',  ( 0.000000000000000000, -0.000000000000000000, -1.000000000000000000 ) ) ;
#8949 = LINE ( 'NONE', #10609, #8836 ) ;
#8950 = FACE_OUTER_BOUND ( 'NONE', #2547, .T. ) ;
#8951 = AXIS2_PLACEMENT_3D ( 'NONE', #4131, #10443, #2356 ) ;
#8952 = ORIENTED_EDGE ( 'NONE', *, *, #5308, .T. ) ;
#8953 = EDGE_LOOP ( 'NONE', ( #1074, #6505, #3430, #1233 ) ) ;
#8954 = ORIENTED_EDGE ( 'NONE', *, *, #8638, .F. ) ;
#8955 = ORIENTED_EDGE ( 'NONE', *, *, #1207, .T. ) ;
#8956 = CARTESIAN_POINT ( 'NONE',  ( 7.368161339686246869, -19.26202979870126342, 3.350000000000019629 ) ) ;
#8957 = AXIS2_PLACEMENT_3D ( 'NONE', #2745, #10888, #10064 ) ;
#8959 = AXIS2_PLACEMENT_3D ( 'NONE', #1811, #1927, #4354 ) ;
#8958 = CARTESIAN_POINT ( 'NONE',  ( -6.423021744734596084, -5.374999999999985789, 6.350000000000022737 ) ) ;
#8960 = DIRECTION ( 'NONE',  ( 1.000000000000000000, 0.000000000000000000, 0.000000000000000000 ) ) ;
#8961 = DIRECTION ( 'NONE',  ( 1.000000000000000000, 0.000000000000000000, 0.000000000000000000 ) ) ;
#8962 = AXIS2_PLACEMENT_3D ( 'NONE', #10252, #7477, #6775 ) ;
#8963 = ORIENTED_EDGE ( 'NONE', *, *, #9558, .F. ) ;
#8964 = ORIENTED_EDGE ( 'NONE', *, *, #7473, .T. ) ;
#8965 = ORIENTED_EDGE ( 'NONE', *, *, #1380, .T. ) ;
#8966 = EDGE_CURVE ( 'NONE', #760, #2765, #7209, .T. ) ;
#8967 = VECTOR ( 'NONE', #7809, 1000.000000000000000 ) ;
#8968 = ORIENTED_EDGE ( 'NONE', *, *, #9661, .T. ) ;
#8969 = AXIS2_PLACEMENT_3D ( 'NONE', #3027, #600, #6743 ) ;
#8970 = EDGE_LOOP ( 'NONE', ( #9448, #1466, #1069, #2144, #1986 ) ) ;
#8971 =( LENGTH_UNIT ( ) NAMED_UNIT ( * ) SI_UNIT ( .MILLI., .METRE. ) );
#8972 = DIRECTION ( 'NONE',  ( 0.000000000000000000, 0.000000000000000000, 1.000000000000000000 ) ) ;
#8973 = DIRECTION ( 'NONE',  ( 0.5000000000000001110, 0.8660254037844385966, 0.000000000000000000 ) ) ;
#8974 = EDGE_CURVE ( 'NONE', #1027, #8312, #7269, .T. ) ;
#8975 = FACE_OUTER_BOUND ( 'NONE', #4835, .T. ) ;
#8976 = FACE_BOUND ( 'NONE', #1339, .T. ) ;
#8977 = ORIENTED_EDGE ( 'NONE', *, *, #3216, .F. ) ;
#8978 = EDGE_CURVE ( 'NONE', #4936, #2539, #4507, .T. ) ;
#8979 = FACE_OUTER_BOUND ( 'NONE', #5747, .T. ) ;
#8980 = EDGE_CURVE ( 'NONE', #1267, #4381, #4571, .T. ) ;
#8981 = CARTESIAN_POINT ( 'NONE',  ( -6.423021744734596084, 0.3749999999999895084, 2.255140518769849223E-14 ) ) ;
#8982 = VECTOR ( 'NONE', #9742, 1000.000000000000000 ) ;
#8983 = EDGE_LOOP ( 'NONE', ( #4908, #1928, #11244, #11667 ) ) ;
#8984 = ORIENTED_EDGE ( 'NONE', *, *, #6461, .F. ) ;
#8985 = LINE ( 'NONE', #7045, #8676 ) ;
#8986 = DIRECTION ( 'NONE',  ( 1.000000000000000000, 0.000000000000000000, 0.000000000000000000 ) ) ;
#8987 = CARTESIAN_POINT ( 'NONE',  ( 13.03373945817675761, 16.07509895417732082, 0.000000000000000000 ) ) ;
#8988 = PLANE ( 'NONE',  #1809 ) ;
#8989 = EDGE_CURVE ( 'NONE', #1514, #10509, #4683, .T. ) ;
#8990 = VECTOR ( 'NONE', #5822, 1000.000000000000000 ) ;
#8992 = LINE ( 'NONE', #5510, #9203 ) ;
#8991 = CARTESIAN_POINT ( 'NONE',  ( 8.515916470546976313, -8.999999999999975131, 2.255140518769849223E-14 ) ) ;
#8993 = CARTESIAN_POINT ( 'NONE',  ( -1.443375672974066992, -19.74999999999993250, 3.350000000000019629 ) ) ;
#8994 = DIRECTION ( 'NONE',  ( -0.000000000000000000, 0.000000000000000000, 1.000000000000000000 ) ) ;
#8995 = ORIENTED_EDGE ( 'NONE', *, *, #11151, .F. ) ;
#8996 = FACE_OUTER_BOUND ( 'NONE', #5501, .T. ) ;
#8997 = ORIENTED_EDGE ( 'NONE', *, *, #11631, .F. ) ;
#8998 = EDGE_CURVE ( 'NONE', #8590, #243, #10807, .T. ) ;
#8999 = ADVANCED_FACE ( 'NONE', ( #5506 ), #6503, .F. ) ;
#9000 = EDGE_CURVE ( 'NONE', #1698, #4474, #77, .T. ) ;
#9001 = ORIENTED_EDGE ( 'NONE', *, *, #2040, .T. ) ;
#9002 = CARTESIAN_POINT ( 'NONE',  ( 11.40266781649511607, 2.500000000000001332, 6.350000000000022737 ) ) ;
#9003 = LINE ( 'NONE', #1636, #1454 ) ;
#9004 = VECTOR ( 'NONE', #7197, 1000.000000000000000 ) ;
#9006 = DIRECTION ( 'NONE',  ( 0.5000000000000001110, 0.8660254037844385966, 0.000000000000000000 ) ) ;
#9005 = CARTESIAN_POINT ( 'NONE',  ( -6.423021744734596084, -11.12499999999996270, 2.255140518769849223E-14 ) ) ;
#9007 = FACE_OUTER_BOUND ( 'NONE', #4985, .T. ) ;
#9008 = LINE ( 'NONE', #40, #920 ) ;
#9009 = DIRECTION ( 'NONE',  ( 0.000000000000000000, 0.000000000000000000, 1.000000000000000000 ) ) ;
#9010 = EDGE_LOOP ( 'NONE', ( #8567, #7775 ) ) ;
#9011 = VECTOR ( 'NONE', #7416, 1000.000000000000000 ) ;
#9012 = ORIENTED_EDGE ( 'NONE', *, *, #8556, .F. ) ;
#9013 = ORIENTED_EDGE ( 'NONE', *, *, #9487, .T. ) ;
#9014 = VECTOR ( 'NONE', #11659, 1000.000000000000000 ) ;
#9015 = DIRECTION ( 'NONE',  ( 0.000000000000000000, 0.000000000000000000, 1.000000000000000000 ) ) ;
#9016 = DIRECTION ( 'NONE',  ( 0.5000000000000001110, 0.8660254037844385966, 0.000000000000000000 ) ) ;
#9017 = FACE_OUTER_BOUND ( 'NONE', #1813, .T. ) ;
#9018 = VECTOR ( 'NONE', #4990, 1000.000000000000000 ) ;
#9019 = LINE ( 'NONE', #8191, #8203 ) ;
#9020 = ORIENTED_EDGE ( 'NONE', *, *, #103, .F. ) ;
#9021 = DIRECTION ( 'NONE',  ( 0.000000000000000000, -0.000000000000000000, -1.000000000000000000 ) ) ;
#9022 = ORIENTED_EDGE ( 'NONE', *, *, #815, .F. ) ;
#9023 = ORIENTED_EDGE ( 'NONE', *, *, #8895, .F. ) ;
#9024 = VECTOR ( 'NONE', #9280, 1000.000000000000000 ) ;
#9025 = EDGE_LOOP ( 'NONE', ( #3902, #2800, #3193, #2244 ) ) ;
#9026 = AXIS2_PLACEMENT_3D ( 'NONE', #6527, #9352, #1156 ) ;
#9027 = ORIENTED_EDGE ( 'NONE', *, *, #9795, .F. ) ;
#9028 = CARTESIAN_POINT ( 'NONE',  ( -7.866397417708659745, -14.37499999999993960, 6.350000000000022737 ) ) ;
#9029 = LINE ( 'NONE', #9302, #10837 ) ;
#9030 = CARTESIAN_POINT ( 'NONE',  ( 7.794228634059957805, 15.99999999999993072, 2.255140518769849223E-14 ) ) ;
#9031 = DIRECTION ( 'NONE',  ( 0.8660254037844385966, -0.5000000000000001110, 0.000000000000000000 ) ) ;
#9032 = CARTESIAN_POINT ( 'NONE',  ( -12.96626054182323173, 17.99999999999996092, 6.350000000000022737 ) ) ;
#9033 = EDGE_CURVE ( 'NONE', #4955, #9100, #10108, .T. ) ;
#9034 = ORIENTED_EDGE ( 'NONE', *, *, #5246, .T. ) ;
#9035 = SHAPE_DEFINITION_REPRESENTATION ( #11309, #9799 ) ;
#9036 = PLANE ( 'NONE',  #6745 ) ;
#9037 = VERTEX_POINT ( 'NONE', #6271 ) ;
#9038 = EDGE_CURVE ( 'NONE', #3703, #6733, #4622, .T. ) ;
#9039 = VERTEX_POINT ( 'NONE', #9043 ) ;
#9040 = ORIENTED_EDGE ( 'NONE', *, *, #9125, .F. ) ;
#9041 = PLANE ( 'NONE',  #8906 ) ;
#9042 = EDGE_CURVE ( 'NONE', #9242, #2899, #2904, .T. ) ;
#9043 = CARTESIAN_POINT ( 'NONE',  ( -12.96626054182323351, 7.041777957386611497, 0.000000000000000000 ) ) ;
#9044 = LINE ( 'NONE', #9933, #4666 ) ;
#9045 = ADVANCED_FACE ( 'NONE', ( #7328 ), #9877, .F. ) ;
#9046 = CARTESIAN_POINT ( 'NONE',  ( 2.886751345948125103, -5.749999999999971578, 6.350000000000022737 ) ) ;
#9048 = PLANE ( 'NONE',  #727 ) ;
#9047 = CARTESIAN_POINT ( 'NONE',  ( 0.000000000000000000, 18.00000000000001421, 0.000000000000000000 ) ) ;
#9049 = AXIS2_PLACEMENT_3D ( 'NONE', #1665, #6377, #10686 ) ;
#9050 = CARTESIAN_POINT ( 'NONE',  ( -12.96626054182323529, 4.458222042613352976, 0.000000000000000000 ) ) ;
#9051 = DIRECTION ( 'NONE',  ( 0.5000000000000001110, 0.8660254037844385966, 0.000000000000000000 ) ) ;
#9052 = ORIENTED_EDGE ( 'NONE', *, *, #4673, .F. ) ;
#9053 = PLANE ( 'NONE',  #2528 ) ;
#9054 = ORIENTED_EDGE ( 'NONE', *, *, #2282, .F. ) ;
#9055 = EDGE_CURVE ( 'NONE', #5381, #8243, #2727, .T. ) ;
#9056 = ADVANCED_FACE ( 'NONE', ( #7153 ), #8326, .T. ) ;
#9057 = ADVANCED_FACE ( 'NONE', ( #10751 ), #7382, .F. ) ;
#9058 = EDGE_LOOP ( 'NONE', ( #7776, #8277, #5877, #7434 ) ) ;
#9059 = CARTESIAN_POINT ( 'NONE',  ( -6.423021744734612071, 5.374999999999964473, 2.255140518769849223E-14 ) ) ;
#9060 = CARTESIAN_POINT ( 'NONE',  ( 7.072540797572925086, 4.336808689942017736E-16, 2.255140518769849223E-14 ) ) ;
#9062 = FACE_BOUND ( 'NONE', #4271, .T. ) ;
#9061 = LINE ( 'NONE', #8290, #11592 ) ;
#9063 = EDGE_CURVE ( 'NONE', #5315, #10937, #2788, .T. ) ;
#9064 = DIRECTION ( 'NONE',  ( -0.8660254037844385966, -0.5000000000000001110, 0.000000000000000000 ) ) ;
#9065 = DIRECTION ( 'NONE',  ( 0.000000000000000000, 0.000000000000000000, -1.000000000000000000 ) ) ;
#9066 = EDGE_CURVE ( 'NONE', #8262, #2857, #7498, .T. ) ;
#9067 = EDGE_CURVE ( 'NONE', #9971, #11271, #10166, .T. ) ;
#9068 = CARTESIAN_POINT ( 'NONE',  ( 20.78373945817676827, -20.00000000000001776, 4.350000000000027178 ) ) ;
#9069 = VERTEX_POINT ( 'NONE', #10277 ) ;
#9070 = CIRCLE ( 'NONE', #1535, 5.699999999999996625 ) ;
#9071 = DIRECTION ( 'NONE',  ( 0.000000000000000000, 0.000000000000000000, 1.000000000000000000 ) ) ;
#9072 = ORIENTED_EDGE ( 'NONE', *, *, #9844, .T. ) ;
#9073 = ORIENTED_EDGE ( 'NONE', *, *, #11213, .T. ) ;
#9074 = VECTOR ( 'NONE', #7860, 1000.000000000000114 ) ;
#9075 = LINE ( 'NONE', #2995, #3656 ) ;
#9076 = LINE ( 'NONE', #9964, #718 ) ;
#9077 = DIRECTION ( 'NONE',  ( 1.000000000000000000, 0.000000000000000000, 0.000000000000000000 ) ) ;
#9078 = DIRECTION ( 'NONE',  ( 0.000000000000000000, 0.000000000000000000, -1.000000000000000000 ) ) ;
#9079 = VERTEX_POINT ( 'NONE', #2191 ) ;
#9080 = DIRECTION ( 'NONE',  ( 0.5000000000000001110, 0.8660254037844385966, 0.000000000000000000 ) ) ;
#9081 = CARTESIAN_POINT ( 'NONE',  ( 24.28373945817671853, 0.000000000000000000, 55.35000000000005116 ) ) ;
#9082 = ORIENTED_EDGE ( 'NONE', *, *, #8747, .F. ) ;
#9083 = ORIENTED_EDGE ( 'NONE', *, *, #2912, .F. ) ;
#9084 = AXIS2_PLACEMENT_3D ( 'NONE', #2457, #7882, #10713 ) ;
#9085 = ORIENTED_EDGE ( 'NONE', *, *, #6311, .F. ) ;
#9086 = ORIENTED_EDGE ( 'NONE', *, *, #9148, .T. ) ;
#9087 = ADVANCED_FACE ( 'NONE', ( #424 ), #304, .F. ) ;
#9088 = VECTOR ( 'NONE', #2305, 1000.000000000000000 ) ;
#9089 = CARTESIAN_POINT ( 'NONE',  ( 4.979646071760526205, -11.87499999999996270, 2.255140518769849223E-14 ) ) ;
#9090 = CARTESIAN_POINT ( 'NONE',  ( -8.515916470546983419, 8.249999999999953815, 2.255140518769849223E-14 ) ) ;
#9091 = VECTOR ( 'NONE', #9451, 1000.000000000000000 ) ;
#9092 = LINE ( 'NONE', #4493, #5101 ) ;
#9093 = FACE_BOUND ( 'NONE', #3120, .T. ) ;
#9094 = ORIENTED_EDGE ( 'NONE', *, *, #6886, .T. ) ;
#9095 = CARTESIAN_POINT ( 'NONE',  ( 1.443375672974057444, 8.999999999999953815, 2.255140518769849223E-14 ) ) ;
#9096 = DIRECTION ( 'NONE',  ( 0.000000000000000000, 0.000000000000000000, -1.000000000000000000 ) ) ;
#9097 = EDGE_LOOP ( 'NONE', ( #8395, #7928, #6750, #3879 ) ) ;
#9098 = EDGE_CURVE ( 'NONE', #5686, #2765, #1313, .T. ) ;
#9099 = AXIS2_PLACEMENT_3D ( 'NONE', #5268, #8859, #774 ) ;
#9100 = VERTEX_POINT ( 'NONE', #8445 ) ;
#9101 = ORIENTED_EDGE ( 'NONE', *, *, #10224, .F. ) ;
#9102 = CARTESIAN_POINT ( 'NONE',  ( -8.515916470546983419, 8.249999999999953815, 2.255140518769849223E-14 ) ) ;
#9103 = CARTESIAN_POINT ( 'NONE',  ( 12.05218686933345396, -14.37499999999993783, 2.255140518769849223E-14 ) ) ;
#9104 = PLANE ( 'NONE',  #9913 ) ;
#9105 = ORIENTED_EDGE ( 'NONE', *, *, #10496, .F. ) ;
#9107 = CARTESIAN_POINT ( 'NONE',  ( 13.03373945817676294, 1.174901045822601242, 0.000000000000000000 ) ) ;
#9106 = DIRECTION ( 'NONE',  ( -0.4999999999999999445, 0.8660254037844385966, 0.000000000000000000 ) ) ;
#9108 = DIRECTION ( 'NONE',  ( 1.000000000000000000, 0.000000000000000000, 0.000000000000000000 ) ) ;
#9109 = LINE ( 'NONE', #1966, #3812 ) ;
#9110 = ORIENTED_EDGE ( 'NONE', *, *, #5396, .T. ) ;
#9111 = CARTESIAN_POINT ( 'NONE',  ( 2.165063509461094160, -18.49999999999992539, 2.255140518769849223E-14 ) ) ;
#9112 = ORIENTED_EDGE ( 'NONE', *, *, #2983, .F. ) ;
#9113 = ADVANCED_FACE ( 'NONE', ( #3140 ), #4025, .T. ) ;
#9114 = VECTOR ( 'NONE', #8226, 1000.000000000000000 ) ;
#9115 = ORIENTED_EDGE ( 'NONE', *, *, #8966, .F. ) ;
#9116 = LINE ( 'NONE', #11053, #11535 ) ;
#9117 = DIRECTION ( 'NONE',  ( 0.5000000000000001110, -0.8660254037844385966, 0.000000000000000000 ) ) ;
#9119 = CARTESIAN_POINT ( 'NONE',  ( 12.12435565298215145, -6.999999999999973355, 6.350000000000022737 ) ) ;
#9118 = DIRECTION ( 'NONE',  ( 0.5000000000000001110, 0.8660254037844385966, 0.000000000000000000 ) ) ;
#9120 = EDGE_CURVE ( 'NONE', #2273, #8725, #4852, .T. ) ;
#9121 = DIRECTION ( 'NONE',  ( -0.8660254037844385966, -0.5000000000000001110, 0.000000000000000000 ) ) ;
#9122 = ADVANCED_FACE ( 'NONE', ( #5790 ), #5031, .T. ) ;
#9123 = FACE_OUTER_BOUND ( 'NONE', #6533, .T. ) ;
#9124 = VECTOR ( 'NONE', #3765, 1000.000000000000000 ) ;
#9125 = EDGE_CURVE ( 'NONE', #6426, #9069, #6794, .T. ) ;
#9126 = DIRECTION ( 'NONE',  ( 3.373073425510458458E-16, -1.000000000000000000, 0.000000000000000000 ) ) ;
#9127 = ADVANCED_FACE ( 'NONE', ( #2963 ), #3023, .F. ) ;
#9128 = CARTESIAN_POINT ( 'NONE',  ( 3.283739458176782033, 24.69999999999997087, 3.350000000000019629 ) ) ;
#9129 = EDGE_CURVE ( 'NONE', #1534, #1368, #6080, .T. ) ;
#9130 = ORIENTED_EDGE ( 'NONE', *, *, #3802, .T. ) ;
#9131 = EDGE_LOOP ( 'NONE', ( #7386, #8774, #8443, #11595 ) ) ;
#9132 = DIRECTION ( 'NONE',  ( 0.000000000000000000, 0.000000000000000000, 1.000000000000000000 ) ) ;
#9133 = EDGE_LOOP ( 'NONE', ( #7138, #4995, #2957 ) ) ;
#9134 = ORIENTED_EDGE ( 'NONE', *, *, #3132, .T. ) ;
#9135 = DIRECTION ( 'NONE',  ( 0.000000000000000000, 0.000000000000000000, -1.000000000000000000 ) ) ;
#9136 = DIRECTION ( 'NONE',  ( 0.5000000000000001110, -0.8660254037844385966, 0.000000000000000000 ) ) ;
#9137 = LINE ( 'NONE', #1056, #3136 ) ;
#9138 = FACE_OUTER_BOUND ( 'NONE', #7201, .T. ) ;
#9139 = VERTEX_POINT ( 'NONE', #6621 ) ;
#9140 = DIRECTION ( 'NONE',  ( -0.8660254037844385966, -0.5000000000000001110, 0.000000000000000000 ) ) ;
#9141 = CARTESIAN_POINT ( 'NONE',  ( -3.536270398786454550, -11.87499999999996447, 2.255140518769849223E-14 ) ) ;
#9142 = VERTEX_POINT ( 'NONE', #9273 ) ;
#9143 = ORIENTED_EDGE ( 'NONE', *, *, #10781, .T. ) ;
#9144 = ORIENTED_EDGE ( 'NONE', *, *, #2769, .F. ) ;
#9145 = AXIS2_PLACEMENT_3D ( 'NONE', #4325, #2546, #7146 ) ;
#9146 = ADVANCED_FACE ( 'NONE', ( #5733 ), #8502, .T. ) ;
#9147 = ORIENTED_EDGE ( 'NONE', *, *, #4786, .T. ) ;
#9148 = EDGE_CURVE ( 'NONE', #5935, #3261, #479, .T. ) ;
#9149 = VECTOR ( 'NONE', #7624, 1000.000000000000000 ) ;
#9150 = DIRECTION ( 'NONE',  ( -1.000000000000000000, 0.000000000000000000, 0.000000000000000000 ) ) ;
#9151 = CARTESIAN_POINT ( 'NONE',  ( 2.814582562299419166, 9.874999999999953815, 6.350000000000022737 ) ) ;
#9152 = DIRECTION ( 'NONE',  ( 0.000000000000000000, 0.000000000000000000, 1.000000000000000000 ) ) ;
#9153 = FACE_BOUND ( 'NONE', #10951, .T. ) ;
#9154 = VERTEX_POINT ( 'NONE', #6738 ) ;
#9155 = VECTOR ( 'NONE', #3291, 1000.000000000000000 ) ;
#9156 = VERTEX_POINT ( 'NONE', #4795 ) ;
#9157 = EDGE_LOOP ( 'NONE', ( #8371, #8893, #3031 ) ) ;
#9158 = VERTEX_POINT ( 'NONE', #9511 ) ;
#9159 = AXIS2_PLACEMENT_3D ( 'NONE', #5223, #6273, #5399 ) ;
#9160 = CARTESIAN_POINT ( 'NONE',  ( -12.96626054182323173, 17.99999999999996092, 3.350000000000019629 ) ) ;
#9161 = CARTESIAN_POINT ( 'NONE',  ( 7.144709581221628802, 9.874999999999953815, 2.255140518769849223E-14 ) ) ;
#9162 = PLANE ( 'NONE',  #2936 ) ;
#9163 = ORIENTED_EDGE ( 'NONE', *, *, #3887, .F. ) ;
#9164 = VECTOR ( 'NONE', #8848, 1000.000000000000114 ) ;
#9166 = CARTESIAN_POINT ( 'NONE',  ( 12.12435565298214790, 6.999999999999977796, 2.255140518769849223E-14 ) ) ;
#9165 = LINE ( 'NONE', #200, #5388 ) ;
#9167 = DIRECTION ( 'NONE',  ( 0.4999999999999997780, 0.8660254037844388186, 0.000000000000000000 ) ) ;
#9168 = LINE ( 'NONE', #1087, #10183 ) ;
#9169 = ORIENTED_EDGE ( 'NONE', *, *, #10140, .T. ) ;
#9170 = FACE_OUTER_BOUND ( 'NONE', #7478, .T. ) ;
#9171 = VERTEX_POINT ( 'NONE', #7617 ) ;
#9172 = ORIENTED_EDGE ( 'NONE', *, *, #1836, .T. ) ;
#9173 = CARTESIAN_POINT ( 'NONE',  ( -12.96626054182322818, -12.79177795738659107, 0.000000000000000000 ) ) ;
#9174 = CARTESIAN_POINT ( 'NONE',  ( 2.165063509461094160, 4.499999999999977796, 2.255140518769849223E-14 ) ) ;
#9176 = FACE_BOUND ( 'NONE', #9133, .T. ) ;
#9175 = DIRECTION ( 'NONE',  ( 3.373073425510458458E-16, -1.000000000000000000, 0.000000000000000000 ) ) ;
#9177 = LINE ( 'NONE', #2864, #11454 ) ;
#9178 = DIRECTION ( 'NONE',  ( 0.5000000000000001110, -0.8660254037844385966, 0.000000000000000000 ) ) ;
#9179 = LINE ( 'NONE', #5529, #5077 ) ;
#9180 = LINE ( 'NONE', #7349, #6328 ) ;
#9181 = ORIENTED_EDGE ( 'NONE', *, *, #4165, .T. ) ;
#9182 = ADVANCED_FACE ( 'NONE', ( #1429 ), #8385, .F. ) ;
#9183 = VECTOR ( 'NONE', #5900, 1000.000000000000000 ) ;
#9184 = ORIENTED_EDGE ( 'NONE', *, *, #9848, .T. ) ;
#9185 = DIRECTION ( 'NONE',  ( 1.000000000000000000, 0.000000000000000000, 0.000000000000000000 ) ) ;
#9186 = EDGE_LOOP ( 'NONE', ( #7011, #8080, #11200, #2251, #11628 ) ) ;
#9187 = EDGE_LOOP ( 'NONE', ( #11572, #10789, #971, #5334 ) ) ;
#9188 = LINE ( 'NONE', #8128, #4035 ) ;
#9189 = EDGE_CURVE ( 'NONE', #6199, #7965, #2248, .T. ) ;
#9190 = CARTESIAN_POINT ( 'NONE',  ( 9.705317949235135799, -12.50000000000001776, 29.39999999999995239 ) ) ;
#9191 = AXIS2_PLACEMENT_3D ( 'NONE', #2404, #11491, #1586 ) ;
#9192 = DIRECTION ( 'NONE',  ( 0.000000000000000000, 0.000000000000000000, 1.000000000000000000 ) ) ;
#9193 = CARTESIAN_POINT ( 'NONE',  ( -8.515916470546983419, -8.999999999999975131, 2.255140518769849223E-14 ) ) ;
#9194 = ORIENTED_EDGE ( 'NONE', *, *, #2115, .T. ) ;
#9195 = DIRECTION ( 'NONE',  ( 0.5000000000000001110, -0.8660254037844385966, 0.000000000000000000 ) ) ;
#9196 = DIRECTION ( 'NONE',  ( 1.000000000000000000, 0.000000000000000000, 0.000000000000000000 ) ) ;
#9197 = VECTOR ( 'NONE', #5004, 1000.000000000000000 ) ;
#9198 = VERTEX_POINT ( 'NONE', #1371 ) ;
#9199 = EDGE_LOOP ( 'NONE', ( #6430, #1814, #2234, #5343 ) ) ;
#9200 = VERTEX_POINT ( 'NONE', #2543 ) ;
#9201 = EDGE_CURVE ( 'NONE', #9220, #10509, #654, .T. ) ;
#9202 = ORIENTED_EDGE ( 'NONE', *, *, #6613, .F. ) ;
#9203 = VECTOR ( 'NONE', #4744, 1000.000000000000000 ) ;
#9204 = DIRECTION ( 'NONE',  ( -0.5000000000000001110, -0.8660254037844385966, 0.000000000000000000 ) ) ;
#9205 = DIRECTION ( 'NONE',  ( 0.000000000000000000, -0.000000000000000000, -1.000000000000000000 ) ) ;
#9206 = DIRECTION ( 'NONE',  ( 0.000000000000000000, 0.000000000000000000, 1.000000000000000000 ) ) ;
#9207 = FACE_BOUND ( 'NONE', #9131, .T. ) ;
#9208 = EDGE_LOOP ( 'NONE', ( #11330, #6441, #1408, #11074 ) ) ;
#9209 = EDGE_CURVE ( 'NONE', #7002, #8869, #2486, .T. ) ;
#9210 = VECTOR ( 'NONE', #9178, 1000.000000000000000 ) ;
#9211 = EDGE_CURVE ( 'NONE', #5180, #10511, #6089, .T. ) ;
#9212 = EDGE_CURVE ( 'NONE', #9438, #2298, #2602, .T. ) ;
#9213 = ORIENTED_EDGE ( 'NONE', *, *, #9661, .F. ) ;
#9214 = VECTOR ( 'NONE', #411, 1000.000000000000114 ) ;
#9215 = VERTEX_POINT ( 'NONE', #6974 ) ;
#9216 = EDGE_LOOP ( 'NONE', ( #6623, #10072, #1756, #2378 ) ) ;
#9217 = DIRECTION ( 'NONE',  ( -0.4999999999999999445, 0.8660254037844385966, 0.000000000000000000 ) ) ;
#9218 = CARTESIAN_POINT ( 'NONE',  ( 3.536270398786447000, 17.62499999999994671, 6.350000000000022737 ) ) ;
#9219 = DIRECTION ( 'NONE',  ( 0.000000000000000000, -0.000000000000000000, -1.000000000000000000 ) ) ;
#9220 = VERTEX_POINT ( 'NONE', #8738 ) ;
#9222 = LINE ( 'NONE', #1085, #8640 ) ;
#9221 = DIRECTION ( 'NONE',  ( 1.000000000000000000, 3.373073425510458458E-16, 0.000000000000000000 ) ) ;
#9223 = LINE ( 'NONE', #1906, #357 ) ;
#9224 = DIRECTION ( 'NONE',  ( -0.5000000000000001110, 0.8660254037844387076, 0.000000000000000000 ) ) ;
#9225 = VERTEX_POINT ( 'NONE', #7029 ) ;
#9226 = DIRECTION ( 'NONE',  ( 0.000000000000000000, -1.000000000000000000, 0.000000000000000000 ) ) ;
#9227 = ORIENTED_EDGE ( 'NONE', *, *, #1651, .F. ) ;
#9228 = DIRECTION ( 'NONE',  ( 0.000000000000000000, -0.000000000000000000, -1.000000000000000000 ) ) ;
#9229 = DIRECTION ( 'NONE',  ( 0.4999999999999997224, 0.8660254037844387076, 0.000000000000000000 ) ) ;
#9230 = ADVANCED_FACE ( 'NONE', ( #6205 ), #4375, .F. ) ;
#9231 = AXIS2_PLACEMENT_3D ( 'NONE', #8541, #7656, #4059 ) ;
#9232 = DIRECTION ( 'NONE',  ( -0.8660254037844385966, 0.5000000000000001110, 0.000000000000000000 ) ) ;
#9233 = CARTESIAN_POINT ( 'NONE',  ( 2.886751345948128211, 6.505213034913026604E-16, 2.255140518769849223E-14 ) ) ;
#9234 = DIRECTION ( 'NONE',  ( 0.000000000000000000, 0.000000000000000000, -1.000000000000000000 ) ) ;
#9235 = CARTESIAN_POINT ( 'NONE',  ( -4.979646071760535087, 17.62499999999994671, 2.255140518769849223E-14 ) ) ;
#9236 = VECTOR ( 'NONE', #1379, 1000.000000000000000 ) ;
#9237 = CARTESIAN_POINT ( 'NONE',  ( 8.515916470546990524, -2.500000000000000444, 6.350000000000022737 ) ) ;
#9238 = ORIENTED_EDGE ( 'NONE', *, *, #5446, .F. ) ;
#9239 = VECTOR ( 'NONE', #9588, 1000.000000000000000 ) ;
#9240 = ORIENTED_EDGE ( 'NONE', *, *, #7515, .T. ) ;
#9241 = LINE ( 'NONE', #49, #7379 ) ;
#9242 = VERTEX_POINT ( 'NONE', #8801 ) ;
#9243 = ORIENTED_EDGE ( 'NONE', *, *, #7519, .T. ) ;
#9245 = LINE ( 'NONE', #5537, #5548 ) ;
#9244 = CARTESIAN_POINT ( 'NONE',  ( 7.144709581221628802, -18.87499999999992895, 6.350000000000022737 ) ) ;
#9246 = DIRECTION ( 'NONE',  ( 1.000000000000000000, 0.000000000000000000, 0.000000000000000000 ) ) ;
#9247 = CARTESIAN_POINT ( 'NONE',  ( 3.250000000000030642, -27.70000000000000284, 0.000000000000000000 ) ) ;
#9248 = DIRECTION ( 'NONE',  ( 0.000000000000000000, 0.000000000000000000, 1.000000000000000000 ) ) ;
#9249 = ORIENTED_EDGE ( 'NONE', *, *, #4227, .T. ) ;
#9250 = FACE_OUTER_BOUND ( 'NONE', #5616, .T. ) ;
#9251 = FACE_OUTER_BOUND ( 'NONE', #9944, .T. ) ;
#9252 = ORIENTED_EDGE ( 'NONE', *, *, #6297, .F. ) ;
#9253 = ORIENTED_EDGE ( 'NONE', *, *, #4664, .F. ) ;
#9254 = ORIENTED_EDGE ( 'NONE', *, *, #8998, .F. ) ;
#9255 = EDGE_CURVE ( 'NONE', #5062, #174, #1601, .T. ) ;
#9256 = EDGE_CURVE ( 'NONE', #1940, #2273, #594, .T. ) ;
#9257 = VERTEX_POINT ( 'NONE', #1542 ) ;
#9258 = LINE ( 'NONE', #5719, #8720 ) ;
#9259 = CARTESIAN_POINT ( 'NONE',  ( -2.165063509461099933, -12.74999999999995204, 2.255140518769849223E-14 ) ) ;
#9260 = CARTESIAN_POINT ( 'NONE',  ( -12.12435565298215856, -4.499999999999974243, 2.255140518769849223E-14 ) ) ;
#9261 = FACE_OUTER_BOUND ( 'NONE', #2655, .T. ) ;
#9262 = ORIENTED_EDGE ( 'NONE', *, *, #5246, .F. ) ;
#9263 = ADVANCED_FACE ( 'NONE', ( #1487 ), #7791, .F. ) ;
#9264 = EDGE_CURVE ( 'NONE', #3059, #11477, #719, .T. ) ;
#9265 = VECTOR ( 'NONE', #9307, 1000.000000000000000 ) ;
#9266 = EDGE_CURVE ( 'NONE', #2697, #7325, #7732, .T. ) ;
#9267 = EDGE_LOOP ( 'NONE', ( #4067, #1364, #5605, #11537, #4924, #5013, #4558, #4105 ) ) ;
#9268 = EDGE_CURVE ( 'NONE', #9563, #5205, #9808, .T. ) ;
#9269 = EDGE_LOOP ( 'NONE', ( #2222, #5985, #3103, #8432, #3427, #887 ) ) ;
#9270 = ORIENTED_EDGE ( 'NONE', *, *, #11576, .T. ) ;
#9271 = VECTOR ( 'NONE', #6645, 999.9999999999998863 ) ;
#9272 = CARTESIAN_POINT ( 'NONE',  ( -12.12435565298215856, -15.99999999999992717, 2.255140518769849223E-14 ) ) ;
#9273 = CARTESIAN_POINT ( 'NONE',  ( 6.423021744734604077, -0.3750000000000124900, 6.350000000000022737 ) ) ;
#9274 = EDGE_CURVE ( 'NONE', #9684, #2058, #11566, .T. ) ;
#9275 = VECTOR ( 'NONE', #9051, 1000.000000000000000 ) ;
#9276 = CARTESIAN_POINT ( 'NONE',  ( -7.072540797572933080, 4.553649124439118623E-15, 2.255140518769849223E-14 ) ) ;
#9277 = ORIENTED_EDGE ( 'NONE', *, *, #3293, .F. ) ;
#9279 = DIRECTION ( 'NONE',  ( 0.000000000000000000, -1.000000000000000000, 0.000000000000000000 ) ) ;
#9278 = PLANE ( 'NONE',  #7264 ) ;
#9280 = DIRECTION ( 'NONE',  ( 1.000000000000000000, 0.000000000000000000, 0.000000000000000000 ) ) ;
#9281 = MECHANICAL_DESIGN_GEOMETRIC_PRESENTATION_REPRESENTATION (  '', ( #2873 ), #10785 ) ;
#9282 = CARTESIAN_POINT ( 'NONE',  ( 8.515916470546986972, 3.249999999999976463, 2.255140518769849223E-14 ) ) ;
#9283 = ORIENTED_EDGE ( 'NONE', *, *, #3153, .F. ) ;
#9284 = VECTOR ( 'NONE', #10926, 1000.000000000000000 ) ;
#9285 = LINE ( 'NONE', #2799, #71 ) ;
#9286 = ORIENTED_EDGE ( 'NONE', *, *, #841, .F. ) ;
#9287 = DIRECTION ( 'NONE',  ( 0.5000000000000001110, -0.8660254037844385966, 0.000000000000000000 ) ) ;
#9288 = DIRECTION ( 'NONE',  ( 1.000000000000000000, 0.000000000000000000, 0.000000000000000000 ) ) ;
#9289 = EDGE_CURVE ( 'NONE', #10692, #884, #3258, .T. ) ;
#9290 = LINE ( 'NONE', #10122, #4449 ) ;
#9291 = DIRECTION ( 'NONE',  ( -0.4999999999999997780, -0.8660254037844387076, 0.000000000000000000 ) ) ;
#9292 = LINE ( 'NONE', #3696, #6574 ) ;
#9293 = CARTESIAN_POINT ( 'NONE',  ( 2.165063509461095936, 1.250000000000000222, 6.350000000000022737 ) ) ;
#9294 = LINE ( 'NONE', #2923, #9904 ) ;
#9295 = CIRCLE ( 'NONE', #5907, 1.499999999999996669 ) ;
#9296 = VERTEX_POINT ( 'NONE', #537 ) ;
#9297 = ORIENTED_EDGE ( 'NONE', *, *, #2914, .T. ) ;
#9298 = CARTESIAN_POINT ( 'NONE',  ( -12.41303078757692013, -18.00000000000001421, -3.649999999999986589 ) ) ;
#9299 = VERTEX_POINT ( 'NONE', #3491 ) ;
#9300 = ORIENTED_EDGE ( 'NONE', *, *, #2699, .F. ) ;
#9301 = VECTOR ( 'NONE', #8887, 1000.000000000000000 ) ;
#9303 = DIRECTION ( 'NONE',  ( 0.5000000000000001110, 0.8660254037844385966, 0.000000000000000000 ) ) ;
#9302 = CARTESIAN_POINT ( 'NONE',  ( 2.814582562299425827, 7.374999999999965361, 2.255140518769849223E-14 ) ) ;
#9304 = DIRECTION ( 'NONE',  ( -0.5000000000000001110, 0.8660254037844387076, 0.000000000000000000 ) ) ;
#9305 = DIRECTION ( 'NONE',  ( 1.000000000000000000, 0.000000000000000000, 0.000000000000000000 ) ) ;
#9306 = DIRECTION ( 'NONE',  ( -0.000000000000000000, 1.000000000000000000, -0.000000000000000000 ) ) ;
#9307 = DIRECTION ( 'NONE',  ( -1.000000000000000000, -0.000000000000000000, -0.000000000000000000 ) ) ;
#9308 = CARTESIAN_POINT ( 'NONE',  ( -12.41303078757692546, 18.00000000000001421, 0.000000000000000000 ) ) ;
#9309 = DIRECTION ( 'NONE',  ( 0.7071067811865481278, -0.7071067811865470176, 0.000000000000000000 ) ) ;
#9310 = ORIENTED_EDGE ( 'NONE', *, *, #10855, .T. ) ;
#9311 = ORIENTED_EDGE ( 'NONE', *, *, #10650, .T. ) ;
#9312 = VECTOR ( 'NONE', #2192, 1000.000000000000000 ) ;
#9313 = EDGE_LOOP ( 'NONE', ( #8661, #4718, #5302, #6250 ) ) ;
#9314 = VERTEX_POINT ( 'NONE', #10684 ) ;
#9315 = DIRECTION ( 'NONE',  ( 0.000000000000000000, 0.000000000000000000, 1.000000000000000000 ) ) ;
#9316 = CARTESIAN_POINT ( 'NONE',  ( -2.165063509461099933, 18.49999999999993250, 2.255140518769849223E-14 ) ) ;
#9317 = PLANE ( 'NONE',  #7139 ) ;
#9318 = DIRECTION ( 'NONE',  ( 0.000000000000000000, -1.000000000000000000, 0.000000000000000000 ) ) ;
#9319 = ORIENTED_EDGE ( 'NONE', *, *, #3370, .T. ) ;
#9320 = ADVANCED_FACE ( 'NONE', ( #10515 ), #2427, .F. ) ;
#9321 = VERTEX_POINT ( 'NONE', #5973 ) ;
#9322 = VECTOR ( 'NONE', #4311, 1000.000000000000000 ) ;
#9323 = AXIS2_PLACEMENT_3D ( 'NONE', #9526, #6869, #4988 ) ;
#9324 = VERTEX_POINT ( 'NONE', #2367 ) ;
#9325 = ORIENTED_EDGE ( 'NONE', *, *, #11495, .F. ) ;
#9326 = ADVANCED_FACE ( 'NONE', ( #9750 ), #10450, .F. ) ;
#9327 = LINE ( 'NONE', #3963, #8142 ) ;
#9328 = EDGE_CURVE ( 'NONE', #7292, #2202, #10739, .T. ) ;
#9329 = DIRECTION ( 'NONE',  ( -2.775557561562892584E-17, -0.7071067811865462405, -0.7071067811865489050 ) ) ;
#9330 = PRODUCT_DEFINITION_CONTEXT ( 'detailed design', #10540, 'design' ) ;
#9331 = LINE ( 'NONE', #6740, #5016 ) ;
#9332 = ORIENTED_EDGE ( 'NONE', *, *, #3792, .F. ) ;
#9333 = VECTOR ( 'NONE', #1285, 1000.000000000000000 ) ;
#9334 = EDGE_CURVE ( 'NONE', #6988, #3367, #10858, .T. ) ;
#9336 = DIRECTION ( 'NONE',  ( 0.5000000000000001110, 0.8660254037844385966, 0.000000000000000000 ) ) ;
#9335 = FACE_OUTER_BOUND ( 'NONE', #8431, .T. ) ;
#9337 = AXIS2_PLACEMENT_3D ( 'NONE', #10303, #3871, #5587 ) ;
#9338 = DIRECTION ( 'NONE',  ( 0.000000000000000000, 0.000000000000000000, 1.000000000000000000 ) ) ;
#9339 = VECTOR ( 'NONE', #8051, 1000.000000000000000 ) ;
#9340 = CARTESIAN_POINT ( 'NONE',  ( -12.77387470582048579, -1.624999999999996669, 2.255140518769849223E-14 ) ) ;
#9341 = ORIENTED_EDGE ( 'NONE', *, *, #9063, .F. ) ;
#9342 = PLANE ( 'NONE',  #7219 ) ;
#9343 = AXIS2_PLACEMENT_3D ( 'NONE', #11473, #8818, #6217 ) ;
#9344 = ORIENTED_EDGE ( 'NONE', *, *, #4864, .T. ) ;
#9345 = VECTOR ( 'NONE', #6264, 1000.000000000000000 ) ;
#9346 = EDGE_CURVE ( 'NONE', #4051, #7814, #1222, .T. ) ;
#9347 = LINE ( 'NONE', #10176, #1182 ) ;
#9348 = CARTESIAN_POINT ( 'NONE',  ( -2.814582562299428936, -18.87499999999992895, 6.350000000000022737 ) ) ;
#9349 = CARTESIAN_POINT ( 'NONE',  ( 0.000000000000000000, 0.000000000000000000, 6.350000000000022737 ) ) ;
#9350 = FACE_BOUND ( 'NONE', #5658, .T. ) ;
#9351 = PLANE ( 'NONE',  #4873 ) ;
#9352 = DIRECTION ( 'NONE',  ( 0.000000000000000000, 0.000000000000000000, 1.000000000000000000 ) ) ;
#9353 = EDGE_CURVE ( 'NONE', #4846, #4907, #11069, .T. ) ;
#9354 = FACE_OUTER_BOUND ( 'NONE', #7942, .T. ) ;
#9355 = EDGE_CURVE ( 'NONE', #4717, #2857, #6537, .T. ) ;
#9356 = AXIS2_PLACEMENT_3D ( 'NONE', #4891, #9431, #2343 ) ;
#9357 = ORIENTED_EDGE ( 'NONE', *, *, #6515, .T. ) ;
#9358 = EDGE_LOOP ( 'NONE', ( #5514, #10614, #9738, #133 ) ) ;
#9359 = ORIENTED_EDGE ( 'NONE', *, *, #9627, .T. ) ;
#9360 = CARTESIAN_POINT ( 'NONE',  ( -23.79626054182323003, -20.00000000000001776, 4.350000000000028955 ) ) ;
#9361 = ORIENTED_EDGE ( 'NONE', *, *, #10437, .T. ) ;
#9362 = ORIENTED_EDGE ( 'NONE', *, *, #474, .F. ) ;
#9364 = CARTESIAN_POINT ( 'NONE',  ( -3.536270398786451885, -0.3750000000000107692, 6.350000000000022737 ) ) ;
#9363 = CARTESIAN_POINT ( 'NONE',  ( -30.79146613135289101, -30.00000000000002132, 6.350000000000022737 ) ) ;
#9365 = CARTESIAN_POINT ( 'NONE',  ( -3.216260541823223740, 27.69999999999997442, 3.350000000000019629 ) ) ;
#9366 = LINE ( 'NONE', #3767, #6531 ) ;
#9367 = LINE ( 'NONE', #4892, #6894 ) ;
#9368 = DIRECTION ( 'NONE',  ( 0.000000000000000000, -0.000000000000000000, -1.000000000000000000 ) ) ;
#9369 = FACE_OUTER_BOUND ( 'NONE', #8428, .T. ) ;
#9370 = VECTOR ( 'NONE', #3615, 1000.000000000000000 ) ;
#9371 = CARTESIAN_POINT ( 'NONE',  ( 12.77387470582047868, -7.374999999999974243, 2.255140518769849223E-14 ) ) ;
#9372 = ORIENTED_EDGE ( 'NONE', *, *, #10056, .F. ) ;
#9373 = ORIENTED_EDGE ( 'NONE', *, *, #6661, .F. ) ;
#9374 = VECTOR ( 'NONE', #11387, 1000.000000000000000 ) ;
#9375 = VERTEX_POINT ( 'NONE', #10796 ) ;
#9376 = ORIENTED_EDGE ( 'NONE', *, *, #11086, .F. ) ;
#9377 = AXIS2_PLACEMENT_3D ( 'NONE', #4240, #11437, #753 ) ;
#9378 = CARTESIAN_POINT ( 'NONE',  ( 7.866397417708651751, 8.624999999999966249, 2.255140518769849223E-14 ) ) ;
#9379 = LINE ( 'NONE', #5840, #11260 ) ;
#9380 = PLANE ( 'NONE',  #9600 ) ;
#9381 = VECTOR ( 'NONE', #7712, 1000.000000000000000 ) ;
#9382 = PLANE ( 'NONE',  #11020 ) ;
#9383 = VERTEX_POINT ( 'NONE', #7471 ) ;
#9384 = ORIENTED_EDGE ( 'NONE', *, *, #5450, .T. ) ;
#9385 = ORIENTED_EDGE ( 'NONE', *, *, #7030, .F. ) ;
#9386 = VECTOR ( 'NONE', #9291, 1000.000000000000114 ) ;
#9387 = ORIENTED_EDGE ( 'NONE', *, *, #8315, .T. ) ;
#9388 = VERTEX_POINT ( 'NONE', #6590 ) ;
#9389 = CARTESIAN_POINT ( 'NONE',  ( -3.319764047840300325, -18.00000000000001421, 0.000000000000000000 ) ) ;
#9390 = CARTESIAN_POINT ( 'NONE',  ( 3.283739458176782033, 26.19999999999997442, 3.350000000000019629 ) ) ;
#9391 = DIRECTION ( 'NONE',  ( 1.000000000000000000, 0.000000000000000000, 0.000000000000000000 ) ) ;
#9392 = VECTOR ( 'NONE', #2226, 1000.000000000000000 ) ;
#9393 = DIRECTION ( 'NONE',  ( -1.000000000000000000, -1.437200963164487406E-16, 0.000000000000000000 ) ) ;
#9394 = ORIENTED_EDGE ( 'NONE', *, *, #8384, .F. ) ;
#9395 = ADVANCED_FACE ( 'NONE', ( #832 ), #4433, .F. ) ;
#9397 = CARTESIAN_POINT ( 'NONE',  ( -12.96626054182323173, 17.99999999999996092, 3.350000000000019629 ) ) ;
#9396 = FACE_BOUND ( 'NONE', #1840, .T. ) ;
#9398 = CARTESIAN_POINT ( 'NONE',  ( 8.515916470546979866, -14.74999999999995026, 2.255140518769849223E-14 ) ) ;
#9399 = VECTOR ( 'NONE', #371, 1000.000000000000000 ) ;
#9400 = LINE ( 'NONE', #4921, #2642 ) ;
#9401 = EDGE_CURVE ( 'NONE', #1527, #164, #3936, .T. ) ;
#9402 = CARTESIAN_POINT ( 'NONE',  ( -7.505553499465202449, -18.00000000000001421, -3.649999999999986589 ) ) ;
#9403 = AXIS2_PLACEMENT_3D ( 'NONE', #7874, #11475, #1734 ) ;
#9404 = EDGE_CURVE ( 'NONE', #3537, #5874, #8917, .T. ) ;
#9405 = EDGE_LOOP ( 'NONE', ( #1765, #9227, #7556, #700 ) ) ;
#9406 = ADVANCED_FACE ( 'NONE', ( #2101 ), #4549, .F. ) ;
#9407 = VERTEX_POINT ( 'NONE', #6648 ) ;
#9408 = CARTESIAN_POINT ( 'NONE',  ( -12.12435565298215856, 10.24999999999995381, 2.255140518769849223E-14 ) ) ;
#9409 = CARTESIAN_POINT ( 'NONE',  ( -7.144709581221628802, -15.62499999999994138, 2.255140518769849223E-14 ) ) ;
#9410 = VECTOR ( 'NONE', #3266, 1000.000000000000000 ) ;
#9411 = DIRECTION ( 'NONE',  ( 1.000000000000000000, 0.000000000000000000, 0.000000000000000000 ) ) ;
#9412 = LINE ( 'NONE', #7752, #10533 ) ;
#9413 = DIRECTION ( 'NONE',  ( 0.000000000000000000, 0.000000000000000000, 1.000000000000000000 ) ) ;
#9414 = DIRECTION ( 'NONE',  ( 0.8660254037844388186, -0.4999999999999997780, 0.000000000000000000 ) ) ;
#9415 = EDGE_CURVE ( 'NONE', #8311, #4936, #5320, .T. ) ;
#9416 = CARTESIAN_POINT ( 'NONE',  ( 7.505553499465190015, -18.00000000000001421, 0.000000000000000000 ) ) ;
#9417 = EDGE_CURVE ( 'NONE', #11289, #9464, #4767, .T. ) ;
#9418 = ORIENTED_EDGE ( 'NONE', *, *, #3141, .T. ) ;
#9419 = EDGE_CURVE ( 'NONE', #6751, #1934, #6257, .T. ) ;
#9420 = ORIENTED_EDGE ( 'NONE', *, *, #8048, .F. ) ;
#9421 = VECTOR ( 'NONE', #1669, 1000.000000000000000 ) ;
#9422 = CARTESIAN_POINT ( 'NONE',  ( -4.979646071760531534, 6.124999999999965361, 2.255140518769849223E-14 ) ) ;
#9423 = ORIENTED_EDGE ( 'NONE', *, *, #8683, .T. ) ;
#9424 = EDGE_CURVE ( 'NONE', #2351, #5957, #1164, .T. ) ;
#9425 = ORIENTED_EDGE ( 'NONE', *, *, #4205, .F. ) ;
#9427 = DIRECTION ( 'NONE',  ( -0.5000000000000002220, 0.8660254037844384856, 0.000000000000000000 ) ) ;
#9426 = LINE ( 'NONE', #3352, #3687 ) ;
#9428 = EDGE_CURVE ( 'NONE', #10937, #10941, #5705, .T. ) ;
#9429 = EDGE_CURVE ( 'NONE', #4574, #7110, #9029, .T. ) ;
#9430 = LINE ( 'NONE', #8536, #10702 ) ;
#9431 = DIRECTION ( 'NONE',  ( 0.8660254037844388186, -0.4999999999999997780, 0.000000000000000000 ) ) ;
#9432 = DIRECTION ( 'NONE',  ( 0.000000000000000000, 0.000000000000000000, 1.000000000000000000 ) ) ;
#9433 = LINE ( 'NONE', #11193, #4183 ) ;
#9434 = CARTESIAN_POINT ( 'NONE',  ( 4.979646071760526205, 11.12499999999994138, 2.255140518769849223E-14 ) ) ;
#9435 = VECTOR ( 'NONE', #3271, 999.9999999999998863 ) ;
#9436 = LINE ( 'NONE', #5712, #965 ) ;
#9437 = ORIENTED_EDGE ( 'NONE', *, *, #5037, .F. ) ;
#9438 = VERTEX_POINT ( 'NONE', #7530 ) ;
#9439 = VERTEX_POINT ( 'NONE', #335 ) ;
#9440 = ORIENTED_EDGE ( 'NONE', *, *, #2993, .T. ) ;
#9441 = LINE ( 'NONE', #10780, #998 ) ;
#9442 = LINE ( 'NONE', #2295, #4484 ) ;
#9443 = CARTESIAN_POINT ( 'NONE',  ( -2.814582562299429824, 18.87499999999993250, 2.255140518769849223E-14 ) ) ;
#9444 = DIRECTION ( 'NONE',  ( 0.4999999999999997780, 0.8660254037844388186, 0.000000000000000000 ) ) ;
#9445 = ORIENTED_EDGE ( 'NONE', *, *, #5539, .F. ) ;
#9446 = ORIENTED_EDGE ( 'NONE', *, *, #7194, .T. ) ;
#9447 = ORIENTED_EDGE ( 'NONE', *, *, #7309, .T. ) ;
#9448 = ORIENTED_EDGE ( 'NONE', *, *, #9508, .F. ) ;
#9449 = EDGE_LOOP ( 'NONE', ( #4132, #6919, #8378, #7306, #9859, #6385 ) ) ;
#9450 = DIRECTION ( 'NONE',  ( 0.000000000000000000, 0.000000000000000000, 1.000000000000000000 ) ) ;
#9451 = DIRECTION ( 'NONE',  ( 0.5000000000000001110, -0.8660254037844385966, 0.000000000000000000 ) ) ;
#9452 = CARTESIAN_POINT ( 'NONE',  ( 18.23373945817677111, -20.00000000000001776, 6.350000000000022737 ) ) ;
#9453 = AXIS2_PLACEMENT_3D ( 'NONE', #3298, #1406, #3358 ) ;
#9454 = DIRECTION ( 'NONE',  ( -4.003208021484940511E-16, 1.000000000000000000, 0.000000000000000000 ) ) ;
#9455 = ORIENTED_EDGE ( 'NONE', *, *, #249, .T. ) ;
#9457 = CARTESIAN_POINT ( 'NONE',  ( -6.423021744734612071, -0.3750000000000107692, 2.255140518769849223E-14 ) ) ;
#9456 = CARTESIAN_POINT ( 'NONE',  ( -12.77387470582048756, -9.874999999999950262, 6.350000000000022737 ) ) ;
#9458 = DIRECTION ( 'NONE',  ( 0.000000000000000000, -0.000000000000000000, -1.000000000000000000 ) ) ;
#9459 = CARTESIAN_POINT ( 'NONE',  ( -7.794228634059961358, 12.74999999999994138, 6.350000000000022737 ) ) ;
#9460 = FACE_OUTER_BOUND ( 'NONE', #9208, .T. ) ;
#9461 = VECTOR ( 'NONE', #568, 1000.000000000000114 ) ;
#9462 = VECTOR ( 'NONE', #257, 1000.000000000000114 ) ;
#9463 = VERTEX_POINT ( 'NONE', #7143 ) ;
#9464 = VERTEX_POINT ( 'NONE', #4491 ) ;
#9465 = DIRECTION ( 'NONE',  ( 0.000000000000000000, 0.000000000000000000, 1.000000000000000000 ) ) ;
#9466 = CARTESIAN_POINT ( 'NONE',  ( -21.84310355970654172, 3.999999999999984457, 55.35000000000005116 ) ) ;
#9467 = CARTESIAN_POINT ( 'NONE',  ( -11.40266781649512673, 2.500000000000004885, 2.255140518769849223E-14 ) ) ;
#9468 = VECTOR ( 'NONE', #2008, 1000.000000000000000 ) ;
#9469 = CARTESIAN_POINT ( 'NONE',  ( 2.775557561562891351E-14, -24.69999999999999929, 6.350000000000022737 ) ) ;
#9470 = CARTESIAN_POINT ( 'NONE',  ( 13.03373945817676294, 18.00000000000001421, -3.649999999999986589 ) ) ;
#9471 = VECTOR ( 'NONE', #8098, 1000.000000000000000 ) ;
#9472 = DIRECTION ( 'NONE',  ( -0.5773502691896237327, -0.5773502691896279515, 0.5773502691896258421 ) ) ;
#9473 = LINE ( 'NONE', #10302, #2693 ) ;
#9474 = ADVANCED_FACE ( 'NONE', ( #948 ), #8088, .T. ) ;
#9475 = CARTESIAN_POINT ( 'NONE',  ( 13.03373945817676294, 18.00000000000001421, 6.350000000000022737 ) ) ;
#9476 = VERTEX_POINT ( 'NONE', #277 ) ;
#9477 = VECTOR ( 'NONE', #7031, 1000.000000000000000 ) ;
#9478 = ORIENTED_EDGE ( 'NONE', *, *, #5001, .F. ) ;
#9479 = DIRECTION ( 'NONE',  ( -0.000000000000000000, 0.000000000000000000, 1.000000000000000000 ) ) ;
#9480 = VERTEX_POINT ( 'NONE', #3880 ) ;
#9481 = ORIENTED_EDGE ( 'NONE', *, *, #6253, .T. ) ;
#9482 = VECTOR ( 'NONE', #11418, 1000.000000000000000 ) ;
#9483 = EDGE_CURVE ( 'NONE', #6741, #11406, #7590, .T. ) ;
#9485 = DIRECTION ( 'NONE',  ( -0.8660254037844385966, -0.5000000000000001110, 0.000000000000000000 ) ) ;
#9484 = CARTESIAN_POINT ( 'NONE',  ( -12.96626054182322463, -7.041777957386616826, 6.350000000000022737 ) ) ;
#9486 = EDGE_CURVE ( 'NONE', #9438, #6042, #8715, .T. ) ;
#9487 = EDGE_CURVE ( 'NONE', #1169, #9684, #9426, .T. ) ;
#9488 = CARTESIAN_POINT ( 'NONE',  ( -4.979646071760535087, 16.87499999999994671, 2.255140518769849223E-14 ) ) ;
#9489 = LINE ( 'NONE', #4948, #498 ) ;
#9490 = CARTESIAN_POINT ( 'NONE',  ( 32.78373945817675406, -3.999999999999984457, 6.350000000000022737 ) ) ;
#9491 = EDGE_CURVE ( 'NONE', #610, #1882, #2338, .T. ) ;
#9492 = DIRECTION ( 'NONE',  ( 0.000000000000000000, -1.000000000000000000, 0.000000000000000000 ) ) ;
#9493 = CIRCLE ( 'NONE', #3646, 1.499999999999996003 ) ;
#9494 = FACE_OUTER_BOUND ( 'NONE', #10446, .T. ) ;
#9495 = ORIENTED_EDGE ( 'NONE', *, *, #5385, .T. ) ;
#9496 = ORIENTED_EDGE ( 'NONE', *, *, #8980, .F. ) ;
#9497 = ORIENTED_EDGE ( 'NONE', *, *, #8989, .T. ) ;
#9498 = VECTOR ( 'NONE', #1520, 1000.000000000000114 ) ;
#9499 = ORIENTED_EDGE ( 'NONE', *, *, #3134, .F. ) ;
#9500 = CARTESIAN_POINT ( 'NONE',  ( -7.144709581221635908, 9.874999999999953815, 2.255140518769849223E-14 ) ) ;
#9501 = PLANE ( 'NONE',  #6356 ) ;
#9502 = DIRECTION ( 'NONE',  ( -0.000000000000000000, 0.000000000000000000, 1.000000000000000000 ) ) ;
#9503 = DIRECTION ( 'NONE',  ( 0.000000000000000000, -1.000000000000000000, 0.000000000000000000 ) ) ;
#9504 = ORIENTED_EDGE ( 'NONE', *, *, #8166, .F. ) ;
#9505 = AXIS2_PLACEMENT_3D ( 'NONE', #8565, #10338, #2368 ) ;
#9506 = EDGE_LOOP ( 'NONE', ( #10034, #3855, #7613, #10073, #4241, #10161 ) ) ;
#9507 = EDGE_LOOP ( 'NONE', ( #6684, #6498, #8498, #8562 ) ) ;
#9508 = EDGE_CURVE ( 'NONE', #8882, #1534, #3107, .T. ) ;
#9509 = EDGE_CURVE ( 'NONE', #7043, #2492, #10369, .T. ) ;
#9510 = CARTESIAN_POINT ( 'NONE',  ( 9.959292143521054186, -13.99999999999995026, 2.255140518769849223E-14 ) ) ;
#9511 = CARTESIAN_POINT ( 'NONE',  ( -30.34310355970660211, 3.999999999999982681, 46.85000000000001563 ) ) ;
#9512 = DIRECTION ( 'NONE',  ( -0.5773502691896240657, 0.5773502691896278405, 0.5773502691896256200 ) ) ;
#9513 = CARTESIAN_POINT ( 'NONE',  ( 2.165063509461095936, 1.250000000000000222, 2.255140518769849223E-14 ) ) ;
#9514 = ORIENTED_EDGE ( 'NONE', *, *, #3503, .T. ) ;
#9516 = LINE ( 'NONE', #1435, #11651 ) ;
#9515 = DIRECTION ( 'NONE',  ( 0.5000000000000001110, -0.8660254037844385966, 0.000000000000000000 ) ) ;
#9517 = DIRECTION ( 'NONE',  ( 1.000000000000000000, 0.000000000000000000, 0.000000000000000000 ) ) ;
#9518 = VECTOR ( 'NONE', #11516, 1000.000000000000000 ) ;
#9519 = LINE ( 'NONE', #9459, #9236 ) ;
#9520 = CARTESIAN_POINT ( 'NONE',  ( -3.216260541823223740, 24.69999999999997087, 0.000000000000000000 ) ) ;
#9521 = ORIENTED_EDGE ( 'NONE', *, *, #5804, .T. ) ;
#9522 = ORIENTED_EDGE ( 'NONE', *, *, #1208, .F. ) ;
#9523 = VECTOR ( 'NONE', #10662, 999.9999999999998863 ) ;
#9524 = DIRECTION ( 'NONE',  ( -0.000000000000000000, -0.7071067811865487940, 0.7071067811865462405 ) ) ;
#9525 = DIRECTION ( 'NONE',  ( -0.8660254037844385966, -0.5000000000000001110, 0.000000000000000000 ) ) ;
#9526 = CARTESIAN_POINT ( 'NONE',  ( 0.000000000000000000, 0.000000000000000000, 6.350000000000022737 ) ) ;
#9527 = AXIS2_PLACEMENT_3D ( 'NONE', #4473, #8068, #3473 ) ;
#9528 = AXIS2_PLACEMENT_3D ( 'NONE', #10699, #1463, #2618 ) ;
#9529 = PLANE ( 'NONE',  #10476 ) ;
#9530 = PLANE ( 'NONE',  #5260 ) ;
#9531 = FACE_OUTER_BOUND ( 'NONE', #9313, .T. ) ;
#9532 = PLANE ( 'NONE',  #11370 ) ;
#9533 = ORIENTED_EDGE ( 'NONE', *, *, #9415, .F. ) ;
#9534 = DIRECTION ( 'NONE',  ( 1.000000000000000000, 2.155801444746731110E-16, 0.000000000000000000 ) ) ;
#9535 = VECTOR ( 'NONE', #3674, 1000.000000000000000 ) ;
#9536 = ORIENTED_EDGE ( 'NONE', *, *, #5958, .T. ) ;
#9537 = VECTOR ( 'NONE', #7976, 1000.000000000000000 ) ;
#9538 = ORIENTED_EDGE ( 'NONE', *, *, #757, .F. ) ;
#9539 = FACE_OUTER_BOUND ( 'NONE', #1721, .T. ) ;
#9540 = ORIENTED_EDGE ( 'NONE', *, *, #9748, .T. ) ;
#9541 = VERTEX_POINT ( 'NONE', #7825 ) ;
#9542 = EDGE_CURVE ( 'NONE', #6731, #9100, #6711, .T. ) ;
#9544 = DIRECTION ( 'NONE',  ( 0.4999999999999997780, 0.8660254037844388186, 0.000000000000000000 ) ) ;
#9543 = PLANE ( 'NONE',  #8781 ) ;
#9545 = AXIS2_PLACEMENT_3D ( 'NONE', #3322, #8032, #2369 ) ;
#9546 = DIRECTION ( 'NONE',  ( 1.000000000000000000, 5.337610695313253357E-16, 0.000000000000000000 ) ) ;
#9547 = LINE ( 'NONE', #5005, #6913 ) ;
#9548 = DIRECTION ( 'NONE',  ( 0.000000000000000000, 0.000000000000000000, -1.000000000000000000 ) ) ;
#9549 = CARTESIAN_POINT ( 'NONE',  ( -7.505553499465175804, 17.99999999999996803, 6.350000000000022737 ) ) ;
#9550 = VECTOR ( 'NONE', #2161, 1000.000000000000000 ) ;
#9551 = CARTESIAN_POINT ( 'NONE',  ( -7.300682423332669480, -19.14515288713716856, 3.350000000000019629 ) ) ;
#9552 = VERTEX_POINT ( 'NONE', #6771 ) ;
#9553 = EDGE_LOOP ( 'NONE', ( #8797, #4605, #9985, #2898 ) ) ;
#9554 = EDGE_CURVE ( 'NONE', #386, #8219, #2158, .T. ) ;
#9555 = ORIENTED_EDGE ( 'NONE', *, *, #10773, .F. ) ;
#9556 = EDGE_CURVE ( 'NONE', #4048, #6042, #5937, .T. ) ;
#9557 = VERTEX_POINT ( 'NONE', #4886 ) ;
#9558 = EDGE_CURVE ( 'NONE', #8322, #7191, #10309, .T. ) ;
#9559 = CARTESIAN_POINT ( 'NONE',  ( 2.886751345948125103, -17.24999999999992895, 2.255140518769849223E-14 ) ) ;
#9560 = FACE_OUTER_BOUND ( 'NONE', #5716, .T. ) ;
#9561 = LINE ( 'NONE', #1595, #6203 ) ;
#9562 = DIRECTION ( 'NONE',  ( 0.5000000000000001110, -0.8660254037844385966, 0.000000000000000000 ) ) ;
#9563 = VERTEX_POINT ( 'NONE', #9484 ) ;
#9564 = ORIENTED_EDGE ( 'NONE', *, *, #5329, .T. ) ;
#9565 = ORIENTED_EDGE ( 'NONE', *, *, #848, .T. ) ;
#9566 = EDGE_CURVE ( 'NONE', #11381, #4028, #571, .T. ) ;
#9567 = ADVANCED_FACE ( 'NONE', ( #8533 ), #394, .F. ) ;
#9568 = EDGE_LOOP ( 'NONE', ( #1574, #11560, #3009, #3598 ) ) ;
#9569 = VECTOR ( 'NONE', #10441, 1000.000000000000000 ) ;
#9570 = LINE ( 'NONE', #9510, #10407 ) ;
#9571 = CARTESIAN_POINT ( 'NONE',  ( -1.443375672974066992, -8.249999999999973355, 2.255140518769849223E-14 ) ) ;
#9572 = EDGE_CURVE ( 'NONE', #8766, #7422, #629, .T. ) ;
#9573 = CARTESIAN_POINT ( 'NONE',  ( 4.979646071760522652, 6.124999999999965361, 2.255140518769849223E-14 ) ) ;
#9574 = DIRECTION ( 'NONE',  ( 0.5000000000000001110, -0.8660254037844385966, 0.000000000000000000 ) ) ;
#9575 = VERTEX_POINT ( 'NONE', #5825 ) ;
#9576 = ADVANCED_FACE ( 'NONE', ( #7648 ), #9543, .F. ) ;
#9577 = EDGE_CURVE ( 'NONE', #5742, #581, #5002, .T. ) ;
#9579 = LINE ( 'NONE', #10520, #3381 ) ;
#9578 = CARTESIAN_POINT ( 'NONE',  ( 7.794228634059957805, -1.250000000000000000, 2.255140518769849223E-14 ) ) ;
#9580 = LINE ( 'NONE', #2198, #6389 ) ;
#9581 = CARTESIAN_POINT ( 'NONE',  ( 1.443375672974071655, 8.249999999999953815, 6.350000000000022737 ) ) ;
#9582 = AXIS2_PLACEMENT_3D ( 'NONE', #3530, #1693, #8779 ) ;
#9583 = LINE ( 'NONE', #10460, #5167 ) ;
#9584 = VERTEX_POINT ( 'NONE', #11371 ) ;
#9585 = ORIENTED_EDGE ( 'NONE', *, *, #11062, .T. ) ;
#9586 = AXIS2_PLACEMENT_3D ( 'NONE', #2387, #1509, #8522 ) ;
#9587 = ORIENTED_EDGE ( 'NONE', *, *, #9066, .F. ) ;
#9588 = DIRECTION ( 'NONE',  ( 0.5000000000000001110, -0.8660254037844385966, 0.000000000000000000 ) ) ;
#9589 = LINE ( 'NONE', #1503, #10605 ) ;
#9590 = DIRECTION ( 'NONE',  ( 0.000000000000000000, -1.000000000000000000, 0.000000000000000000 ) ) ;
#9591 = AXIS2_PLACEMENT_3D ( 'NONE', #2138, #6799, #8391 ) ;
#9592 = DIRECTION ( 'NONE',  ( -0.4999999999999998335, -0.8660254037844388186, 0.000000000000000000 ) ) ;
#9593 = DIRECTION ( 'NONE',  ( 0.000000000000000000, 0.000000000000000000, 1.000000000000000000 ) ) ;
#9594 = DIRECTION ( 'NONE',  ( 0.5000000000000001110, -0.8660254037844385966, 0.000000000000000000 ) ) ;
#9595 = CARTESIAN_POINT ( 'NONE',  ( 1.443375672974063884, -2.500000000000000888, 2.255140518769849223E-14 ) ) ;
#9596 = ORIENTED_EDGE ( 'NONE', *, *, #4732, .F. ) ;
#9597 = VECTOR ( 'NONE', #11643, 1000.000000000000000 ) ;
#9598 = LINE ( 'NONE', #10541, #673 ) ;
#9599 = VERTEX_POINT ( 'NONE', #7710 ) ;
#9600 = AXIS2_PLACEMENT_3D ( 'NONE', #6610, #8494, #10097 ) ;
#9601 = EDGE_CURVE ( 'NONE', #10542, #7599, #5756, .T. ) ;
#9602 = ORIENTED_EDGE ( 'NONE', *, *, #7024, .F. ) ;
#9603 = LINE ( 'NONE', #7525, #5694 ) ;
#9604 = EDGE_LOOP ( 'NONE', ( #6142, #11579, #2554, #1878, #3933, #2587 ) ) ;
#9605 = ORIENTED_EDGE ( 'NONE', *, *, #4530, .T. ) ;
#9607 = CARTESIAN_POINT ( 'NONE',  ( 24.28373945817669011, 12.50000000000001776, 55.35000000000005116 ) ) ;
#9606 = CARTESIAN_POINT ( 'NONE',  ( 13.03373945817677182, -6.924901045822575263, -3.649999999999986589 ) ) ;
#9608 = CARTESIAN_POINT ( 'NONE',  ( 1.443375672974060997, 14.74999999999993072, 6.350000000000022737 ) ) ;
#9609 = PLANE ( 'NONE',  #9356 ) ;
#9610 = DIRECTION ( 'NONE',  ( 0.4999999999999997224, 0.8660254037844387076, 0.000000000000000000 ) ) ;
#9611 = PLANE ( 'NONE',  #9377 ) ;
#9612 = EDGE_LOOP ( 'NONE', ( #10133, #7316, #8514, #8470, #7167 ) ) ;
#9613 = ORIENTED_EDGE ( 'NONE', *, *, #7602, .F. ) ;
#9614 = ORIENTED_EDGE ( 'NONE', *, *, #11636, .T. ) ;
#9615 = ORIENTED_EDGE ( 'NONE', *, *, #10190, .F. ) ;
#9616 = DIRECTION ( 'NONE',  ( 0.7071067811865470176, 0.7071067811865481278, -0.000000000000000000 ) ) ;
#9617 = PLANE ( 'NONE',  #1089 ) ;
#9618 = VECTOR ( 'NONE', #5098, 1000.000000000000000 ) ;
#9619 = ADVANCED_FACE ( 'NONE', ( #11310 ), #4943, .T. ) ;
#9620 = DIRECTION ( 'NONE',  ( -2.155801444746731110E-16, 1.000000000000000000, 0.000000000000000000 ) ) ;
#9621 = CARTESIAN_POINT ( 'NONE',  ( -8.515916470546997630, -8.249999999999975131, 6.350000000000022737 ) ) ;
#9622 = VERTEX_POINT ( 'NONE', #4409 ) ;
#9623 = EDGE_CURVE ( 'NONE', #5306, #2876, #7116, .T. ) ;
#9624 = ORIENTED_EDGE ( 'NONE', *, *, #5952, .F. ) ;
#9625 = VECTOR ( 'NONE', #3206, 999.9999999999998863 ) ;
#9626 = ORIENTED_EDGE ( 'NONE', *, *, #8998, .T. ) ;
#9627 = EDGE_CURVE ( 'NONE', #2949, #11011, #7640, .T. ) ;
#9628 = VERTEX_POINT ( 'NONE', #9005 ) ;
#9629 = DIRECTION ( 'NONE',  ( 1.000000000000000000, 0.000000000000000000, 0.000000000000000000 ) ) ;
#9630 = DIRECTION ( 'NONE',  ( 0.000000000000000000, 1.000000000000000000, -0.000000000000000000 ) ) ;
#9631 = EDGE_CURVE ( 'NONE', #2470, #8438, #747, .T. ) ;
#9632 = PLANE ( 'NONE',  #8557 ) ;
#9633 = ADVANCED_FACE ( 'NONE', ( #5351 ), #7170, .F. ) ;
#9634 = CARTESIAN_POINT ( 'NONE',  ( 11.40266781649511785, -2.500000000000000444, 2.255140518769849223E-14 ) ) ;
#9635 = ORIENTED_EDGE ( 'NONE', *, *, #5597, .T. ) ;
#9636 = EDGE_CURVE ( 'NONE', #9971, #5448, #2460, .T. ) ;
#9638 = DIRECTION ( 'NONE',  ( 1.000000000000000000, 0.000000000000000000, 0.000000000000000000 ) ) ;
#9637 = LINE ( 'NONE', #7036, #5959 ) ;
#9639 = EDGE_CURVE ( 'NONE', #3396, #8211, #9780, .T. ) ;
#9640 = PLANE ( 'NONE',  #378 ) ;
#9641 = EDGE_CURVE ( 'NONE', #10554, #4750, #6288, .T. ) ;
#9642 = DIRECTION ( 'NONE',  ( 0.000000000000000000, 1.000000000000000000, 0.000000000000000000 ) ) ;
#9643 = DIRECTION ( 'NONE',  ( -0.8660254037844385966, -0.5000000000000001110, 0.000000000000000000 ) ) ;
#9644 = VECTOR ( 'NONE', #2664, 1000.000000000000000 ) ;
#9645 = ADVANCED_FACE ( 'NONE', ( #9668 ), #2523, .F. ) ;
#9646 = ORIENTED_EDGE ( 'NONE', *, *, #42, .F. ) ;
#9647 = ORIENTED_EDGE ( 'NONE', *, *, #1268, .T. ) ;
#9648 = VECTOR ( 'NONE', #1871, 1000.000000000000000 ) ;
#9649 = ORIENTED_EDGE ( 'NONE', *, *, #6615, .T. ) ;
#9650 = FACE_OUTER_BOUND ( 'NONE', #3242, .T. ) ;
#9651 = DIRECTION ( 'NONE',  ( 1.000000000000000000, 0.000000000000000000, 0.000000000000000000 ) ) ;
#9652 = DIRECTION ( 'NONE',  ( 1.000000000000000000, 0.000000000000000000, 0.000000000000000000 ) ) ;
#9653 = LINE ( 'NONE', #9709, #7267 ) ;
#9654 = CARTESIAN_POINT ( 'NONE',  ( -8.515916470546997630, 3.249999999999978240, 6.350000000000022737 ) ) ;
#9655 = LINE ( 'NONE', #10594, #2992 ) ;
#9656 = LINE ( 'NONE', #5171, #9482 ) ;
#9657 = ORIENTED_EDGE ( 'NONE', *, *, #6403, .F. ) ;
#9658 = CIRCLE ( 'NONE', #2112, 2.550000000000000266 ) ;
#9659 = PLANE ( 'NONE',  #9688 ) ;
#9660 = ORIENTED_EDGE ( 'NONE', *, *, #10337, .T. ) ;
#9661 = EDGE_CURVE ( 'NONE', #3475, #6002, #9833, .T. ) ;
#9662 = VERTEX_POINT ( 'NONE', #11600 ) ;
#9663 = VECTOR ( 'NONE', #7327, 1000.000000000000000 ) ;
#9664 = PLANE ( 'NONE',  #1922 ) ;
#9665 = ORIENTED_EDGE ( 'NONE', *, *, #994, .F. ) ;
#9666 = ORIENTED_EDGE ( 'NONE', *, *, #8384, .T. ) ;
#9667 = VECTOR ( 'NONE', #9889, 1000.000000000000000 ) ;
#9669 = CARTESIAN_POINT ( 'NONE',  ( -7.144709581221635908, 4.124999999999978684, 6.350000000000022737 ) ) ;
#9668 = FACE_OUTER_BOUND ( 'NONE', #4543, .T. ) ;
#9670 = DIRECTION ( 'NONE',  ( 0.000000000000000000, 0.000000000000000000, 1.000000000000000000 ) ) ;
#9671 = CARTESIAN_POINT ( 'NONE',  ( 13.03373945817675938, 10.32509895417734569, 0.000000000000000000 ) ) ;
#9672 = DIRECTION ( 'NONE',  ( 0.4999999999999997224, 0.8660254037844387076, 0.000000000000000000 ) ) ;
#9673 = VECTOR ( 'NONE', #2294, 1000.000000000000000 ) ;
#9674 = DIRECTION ( 'NONE',  ( 0.000000000000000000, 0.000000000000000000, 1.000000000000000000 ) ) ;
#9675 = ORIENTED_EDGE ( 'NONE', *, *, #5186, .F. ) ;
#9676 = ORIENTED_EDGE ( 'NONE', *, *, #10337, .F. ) ;
#9677 = VECTOR ( 'NONE', #10696, 1000.000000000000000 ) ;
#9678 = ORIENTED_EDGE ( 'NONE', *, *, #897, .T. ) ;
#9679 = EDGE_LOOP ( 'NONE', ( #161, #4516, #3959, #9372 ) ) ;
#9680 = DIRECTION ( 'NONE',  ( -1.000000000000000000, 0.000000000000000000, 0.000000000000000000 ) ) ;
#9681 = LINE ( 'NONE', #1594, #3351 ) ;
#9682 = DIRECTION ( 'NONE',  ( 0.000000000000000000, 0.000000000000000000, 1.000000000000000000 ) ) ;
#9683 = LINE ( 'NONE', #11446, #467 ) ;
#9684 = VERTEX_POINT ( 'NONE', #864 ) ;
#9685 = VERTEX_POINT ( 'NONE', #9724 ) ;
#9686 = ORIENTED_EDGE ( 'NONE', *, *, #4520, .T. ) ;
#9687 = VERTEX_POINT ( 'NONE', #1638 ) ;
#9688 = AXIS2_PLACEMENT_3D ( 'NONE', #5174, #5405, #3623 ) ;
#9689 = LINE ( 'NONE', #4432, #8518 ) ;
#9690 = DIRECTION ( 'NONE',  ( 0.000000000000000000, -1.000000000000000000, 0.000000000000000000 ) ) ;
#9691 = EDGE_CURVE ( 'NONE', #5381, #6910, #8833, .T. ) ;
#9692 = DIRECTION ( 'NONE',  ( 0.000000000000000000, 0.000000000000000000, 1.000000000000000000 ) ) ;
#9693 = VECTOR ( 'NONE', #8245, 1000.000000000000000 ) ;
#9694 = DIRECTION ( 'NONE',  ( 0.5000000000000001110, 0.8660254037844385966, 0.000000000000000000 ) ) ;
#9695 = EDGE_LOOP ( 'NONE', ( #6907, #3011, #7245, #493, #5984, #2947 ) ) ;
#9697 = LINE ( 'NONE', #8806, #972 ) ;
#9696 = CARTESIAN_POINT ( 'NONE',  ( 3.250000000000030642, -26.20000000000000284, 0.000000000000000000 ) ) ;
#9698 = LINE ( 'NONE', #6036, #9806 ) ;
#9699 = CARTESIAN_POINT ( 'NONE',  ( -7.505553499465173140, 17.99999999999996447, -3.649999999999986589 ) ) ;
#9700 = DIRECTION ( 'NONE',  ( -0.5000000000000001110, -0.8660254037844385966, 0.000000000000000000 ) ) ;
#9701 = EDGE_CURVE ( 'NONE', #7718, #7470, #5295, .T. ) ;
#9702 = EDGE_CURVE ( 'NONE', #11011, #1557, #8064, .T. ) ;
#9703 = VERTEX_POINT ( 'NONE', #6062 ) ;
#9704 = ORIENTED_EDGE ( 'NONE', *, *, #10985, .T. ) ;
#9705 = DIRECTION ( 'NONE',  ( 1.000000000000000000, 3.373073425510458458E-16, 0.000000000000000000 ) ) ;
#9706 = EDGE_CURVE ( 'NONE', #11216, #1826, #4292, .T. ) ;
#9707 = DIRECTION ( 'NONE',  ( 0.5000000000000001110, -0.8660254037844385966, 0.000000000000000000 ) ) ;
#9708 = CYLINDRICAL_SURFACE ( 'NONE', #7863, 3.700000000000001954 ) ;
#9709 = CARTESIAN_POINT ( 'NONE',  ( 1.220317949211388697, -24.49999999999999645, 33.89999999999898250 ) ) ;
#9710 = CARTESIAN_POINT ( 'NONE',  ( 6.783865662978154631, -12.50000000000001776, 6.350000000000022737 ) ) ;
#9711 = CARTESIAN_POINT ( 'NONE',  ( -3.536270398786467428, -16.87499999999994316, 2.255140518769849223E-14 ) ) ;
#9712 = LINE ( 'NONE', #854, #10422 ) ;
#9713 = ORIENTED_EDGE ( 'NONE', *, *, #8606, .F. ) ;
#9714 = FACE_OUTER_BOUND ( 'NONE', #800, .T. ) ;
#9715 = ORIENTED_EDGE ( 'NONE', *, *, #897, .F. ) ;
#9716 = AXIS2_PLACEMENT_3D ( 'NONE', #647, #10506, #8669 ) ;
#9717 = EDGE_CURVE ( 'NONE', #9599, #11065, #11544, .T. ) ;
#9718 = ORIENTED_EDGE ( 'NONE', *, *, #8130, .F. ) ;
#9719 = VECTOR ( 'NONE', #5339, 1000.000000000000000 ) ;
#9720 = VECTOR ( 'NONE', #10177, 1000.000000000000000 ) ;
#9721 = DIRECTION ( 'NONE',  ( -0.000000000000000000, 0.000000000000000000, 1.000000000000000000 ) ) ;
#9722 = DIRECTION ( 'NONE',  ( 0.5000000000000001110, 0.8660254037844385966, 0.000000000000000000 ) ) ;
#9723 = ORIENTED_EDGE ( 'NONE', *, *, #553, .F. ) ;
#9725 = DIRECTION ( 'NONE',  ( 0.000000000000000000, -0.000000000000000000, -1.000000000000000000 ) ) ;
#9724 = CARTESIAN_POINT ( 'NONE',  ( -7.866397417708659745, 2.874999999999990230, 2.255140518769849223E-14 ) ) ;
#9726 = EDGE_CURVE ( 'NONE', #4717, #8262, #2686, .T. ) ;
#9727 = DIRECTION ( 'NONE',  ( -0.8660254037844385966, -0.5000000000000001110, 0.000000000000000000 ) ) ;
#9728 = DIRECTION ( 'NONE',  ( 0.000000000000000000, 0.000000000000000000, -1.000000000000000000 ) ) ;
#9729 = VECTOR ( 'NONE', #2223, 1000.000000000000000 ) ;
#9730 = EDGE_CURVE ( 'NONE', #10688, #2931, #7885, .T. ) ;
#9731 = DIRECTION ( 'NONE',  ( 0.5000000000000001110, -0.8660254037844385966, 0.000000000000000000 ) ) ;
#9732 = EDGE_CURVE ( 'NONE', #10987, #9407, #7062, .T. ) ;
#9733 = LINE ( 'NONE', #7894, #5797 ) ;
#9734 = VERTEX_POINT ( 'NONE', #8000 ) ;
#9735 = ORIENTED_EDGE ( 'NONE', *, *, #2114, .F. ) ;
#9736 = AXIS2_PLACEMENT_3D ( 'NONE', #5638, #9232, #1153 ) ;
#9737 = EDGE_LOOP ( 'NONE', ( #6896, #3363, #6416, #7466 ) ) ;
#9738 = ORIENTED_EDGE ( 'NONE', *, *, #7322, .F. ) ;
#9739 = LINE ( 'NONE', #52, #9124 ) ;
#9740 = AXIS2_PLACEMENT_3D ( 'NONE', #1653, #6245, #9965 ) ;
#9741 = PLANE ( 'NONE',  #11448 ) ;
#9742 = DIRECTION ( 'NONE',  ( 0.000000000000000000, 0.000000000000000000, 1.000000000000000000 ) ) ;
#9743 = PLANE ( 'NONE',  #5566 ) ;
#9744 = ORIENTED_EDGE ( 'NONE', *, *, #2912, .T. ) ;
#9745 = ORIENTED_EDGE ( 'NONE', *, *, #2115, .F. ) ;
#9746 = VERTEX_POINT ( 'NONE', #3528 ) ;
#9747 = ORIENTED_EDGE ( 'NONE', *, *, #8404, .F. ) ;
#9748 = EDGE_CURVE ( 'NONE', #10632, #11665, #4753, .T. ) ;
#9749 = LINE ( 'NONE', #7312, #9468 ) ;
#9750 = FACE_OUTER_BOUND ( 'NONE', #1108, .T. ) ;
#9751 = PLANE ( 'NONE',  #6490 ) ;
#9752 = CARTESIAN_POINT ( 'NONE',  ( -6.423021744734596084, -5.374999999999985789, 2.255140518769849223E-14 ) ) ;
#9753 = CARTESIAN_POINT ( 'NONE',  ( -12.05218686933346461, 14.37499999999994138, 2.255140518769849223E-14 ) ) ;
#9754 = ORIENTED_EDGE ( 'NONE', *, *, #8911, .T. ) ;
#9755 = LINE ( 'NONE', #779, #9537 ) ;
#9756 = DIRECTION ( 'NONE',  ( 0.000000000000000000, 0.000000000000000000, 1.000000000000000000 ) ) ;
#9757 = DIRECTION ( 'NONE',  ( 0.000000000000000000, 0.000000000000000000, 1.000000000000000000 ) ) ;
#9758 = VECTOR ( 'NONE', #10870, 1000.000000000000000 ) ;
#9759 = VECTOR ( 'NONE', #5668, 1000.000000000000000 ) ;
#9760 = ORIENTED_EDGE ( 'NONE', *, *, #3304, .T. ) ;
#9761 = ORIENTED_EDGE ( 'NONE', *, *, #6403, .T. ) ;
#9762 = CARTESIAN_POINT ( 'NONE',  ( 1.220317949234429156, 7.500000000000017764, 29.40000000000003766 ) ) ;
#9763 = DIRECTION ( 'NONE',  ( -0.5000000000000002220, 0.8660254037844384856, 0.000000000000000000 ) ) ;
#9764 = CARTESIAN_POINT ( 'NONE',  ( 1.443375672974060997, 3.249999999999976463, 2.255140518769849223E-14 ) ) ;
#9765 = CARTESIAN_POINT ( 'NONE',  ( -7.264682050764862176, 7.500000000000020428, 31.15000000000001279 ) ) ;
#9767 = CARTESIAN_POINT ( 'NONE',  ( -7.300682423332677473, 34.17780897597563694, 3.350000000000019629 ) ) ;
#9766 = DIRECTION ( 'NONE',  ( 0.4999999999999997224, 0.8660254037844387076, 0.000000000000000000 ) ) ;
#9768 = DIRECTION ( 'NONE',  ( -2.118746230200681237E-16, 1.000000000000000000, 0.000000000000000000 ) ) ;
#9769 = AXIS2_PLACEMENT_3D ( 'NONE', #9190, #8421, #10957 ) ;
#9770 = LINE ( 'NONE', #1683, #11346 ) ;
#9771 = ORIENTED_EDGE ( 'NONE', *, *, #9639, .F. ) ;
#9772 = CARTESIAN_POINT ( 'NONE',  ( -12.96626054182323173, -1.291777957386626596, 0.000000000000000000 ) ) ;
#9773 = EDGE_CURVE ( 'NONE', #8284, #5547, #1097, .T. ) ;
#9774 = ORIENTED_EDGE ( 'NONE', *, *, #11434, .F. ) ;
#9775 = EDGE_CURVE ( 'NONE', #1796, #3537, #3753, .T. ) ;
#9776 = VERTEX_POINT ( 'NONE', #4699 ) ;
#9777 = VECTOR ( 'NONE', #4811, 1000.000000000000000 ) ;
#9778 = DIRECTION ( 'NONE',  ( -0.000000000000000000, 0.7071067811865487940, 0.7071067811865462405 ) ) ;
#9779 = DIRECTION ( 'NONE',  ( 0.000000000000000000, 1.000000000000000000, 0.000000000000000000 ) ) ;
#9781 = FACE_OUTER_BOUND ( 'NONE', #1029, .T. ) ;
#9780 = LINE ( 'NONE', #925, #10282 ) ;
#9782 = EDGE_CURVE ( 'NONE', #5957, #729, #5525, .T. ) ;
#9783 = DIRECTION ( 'NONE',  ( 0.5000000000000001110, -0.8660254037844385966, 0.000000000000000000 ) ) ;
#9784 = VECTOR ( 'NONE', #10536, 1000.000000000000000 ) ;
#9785 = DIRECTION ( 'NONE',  ( 0.5000000000000001110, 0.8660254037844385966, 0.000000000000000000 ) ) ;
#9786 = ADVANCED_FACE ( 'NONE', ( #7283 ), #6350, .T. ) ;
#9787 = LINE ( 'NONE', #809, #3040 ) ;
#9788 = EDGE_CURVE ( 'NONE', #3703, #7165, #9061, .T. ) ;
#9789 = CARTESIAN_POINT ( 'NONE',  ( 20.78373945817676827, -20.00000000000001776, 6.350000000000022737 ) ) ;
#9790 = ORIENTED_EDGE ( 'NONE', *, *, #189, .F. ) ;
#9791 = VECTOR ( 'NONE', #6666, 1000.000000000000000 ) ;
#9792 = ORIENTED_EDGE ( 'NONE', *, *, #7622, .T. ) ;
#9793 = ADVANCED_FACE ( 'NONE', ( #209 ), #5470, .T. ) ;
#9794 = ORIENTED_EDGE ( 'NONE', *, *, #3560, .T. ) ;
#9795 = EDGE_CURVE ( 'NONE', #85, #680, #3806, .T. ) ;
#9796 = ORIENTED_EDGE ( 'NONE', *, *, #10855, .F. ) ;
#9797 = CYLINDRICAL_SURFACE ( 'NONE', #3065, 2.550000000000000266 ) ;
#9798 = PLANE ( 'NONE',  #5614 ) ;
#9799 = ADVANCED_BREP_SHAPE_REPRESENTATION ( 'WheelCarriage', ( #4978, #7642 ), #5398 ) ;
#9800 = CARTESIAN_POINT ( 'NONE',  ( 2.165063509461094160, 15.99999999999993427, 2.255140518769849223E-14 ) ) ;
#9801 = DIRECTION ( 'NONE',  ( 2.118746230200681237E-16, -1.000000000000000000, 0.000000000000000000 ) ) ;
#9802 = ORIENTED_EDGE ( 'NONE', *, *, #6829, .T. ) ;
#9803 = ORIENTED_EDGE ( 'NONE', *, *, #3, .F. ) ;
#9804 = ORIENTED_EDGE ( 'NONE', *, *, #2993, .F. ) ;
#9805 = VERTEX_POINT ( 'NONE', #6521 ) ;
#9806 = VECTOR ( 'NONE', #9970, 1000.000000000000114 ) ;
#9807 = LINE ( 'NONE', #889, #3255 ) ;
#9808 = LINE ( 'NONE', #1663, #8529 ) ;
#9809 = CARTESIAN_POINT ( 'NONE',  ( 11.40266781649511785, 8.999999999999953815, 6.350000000000022737 ) ) ;
#9810 = CARTESIAN_POINT ( 'NONE',  ( -11.40266781649512673, 8.249999999999978684, 2.255140518769849223E-14 ) ) ;
#9811 = CARTESIAN_POINT ( 'NONE',  ( -12.41303078757692191, -18.00000000000001776, 0.000000000000000000 ) ) ;
#9812 = ORIENTED_EDGE ( 'NONE', *, *, #8765, .T. ) ;
#9813 = VECTOR ( 'NONE', #1495, 1000.000000000000000 ) ;
#9814 = CARTESIAN_POINT ( 'NONE',  ( -12.96626054182323173, 17.99999999999996092, -3.649999999999986589 ) ) ;
#9815 = DIRECTION ( 'NONE',  ( 1.000000000000000000, 0.000000000000000000, 0.000000000000000000 ) ) ;
#9816 = VECTOR ( 'NONE', #3613, 1000.000000000000000 ) ;
#9817 = ORIENTED_EDGE ( 'NONE', *, *, #6674, .F. ) ;
#9818 = ORIENTED_EDGE ( 'NONE', *, *, #3283, .F. ) ;
#9819 = CARTESIAN_POINT ( 'NONE',  ( 2.092894725812393553, 8.624999999999966249, 2.255140518769849223E-14 ) ) ;
#9820 = CARTESIAN_POINT ( 'NONE',  ( -3.536270398786467428, -5.374999999999985789, 2.255140518769849223E-14 ) ) ;
#9821 = CARTESIAN_POINT ( 'NONE',  ( 7.368161339686238875, 19.26202979870124921, 3.350000000000019629 ) ) ;
#9822 = DIRECTION ( 'NONE',  ( 0.000000000000000000, 0.000000000000000000, 1.000000000000000000 ) ) ;
#9824 = LINE ( 'NONE', #676, #351 ) ;
#9823 = DIRECTION ( 'NONE',  ( 0.000000000000000000, 1.000000000000000000, -0.000000000000000000 ) ) ;
#9825 = CARTESIAN_POINT ( 'NONE',  ( -1.443375672974070545, 8.999999999999953815, 6.350000000000022737 ) ) ;
#9826 = DIRECTION ( 'NONE',  ( 0.5000000000000001110, -0.8660254037844385966, 0.000000000000000000 ) ) ;
#9827 = ORIENTED_EDGE ( 'NONE', *, *, #2190, .T. ) ;
#9828 = DIRECTION ( 'NONE',  ( 0.4999999999999997224, 0.8660254037844387076, 0.000000000000000000 ) ) ;
#9829 = EDGE_LOOP ( 'NONE', ( #45, #2128, #4663, #4368, #6675, #7784 ) ) ;
#9830 = ORIENTED_EDGE ( 'NONE', *, *, #10779, .F. ) ;
#9831 = CARTESIAN_POINT ( 'NONE',  ( 12.12435565298215145, -18.49999999999992539, 6.350000000000022737 ) ) ;
#9832 = CARTESIAN_POINT ( 'NONE',  ( -2.165063509461099933, 18.49999999999993250, 2.255140518769849223E-14 ) ) ;
#9834 = FACE_OUTER_BOUND ( 'NONE', #11589, .T. ) ;
#9833 = LINE ( 'NONE', #5411, #2924 ) ;
#9835 = CARTESIAN_POINT ( 'NONE',  ( -6.639528095680760522, -18.00000000000001421, -3.649999999999986589 ) ) ;
#9836 = EDGE_CURVE ( 'NONE', #1297, #2058, #2978, .T. ) ;
#9837 = AXIS2_PLACEMENT_3D ( 'NONE', #11021, #10961, #4832 ) ;
#9838 = LINE ( 'NONE', #808, #6949 ) ;
#9839 = FACE_OUTER_BOUND ( 'NONE', #1736, .T. ) ;
#9840 = VERTEX_POINT ( 'NONE', #7400 ) ;
#9841 = ORIENTED_EDGE ( 'NONE', *, *, #5772, .F. ) ;
#9842 = ADVANCED_FACE ( 'NONE', ( #2862 ), #11002, .F. ) ;
#9843 = VECTOR ( 'NONE', #10062, 1000.000000000000000 ) ;
#9844 = EDGE_CURVE ( 'NONE', #599, #9703, #10944, .T. ) ;
#9845 = ORIENTED_EDGE ( 'NONE', *, *, #7816, .F. ) ;
#9846 = AXIS2_PLACEMENT_3D ( 'NONE', #8224, #143, #2854 ) ;
#9847 = EDGE_LOOP ( 'NONE', ( #9686, #2555 ) ) ;
#9848 = EDGE_CURVE ( 'NONE', #8202, #9480, #10179, .T. ) ;
#9849 = DIRECTION ( 'NONE',  ( 0.4999999999999997224, 0.8660254037844387076, 0.000000000000000000 ) ) ;
#9850 = EDGE_CURVE ( 'NONE', #8922, #1091, #6410, .T. ) ;
#9851 = DIRECTION ( 'NONE',  ( 0.000000000000000000, 0.000000000000000000, 1.000000000000000000 ) ) ;
#9852 = PLANE ( 'NONE',  #1256 ) ;
#9853 = LINE ( 'NONE', #3708, #6135 ) ;
#9854 = CIRCLE ( 'NONE', #233, 5.699999999999996625 ) ;
#9855 = ORIENTED_EDGE ( 'NONE', *, *, #3716, .F. ) ;
#9856 = VECTOR ( 'NONE', #5336, 1000.000000000000000 ) ;
#9857 = VERTEX_POINT ( 'NONE', #2919 ) ;
#9858 = ORIENTED_EDGE ( 'NONE', *, *, #10590, .T. ) ;
#9859 = ORIENTED_EDGE ( 'NONE', *, *, #7521, .F. ) ;
#9860 = ORIENTED_EDGE ( 'NONE', *, *, #9000, .T. ) ;
#9861 = FILL_AREA_STYLE ('',( #7915 ) ) ;
#9862 = DIRECTION ( 'NONE',  ( 1.000000000000000000, 0.000000000000000000, 0.000000000000000000 ) ) ;
#9863 = VECTOR ( 'NONE', #3980, 1000.000000000000000 ) ;
#9864 = CARTESIAN_POINT ( 'NONE',  ( 11.40266781649511785, 14.74999999999993072, 2.255140518769849223E-14 ) ) ;
#9865 = DIRECTION ( 'NONE',  ( 0.000000000000000000, 0.000000000000000000, 1.000000000000000000 ) ) ;
#9866 = DIRECTION ( 'NONE',  ( 1.000000000000000000, 0.000000000000000000, -0.000000000000000000 ) ) ;
#9867 = ORIENTED_EDGE ( 'NONE', *, *, #3511, .F. ) ;
#9868 = CARTESIAN_POINT ( 'NONE',  ( -2.886751345948132652, 5.749999999999976907, 6.350000000000022737 ) ) ;
#9869 = CARTESIAN_POINT ( 'NONE',  ( -2.818925648462311528E-15, -19.74999999999993250, 6.350000000000022737 ) ) ;
#9870 = EDGE_CURVE ( 'NONE', #7072, #716, #9290, .T. ) ;
#9871 = VECTOR ( 'NONE', #11590, 1000.000000000000000 ) ;
#9872 = ADVANCED_FACE ( 'NONE', ( #1212 ), #5579, .T. ) ;
#9873 = VERTEX_POINT ( 'NONE', #1034 ) ;
#9874 = VERTEX_POINT ( 'NONE', #4810 ) ;
#9875 = VECTOR ( 'NONE', #5650, 1000.000000000000000 ) ;
#9876 = PLANE ( 'NONE',  #2265 ) ;
#9877 = PLANE ( 'NONE',  #11543 ) ;
#9878 = DIRECTION ( 'NONE',  ( 0.5000000000000001110, -0.8660254037844385966, 0.000000000000000000 ) ) ;
#9879 = CARTESIAN_POINT ( 'NONE',  ( -2.165063509461105706, 6.999999999999965361, 2.255140518769849223E-14 ) ) ;
#9881 = CARTESIAN_POINT ( 'NONE',  ( 2.814582562299422719, -7.374999999999972466, 2.255140518769849223E-14 ) ) ;
#9880 = FACE_BOUND ( 'NONE', #2052, .T. ) ;
#9882 = LINE ( 'NONE', #5286, #7702 ) ;
#9883 = CARTESIAN_POINT ( 'NONE',  ( 4.979646071760526205, 16.87499999999994671, 6.350000000000022737 ) ) ;
#9884 = ORIENTED_EDGE ( 'NONE', *, *, #10502, .F. ) ;
#9885 = CIRCLE ( 'NONE', #11570, 1.750000000000001554 ) ;
#9886 = DIRECTION ( 'NONE',  ( 0.000000000000000000, -0.000000000000000000, -1.000000000000000000 ) ) ;
#9887 = ORIENTED_EDGE ( 'NONE', *, *, #8109, .T. ) ;
#9888 = ORIENTED_EDGE ( 'NONE', *, *, #1253, .T. ) ;
#9889 = DIRECTION ( 'NONE',  ( -1.000000000000000000, 0.000000000000000000, 0.000000000000000000 ) ) ;
#9890 = CARTESIAN_POINT ( 'NONE',  ( 7.794228634059952476, 1.249999999999988010, 2.255140518769849223E-14 ) ) ;
#9892 = DIRECTION ( 'NONE',  ( 0.4999999999999997224, 0.8660254037844387076, 0.000000000000000000 ) ) ;
#9891 = CARTESIAN_POINT ( 'NONE',  ( -12.96626054182323173, 17.99999999999996092, -3.649999999999986589 ) ) ;
#9893 = LINE ( 'NONE', #9835, #527 ) ;
#9894 = LINE ( 'NONE', #867, #9014 ) ;
#9895 = PLANE ( 'NONE',  #8959 ) ;
#9896 = VECTOR ( 'NONE', #10975, 1000.000000000000114 ) ;
#9897 = ORIENTED_EDGE ( 'NONE', *, *, #11450, .F. ) ;
#9898 = EDGE_CURVE ( 'NONE', #11673, #1869, #10009, .T. ) ;
#9899 = ORIENTED_EDGE ( 'NONE', *, *, #3679, .T. ) ;
#9900 = ORIENTED_EDGE ( 'NONE', *, *, #5329, .F. ) ;
#9901 = DIRECTION ( 'NONE',  ( -0.000000000000000000, 0.000000000000000000, -1.000000000000000000 ) ) ;
#9902 = VECTOR ( 'NONE', #2994, 1000.000000000000000 ) ;
#9904 = VECTOR ( 'NONE', #10949, 1000.000000000000000 ) ;
#9903 = DIRECTION ( 'NONE',  ( 0.000000000000000000, 0.000000000000000000, -1.000000000000000000 ) ) ;
#9905 = CARTESIAN_POINT ( 'NONE',  ( -12.12435565298216211, 18.49999999999993250, 2.255140518769849223E-14 ) ) ;
#9906 = FACE_OUTER_BOUND ( 'NONE', #408, .T. ) ;
#9907 = VECTOR ( 'NONE', #2227, 1000.000000000000000 ) ;
#9908 = ORIENTED_EDGE ( 'NONE', *, *, #1186, .T. ) ;
#9909 = LINE ( 'NONE', #11340, #786 ) ;
#9910 = ADVANCED_FACE ( 'NONE', ( #320 ), #10822, .T. ) ;
#9911 = ORIENTED_EDGE ( 'NONE', *, *, #3560, .F. ) ;
#9912 = ORIENTED_EDGE ( 'NONE', *, *, #7690, .F. ) ;
#9913 = AXIS2_PLACEMENT_3D ( 'NONE', #1021, #2905, #6504 ) ;
#9914 = ORIENTED_EDGE ( 'NONE', *, *, #10135, .F. ) ;
#9915 = EDGE_CURVE ( 'NONE', #9324, #1161, #3036, .T. ) ;
#9916 = ADVANCED_FACE ( 'NONE', ( #4928 ), #440, .T. ) ;
#9917 = ORIENTED_EDGE ( 'NONE', *, *, #11594, .F. ) ;
#9918 = CARTESIAN_POINT ( 'NONE',  ( -21.84310355970654172, -12.50000000000001776, 46.84999999999998721 ) ) ;
#9919 = LINE ( 'NONE', #11624, #9759 ) ;
#9920 = CARTESIAN_POINT ( 'NONE',  ( -9.959292143521061291, -8.999999999999975131, 6.350000000000022737 ) ) ;
#9921 = FACE_BOUND ( 'NONE', #10624, .T. ) ;
#9922 = VERTEX_POINT ( 'NONE', #1387 ) ;
#9923 = SURFACE_SIDE_STYLE ('',( #1892 ) ) ;
#9924 = EDGE_CURVE ( 'NONE', #5315, #9296, #2207, .T. ) ;
#9925 = ADVANCED_FACE ( 'NONE', ( #3975 ), #6636, .F. ) ;
#9926 = DIRECTION ( 'NONE',  ( 0.000000000000000000, -1.000000000000000000, 0.000000000000000000 ) ) ;
#9927 = VECTOR ( 'NONE', #399, 1000.000000000000000 ) ;
#9928 = EDGE_CURVE ( 'NONE', #8268, #6174, #5750, .T. ) ;
#9929 = ORIENTED_EDGE ( 'NONE', *, *, #1547, .T. ) ;
#9930 = ORIENTED_EDGE ( 'NONE', *, *, #1830, .T. ) ;
#9931 = CARTESIAN_POINT ( 'NONE',  ( 7.144709581221625250, 4.124999999999976907, 2.255140518769849223E-14 ) ) ;
#9932 = DIRECTION ( 'NONE',  ( -1.000000000000000000, -0.000000000000000000, -0.000000000000000000 ) ) ;
#9933 = CARTESIAN_POINT ( 'NONE',  ( -30.34310355970660922, 32.74999999999986500, 6.350000000000022737 ) ) ;
#9934 = EDGE_CURVE ( 'NONE', #7055, #8650, #10358, .T. ) ;
#9935 = ADVANCED_FACE ( 'NONE', ( #6870 ), #1329, .F. ) ;
#9936 = CARTESIAN_POINT ( 'NONE',  ( -4.979646071760531534, -17.62499999999993960, 2.255140518769849223E-14 ) ) ;
#9938 = PLANE ( 'NONE',  #10712 ) ;
#9937 = DIRECTION ( 'NONE',  ( 1.000000000000000000, 0.000000000000000000, 0.000000000000000000 ) ) ;
#9939 = CARTESIAN_POINT ( 'NONE',  ( -2.818925648462311528E-15, 14.74999999999993072, 2.255140518769849223E-14 ) ) ;
#9940 = DIRECTION ( 'NONE',  ( -0.000000000000000000, 0.000000000000000000, -1.000000000000000000 ) ) ;
#9941 = ORIENTED_EDGE ( 'NONE', *, *, #2694, .T. ) ;
#9942 = VECTOR ( 'NONE', #6244, 1000.000000000000000 ) ;
#9943 = CARTESIAN_POINT ( 'NONE',  ( 2.814582562299419166, 9.874999999999953815, 2.255140518769849223E-14 ) ) ;
#9944 = EDGE_LOOP ( 'NONE', ( #7701, #1299, #609 ) ) ;
#9945 = ORIENTED_EDGE ( 'NONE', *, *, #3085, .T. ) ;
#9946 = DIRECTION ( 'NONE',  ( 0.8660254037844385966, -0.5000000000000001110, 0.000000000000000000 ) ) ;
#9947 = CARTESIAN_POINT ( 'NONE',  ( -7.866397417708659745, 8.624999999999966249, 2.255140518769849223E-14 ) ) ;
#9948 = AXIS2_PLACEMENT_3D ( 'NONE', #1748, #9727, #9783 ) ;
#9950 = CARTESIAN_POINT ( 'NONE',  ( 0.000000000000000000, 18.00000000000001421, 0.000000000000000000 ) ) ;
#9949 = CARTESIAN_POINT ( 'NONE',  ( -9.959292143521061291, 8.999999999999953815, 6.350000000000022737 ) ) ;
#9951 = CARTESIAN_POINT ( 'NONE',  ( 6.423021744734589866, 0.3749999999999879541, 6.350000000000022737 ) ) ;
#9952 = CARTESIAN_POINT ( 'NONE',  ( -12.96626054182322640, -10.20822204261330768, 6.350000000000022737 ) ) ;
#9953 = DIRECTION ( 'NONE',  ( 0.000000000000000000, 0.000000000000000000, 1.000000000000000000 ) ) ;
#9954 = ORIENTED_EDGE ( 'NONE', *, *, #9788, .F. ) ;
#9955 = EDGE_CURVE ( 'NONE', #10386, #5250, #7575, .T. ) ;
#9956 = VECTOR ( 'NONE', #8569, 1000.000000000000000 ) ;
#9957 = VERTEX_POINT ( 'NONE', #11294 ) ;
#9958 = CARTESIAN_POINT ( 'NONE',  ( 7.505553499465158040, 17.99999999999996803, 6.350000000000022737 ) ) ;
#9959 = ORIENTED_EDGE ( 'NONE', *, *, #968, .F. ) ;
#9960 = ORIENTED_EDGE ( 'NONE', *, *, #4247, .F. ) ;
#9961 = VECTOR ( 'NONE', #3458, 1000.000000000000000 ) ;
#9962 = CARTESIAN_POINT ( 'NONE',  ( -7.144709581221632355, 13.12499999999994316, 2.255140518769849223E-14 ) ) ;
#9963 = ADVANCED_FACE ( 'NONE', ( #10408 ), #4041, .F. ) ;
#9964 = CARTESIAN_POINT ( 'NONE',  ( 2.814582562299429380, -9.874999999999962697, 2.255140518769849223E-14 ) ) ;
#9965 = DIRECTION ( 'NONE',  ( -0.5000000000000001110, -0.8660254037844385966, 0.000000000000000000 ) ) ;
#9966 = VECTOR ( 'NONE', #11283, 1000.000000000000000 ) ;
#9967 = CARTESIAN_POINT ( 'NONE',  ( 2.165063509461094160, 15.99999999999993427, 2.255140518769849223E-14 ) ) ;
#9968 = VERTEX_POINT ( 'NONE', #8582 ) ;
#9969 = CARTESIAN_POINT ( 'NONE',  ( 0.000000000000000000, 18.00000000000001421, 0.000000000000000000 ) ) ;
#9970 = DIRECTION ( 'NONE',  ( 0.4999999999999997224, 0.8660254037844387076, 0.000000000000000000 ) ) ;
#9971 = VERTEX_POINT ( 'NONE', #499 ) ;
#9972 = ORIENTED_EDGE ( 'NONE', *, *, #3443, .T. ) ;
#9973 = VECTOR ( 'NONE', #737, 1000.000000000000000 ) ;
#9974 = EDGE_LOOP ( 'NONE', ( #6497, #2666, #10923, #7927 ) ) ;
#9975 = VECTOR ( 'NONE', #1072, 1000.000000000000000 ) ;
#9976 = ORIENTED_EDGE ( 'NONE', *, *, #8614, .F. ) ;
#9977 = CARTESIAN_POINT ( 'NONE',  ( -12.84604348946919039, -5.749999999999974243, 2.255140518769849223E-14 ) ) ;
#9978 = FACE_OUTER_BOUND ( 'NONE', #5806, .T. ) ;
#9979 = PLANE ( 'NONE',  #6985 ) ;
#9980 = DIRECTION ( 'NONE',  ( 0.000000000000000000, -0.000000000000000000, -1.000000000000000000 ) ) ;
#9981 = ORIENTED_EDGE ( 'NONE', *, *, #10790, .T. ) ;
#9982 = EDGE_CURVE ( 'NONE', #7599, #1267, #3220, .T. ) ;
#9983 = ADVANCED_FACE ( 'NONE', ( #2323 ), #9529, .F. ) ;
#9984 = CARTESIAN_POINT ( 'NONE',  ( -11.40266781649512495, 8.999999999999953815, 6.350000000000022737 ) ) ;
#9985 = ORIENTED_EDGE ( 'NONE', *, *, #8696, .F. ) ;
#9986 = VECTOR ( 'NONE', #4329, 1000.000000000000000 ) ;
#9987 = ADVANCED_FACE ( 'NONE', ( #10299 ), #11175, .F. ) ;
#9988 = EDGE_LOOP ( 'NONE', ( #5823, #8228, #420, #4192 ) ) ;
#9989 = VERTEX_POINT ( 'NONE', #5990 ) ;
#9990 = EDGE_CURVE ( 'NONE', #4272, #6199, #5111, .T. ) ;
#9991 = CARTESIAN_POINT ( 'NONE',  ( -30.34310355970660211, -3.999999999999989786, 46.85000000000001563 ) ) ;
#9992 = EDGE_CURVE ( 'NONE', #2021, #10704, #11230, .T. ) ;
#9993 = DIRECTION ( 'NONE',  ( 0.5000000000000001110, 0.8660254037844385966, 0.000000000000000000 ) ) ;
#9994 = EDGE_CURVE ( 'NONE', #2041, #987, #3096, .T. ) ;
#9995 = CARTESIAN_POINT ( 'NONE',  ( -12.96626054182322285, -12.79177795738660173, -3.649999999999986589 ) ) ;
#9996 = ORIENTED_EDGE ( 'NONE', *, *, #2123, .T. ) ;
#9997 = EDGE_CURVE ( 'NONE', #6073, #6547, #4336, .T. ) ;
#9999 = LINE ( 'NONE', #8332, #2039 ) ;
#9998 = FACE_BOUND ( 'NONE', #6588, .T. ) ;
#10000 = VECTOR ( 'NONE', #8031, 1000.000000000000000 ) ;
#10001 = CARTESIAN_POINT ( 'NONE',  ( -23.79626054182323003, 20.00000000000001776, 4.350000000000028955 ) ) ;
#10002 = DIRECTION ( 'NONE',  ( -0.4999999999999997780, -0.8660254037844387076, 0.000000000000000000 ) ) ;
#10003 = ORIENTED_EDGE ( 'NONE', *, *, #1781, .T. ) ;
#10004 = DIRECTION ( 'NONE',  ( -0.000000000000000000, 0.000000000000000000, 1.000000000000000000 ) ) ;
#10005 = EDGE_LOOP ( 'NONE', ( #1249, #477, #4897, #11611 ) ) ;
#10006 = EDGE_LOOP ( 'NONE', ( #1451, #6706, #134, #5193 ) ) ;
#10007 = DIRECTION ( 'NONE',  ( 0.000000000000000000, 0.000000000000000000, 1.000000000000000000 ) ) ;
#10008 = DIRECTION ( 'NONE',  ( 0.000000000000000000, 0.000000000000000000, 1.000000000000000000 ) ) ;
#10010 = LINE ( 'NONE', #4525, #7994 ) ;
#10009 = LINE ( 'NONE', #8407, #7451 ) ;
#10011 = CARTESIAN_POINT ( 'NONE',  ( -7.794228634059961358, 12.74999999999994138, 2.255140518769849223E-14 ) ) ;
#10012 = DIRECTION ( 'NONE',  ( 0.000000000000000000, -1.000000000000000000, 0.000000000000000000 ) ) ;
#10013 = CARTESIAN_POINT ( 'NONE',  ( -12.96626054182323173, 0.000000000000000000, 0.000000000000000000 ) ) ;
#10014 = PLANE ( 'NONE',  #9527 ) ;
#10015 = EDGE_CURVE ( 'NONE', #7524, #3460, #10753, .T. ) ;
#10016 = ORIENTED_EDGE ( 'NONE', *, *, #7356, .T. ) ;
#10017 = ADVANCED_FACE ( 'NONE', ( #8934 ), #7103, .T. ) ;
#10018 = ORIENTED_EDGE ( 'NONE', *, *, #994, .T. ) ;
#10019 = DIRECTION ( 'NONE',  ( -0.000000000000000000, 0.000000000000000000, 1.000000000000000000 ) ) ;
#10020 = VERTEX_POINT ( 'NONE', #4454 ) ;
#10021 = ORIENTED_EDGE ( 'NONE', *, *, #6324, .F. ) ;
#10022 = VECTOR ( 'NONE', #3326, 1000.000000000000000 ) ;
#10023 = CARTESIAN_POINT ( 'NONE',  ( -6.639528095680737430, 17.99999999999996447, 3.350000000000019629 ) ) ;
#10024 = PLANE ( 'NONE',  #1280 ) ;
#10025 = PLANE ( 'NONE',  #4464 ) ;
#10026 = CARTESIAN_POINT ( 'NONE',  ( 9.959292143521050633, 2.499999999999976019, 2.255140518769849223E-14 ) ) ;
#10027 = VERTEX_POINT ( 'NONE', #11583 ) ;
#10028 = CARTESIAN_POINT ( 'NONE',  ( 7.144709581221628802, 15.62499999999993072, 2.255140518769849223E-14 ) ) ;
#10029 = DIRECTION ( 'NONE',  ( 0.5000000000000001110, -0.8660254037844385966, 0.000000000000000000 ) ) ;
#10030 = ORIENTED_EDGE ( 'NONE', *, *, #7748, .F. ) ;
#10031 = ORIENTED_EDGE ( 'NONE', *, *, #6313, .F. ) ;
#10032 = VECTOR ( 'NONE', #5522, 1000.000000000000000 ) ;
#10033 = VERTEX_POINT ( 'NONE', #7872 ) ;
#10034 = ORIENTED_EDGE ( 'NONE', *, *, #5183, .F. ) ;
#10035 = CARTESIAN_POINT ( 'NONE',  ( -12.41303078757695921, 17.99999999999996092, -3.649999999999986589 ) ) ;
#10036 = PLANE ( 'NONE',  #7115 ) ;
#10037 = VECTOR ( 'NONE', #5148, 1000.000000000000000 ) ;
#10038 = LINE ( 'NONE', #1129, #5458 ) ;
#10039 = FACE_BOUND ( 'NONE', #6898, .T. ) ;
#10040 = ORIENTED_EDGE ( 'NONE', *, *, #11499, .F. ) ;
#10041 = CARTESIAN_POINT ( 'NONE',  ( 0.000000000000000000, 0.000000000000000000, 0.000000000000000000 ) ) ;
#10042 = ORIENTED_EDGE ( 'NONE', *, *, #3742, .F. ) ;
#10043 = CIRCLE ( 'NONE', #10978, 3.700000000000001954 ) ;
#10044 = ORIENTED_EDGE ( 'NONE', *, *, #6117, .T. ) ;
#10045 = VERTEX_POINT ( 'NONE', #5338 ) ;
#10046 = EDGE_CURVE ( 'NONE', #7191, #7055, #7932, .T. ) ;
#10047 = CARTESIAN_POINT ( 'NONE',  ( 1.443375672974062107, -19.74999999999993250, 3.350000000000019629 ) ) ;
#10048 = CARTESIAN_POINT ( 'NONE',  ( 12.41303078757693967, 17.99999999999997158, -3.649999999999986589 ) ) ;
#10049 = DIRECTION ( 'NONE',  ( -0.8660254037844385966, -0.5000000000000001110, 0.000000000000000000 ) ) ;
#10050 = EDGE_LOOP ( 'NONE', ( #1529, #6560, #6730, #9252, #9796, #7482 ) ) ;
#10052 = CARTESIAN_POINT ( 'NONE',  ( 7.144709581221622585, -15.62499999999993960, 2.255140518769849223E-14 ) ) ;
#10051 = DIRECTION ( 'NONE',  ( 0.5000000000000001110, -0.8660254037844385966, 0.000000000000000000 ) ) ;
#10053 = CARTESIAN_POINT ( 'NONE',  ( -6.423021744734614735, 17.62499999999994671, 2.255140518769849223E-14 ) ) ;
#10054 = CARTESIAN_POINT ( 'NONE',  ( -7.144709581221639461, 18.87499999999993250, 2.255140518769849223E-14 ) ) ;
#10055 = ORIENTED_EDGE ( 'NONE', *, *, #6459, .T. ) ;
#10056 = EDGE_CURVE ( 'NONE', #10421, #4775, #675, .T. ) ;
#10057 = DIRECTION ( 'NONE',  ( 1.000000000000000000, 0.000000000000000000, 0.000000000000000000 ) ) ;
#10058 = VERTEX_POINT ( 'NONE', #5168 ) ;
#10059 = VECTOR ( 'NONE', #9135, 1000.000000000000000 ) ;
#10060 = EDGE_CURVE ( 'NONE', #4592, #9922, #2561, .T. ) ;
#10061 = EDGE_LOOP ( 'NONE', ( #10993, #3350, #5701, #61 ) ) ;
#10062 = DIRECTION ( 'NONE',  ( 0.000000000000000000, 0.000000000000000000, -1.000000000000000000 ) ) ;
#10063 = FACE_OUTER_BOUND ( 'NONE', #10526, .T. ) ;
#10065 = DIRECTION ( 'NONE',  ( 1.000000000000000000, 0.000000000000000000, 0.000000000000000000 ) ) ;
#10064 = DIRECTION ( 'NONE',  ( 0.4999999999999997780, 0.8660254037844388186, 0.000000000000000000 ) ) ;
#10066 = DIRECTION ( 'NONE',  ( 0.000000000000000000, 0.000000000000000000, 1.000000000000000000 ) ) ;
#10067 = LINE ( 'NONE', #8234, #1298 ) ;
#10068 = AXIS2_PLACEMENT_3D ( 'NONE', #7144, #10629, #4492 ) ;
#10069 = LINE ( 'NONE', #4871, #2617 ) ;
#10070 = DIRECTION ( 'NONE',  ( 0.000000000000000000, 1.000000000000000000, 0.000000000000000000 ) ) ;
#10071 = ADVANCED_FACE ( 'NONE', ( #4396 ), #6516, .F. ) ;
#10072 = ORIENTED_EDGE ( 'NONE', *, *, #4850, .F. ) ;
#10073 = ORIENTED_EDGE ( 'NONE', *, *, #4099, .F. ) ;
#10074 = CARTESIAN_POINT ( 'NONE',  ( -3.536270398786467428, -16.87499999999994316, 2.255140518769849223E-14 ) ) ;
#10075 = ORIENTED_EDGE ( 'NONE', *, *, #6028, .F. ) ;
#10076 = EDGE_CURVE ( 'NONE', #7718, #6488, #4277, .T. ) ;
#10077 = ORIENTED_EDGE ( 'NONE', *, *, #10835, .T. ) ;
#10078 = CARTESIAN_POINT ( 'NONE',  ( -12.77387470582048756, -15.62499999999992717, 2.255140518769849223E-14 ) ) ;
#10079 = EDGE_CURVE ( 'NONE', #64, #828, #4216, .T. ) ;
#10080 = ADVANCED_FACE ( 'NONE', ( #2671 ), #6992, .F. ) ;
#10081 = DIRECTION ( 'NONE',  ( -0.8660254037844385966, -0.5000000000000001110, 0.000000000000000000 ) ) ;
#10082 = DIRECTION ( 'NONE',  ( 0.5000000000000001110, -0.8660254037844385966, 0.000000000000000000 ) ) ;
#10083 = DIRECTION ( 'NONE',  ( 0.5000000000000001110, -0.8660254037844385966, 0.000000000000000000 ) ) ;
#10084 = VERTEX_POINT ( 'NONE', #9765 ) ;
#10085 = CIRCLE ( 'NONE', #3488, 2.550000000000000266 ) ;
#10086 = LINE ( 'NONE', #1228, #2858 ) ;
#10087 = CARTESIAN_POINT ( 'NONE',  ( -7.300682423332665039, -19.14515288713714014, 6.350000000000022737 ) ) ;
#10088 = EDGE_LOOP ( 'NONE', ( #2755, #7902, #8370, #2361, #8850 ) ) ;
#10089 = ORIENTED_EDGE ( 'NONE', *, *, #3643, .F. ) ;
#10090 = VERTEX_POINT ( 'NONE', #1678 ) ;
#10091 = VECTOR ( 'NONE', #11055, 1000.000000000000000 ) ;
#10092 = EDGE_LOOP ( 'NONE', ( #7803, #684 ) ) ;
#10093 = AXIS2_PLACEMENT_3D ( 'NONE', #4874, #6474, #3100 ) ;
#10094 = AXIS2_PLACEMENT_3D ( 'NONE', #881, #5542, #10731 ) ;
#10095 = LINE ( 'NONE', #6552, #11166 ) ;
#10096 = FACE_OUTER_BOUND ( 'NONE', #10296, .T. ) ;
#10097 = DIRECTION ( 'NONE',  ( 0.4999999999999997780, 0.8660254037844388186, 0.000000000000000000 ) ) ;
#10098 = FACE_BOUND ( 'NONE', #9829, .T. ) ;
#10099 = VERTEX_POINT ( 'NONE', #10534 ) ;
#10100 = VECTOR ( 'NONE', #11221, 1000.000000000000000 ) ;
#10101 = ORIENTED_EDGE ( 'NONE', *, *, #11332, .T. ) ;
#10102 = MECHANICAL_DESIGN_GEOMETRIC_PRESENTATION_REPRESENTATION (  '', ( #1247 ), #2184 ) ;
#10103 = EDGE_CURVE ( 'NONE', #328, #8645, #790, .T. ) ;
#10104 = EDGE_LOOP ( 'NONE', ( #1903, #1673, #2125, #4313, #4136, #3873 ) ) ;
#10105 = ORIENTED_EDGE ( 'NONE', *, *, #6081, .F. ) ;
#10106 = VECTOR ( 'NONE', #367, 999.9999999999998863 ) ;
#10107 = CARTESIAN_POINT ( 'NONE',  ( -3.536270398786454550, 17.62499999999994671, 2.255140518769849223E-14 ) ) ;
#10108 = LINE ( 'NONE', #10984, #10973 ) ;
#10109 = CARTESIAN_POINT ( 'NONE',  ( 1.220317949234430710, 7.500000000000017764, 16.65000000000003766 ) ) ;
#10110 = ORIENTED_EDGE ( 'NONE', *, *, #1970, .T. ) ;
#10111 = CIRCLE ( 'NONE', #3337, 12.74999999999999822 ) ;
#10113 = DIRECTION ( 'NONE',  ( 0.000000000000000000, 0.000000000000000000, 1.000000000000000000 ) ) ;
#10112 = LINE ( 'NONE', #2851, #674 ) ;
#10114 = LINE ( 'NONE', #5628, #10539 ) ;
#10115 = LINE ( 'NONE', #2140, #9275 ) ;
#10116 = ORIENTED_EDGE ( 'NONE', *, *, #4872, .F. ) ;
#10117 = LINE ( 'NONE', #2028, #4779 ) ;
#10118 = VERTEX_POINT ( 'NONE', #3339 ) ;
#10119 = CARTESIAN_POINT ( 'NONE',  ( -4.716260541823220187, 26.19999999999997442, 0.000000000000000000 ) ) ;
#10120 = CARTESIAN_POINT ( 'NONE',  ( 2.165063509461100377, -15.99999999999994138, 2.255140518769849223E-14 ) ) ;
#10121 = AXIS2_PLACEMENT_3D ( 'NONE', #3465, #9779, #5350 ) ;
#10122 = CARTESIAN_POINT ( 'NONE',  ( -12.96626054182322463, -4.458222042613320113, -3.649999999999986589 ) ) ;
#10123 = CARTESIAN_POINT ( 'NONE',  ( -12.96626054182322818, -4.458222042613333436, 6.350000000000022737 ) ) ;
#10124 = PLANE ( 'NONE',  #7499 ) ;
#10125 = ADVANCED_FACE ( 'NONE', ( #2509 ), #6109, .F. ) ;
#10126 = FACE_OUTER_BOUND ( 'NONE', #9097, .T. ) ;
#10127 = EDGE_CURVE ( 'NONE', #760, #7193, #10698, .T. ) ;
#10128 = CARTESIAN_POINT ( 'NONE',  ( 9.705317949235135799, 7.500000000000020428, 31.14999999999995595 ) ) ;
#10129 = ORIENTED_EDGE ( 'NONE', *, *, #2498, .F. ) ;
#10130 = VECTOR ( 'NONE', #8802, 1000.000000000000000 ) ;
#10131 = ORIENTED_EDGE ( 'NONE', *, *, #2569, .F. ) ;
#10132 = PLANE ( 'NONE',  #47 ) ;
#10133 = ORIENTED_EDGE ( 'NONE', *, *, #7962, .T. ) ;
#10134 = ORIENTED_EDGE ( 'NONE', *, *, #3210, .F. ) ;
#10135 = EDGE_CURVE ( 'NONE', #9225, #8473, #9653, .T. ) ;
#10136 = EDGE_CURVE ( 'NONE', #4381, #1267, #5392, .T. ) ;
#10138 = CARTESIAN_POINT ( 'NONE',  ( 20.78373945817676827, 20.00000000000001776, 4.350000000000027178 ) ) ;
#10137 = DIRECTION ( 'NONE',  ( 0.000000000000000000, 0.000000000000000000, 1.000000000000000000 ) ) ;
#10139 = EDGE_CURVE ( 'NONE', #10305, #7310, #8049, .T. ) ;
#10140 = EDGE_CURVE ( 'NONE', #9557, #1016, #3616, .T. ) ;
#10141 = FACE_OUTER_BOUND ( 'NONE', #10433, .T. ) ;
#10142 = LINE ( 'NONE', #3883, #5407 ) ;
#10143 = CARTESIAN_POINT ( 'NONE',  ( 18.23373945817677111, 0.000000000000000000, 6.350000000000022737 ) ) ;
#10144 = VERTEX_POINT ( 'NONE', #6392 ) ;
#10145 = DIRECTION ( 'NONE',  ( 0.000000000000000000, -0.000000000000000000, -1.000000000000000000 ) ) ;
#10146 = DIRECTION ( 'NONE',  ( -0.4999999999999999445, 0.8660254037844385966, 0.000000000000000000 ) ) ;
#10147 = VECTOR ( 'NONE', #10486, 1000.000000000000000 ) ;
#10148 = ORIENTED_EDGE ( 'NONE', *, *, #8340, .T. ) ;
#10149 = ORIENTED_EDGE ( 'NONE', *, *, #11511, .T. ) ;
#10150 = ORIENTED_EDGE ( 'NONE', *, *, #2997, .F. ) ;
#10151 = ADVANCED_FACE ( 'NONE', ( #2729 ), #8988, .F. ) ;
#10152 = ADVANCED_FACE ( 'NONE', ( #3737 ), #250, .T. ) ;
#10153 = ORIENTED_EDGE ( 'NONE', *, *, #11661, .F. ) ;
#10154 = VECTOR ( 'NONE', #82, 1000.000000000000000 ) ;
#10155 = DIRECTION ( 'NONE',  ( -1.000000000000000000, -3.373073425510458458E-16, 0.000000000000000000 ) ) ;
#10156 = CARTESIAN_POINT ( 'NONE',  ( 6.423021744734600524, 5.374999999999964473, 6.350000000000022737 ) ) ;
#10157 = CARTESIAN_POINT ( 'NONE',  ( 0.000000000000000000, 0.000000000000000000, 3.350000000000019629 ) ) ;
#10158 = FACE_BOUND ( 'NONE', #519, .T. ) ;
#10159 = VERTEX_POINT ( 'NONE', #8218 ) ;
#10160 = VECTOR ( 'NONE', #3531, 1000.000000000000000 ) ;
#10161 = ORIENTED_EDGE ( 'NONE', *, *, #1263, .T. ) ;
#10162 = VECTOR ( 'NONE', #9126, 1000.000000000000000 ) ;
#10163 = ORIENTED_EDGE ( 'NONE', *, *, #1421, .F. ) ;
#10164 = ORIENTED_EDGE ( 'NONE', *, *, #10727, .T. ) ;
#10165 = FACE_OUTER_BOUND ( 'NONE', #1115, .T. ) ;
#10166 = LINE ( 'NONE', #6680, #11168 ) ;
#10167 = DIRECTION ( 'NONE',  ( 0.5000000000000001110, -0.8660254037844385966, 0.000000000000000000 ) ) ;
#10168 = VERTEX_POINT ( 'NONE', #1844 ) ;
#10170 = DIRECTION ( 'NONE',  ( 0.000000000000000000, 0.000000000000000000, 1.000000000000000000 ) ) ;
#10169 = DIRECTION ( 'NONE',  ( -1.000000000000000000, -4.003208021484940511E-16, 0.000000000000000000 ) ) ;
#10171 = DIRECTION ( 'NONE',  ( 3.373073425510458458E-16, -1.000000000000000000, 0.000000000000000000 ) ) ;
#10172 = DIRECTION ( 'NONE',  ( -0.000000000000000000, 1.000000000000000000, -0.000000000000000000 ) ) ;
#10173 = VERTEX_POINT ( 'NONE', #5456 ) ;
#10174 = DIRECTION ( 'NONE',  ( -0.8660254037844385966, -0.5000000000000001110, 0.000000000000000000 ) ) ;
#10175 = ORIENTED_EDGE ( 'NONE', *, *, #6249, .F. ) ;
#10176 = CARTESIAN_POINT ( 'NONE',  ( 12.05218686933345396, 14.37499999999994316, 2.255140518769849223E-14 ) ) ;
#10177 = DIRECTION ( 'NONE',  ( 1.000000000000000000, 0.000000000000000000, 0.000000000000000000 ) ) ;
#10178 = VECTOR ( 'NONE', #7089, 1000.000000000000000 ) ;
#10179 = LINE ( 'NONE', #5692, #2360 ) ;
#10180 = LINE ( 'NONE', #927, #7881 ) ;
#10181 = LINE ( 'NONE', #1100, #5443 ) ;
#10182 = DIRECTION ( 'NONE',  ( -0.5000000000000002220, 0.8660254037844384856, 0.000000000000000000 ) ) ;
#10183 = VECTOR ( 'NONE', #8283, 1000.000000000000000 ) ;
#10184 = LINE ( 'NONE', #11117, #2927 ) ;
#10185 = VERTEX_POINT ( 'NONE', #10109 ) ;
#10186 = ORIENTED_EDGE ( 'NONE', *, *, #3848, .T. ) ;
#10187 = CARTESIAN_POINT ( 'NONE',  ( 12.05218686933345218, 2.874999999999991118, 2.255140518769849223E-14 ) ) ;
#10188 = VERTEX_POINT ( 'NONE', #9046 ) ;
#10189 = EDGE_LOOP ( 'NONE', ( #10547, #5211 ) ) ;
#10190 = EDGE_CURVE ( 'NONE', #6240, #6491, #8276, .T. ) ;
#10192 = CARTESIAN_POINT ( 'NONE',  ( -1.443375672974066992, 3.249999999999976463, 6.350000000000022737 ) ) ;
#10191 = DIRECTION ( 'NONE',  ( 1.000000000000000000, 0.000000000000000000, 0.000000000000000000 ) ) ;
#10193 = DIRECTION ( 'NONE',  ( 0.5000000000000001110, -0.8660254037844385966, 0.000000000000000000 ) ) ;
#10194 = CARTESIAN_POINT ( 'NONE',  ( -6.423021744734612071, 5.374999999999964473, 2.255140518769849223E-14 ) ) ;
#10195 = DIRECTION ( 'NONE',  ( -0.8660254037844385966, -0.5000000000000001110, 0.000000000000000000 ) ) ;
#10196 = CARTESIAN_POINT ( 'NONE',  ( -21.84310355970654172, -12.50000000000001776, 55.35000000000005116 ) ) ;
#10197 = LINE ( 'NONE', #8307, #8289 ) ;
#10198 = DIRECTION ( 'NONE',  ( 0.000000000000000000, -0.000000000000000000, -1.000000000000000000 ) ) ;
#10199 = VECTOR ( 'NONE', #10317, 1000.000000000000000 ) ;
#10200 = ORIENTED_EDGE ( 'NONE', *, *, #1632, .F. ) ;
#10201 = ORIENTED_EDGE ( 'NONE', *, *, #474, .T. ) ;
#10202 = ADVANCED_FACE ( 'NONE', ( #2848 ), #9162, .F. ) ;
#10203 = EDGE_CURVE ( 'NONE', #11065, #2539, #5624, .T. ) ;
#10204 = VERTEX_POINT ( 'NONE', #6337 ) ;
#10205 = ADVANCED_FACE ( 'NONE', ( #2964 ), #7650, .F. ) ;
#10206 = EDGE_LOOP ( 'NONE', ( #6171, #6331, #7150, #8823 ) ) ;
#10207 = DIRECTION ( 'NONE',  ( 0.4999999999999997780, 0.8660254037844388186, 0.000000000000000000 ) ) ;
#10208 = LINE ( 'NONE', #8206, #3913 ) ;
#10209 = FACE_BOUND ( 'NONE', #8970, .T. ) ;
#10210 = CARTESIAN_POINT ( 'NONE',  ( 4.979646071760526205, -5.374999999999987566, 2.255140518769849223E-14 ) ) ;
#10211 = ORIENTED_EDGE ( 'NONE', *, *, #1626, .F. ) ;
#10212 = VECTOR ( 'NONE', #11435, 1000.000000000000114 ) ;
#10213 = ORIENTED_EDGE ( 'NONE', *, *, #507, .F. ) ;
#10214 = EDGE_CURVE ( 'NONE', #8662, #2531, #961, .T. ) ;
#10215 = VECTOR ( 'NONE', #7558, 1000.000000000000114 ) ;
#10216 = EDGE_LOOP ( 'NONE', ( #7755, #4594, #8799, #6358 ) ) ;
#10217 = EDGE_LOOP ( 'NONE', ( #5266, #1897, #5998, #4765 ) ) ;
#10218 = VECTOR ( 'NONE', #3987, 1000.000000000000000 ) ;
#10219 = CARTESIAN_POINT ( 'NONE',  ( 24.28373945817669366, -12.50000000000001776, 55.35000000000005116 ) ) ;
#10220 = CARTESIAN_POINT ( 'NONE',  ( 2.814582562299422719, -18.87499999999992895, 2.255140518769849223E-14 ) ) ;
#10221 = ADVANCED_FACE ( 'NONE', ( #4510 ), #6565, .T. ) ;
#10222 = DIRECTION ( 'NONE',  ( -1.000000000000000000, -4.003208021484940511E-16, 0.000000000000000000 ) ) ;
#10223 = VERTEX_POINT ( 'NONE', #198 ) ;
#10224 = EDGE_CURVE ( 'NONE', #1882, #5964, #79, .T. ) ;
#10226 = DIRECTION ( 'NONE',  ( 0.5000000000000001110, 0.8660254037844385966, 0.000000000000000000 ) ) ;
#10225 = PLANE ( 'NONE',  #10658 ) ;
#10227 = EDGE_CURVE ( 'NONE', #5964, #8939, #7385, .T. ) ;
#10228 = DIRECTION ( 'NONE',  ( 0.8660254037844385966, -0.5000000000000001110, 0.000000000000000000 ) ) ;
#10229 = AXIS2_PLACEMENT_3D ( 'NONE', #2061, #4667, #10207 ) ;
#10230 = DIRECTION ( 'NONE',  ( 0.5000000000000001110, -0.8660254037844385966, 0.000000000000000000 ) ) ;
#10231 = ORIENTED_EDGE ( 'NONE', *, *, #7040, .F. ) ;
#10232 = VECTOR ( 'NONE', #7438, 1000.000000000000114 ) ;
#10233 = CARTESIAN_POINT ( 'NONE',  ( 9.959292143521054186, 8.249999999999953815, 6.350000000000022737 ) ) ;
#10234 = ORIENTED_EDGE ( 'NONE', *, *, #272, .F. ) ;
#10235 = DIRECTION ( 'NONE',  ( -9.614813431917851129E-17, -0.7071067811865462405, 0.7071067811865489050 ) ) ;
#10236 = DIRECTION ( 'NONE',  ( 0.5000000000000001110, -0.8660254037844385966, 0.000000000000000000 ) ) ;
#10237 = DIRECTION ( 'NONE',  ( 0.000000000000000000, 0.000000000000000000, 1.000000000000000000 ) ) ;
#10238 = CARTESIAN_POINT ( 'NONE',  ( 7.794228634059952476, -15.99999999999994138, 6.350000000000022737 ) ) ;
#10239 = CARTESIAN_POINT ( 'NONE',  ( -2.886751345948132208, -17.24999999999992895, 2.255140518769849223E-14 ) ) ;
#10240 = FACE_OUTER_BOUND ( 'NONE', #1471, .T. ) ;
#10241 = DIRECTION ( 'NONE',  ( 1.000000000000000000, 5.337610695313253357E-16, 0.000000000000000000 ) ) ;
#10242 = AXIS2_PLACEMENT_3D ( 'NONE', #1090, #4692, #8285 ) ;
#10243 = ORIENTED_EDGE ( 'NONE', *, *, #11576, .F. ) ;
#10244 = EDGE_LOOP ( 'NONE', ( #11634, #11423, #2824, #7611 ) ) ;
#10245 = CARTESIAN_POINT ( 'NONE',  ( 7.144709581221622585, -4.124999999999985789, 2.255140518769849223E-14 ) ) ;
#10246 = EDGE_LOOP ( 'NONE', ( #9455, #10414, #11248, #6781 ) ) ;
#10247 = ORIENTED_EDGE ( 'NONE', *, *, #9428, .F. ) ;
#10249 = DIRECTION ( 'NONE',  ( -1.000000000000000000, -5.337610695313253357E-16, 0.000000000000000000 ) ) ;
#10248 = DIRECTION ( 'NONE',  ( 1.000000000000000000, 0.000000000000000000, 0.000000000000000000 ) ) ;
#10250 = DIRECTION ( 'NONE',  ( 0.000000000000000000, 0.000000000000000000, 1.000000000000000000 ) ) ;
#10251 = LINE ( 'NONE', #8422, #9550 ) ;
#10252 = CARTESIAN_POINT ( 'NONE',  ( 0.000000000000000000, 0.000000000000000000, 6.350000000000022737 ) ) ;
#10253 = FACE_OUTER_BOUND ( 'NONE', #3361, .T. ) ;
#10254 = DIRECTION ( 'NONE',  ( 0.000000000000000000, 0.000000000000000000, 1.000000000000000000 ) ) ;
#10255 = DIRECTION ( 'NONE',  ( -0.8660254037844385966, -0.5000000000000001110, 0.000000000000000000 ) ) ;
#10256 = VERTEX_POINT ( 'NONE', #5507 ) ;
#10257 = ORIENTED_EDGE ( 'NONE', *, *, #2838, .F. ) ;
#10258 = ADVANCED_FACE ( 'NONE', ( #10986 ), #9104, .F. ) ;
#10259 = ORIENTED_EDGE ( 'NONE', *, *, #9639, .T. ) ;
#10260 = ORIENTED_EDGE ( 'NONE', *, *, #9429, .T. ) ;
#10261 = LINE ( 'NONE', #1415, #3824 ) ;
#10262 = CARTESIAN_POINT ( 'NONE',  ( 2.814582562299429380, -15.62499999999994138, 2.255140518769849223E-14 ) ) ;
#10263 = EDGE_CURVE ( 'NONE', #3227, #11321, #1139, .T. ) ;
#10264 = DIRECTION ( 'NONE',  ( 0.4999999999999997780, 0.8660254037844388186, 0.000000000000000000 ) ) ;
#10265 = CARTESIAN_POINT ( 'NONE',  ( -12.84604348946919394, 17.24999999999993250, 2.255140518769849223E-14 ) ) ;
#10266 = ORIENTED_EDGE ( 'NONE', *, *, #1121, .T. ) ;
#10267 = EDGE_CURVE ( 'NONE', #5969, #10305, #7439, .T. ) ;
#10268 = VERTEX_POINT ( 'NONE', #2076 ) ;
#10269 = EDGE_CURVE ( 'NONE', #5820, #4180, #8625, .T. ) ;
#10270 = VECTOR ( 'NONE', #10574, 1000.000000000000000 ) ;
#10271 = ORIENTED_EDGE ( 'NONE', *, *, #8838, .F. ) ;
#10272 = VECTOR ( 'NONE', #9306, 1000.000000000000000 ) ;
#10273 = AXIS2_PLACEMENT_3D ( 'NONE', #1211, #3692, #10943 ) ;
#10274 = VERTEX_POINT ( 'NONE', #11337 ) ;
#10275 = ORIENTED_EDGE ( 'NONE', *, *, #2489, .F. ) ;
#10276 = CARTESIAN_POINT ( 'NONE',  ( -3.536270398786455882, -17.62499999999993960, 6.350000000000022737 ) ) ;
#10277 = CARTESIAN_POINT ( 'NONE',  ( 2.886751345948125103, 17.24999999999993250, 6.350000000000022737 ) ) ;
#10278 = EDGE_CURVE ( 'NONE', #11393, #2625, #3081, .T. ) ;
#10279 = FACE_OUTER_BOUND ( 'NONE', #9604, .T. ) ;
#10280 = PLANE ( 'NONE',  #8034 ) ;
#10281 = ORIENTED_EDGE ( 'NONE', *, *, #3489, .T. ) ;
#10282 = VECTOR ( 'NONE', #8946, 1000.000000000000114 ) ;
#10283 = EDGE_CURVE ( 'NONE', #857, #10268, #2134, .T. ) ;
#10285 = DIRECTION ( 'NONE',  ( 0.5000000000000001110, -0.8660254037844385966, 0.000000000000000000 ) ) ;
#10284 = DIRECTION ( 'NONE',  ( -0.000000000000000000, 0.000000000000000000, -1.000000000000000000 ) ) ;
#10286 = EDGE_CURVE ( 'NONE', #3966, #9156, #9331, .T. ) ;
#10287 = VECTOR ( 'NONE', #2037, 1000.000000000000000 ) ;
#10288 = CARTESIAN_POINT ( 'NONE',  ( 2.165063509461100377, 12.74999999999994138, 6.350000000000022737 ) ) ;
#10289 = DIRECTION ( 'NONE',  ( 0.000000000000000000, 0.000000000000000000, 1.000000000000000000 ) ) ;
#10290 = DIRECTION ( 'NONE',  ( 0.5000000000000001110, 0.8660254037844385966, 0.000000000000000000 ) ) ;
#10291 = ADVANCED_FACE ( 'NONE', ( #7620 ), #542, .F. ) ;
#10292 = VECTOR ( 'NONE', #5282, 1000.000000000000000 ) ;
#10293 = EDGE_CURVE ( 'NONE', #3404, #4502, #1431, .T. ) ;
#10294 = ADVANCED_FACE ( 'NONE', ( #4141 ), #11161, .T. ) ;
#10295 = ORIENTED_EDGE ( 'NONE', *, *, #3718, .F. ) ;
#10296 = EDGE_LOOP ( 'NONE', ( #704, #10388, #5644, #4073 ) ) ;
#10297 = DIRECTION ( 'NONE',  ( 0.000000000000000000, 0.000000000000000000, 1.000000000000000000 ) ) ;
#10298 = LINE ( 'NONE', #1504, #6698 ) ;
#10299 = FACE_OUTER_BOUND ( 'NONE', #7820, .T. ) ;
#10300 = FACE_OUTER_BOUND ( 'NONE', #4459, .T. ) ;
#10301 = CARTESIAN_POINT ( 'NONE',  ( 7.794228634059952476, 1.249999999999988010, 2.255140518769849223E-14 ) ) ;
#10302 = CARTESIAN_POINT ( 'NONE',  ( 12.12435565298215145, -4.499999999999973355, 2.255140518769849223E-14 ) ) ;
#10303 = CARTESIAN_POINT ( 'NONE',  ( -12.12435565298216211, 18.49999999999993250, 2.255140518769849223E-14 ) ) ;
#10304 = ORIENTED_EDGE ( 'NONE', *, *, #9067, .F. ) ;
#10305 = VERTEX_POINT ( 'NONE', #10340 ) ;
#10306 = PLANE ( 'NONE',  #980 ) ;
#10307 = EDGE_LOOP ( 'NONE', ( #3890, #2798, #98 ) ) ;
#10308 = ORIENTED_EDGE ( 'NONE', *, *, #7770, .T. ) ;
#10310 = CARTESIAN_POINT ( 'NONE',  ( 9.959292143521054186, 13.99999999999993072, 2.255140518769849223E-14 ) ) ;
#10309 = LINE ( 'NONE', #2280, #1799 ) ;
#10311 = CARTESIAN_POINT ( 'NONE',  ( -7.794228634059964911, -12.74999999999995026, 6.350000000000022737 ) ) ;
#10312 = CARTESIAN_POINT ( 'NONE',  ( -2.814582562299438262, 13.12499999999994316, 6.350000000000022737 ) ) ;
#10313 = CARTESIAN_POINT ( 'NONE',  ( 18.23373945817677111, 20.00000000000001776, 0.000000000000000000 ) ) ;
#10314 = CARTESIAN_POINT ( 'NONE',  ( -6.423021744734596084, 0.3749999999999895084, 6.350000000000022737 ) ) ;
#10315 = PLANE ( 'NONE',  #3207 ) ;
#10316 = AXIS2_PLACEMENT_3D ( 'NONE', #6755, #8637, #10357 ) ;
#10317 = DIRECTION ( 'NONE',  ( -1.000000000000000000, 0.000000000000000000, 0.000000000000000000 ) ) ;
#10318 = ORIENTED_EDGE ( 'NONE', *, *, #6605, .T. ) ;
#10319 = VERTEX_POINT ( 'NONE', #4976 ) ;
#10320 = AXIS2_PLACEMENT_3D ( 'NONE', #8015, #10561, #765 ) ;
#10321 = ORIENTED_EDGE ( 'NONE', *, *, #2362, .F. ) ;
#10322 = ORIENTED_EDGE ( 'NONE', *, *, #2850, .T. ) ;
#10323 = EDGE_CURVE ( 'NONE', #2468, #1367, #5853, .T. ) ;
#10324 = FACE_OUTER_BOUND ( 'NONE', #6449, .T. ) ;
#10325 = DIRECTION ( 'NONE',  ( 0.000000000000000000, 0.000000000000000000, -1.000000000000000000 ) ) ;
#10326 = DIRECTION ( 'NONE',  ( 1.000000000000000000, 0.000000000000000000, 0.000000000000000000 ) ) ;
#10327 = VECTOR ( 'NONE', #11016, 1000.000000000000000 ) ;
#10328 = FACE_OUTER_BOUND ( 'NONE', #9267, .T. ) ;
#10329 = ORIENTED_EDGE ( 'NONE', *, *, #3941, .F. ) ;
#10330 = EDGE_LOOP ( 'NONE', ( #933, #7272, #5072, #8183 ) ) ;
#10331 = ORIENTED_EDGE ( 'NONE', *, *, #5037, .T. ) ;
#10332 = VECTOR ( 'NONE', #2149, 1000.000000000000000 ) ;
#10333 = ORIENTED_EDGE ( 'NONE', *, *, #530, .T. ) ;
#10334 = ORIENTED_EDGE ( 'NONE', *, *, #1033, .F. ) ;
#10335 = DIRECTION ( 'NONE',  ( -3.373073425510458458E-16, 1.000000000000000000, 0.000000000000000000 ) ) ;
#10336 = DIRECTION ( 'NONE',  ( 1.000000000000000000, 0.000000000000000000, 0.000000000000000000 ) ) ;
#10337 = EDGE_CURVE ( 'NONE', #6550, #6118, #7500, .T. ) ;
#10338 = DIRECTION ( 'NONE',  ( 0.8660254037844388186, -0.4999999999999997780, 0.000000000000000000 ) ) ;
#10339 = AXIS2_PLACEMENT_3D ( 'NONE', #11114, #1155, #8175 ) ;
#10340 = CARTESIAN_POINT ( 'NONE',  ( -11.40266781649512495, 3.249999999999978240, 6.350000000000022737 ) ) ;
#10341 = EDGE_LOOP ( 'NONE', ( #8209, #10105, #689, #1185 ) ) ;
#10343 = CARTESIAN_POINT ( 'NONE',  ( -7.300682423332675697, 19.14515288713716501, 6.350000000000022737 ) ) ;
#10342 = LINE ( 'NONE', #3967, #6901 ) ;
#10344 = LINE ( 'NONE', #1494, #5824 ) ;
#10345 = LINE ( 'NONE', #2255, #7727 ) ;
#10346 = LINE ( 'NONE', #9402, #10626 ) ;
#10347 = EDGE_CURVE ( 'NONE', #6663, #2406, #3025, .T. ) ;
#10348 = VECTOR ( 'NONE', #5979, 1000.000000000000000 ) ;
#10349 = ADVANCED_FACE ( 'NONE', ( #3201 ), #10280, .F. ) ;
#10350 = EDGE_CURVE ( 'NONE', #3484, #2484, #7735, .T. ) ;
#10351 = ADVANCED_FACE ( 'NONE', ( #8566 ), #11279, .F. ) ;
#10352 = ORIENTED_EDGE ( 'NONE', *, *, #910, .F. ) ;
#10353 = EDGE_LOOP ( 'NONE', ( #5346, #3787, #4632, #3518 ) ) ;
#10354 = LINE ( 'NONE', #495, #9435 ) ;
#10355 = ADVANCED_FACE ( 'NONE', ( #4086 ), #10393, .F. ) ;
#10356 = DIRECTION ( 'NONE',  ( 0.000000000000000000, 0.000000000000000000, -1.000000000000000000 ) ) ;
#10357 = DIRECTION ( 'NONE',  ( 0.000000000000000000, -0.000000000000000000, -1.000000000000000000 ) ) ;
#10358 = LINE ( 'NONE', #4100, #2182 ) ;
#10359 = CARTESIAN_POINT ( 'NONE',  ( 2.886751345948125103, 5.749999999999977796, 2.255140518769849223E-14 ) ) ;
#10360 = CARTESIAN_POINT ( 'NONE',  ( -3.536270398786467428, -16.87499999999994316, 6.350000000000022737 ) ) ;
#10361 = CARTESIAN_POINT ( 'NONE',  ( -7.144709581221635908, 4.124999999999978684, 2.255140518769849223E-14 ) ) ;
#10362 = DIRECTION ( 'NONE',  ( 1.000000000000000000, 4.003208021484940511E-16, 0.000000000000000000 ) ) ;
#10363 = ORIENTED_EDGE ( 'NONE', *, *, #9924, .T. ) ;
#10364 = ORIENTED_EDGE ( 'NONE', *, *, #8048, .T. ) ;
#10365 = CIRCLE ( 'NONE', #8667, 1.750000000000001554 ) ;
#10366 = DIRECTION ( 'NONE',  ( 0.5000000000000001110, -0.8660254037844385966, 0.000000000000000000 ) ) ;
#10367 = ORIENTED_EDGE ( 'NONE', *, *, #11008, .T. ) ;
#10368 = EDGE_LOOP ( 'NONE', ( #11426, #3301, #3850, #7350 ) ) ;
#10370 = DIRECTION ( 'NONE',  ( -5.337610695313253357E-16, 1.000000000000000000, 0.000000000000000000 ) ) ;
#10369 = LINE ( 'NONE', #5124, #10666 ) ;
#10371 = FACE_OUTER_BOUND ( 'NONE', #4884, .T. ) ;
#10372 = DIRECTION ( 'NONE',  ( 0.4999999999999997780, 0.8660254037844388186, 0.000000000000000000 ) ) ;
#10373 = CARTESIAN_POINT ( 'NONE',  ( 1.220317949235150801, -36.50000000000001421, 22.66499999999998494 ) ) ;
#10374 = EDGE_CURVE ( 'NONE', #9215, #7337, #1315, .T. ) ;
#10375 = CYLINDRICAL_SURFACE ( 'NONE', #4749, 1.750000000000001554 ) ;
#10376 = EDGE_CURVE ( 'NONE', #8900, #4938, #8505, .T. ) ;
#10377 = FACE_OUTER_BOUND ( 'NONE', #989, .T. ) ;
#10378 = ORIENTED_EDGE ( 'NONE', *, *, #2991, .T. ) ;
#10379 = ORIENTED_EDGE ( 'NONE', *, *, #8009, .T. ) ;
#10380 = ORIENTED_EDGE ( 'NONE', *, *, #5186, .T. ) ;
#10381 = ORIENTED_EDGE ( 'NONE', *, *, #6526, .T. ) ;
#10382 = LINE ( 'NONE', #352, #9673 ) ;
#10383 = CARTESIAN_POINT ( 'NONE',  ( 32.78373945817675406, 0.000000000000000000, 6.350000000000022737 ) ) ;
#10384 = FACE_OUTER_BOUND ( 'NONE', #8429, .T. ) ;
#10385 = LINE ( 'NONE', #528, #7819 ) ;
#10386 = VERTEX_POINT ( 'NONE', #4796 ) ;
#10387 = ORIENTED_EDGE ( 'NONE', *, *, #247, .T. ) ;
#10388 = ORIENTED_EDGE ( 'NONE', *, *, #3716, .T. ) ;
#10389 = CARTESIAN_POINT ( 'NONE',  ( -7.866397417708659745, -8.624999999999962697, 2.255140518769849223E-14 ) ) ;
#10390 = DIRECTION ( 'NONE',  ( 0.000000000000000000, 0.000000000000000000, 1.000000000000000000 ) ) ;
#10391 = FACE_OUTER_BOUND ( 'NONE', #239, .T. ) ;
#10392 = AXIS2_PLACEMENT_3D ( 'NONE', #4764, #10952, #1932 ) ;
#10393 = PLANE ( 'NONE',  #6525 ) ;
#10394 = ORIENTED_EDGE ( 'NONE', *, *, #48, .T. ) ;
#10396 = LINE ( 'NONE', #5856, #4878 ) ;
#10395 = CARTESIAN_POINT ( 'NONE',  ( -12.96626054182322818, 10.20822204261331656, 6.350000000000022737 ) ) ;
#10397 = CARTESIAN_POINT ( 'NONE',  ( 8.515916470546990524, -8.249999999999975131, 2.255140518769849223E-14 ) ) ;
#10398 = CYLINDRICAL_SURFACE ( 'NONE', #3587, 1.499999999999995337 ) ;
#10399 = CARTESIAN_POINT ( 'NONE',  ( -3.536270398786467428, -11.12499999999996270, 2.255140518769849223E-14 ) ) ;
#10400 = VECTOR ( 'NONE', #10545, 1000.000000000000000 ) ;
#10401 = ADVANCED_FACE ( 'NONE', ( #4027 ), #8387, .T. ) ;
#10402 = VERTEX_POINT ( 'NONE', #7974 ) ;
#10403 = VERTEX_POINT ( 'NONE', #9753 ) ;
#10404 = DIRECTION ( 'NONE',  ( 1.000000000000000000, 0.000000000000000000, 0.000000000000000000 ) ) ;
#10405 = CARTESIAN_POINT ( 'NONE',  ( 7.649891066762587677, 12.50000000000001776, 6.350000000000022737 ) ) ;
#10406 = FACE_OUTER_BOUND ( 'NONE', #1365, .T. ) ;
#10407 = VECTOR ( 'NONE', #1486, 1000.000000000000000 ) ;
#10408 = FACE_OUTER_BOUND ( 'NONE', #8827, .T. ) ;
#10409 = CARTESIAN_POINT ( 'NONE',  ( -11.40266781649512851, 14.74999999999993072, 2.255140518769849223E-14 ) ) ;
#10410 = EDGE_CURVE ( 'NONE', #570, #2503, #8741, .T. ) ;
#10411 = VECTOR ( 'NONE', #2306, 1000.000000000000000 ) ;
#10412 = DIRECTION ( 'NONE',  ( 0.5000000000000001110, -0.8660254037844385966, 0.000000000000000000 ) ) ;
#10413 = DIRECTION ( 'NONE',  ( -0.000000000000000000, 0.000000000000000000, -1.000000000000000000 ) ) ;
#10414 = ORIENTED_EDGE ( 'NONE', *, *, #9924, .F. ) ;
#10415 = CARTESIAN_POINT ( 'NONE',  ( 11.40266781649511607, 13.99999999999995559, 6.350000000000022737 ) ) ;
#10416 = EDGE_CURVE ( 'NONE', #7817, #10661, #2948, .T. ) ;
#10417 = ORIENTED_EDGE ( 'NONE', *, *, #4877, .F. ) ;
#10418 = ORIENTED_EDGE ( 'NONE', *, *, #10428, .T. ) ;
#10419 = DIRECTION ( 'NONE',  ( 1.000000000000000000, 0.000000000000000000, 0.000000000000000000 ) ) ;
#10420 = VERTEX_POINT ( 'NONE', #9811 ) ;
#10421 = VERTEX_POINT ( 'NONE', #11571 ) ;
#10422 = VECTOR ( 'NONE', #738, 1000.000000000000000 ) ;
#10424 = LINE ( 'NONE', #6712, #8930 ) ;
#10423 = CARTESIAN_POINT ( 'NONE',  ( -7.144709581221632355, 13.12499999999994316, 6.350000000000022737 ) ) ;
#10425 = PLANE ( 'NONE',  #2219 ) ;
#10426 = FACE_OUTER_BOUND ( 'NONE', #565, .T. ) ;
#10427 = DIRECTION ( 'NONE',  ( 0.000000000000000000, 0.000000000000000000, 1.000000000000000000 ) ) ;
#10428 = EDGE_CURVE ( 'NONE', #6200, #5463, #8921, .T. ) ;
#10429 = PLANE ( 'NONE',  #9453 ) ;
#10430 = CIRCLE ( 'NONE', #10988, 2.550000000000000266 ) ;
#10431 = LINE ( 'NONE', #6777, #7684 ) ;
#10432 = ORIENTED_EDGE ( 'NONE', *, *, #7406, .F. ) ;
#10433 = EDGE_LOOP ( 'NONE', ( #5144, #2232, #9504, #1644, #2740 ) ) ;
#10434 = ORIENTED_EDGE ( 'NONE', *, *, #2838, .T. ) ;
#10435 = EDGE_CURVE ( 'NONE', #8604, #175, #836, .T. ) ;
#10436 = VECTOR ( 'NONE', #9303, 1000.000000000000000 ) ;
#10437 = EDGE_CURVE ( 'NONE', #5192, #11049, #3386, .T. ) ;
#10438 = EDGE_CURVE ( 'NONE', #3062, #11561, #3862, .T. ) ;
#10439 = ORIENTED_EDGE ( 'NONE', *, *, #3658, .F. ) ;
#10440 = DIRECTION ( 'NONE',  ( 0.8660254037844385966, -0.5000000000000001110, 0.000000000000000000 ) ) ;
#10441 = DIRECTION ( 'NONE',  ( 0.000000000000000000, 0.000000000000000000, 1.000000000000000000 ) ) ;
#10442 = CARTESIAN_POINT ( 'NONE',  ( 0.000000000000000000, 0.000000000000000000, 6.350000000000022737 ) ) ;
#10443 = DIRECTION ( 'NONE',  ( -0.000000000000000000, 0.000000000000000000, -1.000000000000000000 ) ) ;
#10444 = ORIENTED_EDGE ( 'NONE', *, *, #3153, .T. ) ;
#10445 = AXIS2_PLACEMENT_3D ( 'NONE', #6467, #5471, #6289 ) ;
#10446 = EDGE_LOOP ( 'NONE', ( #416, #7042, #2522, #8414 ) ) ;
#10447 = ORIENTED_EDGE ( 'NONE', *, *, #1053, .F. ) ;
#10448 = ORIENTED_EDGE ( 'NONE', *, *, #5308, .F. ) ;
#10449 = CARTESIAN_POINT ( 'NONE',  ( 11.40266781649511785, -8.999999999999948486, 6.350000000000022737 ) ) ;
#10450 = PLANE ( 'NONE',  #9099 ) ;
#10451 = DIRECTION ( 'NONE',  ( -0.000000000000000000, 0.000000000000000000, -1.000000000000000000 ) ) ;
#10452 = DIRECTION ( 'NONE',  ( 0.5000000000000001110, -0.8660254037844385966, 0.000000000000000000 ) ) ;
#10453 = ORIENTED_EDGE ( 'NONE', *, *, #11007, .T. ) ;
#10455 = CARTESIAN_POINT ( 'NONE',  ( 4.979646071760526205, -0.3750000000000124900, 6.350000000000022737 ) ) ;
#10454 = DIRECTION ( 'NONE',  ( -0.000000000000000000, 1.000000000000000000, -0.000000000000000000 ) ) ;
#10456 = CYLINDRICAL_SURFACE ( 'NONE', #4324, 2.550000000000000266 ) ;
#10457 = VECTOR ( 'NONE', #6906, 1000.000000000000000 ) ;
#10458 = CARTESIAN_POINT ( 'NONE',  ( 0.000000000000000000, -3.250000000000001332, 2.255140518769849223E-14 ) ) ;
#10459 = EDGE_CURVE ( 'NONE', #5140, #7805, #11398, .T. ) ;
#10460 = CARTESIAN_POINT ( 'NONE',  ( -7.866397417708659745, 8.624999999999966249, 2.255140518769849223E-14 ) ) ;
#10461 = ORIENTED_EDGE ( 'NONE', *, *, #7748, .T. ) ;
#10462 = ORIENTED_EDGE ( 'NONE', *, *, #9915, .F. ) ;
#10463 = ORIENTED_EDGE ( 'NONE', *, *, #7406, .T. ) ;
#10464 = AXIS2_PLACEMENT_3D ( 'NONE', #8776, #2630, #4469 ) ;
#10465 = DIRECTION ( 'NONE',  ( 1.000000000000000000, 0.000000000000000000, 0.000000000000000000 ) ) ;
#10466 = CARTESIAN_POINT ( 'NONE',  ( -7.144709581221628802, 7.374999999999965361, 2.255140518769849223E-14 ) ) ;
#10467 = CARTESIAN_POINT ( 'NONE',  ( 2.092894725812397549, -14.37499999999993960, 6.350000000000022737 ) ) ;
#10468 = CIRCLE ( 'NONE', #6509, 2.550000000000000266 ) ;
#10469 = VECTOR ( 'NONE', #10051, 1000.000000000000000 ) ;
#10470 = CARTESIAN_POINT ( 'NONE',  ( -9.959292143521061291, -8.999999999999975131, 2.255140518769849223E-14 ) ) ;
#10471 = CARTESIAN_POINT ( 'NONE',  ( 3.536270398786461211, 16.87499999999994671, 2.255140518769849223E-14 ) ) ;
#10472 = DIRECTION ( 'NONE',  ( 3.373073425510458458E-16, -1.000000000000000000, 0.000000000000000000 ) ) ;
#10473 = FACE_OUTER_BOUND ( 'NONE', #11366, .T. ) ;
#10474 = ORIENTED_EDGE ( 'NONE', *, *, #4441, .T. ) ;
#10475 = LINE ( 'NONE', #6938, #1801 ) ;
#10476 = AXIS2_PLACEMENT_3D ( 'NONE', #9349, #379, #2385 ) ;
#10477 = ORIENTED_EDGE ( 'NONE', *, *, #464, .T. ) ;
#10478 = VECTOR ( 'NONE', #2372, 1000.000000000000000 ) ;
#10479 = EDGE_LOOP ( 'NONE', ( #5200, #871, #7679 ) ) ;
#10480 = LINE ( 'NONE', #11367, #606 ) ;
#10481 = VERTEX_POINT ( 'NONE', #11626 ) ;
#10482 = EDGE_LOOP ( 'NONE', ( #2565, #6879, #11617, #3986 ) ) ;
#10484 = CARTESIAN_POINT ( 'NONE',  ( 3.536270398786462099, -16.87499999999994316, 2.255140518769849223E-14 ) ) ;
#10483 = DIRECTION ( 'NONE',  ( 0.000000000000000000, -1.000000000000000000, 0.000000000000000000 ) ) ;
#10485 = ADVANCED_FACE ( 'NONE', ( #4199 ), #3553, .F. ) ;
#10486 = DIRECTION ( 'NONE',  ( 0.5000000000000001110, -0.8660254037844385966, 0.000000000000000000 ) ) ;
#10487 = EDGE_CURVE ( 'NONE', #8138, #1587, #6977, .T. ) ;
#10488 = CARTESIAN_POINT ( 'NONE',  ( -4.979646071760531534, -11.87499999999996447, 2.255140518769849223E-14 ) ) ;
#10489 = PLANE ( 'NONE',  #9528 ) ;
#10490 = CARTESIAN_POINT ( 'NONE',  ( 9.959292143521054186, -8.249999999999975131, 2.255140518769849223E-14 ) ) ;
#10491 = AXIS2_PLACEMENT_3D ( 'NONE', #1113, #8248, #7299 ) ;
#10492 = DIRECTION ( 'NONE',  ( -1.000000000000000000, 0.000000000000000000, 0.000000000000000000 ) ) ;
#10493 = ORIENTED_EDGE ( 'NONE', *, *, #5917, .T. ) ;
#10494 = ORIENTED_EDGE ( 'NONE', *, *, #11639, .F. ) ;
#10495 = EDGE_LOOP ( 'NONE', ( #7339, #5921, #2065 ) ) ;
#10496 = EDGE_CURVE ( 'NONE', #1500, #11025, #2605, .T. ) ;
#10497 = EDGE_CURVE ( 'NONE', #57, #9734, #6148, .T. ) ;
#10498 = EDGE_CURVE ( 'NONE', #276, #1043, #1490, .T. ) ;
#10499 = ORIENTED_EDGE ( 'NONE', *, *, #9255, .F. ) ;
#10500 = EDGE_CURVE ( 'NONE', #4939, #6825, #7794, .T. ) ;
#10501 = DIRECTION ( 'NONE',  ( -0.8660254037844385966, -0.5000000000000001110, 0.000000000000000000 ) ) ;
#10502 = EDGE_CURVE ( 'NONE', #3404, #4008, #8681, .T. ) ;
#10503 = VECTOR ( 'NONE', #11541, 1000.000000000000114 ) ;
#10504 = DIRECTION ( 'NONE',  ( -0.000000000000000000, 0.000000000000000000, 1.000000000000000000 ) ) ;
#10505 = DIRECTION ( 'NONE',  ( -1.000000000000000000, -4.003208021484940511E-16, 0.000000000000000000 ) ) ;
#10506 = DIRECTION ( 'NONE',  ( 0.8660254037844387076, 0.5000000000000000000, -0.000000000000000000 ) ) ;
#10507 = ORIENTED_EDGE ( 'NONE', *, *, #3476, .F. ) ;
#10508 = VECTOR ( 'NONE', #8666, 1000.000000000000000 ) ;
#10509 = VERTEX_POINT ( 'NONE', #10517 ) ;
#10510 = EDGE_CURVE ( 'NONE', #6731, #5361, #2431, .T. ) ;
#10511 = VERTEX_POINT ( 'NONE', #6032 ) ;
#10512 = ORIENTED_EDGE ( 'NONE', *, *, #3304, .F. ) ;
#10513 = VECTOR ( 'NONE', #1180, 1000.000000000000000 ) ;
#10514 = CARTESIAN_POINT ( 'NONE',  ( -2.818925648462311528E-15, -14.74999999999995204, 2.255140518769849223E-14 ) ) ;
#10515 = FACE_OUTER_BOUND ( 'NONE', #5631, .T. ) ;
#10516 = FACE_OUTER_BOUND ( 'NONE', #2331, .T. ) ;
#10517 = CARTESIAN_POINT ( 'NONE',  ( 3.175426480542904439, 12.50000000000001776, 6.350000000000022737 ) ) ;
#10518 = ORIENTED_EDGE ( 'NONE', *, *, #4734, .T. ) ;
#10520 = CARTESIAN_POINT ( 'NONE',  ( 12.77387470582047868, -15.62499999999992895, 2.255140518769849223E-14 ) ) ;
#10519 = DIRECTION ( 'NONE',  ( 0.000000000000000000, 0.000000000000000000, 1.000000000000000000 ) ) ;
#10521 = LINE ( 'NONE', #8194, #1133 ) ;
#10522 = LINE ( 'NONE', #8453, #3024 ) ;
#10523 = EDGE_CURVE ( 'NONE', #7435, #6911, #5151, .T. ) ;
#10524 = AXIS2_PLACEMENT_3D ( 'NONE', #2400, #7534, #5767 ) ;
#10525 = CARTESIAN_POINT ( 'NONE',  ( 18.23373945817677111, -20.00000000000001776, 4.350000000000027178 ) ) ;
#10526 = EDGE_LOOP ( 'NONE', ( #10693, #625, #508, #706 ) ) ;
#10527 = ORIENTED_EDGE ( 'NONE', *, *, #10655, .F. ) ;
#10528 = VECTOR ( 'NONE', #1865, 1000.000000000000000 ) ;
#10529 = ORIENTED_EDGE ( 'NONE', *, *, #7308, .F. ) ;
#10530 = CARTESIAN_POINT ( 'NONE',  ( -30.34310355970660567, 21.50000000000000711, -3.649999999999977707 ) ) ;
#10531 = CARTESIAN_POINT ( 'NONE',  ( -2.165063509461109259, 12.74999999999994138, 2.255140518769849223E-14 ) ) ;
#10532 = CARTESIAN_POINT ( 'NONE',  ( 32.78373945817675406, -3.999999999999984457, 6.350000000000022737 ) ) ;
#10533 = VECTOR ( 'NONE', #7698, 1000.000000000000114 ) ;
#10534 = CARTESIAN_POINT ( 'NONE',  ( -7.300682423332678361, 19.14515288713717212, 3.350000000000019629 ) ) ;
#10535 = DIRECTION ( 'NONE',  ( 0.7071067811865487940, -0.7071067811865463515, 0.000000000000000000 ) ) ;
#10536 = DIRECTION ( 'NONE',  ( 0.000000000000000000, 0.000000000000000000, 1.000000000000000000 ) ) ;
#10537 = CARTESIAN_POINT ( 'NONE',  ( 1.220317949234429156, 12.50000000000001776, 42.15000000000003411 ) ) ;
#10538 = ORIENTED_EDGE ( 'NONE', *, *, #5896, .T. ) ;
#10539 = VECTOR ( 'NONE', #4801, 1000.000000000000000 ) ;
#10540 = APPLICATION_CONTEXT ( 'automotive_design' ) ;
#10541 = CARTESIAN_POINT ( 'NONE',  ( 7.794228634059957805, 10.24999999999995381, 2.255140518769849223E-14 ) ) ;
#10542 = VERTEX_POINT ( 'NONE', #7918 ) ;
#10543 = VECTOR ( 'NONE', #7607, 1000.000000000000000 ) ;
#10544 = ORIENTED_EDGE ( 'NONE', *, *, #10848, .F. ) ;
#10545 = DIRECTION ( 'NONE',  ( 0.000000000000000000, 0.000000000000000000, 1.000000000000000000 ) ) ;
#10546 = ORIENTED_EDGE ( 'NONE', *, *, #10140, .F. ) ;
#10547 = ORIENTED_EDGE ( 'NONE', *, *, #8550, .T. ) ;
#10549 = DIRECTION ( 'NONE',  ( 0.000000000000000000, 0.000000000000000000, 1.000000000000000000 ) ) ;
#10548 = DIRECTION ( 'NONE',  ( 0.5000000000000001110, 0.8660254037844385966, 0.000000000000000000 ) ) ;
#10550 = LINE ( 'NONE', #7064, #344 ) ;
#10551 = DIRECTION ( 'NONE',  ( 0.4999999999999997224, 0.8660254037844387076, 0.000000000000000000 ) ) ;
#10552 = LINE ( 'NONE', #8481, #597 ) ;
#10553 = DIRECTION ( 'NONE',  ( 0.000000000000000000, 0.000000000000000000, 1.000000000000000000 ) ) ;
#10554 = VERTEX_POINT ( 'NONE', #3438 ) ;
#10555 = ORIENTED_EDGE ( 'NONE', *, *, #552, .T. ) ;
#10556 = ORIENTED_EDGE ( 'NONE', *, *, #10127, .T. ) ;
#10557 = ADVANCED_FACE ( 'NONE', ( #7090 ), #7033, .T. ) ;
#10558 = ORIENTED_EDGE ( 'NONE', *, *, #8683, .F. ) ;
#10559 = ORIENTED_EDGE ( 'NONE', *, *, #3704, .F. ) ;
#10560 = DIRECTION ( 'NONE',  ( 0.5000000000000001110, -0.8660254037844385966, 0.000000000000000000 ) ) ;
#10561 = DIRECTION ( 'NONE',  ( -0.8660254037844385966, -0.5000000000000001110, 0.000000000000000000 ) ) ;
#10562 = DIRECTION ( 'NONE',  ( -0.000000000000000000, 0.000000000000000000, 1.000000000000000000 ) ) ;
#10563 = CARTESIAN_POINT ( 'NONE',  ( 32.78373945817675406, -21.50000000000000000, 0.000000000000000000 ) ) ;
#10564 = VERTEX_POINT ( 'NONE', #7370 ) ;
#10565 = EDGE_CURVE ( 'NONE', #8082, #9079, #10742, .T. ) ;
#10566 = EDGE_CURVE ( 'NONE', #5601, #11185, #5615, .T. ) ;
#10567 = ORIENTED_EDGE ( 'NONE', *, *, #7864, .T. ) ;
#10568 = ORIENTED_EDGE ( 'NONE', *, *, #8366, .F. ) ;
#10569 = EDGE_LOOP ( 'NONE', ( #8022, #916, #10558, #8555 ) ) ;
#10570 = EDGE_CURVE ( 'NONE', #3448, #1500, #3782, .T. ) ;
#10571 = FACE_OUTER_BOUND ( 'NONE', #275, .T. ) ;
#10572 = DIRECTION ( 'NONE',  ( 0.5000000000000001110, -0.8660254037844385966, 0.000000000000000000 ) ) ;
#10573 = LINE ( 'NONE', #2488, #3290 ) ;
#10574 = DIRECTION ( 'NONE',  ( 0.000000000000000000, 0.000000000000000000, 1.000000000000000000 ) ) ;
#10575 = EDGE_LOOP ( 'NONE', ( #4244, #9446, #4719, #7097 ) ) ;
#10577 = FACE_OUTER_BOUND ( 'NONE', #10005, .T. ) ;
#10576 = CARTESIAN_POINT ( 'NONE',  ( -7.866397417708663298, 14.37499999999994316, 2.255140518769849223E-14 ) ) ;
#10578 = LINE ( 'NONE', #8136, #11494 ) ;
#10579 = EDGE_CURVE ( 'NONE', #4008, #105, #1889, .T. ) ;
#10580 = LINE ( 'NONE', #9699, #10582 ) ;
#10581 = LINE ( 'NONE', #728, #8649 ) ;
#10582 = VECTOR ( 'NONE', #1609, 1000.000000000000000 ) ;
#10583 = EDGE_CURVE ( 'NONE', #5986, #10045, #1778, .T. ) ;
#10584 = EDGE_LOOP ( 'NONE', ( #10266, #1483, #11497, #4822 ) ) ;
#10585 = ORIENTED_EDGE ( 'NONE', *, *, #11140, .F. ) ;
#10586 = VECTOR ( 'NONE', #7832, 999.9999999999998863 ) ;
#10587 = CARTESIAN_POINT ( 'NONE',  ( 11.40266781649511607, -8.999999999999948486, 2.255140518769849223E-14 ) ) ;
#10588 = DIRECTION ( 'NONE',  ( 0.5000000000000001110, -0.8660254037844385966, 0.000000000000000000 ) ) ;
#10589 = CARTESIAN_POINT ( 'NONE',  ( -2.165063509461099933, -12.74999999999995204, 6.350000000000022737 ) ) ;
#10590 = EDGE_CURVE ( 'NONE', #942, #10159, #9, .T. ) ;
#10591 = ADVANCED_FACE ( 'NONE', ( #3665, #9207, #1130, #8091, #4494, #5380, #8148, #3838, #8976, #7200, #6322, #2836, #10098, #6261, #68, #4728, #10918, #893, #9921, #1833, #5439, #2894, #951, #7256, #7315, #6436, #10861, #2776, #6378, #1073, #9093, #1010, #10039, #4614, #8208, #126, #3726, #1951, #9153, #4671, #8267, #184, #4015, #10158, #1304, #1244, #4072, #2064, #10328, #6667, #8554, #8376, #4905, #7430, #11032, #3070, #5670, #11146 ), #1419, .F. ) ;
#10592 = CARTESIAN_POINT ( 'NONE',  ( -7.144709581221628802, 7.374999999999965361, 2.255140518769849223E-14 ) ) ;
#10593 = DIRECTION ( 'NONE',  ( -0.000000000000000000, 0.000000000000000000, 1.000000000000000000 ) ) ;
#10594 = CARTESIAN_POINT ( 'NONE',  ( -30.34310355970660567, 21.50000000000000711, 0.000000000000000000 ) ) ;
#10595 = LINE ( 'NONE', #1850, #6263 ) ;
#10596 = ORIENTED_EDGE ( 'NONE', *, *, #6979, .F. ) ;
#10597 = AXIS2_PLACEMENT_3D ( 'NONE', #4593, #7233, #6477 ) ;
#10598 = DIRECTION ( 'NONE',  ( -0.000000000000000000, 0.000000000000000000, -1.000000000000000000 ) ) ;
#10599 = ORIENTED_EDGE ( 'NONE', *, *, #7493, .F. ) ;
#10600 = ORIENTED_EDGE ( 'NONE', *, *, #5159, .F. ) ;
#10601 = VECTOR ( 'NONE', #5908, 1000.000000000000000 ) ;
#10602 = DIRECTION ( 'NONE',  ( 0.5000000000000001110, -0.8660254037844385966, 0.000000000000000000 ) ) ;
#10603 = FACE_OUTER_BOUND ( 'NONE', #7614, .T. ) ;
#10604 = VERTEX_POINT ( 'NONE', #6727 ) ;
#10605 = VECTOR ( 'NONE', #9651, 1000.000000000000000 ) ;
#10607 = LINE ( 'NONE', #5352, #1958 ) ;
#10606 = DIRECTION ( 'NONE',  ( 3.373073425510458458E-16, -1.000000000000000000, 0.000000000000000000 ) ) ;
#10608 = CARTESIAN_POINT ( 'NONE',  ( -12.77387470582048579, -1.624999999999996669, 2.255140518769849223E-14 ) ) ;
#10609 = CARTESIAN_POINT ( 'NONE',  ( 3.319764047840324750, 17.99999999999996803, -3.649999999999986589 ) ) ;
#10610 = LINE ( 'NONE', #2527, #7374 ) ;
#10611 = VECTOR ( 'NONE', #6664, 1000.000000000000000 ) ;
#10612 = CARTESIAN_POINT ( 'NONE',  ( 8.515916470546990524, -13.99999999999995026, 2.255140518769849223E-14 ) ) ;
#10613 = ORIENTED_EDGE ( 'NONE', *, *, #2694, .F. ) ;
#10614 = ORIENTED_EDGE ( 'NONE', *, *, #5253, .F. ) ;
#10615 = VECTOR ( 'NONE', #10248, 1000.000000000000000 ) ;
#10616 = ORIENTED_EDGE ( 'NONE', *, *, #10214, .F. ) ;
#10617 = ORIENTED_EDGE ( 'NONE', *, *, #6729, .F. ) ;
#10618 = DIRECTION ( 'NONE',  ( 1.000000000000000000, 0.000000000000000000, 0.000000000000000000 ) ) ;
#10619 = CARTESIAN_POINT ( 'NONE',  ( 13.03373945817676294, 18.00000000000001421, -3.649999999999986589 ) ) ;
#10620 = LINE ( 'NONE', #11557, #8413 ) ;
#10621 = DIRECTION ( 'NONE',  ( 0.000000000000000000, -0.000000000000000000, -1.000000000000000000 ) ) ;
#10622 = ORIENTED_EDGE ( 'NONE', *, *, #7733, .F. ) ;
#10623 = EDGE_LOOP ( 'NONE', ( #9605, #2451, #6092, #8137 ) ) ;
#10624 = EDGE_LOOP ( 'NONE', ( #2859, #3957, #3668, #5610, #475, #6492 ) ) ;
#10625 = EDGE_LOOP ( 'NONE', ( #4680, #60, #6501, #1311 ) ) ;
#10626 = VECTOR ( 'NONE', #1439, 1000.000000000000000 ) ;
#10627 = ADVANCED_FACE ( 'NONE', ( #5843 ), #3956, .F. ) ;
#10628 = DIRECTION ( 'NONE',  ( 1.000000000000000000, 0.000000000000000000, 0.000000000000000000 ) ) ;
#10629 = DIRECTION ( 'NONE',  ( 0.000000000000000000, 0.000000000000000000, 1.000000000000000000 ) ) ;
#10630 = VECTOR ( 'NONE', #4768, 999.9999999999998863 ) ;
#10631 = CARTESIAN_POINT ( 'NONE',  ( 13.03373945817677537, -16.07509895417733858, -3.649999999999986589 ) ) ;
#10632 = VERTEX_POINT ( 'NONE', #10265 ) ;
#10633 = ADVANCED_FACE ( 'NONE', ( #8437 ), #9382, .T. ) ;
#10634 = DIRECTION ( 'NONE',  ( -2.118746230200681237E-16, 1.000000000000000000, -0.000000000000000000 ) ) ;
#10635 = EDGE_CURVE ( 'NONE', #3504, #10274, #8612, .T. ) ;
#10636 = DIRECTION ( 'NONE',  ( 0.000000000000000000, 0.000000000000000000, 1.000000000000000000 ) ) ;
#10637 = CARTESIAN_POINT ( 'NONE',  ( -12.26869322027952869, -12.50000000000001776, 6.350000000000022737 ) ) ;
#10638 = EDGE_CURVE ( 'NONE', #10564, #346, #10085, .T. ) ;
#10639 = EDGE_LOOP ( 'NONE', ( #9514, #9912, #4863, #6406 ) ) ;
#10640 = ORIENTED_EDGE ( 'NONE', *, *, #5535, .T. ) ;
#10641 = FACE_OUTER_BOUND ( 'NONE', #3137, .T. ) ;
#10642 = EDGE_CURVE ( 'NONE', #3734, #1126, #5723, .T. ) ;
#10643 = DIRECTION ( 'NONE',  ( -0.8660254037844385966, 0.5000000000000001110, 0.000000000000000000 ) ) ;
#10644 = CARTESIAN_POINT ( 'NONE',  ( 6.423021744734586314, 6.124999999999965361, 2.255140518769849223E-14 ) ) ;
#10645 = ADVANCED_FACE ( 'NONE', ( #9261 ), #470, .F. ) ;
#10646 = CARTESIAN_POINT ( 'NONE',  ( 0.000000000000000000, 30.00000000000002132, 3.350000000000019629 ) ) ;
#10647 = CARTESIAN_POINT ( 'NONE',  ( 24.28373945817669011, 12.50000000000001776, 6.350000000000022737 ) ) ;
#10648 = DIRECTION ( 'NONE',  ( 1.000000000000000000, 0.000000000000000000, 0.000000000000000000 ) ) ;
#10649 = CARTESIAN_POINT ( 'NONE',  ( -12.12435565298215856, -10.24999999999995204, 2.255140518769849223E-14 ) ) ;
#10650 = EDGE_CURVE ( 'NONE', #9480, #2871, #7608, .T. ) ;
#10651 = ORIENTED_EDGE ( 'NONE', *, *, #6614, .F. ) ;
#10652 = FACE_OUTER_BOUND ( 'NONE', #2837, .T. ) ;
#10653 = EDGE_CURVE ( 'NONE', #5467, #7262, #10385, .T. ) ;
#10654 = ORIENTED_EDGE ( 'NONE', *, *, #3377, .T. ) ;
#10655 = EDGE_CURVE ( 'NONE', #10144, #3289, #5902, .T. ) ;
#10656 = VECTOR ( 'NONE', #9562, 1000.000000000000000 ) ;
#10657 = VERTEX_POINT ( 'NONE', #4843 ) ;
#10658 = AXIS2_PLACEMENT_3D ( 'NONE', #4918, #5038, #3086 ) ;
#10659 = PLANE ( 'NONE',  #796 ) ;
#10660 = DIRECTION ( 'NONE',  ( 1.000000000000000000, 0.000000000000000000, 0.000000000000000000 ) ) ;
#10661 = VERTEX_POINT ( 'NONE', #6556 ) ;
#10663 = LINE ( 'NONE', #9669, #9301 ) ;
#10662 = DIRECTION ( 'NONE',  ( -0.5000000000000001110, 0.8660254037844387076, 0.000000000000000000 ) ) ;
#10664 = CARTESIAN_POINT ( 'NONE',  ( -1.443375672974083201, 13.99999999999993072, 2.255140518769849223E-14 ) ) ;
#10665 = DIRECTION ( 'NONE',  ( 1.000000000000000000, 0.000000000000000000, 0.000000000000000000 ) ) ;
#10666 = VECTOR ( 'NONE', #4173, 1000.000000000000000 ) ;
#10667 = PLANE ( 'NONE',  #2100 ) ;
#10668 = DIRECTION ( 'NONE',  ( -2.155801444746731110E-16, 1.000000000000000000, 0.000000000000000000 ) ) ;
#10669 = EDGE_LOOP ( 'NONE', ( #5536, #7553, #10759, #7658 ) ) ;
#10670 = ORIENTED_EDGE ( 'NONE', *, *, #2068, .F. ) ;
#10671 = VECTOR ( 'NONE', #4563, 1000.000000000000000 ) ;
#10672 = ORIENTED_EDGE ( 'NONE', *, *, #2454, .T. ) ;
#10673 = ORIENTED_EDGE ( 'NONE', *, *, #1194, .T. ) ;
#10674 = CARTESIAN_POINT ( 'NONE',  ( -3.536270398786470981, 11.87499999999994316, 2.255140518769849223E-14 ) ) ;
#10675 = AXIS2_PLACEMENT_3D ( 'NONE', #9800, #1818, #7239 ) ;
#10676 = DIRECTION ( 'NONE',  ( -3.373073425510458458E-16, 1.000000000000000000, 0.000000000000000000 ) ) ;
#10677 = DIRECTION ( 'NONE',  ( 0.000000000000000000, 0.000000000000000000, 1.000000000000000000 ) ) ;
#10678 = LINE ( 'NONE', #3483, #4246 ) ;
#10679 = EDGE_LOOP ( 'NONE', ( #11441, #8198, #10529, #11217 ) ) ;
#10680 = ORIENTED_EDGE ( 'NONE', *, *, #6440, .F. ) ;
#10681 = ORIENTED_EDGE ( 'NONE', *, *, #6523, .F. ) ;
#10682 = VERTEX_POINT ( 'NONE', #1184 ) ;
#10683 = CARTESIAN_POINT ( 'NONE',  ( -1.443375672974066992, 14.74999999999993072, 2.255140518769849223E-14 ) ) ;
#10684 = CARTESIAN_POINT ( 'NONE',  ( -3.319764047840305654, 18.00000000000001421, 3.350000000000019629 ) ) ;
#10685 = PLANE ( 'NONE',  #7291 ) ;
#10686 = DIRECTION ( 'NONE',  ( -1.000000000000000000, 0.000000000000000000, 0.000000000000000000 ) ) ;
#10687 = CARTESIAN_POINT ( 'NONE',  ( -4.979646071760531534, 6.124999999999965361, 6.350000000000022737 ) ) ;
#10688 = VERTEX_POINT ( 'NONE', #4784 ) ;
#10689 = LINE ( 'NONE', #6981, #1437 ) ;
#10690 = DIRECTION ( 'NONE',  ( -0.5000000000000002220, 0.8660254037844384856, 0.000000000000000000 ) ) ;
#10691 = VECTOR ( 'NONE', #11614, 1000.000000000000000 ) ;
#10692 = VERTEX_POINT ( 'NONE', #7490 ) ;
#10693 = ORIENTED_EDGE ( 'NONE', *, *, #4888, .T. ) ;
#10694 = ADVANCED_FACE ( 'NONE', ( #3015 ), #6611, .F. ) ;
#10695 = DIRECTION ( 'NONE',  ( 1.000000000000000000, 0.000000000000000000, 0.000000000000000000 ) ) ;
#10696 = DIRECTION ( 'NONE',  ( 1.000000000000000000, 0.000000000000000000, 0.000000000000000000 ) ) ;
#10697 = DIRECTION ( 'NONE',  ( 0.5000000000000001110, -0.8660254037844385966, 0.000000000000000000 ) ) ;
#10698 = LINE ( 'NONE', #2447, #1433 ) ;
#10700 = DIRECTION ( 'NONE',  ( 1.000000000000000000, 0.000000000000000000, 0.000000000000000000 ) ) ;
#10699 = CARTESIAN_POINT ( 'NONE',  ( 0.000000000000000000, 0.000000000000000000, 6.350000000000022737 ) ) ;
#10701 = FACE_OUTER_BOUND ( 'NONE', #5429, .T. ) ;
#10702 = VECTOR ( 'NONE', #9546, 1000.000000000000000 ) ;
#10703 = FACE_OUTER_BOUND ( 'NONE', #2956, .T. ) ;
#10704 = VERTEX_POINT ( 'NONE', #3426 ) ;
#10705 = EDGE_CURVE ( 'NONE', #6061, #5062, #8795, .T. ) ;
#10706 = DIRECTION ( 'NONE',  ( 0.5000000000000001110, 0.8660254037844385966, 0.000000000000000000 ) ) ;
#10707 = ADVANCED_FACE ( 'NONE', ( #11558 ), #1476, .T. ) ;
#10708 = ORIENTED_EDGE ( 'NONE', *, *, #10772, .T. ) ;
#10709 = EDGE_CURVE ( 'NONE', #5056, #8262, #2538, .T. ) ;
#10710 = EDGE_CURVE ( 'NONE', #3460, #4305, #3248, .T. ) ;
#10711 = ORIENTED_EDGE ( 'NONE', *, *, #392, .T. ) ;
#10712 = AXIS2_PLACEMENT_3D ( 'NONE', #1024, #201, #10876 ) ;
#10713 = DIRECTION ( 'NONE',  ( 0.000000000000000000, -0.000000000000000000, -1.000000000000000000 ) ) ;
#10714 = CARTESIAN_POINT ( 'NONE',  ( -7.866397417708659745, -8.624999999999962697, 2.255140518769849223E-14 ) ) ;
#10716 = CARTESIAN_POINT ( 'NONE',  ( -2.309401076758469173, -12.50000000000001776, 6.350000000000022737 ) ) ;
#10715 = CARTESIAN_POINT ( 'NONE',  ( -7.144709581221635908, -1.624999999999996669, 6.350000000000022737 ) ) ;
#10717 = DIRECTION ( 'NONE',  ( 0.000000000000000000, 0.000000000000000000, 1.000000000000000000 ) ) ;
#10718 = VECTOR ( 'NONE', #9768, 1000.000000000000000 ) ;
#10719 = FACE_OUTER_BOUND ( 'NONE', #7849, .T. ) ;
#10720 = CARTESIAN_POINT ( 'NONE',  ( -12.96626054182323529, 12.79177795738659640, 0.000000000000000000 ) ) ;
#10721 = ORIENTED_EDGE ( 'NONE', *, *, #10056, .T. ) ;
#10722 = AXIS2_PLACEMENT_3D ( 'NONE', #9443, #3247, #7664 ) ;
#10723 = ORIENTED_EDGE ( 'NONE', *, *, #5085, .F. ) ;
#10724 = ORIENTED_EDGE ( 'NONE', *, *, #631, .F. ) ;
#10725 = VERTEX_POINT ( 'NONE', #7909 ) ;
#10726 = DIRECTION ( 'NONE',  ( 0.000000000000000000, 0.000000000000000000, 1.000000000000000000 ) ) ;
#10727 = EDGE_CURVE ( 'NONE', #4705, #10733, #6197, .T. ) ;
#10728 = ADVANCED_FACE ( 'NONE', ( #7783 ), #9743, .F. ) ;
#10729 = DIRECTION ( 'NONE',  ( 1.000000000000000000, 3.373073425510458458E-16, 0.000000000000000000 ) ) ;
#10730 = FACE_OUTER_BOUND ( 'NONE', #6131, .T. ) ;
#10731 = DIRECTION ( 'NONE',  ( -0.5000000000000001110, -0.8660254037844385966, 0.000000000000000000 ) ) ;
#10732 = ORIENTED_EDGE ( 'NONE', *, *, #10410, .T. ) ;
#10733 = VERTEX_POINT ( 'NONE', #9621 ) ;
#10734 = ORIENTED_EDGE ( 'NONE', *, *, #1251, .F. ) ;
#10735 = ORIENTED_EDGE ( 'NONE', *, *, #10853, .F. ) ;
#10736 = EDGE_LOOP ( 'NONE', ( #11347, #8084, #7852, #10101, #6858, #6602 ) ) ;
#10737 = VECTOR ( 'NONE', #1009, 1000.000000000000000 ) ;
#10738 = SURFACE_STYLE_USAGE ( .BOTH. , #5 ) ;
#10739 = LINE ( 'NONE', #6319, #4013 ) ;
#10740 = CYLINDRICAL_SURFACE ( 'NONE', #1398, 12.74999999999999822 ) ;
#10741 = DIRECTION ( 'NONE',  ( 0.000000000000000000, -0.000000000000000000, -1.000000000000000000 ) ) ;
#10742 = LINE ( 'NONE', #9032, #4430 ) ;
#10743 = ORIENTED_EDGE ( 'NONE', *, *, #3802, .F. ) ;
#10744 = VECTOR ( 'NONE', #5041, 1000.000000000000000 ) ;
#10745 = DIRECTION ( 'NONE',  ( 0.5000000000000001110, 0.8660254037844385966, 0.000000000000000000 ) ) ;
#10746 = CARTESIAN_POINT ( 'NONE',  ( -1.876388374866285957, -20.49999999999992895, 6.350000000000022737 ) ) ;
#10747 = AXIS2_PLACEMENT_3D ( 'NONE', #7268, #7983, #8931 ) ;
#10748 = EDGE_LOOP ( 'NONE', ( #6475, #4082, #9626, #6668 ) ) ;
#10749 = EDGE_LOOP ( 'NONE', ( #5893, #10919, #8308, #2877 ) ) ;
#10750 = PLANE ( 'NONE',  #3219 ) ;
#10751 = FACE_OUTER_BOUND ( 'NONE', #6955, .T. ) ;
#10752 = LINE ( 'NONE', #18, #3721 ) ;
#10753 = LINE ( 'NONE', #3565, #1064 ) ;
#10755 = CARTESIAN_POINT ( 'NONE',  ( 32.78373945817675406, 21.50000000000001066, 6.350000000000022737 ) ) ;
#10754 = FACE_BOUND ( 'NONE', #6323, .T. ) ;
#10756 = CARTESIAN_POINT ( 'NONE',  ( -4.979646071760531534, -11.87499999999996447, 2.255140518769849223E-14 ) ) ;
#10757 = AXIS2_PLACEMENT_3D ( 'NONE', #898, #840, #11463 ) ;
#10758 = FACE_OUTER_BOUND ( 'NONE', #3769, .T. ) ;
#10759 = ORIENTED_EDGE ( 'NONE', *, *, #187, .T. ) ;
#10760 = CARTESIAN_POINT ( 'NONE',  ( 7.072540797572925086, 11.49999999999995381, 2.255140518769849223E-14 ) ) ;
#10761 = EDGE_CURVE ( 'NONE', #472, #5777, #9683, .T. ) ;
#10762 = ORIENTED_EDGE ( 'NONE', *, *, #9726, .T. ) ;
#10763 = ORIENTED_EDGE ( 'NONE', *, *, #6172, .F. ) ;
#10764 = CARTESIAN_POINT ( 'NONE',  ( -7.794228634059964911, -18.49999999999992539, 2.255140518769849223E-14 ) ) ;
#10765 = CARTESIAN_POINT ( 'NONE',  ( -7.072540797572936633, 17.24999999999993250, 2.255140518769849223E-14 ) ) ;
#10766 = EDGE_CURVE ( 'NONE', #828, #5192, #10678, .T. ) ;
#10768 = LINE ( 'NONE', #2687, #267 ) ;
#10767 = DIRECTION ( 'NONE',  ( -0.5000000000000002220, 0.8660254037844384856, 0.000000000000000000 ) ) ;
#10769 = DIRECTION ( 'NONE',  ( 0.8660254037844388186, -0.4999999999999997780, 0.000000000000000000 ) ) ;
#10770 = VECTOR ( 'NONE', #2495, 1000.000000000000000 ) ;
#10771 = DIRECTION ( 'NONE',  ( 0.5000000000000001110, -0.8660254037844385966, 0.000000000000000000 ) ) ;
#10772 = EDGE_CURVE ( 'NONE', #6663, #5056, #5138, .T. ) ;
#10773 = EDGE_CURVE ( 'NONE', #2842, #729, #7848, .T. ) ;
#10774 = DIRECTION ( 'NONE',  ( 1.000000000000000000, 0.000000000000000000, 0.000000000000000000 ) ) ;
#10775 = ORIENTED_EDGE ( 'NONE', *, *, #5953, .F. ) ;
#10776 = VECTOR ( 'NONE', #3272, 1000.000000000000000 ) ;
#10777 = ORIENTED_EDGE ( 'NONE', *, *, #450, .F. ) ;
#10778 = VERTEX_POINT ( 'NONE', #587 ) ;
#10779 = EDGE_CURVE ( 'NONE', #5970, #4955, #6965, .T. ) ;
#10780 = CARTESIAN_POINT ( 'NONE',  ( 24.28373945817670432, -8.250000000000003553, 51.10000000000002274 ) ) ;
#10781 = EDGE_CURVE ( 'NONE', #7884, #3289, #8731, .T. ) ;
#10782 = DIRECTION ( 'NONE',  ( -0.5000000000000001110, -0.8660254037844385966, 0.000000000000000000 ) ) ;
#10783 = DIRECTION ( 'NONE',  ( 0.000000000000000000, 0.000000000000000000, 1.000000000000000000 ) ) ;
#10784 = FACE_OUTER_BOUND ( 'NONE', #11304, .T. ) ;
#10785 =( GEOMETRIC_REPRESENTATION_CONTEXT ( 3 ) GLOBAL_UNCERTAINTY_ASSIGNED_CONTEXT ( ( #366 ) ) GLOBAL_UNIT_ASSIGNED_CONTEXT ( ( #8971, #3602, #1662 ) ) REPRESENTATION_CONTEXT ( 'NONE', 'WORKASPACE' ) );
#10786 = ORIENTED_EDGE ( 'NONE', *, *, #9848, .F. ) ;
#10787 = CARTESIAN_POINT ( 'NONE',  ( -12.05218686933346284, -2.874999999999983569, 6.350000000000022737 ) ) ;
#10788 = VECTOR ( 'NONE', #1842, 1000.000000000000000 ) ;
#10789 = ORIENTED_EDGE ( 'NONE', *, *, #8009, .F. ) ;
#10790 = EDGE_CURVE ( 'NONE', #8195, #8353, #6138, .T. ) ;
#10791 = ORIENTED_EDGE ( 'NONE', *, *, #9055, .T. ) ;
#10792 = EDGE_LOOP ( 'NONE', ( #5084, #6120, #7981, #288 ) ) ;
#10793 = EDGE_CURVE ( 'NONE', #1763, #6663, #7078, .T. ) ;
#10794 = EDGE_CURVE ( 'NONE', #8311, #8318, #6077, .T. ) ;
#10795 = VERTEX_POINT ( 'NONE', #7724 ) ;
#10796 = CARTESIAN_POINT ( 'NONE',  ( -7.072540797572933080, 5.749999999999979572, 6.350000000000022737 ) ) ;
#10797 = CARTESIAN_POINT ( 'NONE',  ( -2.886751345948132208, -5.749999999999972466, 2.255140518769849223E-14 ) ) ;
#10798 = CYLINDRICAL_SURFACE ( 'NONE', #9049, 3.700000000000001954 ) ;
#10799 = DIRECTION ( 'NONE',  ( 0.5000000000000001110, -0.8660254037844385966, 0.000000000000000000 ) ) ;
#10800 = ORIENTED_EDGE ( 'NONE', *, *, #4225, .F. ) ;
#10801 = CARTESIAN_POINT ( 'NONE',  ( 12.77387470582047868, 13.12499999999995381, 2.255140518769849223E-14 ) ) ;
#10802 = VECTOR ( 'NONE', #4572, 1000.000000000000000 ) ;
#10803 = EDGE_LOOP ( 'NONE', ( #3886, #8227, #5086, #3253 ) ) ;
#10804 = ORIENTED_EDGE ( 'NONE', *, *, #6816, .T. ) ;
#10805 = VECTOR ( 'NONE', #10560, 1000.000000000000000 ) ;
#10806 = DIRECTION ( 'NONE',  ( 0.000000000000000000, -1.000000000000000000, 0.000000000000000000 ) ) ;
#10807 = LINE ( 'NONE', #9103, #4580 ) ;
#10808 = DIRECTION ( 'NONE',  ( 0.5000000000000001110, 0.8660254037844385966, 0.000000000000000000 ) ) ;
#10809 = DIRECTION ( 'NONE',  ( 1.000000000000000000, 0.000000000000000000, 0.000000000000000000 ) ) ;
#10811 = CARTESIAN_POINT ( 'NONE',  ( 13.03373945817676471, -6.924901045822558387, 0.000000000000000000 ) ) ;
#10810 = FACE_BOUND ( 'NONE', #940, .T. ) ;
#10812 = ADVANCED_FACE ( 'NONE', ( #7959 ), #8905, .F. ) ;
#10813 = CARTESIAN_POINT ( 'NONE',  ( -6.288372600415925717E-15, 8.249999999999953815, 2.255140518769849223E-14 ) ) ;
#10814 = CARTESIAN_POINT ( 'NONE',  ( 6.423021744734589866, -16.87499999999994316, 2.255140518769849223E-14 ) ) ;
#10815 = EDGE_LOOP ( 'NONE', ( #2443, #3240, #5518, #3138 ) ) ;
#10816 = VECTOR ( 'NONE', #1488, 1000.000000000000000 ) ;
#10817 = LINE ( 'NONE', #1797, #11378 ) ;
#10818 = VERTEX_POINT ( 'NONE', #5963 ) ;
#10819 = ORIENTED_EDGE ( 'NONE', *, *, #4162, .F. ) ;
#10820 = LINE ( 'NONE', #2974, #4559 ) ;
#10821 = FACE_OUTER_BOUND ( 'NONE', #6838, .T. ) ;
#10823 = CARTESIAN_POINT ( 'NONE',  ( -30.34310355970659501, -12.50000000000001776, 6.350000000000022737 ) ) ;
#10822 = PLANE ( 'NONE',  #7840 ) ;
#10824 = FACE_OUTER_BOUND ( 'NONE', #955, .T. ) ;
#10825 = CARTESIAN_POINT ( 'NONE',  ( 7.866397417708651751, 8.624999999999966249, 2.255140518769849223E-14 ) ) ;
#10826 = DIRECTION ( 'NONE',  ( 0.000000000000000000, 0.000000000000000000, 1.000000000000000000 ) ) ;
#10827 = AXIS2_PLACEMENT_3D ( 'NONE', #10210, #9318, #3374 ) ;
#10828 = ORIENTED_EDGE ( 'NONE', *, *, #905, .F. ) ;
#10829 = EDGE_CURVE ( 'NONE', #1003, #11439, #4189, .T. ) ;
#10830 = AXIS2_PLACEMENT_3D ( 'NONE', #6931, #439, #6047 ) ;
#10831 = ADVANCED_FACE ( 'NONE', ( #2823 ), #8133, .F. ) ;
#10832 = DIRECTION ( 'NONE',  ( 0.000000000000000000, 0.000000000000000000, -1.000000000000000000 ) ) ;
#10833 = ORIENTED_EDGE ( 'NONE', *, *, #4501, .F. ) ;
#10834 = ORIENTED_EDGE ( 'NONE', *, *, #4875, .T. ) ;
#10835 = EDGE_CURVE ( 'NONE', #7587, #328, #4539, .T. ) ;
#10836 = LINE ( 'NONE', #5482, #5725 ) ;
#10837 = VECTOR ( 'NONE', #890, 1000.000000000000000 ) ;
#10839 = VECTOR ( 'NONE', #6818, 1000.000000000000000 ) ;
#10838 = CARTESIAN_POINT ( 'NONE',  ( 6.423021744734589866, -16.87499999999994316, 6.350000000000022737 ) ) ;
#10840 = LINE ( 'NONE', #5259, #7853 ) ;
#10841 = CARTESIAN_POINT ( 'NONE',  ( 3.536270398786447000, -6.124999999999986677, 2.255140518769849223E-14 ) ) ;
#10842 = VECTOR ( 'NONE', #4512, 1000.000000000000000 ) ;
#10843 = ORIENTED_EDGE ( 'NONE', *, *, #5559, .F. ) ;
#10844 = LINE ( 'NONE', #9969, #1300 ) ;
#10845 = FACE_OUTER_BOUND ( 'NONE', #1853, .T. ) ;
#10846 = ORIENTED_EDGE ( 'NONE', *, *, #4585, .F. ) ;
#10847 = ORIENTED_EDGE ( 'NONE', *, *, #7461, .F. ) ;
#10848 = EDGE_CURVE ( 'NONE', #8323, #6658, #997, .T. ) ;
#10849 = EDGE_CURVE ( 'NONE', #503, #1527, #113, .T. ) ;
#10850 = VECTOR ( 'NONE', #2250, 1000.000000000000000 ) ;
#10851 = EDGE_CURVE ( 'NONE', #5180, #2857, #55, .T. ) ;
#10852 = ORIENTED_EDGE ( 'NONE', *, *, #5149, .T. ) ;
#10853 = EDGE_CURVE ( 'NONE', #884, #5421, #7188, .T. ) ;
#10854 = CIRCLE ( 'NONE', #1810, 2.550000000000000266 ) ;
#10855 = EDGE_CURVE ( 'NONE', #5448, #10657, #1762, .T. ) ;
#10856 = VERTEX_POINT ( 'NONE', #10841 ) ;
#10857 = CARTESIAN_POINT ( 'NONE',  ( -6.423021744734596084, 0.3749999999999895084, 2.255140518769849223E-14 ) ) ;
#10858 = LINE ( 'NONE', #1774, #10615 ) ;
#10859 = DIRECTION ( 'NONE',  ( 0.000000000000000000, 0.000000000000000000, 1.000000000000000000 ) ) ;
#10860 = CARTESIAN_POINT ( 'NONE',  ( -8.515916470546986972, 13.99999999999993072, 2.255140518769849223E-14 ) ) ;
#10861 = FACE_BOUND ( 'NONE', #8159, .T. ) ;
#10862 = VERTEX_POINT ( 'NONE', #2881 ) ;
#10863 = EDGE_CURVE ( 'NONE', #2625, #2926, #1997, .T. ) ;
#10864 = DIRECTION ( 'NONE',  ( -0.000000000000000000, 0.000000000000000000, -1.000000000000000000 ) ) ;
#10865 = ORIENTED_EDGE ( 'NONE', *, *, #1890, .F. ) ;
#10866 = ORIENTED_EDGE ( 'NONE', *, *, #7987, .T. ) ;
#10867 = ORIENTED_EDGE ( 'NONE', *, *, #6024, .T. ) ;
#10868 = DIRECTION ( 'NONE',  ( 0.000000000000000000, 1.000000000000000000, 0.000000000000000000 ) ) ;
#10869 = CARTESIAN_POINT ( 'NONE',  ( 7.505553499465165146, 17.99999999999996803, -3.649999999999986589 ) ) ;
#10870 = DIRECTION ( 'NONE',  ( 0.000000000000000000, 0.000000000000000000, 1.000000000000000000 ) ) ;
#10871 = CARTESIAN_POINT ( 'NONE',  ( -9.959292143521064844, 13.99999999999993072, 6.350000000000022737 ) ) ;
#10872 = VERTEX_POINT ( 'NONE', #11616 ) ;
#10873 = EDGE_CURVE ( 'NONE', #2202, #5432, #4424, .T. ) ;
#10874 = VECTOR ( 'NONE', #1386, 1000.000000000000000 ) ;
#10876 = DIRECTION ( 'NONE',  ( 0.000000000000000000, -0.000000000000000000, -1.000000000000000000 ) ) ;
#10875 = DIRECTION ( 'NONE',  ( 0.000000000000000000, 0.000000000000000000, -1.000000000000000000 ) ) ;
#10877 = LINE ( 'NONE', #1848, #6015 ) ;
#10878 = CARTESIAN_POINT ( 'NONE',  ( -12.12435565298215856, 6.999999999999978684, 2.255140518769849223E-14 ) ) ;
#10879 = ORIENTED_EDGE ( 'NONE', *, *, #9328, .F. ) ;
#10880 = VECTOR ( 'NONE', #3424, 1000.000000000000000 ) ;
#10881 = CARTESIAN_POINT ( 'NONE',  ( 7.794228634059952476, -4.499999999999986677, 2.255140518769849223E-14 ) ) ;
#10882 = ORIENTED_EDGE ( 'NONE', *, *, #4739, .F. ) ;
#10883 = ORIENTED_EDGE ( 'NONE', *, *, #9042, .F. ) ;
#10884 = AXIS2_PLACEMENT_3D ( 'NONE', #2529, #2347, #6129 ) ;
#10885 = LINE ( 'NONE', #8114, #8512 ) ;
#10886 = LINE ( 'NONE', #4696, #3682 ) ;
#10887 = AXIS2_PLACEMENT_3D ( 'NONE', #1402, #3051, #4890 ) ;
#10889 = DIRECTION ( 'NONE',  ( 0.5000000000000001110, 0.8660254037844385966, 0.000000000000000000 ) ) ;
#10888 = DIRECTION ( 'NONE',  ( 0.8660254037844388186, -0.4999999999999997780, 0.000000000000000000 ) ) ;
#10890 = LINE ( 'NONE', #2208, #7696 ) ;
#10891 = DIRECTION ( 'NONE',  ( 0.4999999999999997224, 0.8660254037844387076, 0.000000000000000000 ) ) ;
#10892 = CARTESIAN_POINT ( 'NONE',  ( 12.12435565298215145, 12.74999999999995559, 2.255140518769849223E-14 ) ) ;
#10893 = CARTESIAN_POINT ( 'NONE',  ( 18.23373945817677111, 0.000000000000000000, 0.000000000000000000 ) ) ;
#10894 = ORIENTED_EDGE ( 'NONE', *, *, #4520, .F. ) ;
#10895 = VECTOR ( 'NONE', #10535, 1000.000000000000000 ) ;
#10896 = FACE_OUTER_BOUND ( 'NONE', #5486, .T. ) ;
#10897 = ORIENTED_EDGE ( 'NONE', *, *, #2341, .T. ) ;
#10898 = ORIENTED_EDGE ( 'NONE', *, *, #7174, .T. ) ;
#10899 = VECTOR ( 'NONE', #10665, 1000.000000000000000 ) ;
#10900 = CARTESIAN_POINT ( 'NONE',  ( -1.443375672974078539, -8.999999999999973355, 6.350000000000022737 ) ) ;
#10901 = CARTESIAN_POINT ( 'NONE',  ( 11.40266781649511607, 13.99999999999995559, 2.255140518769849223E-14 ) ) ;
#10902 = CARTESIAN_POINT ( 'NONE',  ( -12.96626054182323351, 7.041777957386611497, 6.350000000000022737 ) ) ;
#10903 = AXIS2_PLACEMENT_3D ( 'NONE', #5682, #9279, #9021 ) ;
#10904 = CARTESIAN_POINT ( 'NONE',  ( 6.423021744734602301, 17.62499999999994671, 2.255140518769849223E-14 ) ) ;
#10905 = ORIENTED_EDGE ( 'NONE', *, *, #6370, .F. ) ;
#10906 = CARTESIAN_POINT ( 'NONE',  ( 7.144709581221622585, 1.624999999999989564, 2.255140518769849223E-14 ) ) ;
#10907 = CARTESIAN_POINT ( 'NONE',  ( 7.144709581221628802, -1.625000000000000222, 2.255140518769849223E-14 ) ) ;
#10908 = ORIENTED_EDGE ( 'NONE', *, *, #7409, .F. ) ;
#10909 = ORIENTED_EDGE ( 'NONE', *, *, #5001, .T. ) ;
#10910 = EDGE_CURVE ( 'NONE', #4803, #8342, #8018, .T. ) ;
#10911 = VECTOR ( 'NONE', #7335, 1000.000000000000000 ) ;
#10912 = ORIENTED_EDGE ( 'NONE', *, *, #1121, .F. ) ;
#10913 = ORIENTED_EDGE ( 'NONE', *, *, #10705, .T. ) ;
#10914 = FACE_OUTER_BOUND ( 'NONE', #4956, .T. ) ;
#10915 = FACE_OUTER_BOUND ( 'NONE', #8929, .T. ) ;
#10916 = EDGE_CURVE ( 'NONE', #2441, #1667, #9853, .T. ) ;
#10917 = CARTESIAN_POINT ( 'NONE',  ( -16.39626054182322790, 20.00000000000001776, 4.350000000000028955 ) ) ;
#10918 = FACE_BOUND ( 'NONE', #4672, .T. ) ;
#10919 = ORIENTED_EDGE ( 'NONE', *, *, #369, .F. ) ;
#10920 = EDGE_CURVE ( 'NONE', #8284, #421, #3596, .T. ) ;
#10921 = EDGE_LOOP ( 'NONE', ( #3962, #3001, #8812, #1455 ) ) ;
#10922 = AXIS2_PLACEMENT_3D ( 'NONE', #3910, #1259, #9517 ) ;
#10923 = ORIENTED_EDGE ( 'NONE', *, *, #1380, .F. ) ;
#10924 = ORIENTED_EDGE ( 'NONE', *, *, #1593, .T. ) ;
#10925 = CARTESIAN_POINT ( 'NONE',  ( 7.866397417708654416, -14.37499999999993960, 2.255140518769849223E-14 ) ) ;
#10926 = DIRECTION ( 'NONE',  ( -0.5000000000000001110, 0.8660254037844385966, -0.000000000000000000 ) ) ;
#10927 = CARTESIAN_POINT ( 'NONE',  ( 6.423021744734599636, 5.374999999999964473, 2.255140518769849223E-14 ) ) ;
#10928 = ORIENTED_EDGE ( 'NONE', *, *, #3277, .F. ) ;
#10929 = ADVANCED_FACE ( 'NONE', ( #9906 ), #7133, .T. ) ;
#10931 = CARTESIAN_POINT ( 'NONE',  ( -12.96626054182323173, -18.00000000000001421, 3.350000000000019629 ) ) ;
#10930 = CARTESIAN_POINT ( 'NONE',  ( 12.77387470582047868, -15.62499999999992895, 2.255140518769849223E-14 ) ) ;
#10932 = CONICAL_SURFACE ( 'NONE', #5847, 3.700000000000001954, 0.7853981633974485010 ) ;
#10933 = CARTESIAN_POINT ( 'NONE',  ( -11.40266781649512495, -2.499999999999996891, 2.255140518769849223E-14 ) ) ;
#10934 = CARTESIAN_POINT ( 'NONE',  ( 7.144709581221619032, 7.374999999999966249, 2.255140518769849223E-14 ) ) ;
#10935 = ORIENTED_EDGE ( 'NONE', *, *, #8923, .F. ) ;
#10936 = PLANE ( 'NONE',  #253 ) ;
#10937 = VERTEX_POINT ( 'NONE', #4482 ) ;
#10938 = ADVANCED_FACE ( 'NONE', ( #9138 ), #1057, .F. ) ;
#10939 = ADVANCED_FACE ( 'NONE', ( #10784 ), #5485, .F. ) ;
#10940 = EDGE_CURVE ( 'NONE', #784, #6426, #1819, .T. ) ;
#10941 = VERTEX_POINT ( 'NONE', #4600 ) ;
#10942 = FACE_OUTER_BOUND ( 'NONE', #7266, .T. ) ;
#10943 = DIRECTION ( 'NONE',  ( 1.000000000000000000, 0.000000000000000000, 0.000000000000000000 ) ) ;
#10945 = DIRECTION ( 'NONE',  ( -0.000000000000000000, 0.000000000000000000, 1.000000000000000000 ) ) ;
#10944 = LINE ( 'NONE', #6579, #7441 ) ;
#10946 = LINE ( 'NONE', #10011, #8821 ) ;
#10947 = CARTESIAN_POINT ( 'NONE',  ( 4.979646071760522652, 5.374999999999964473, 2.255140518769849223E-14 ) ) ;
#10948 = DIRECTION ( 'NONE',  ( 0.000000000000000000, 0.000000000000000000, 1.000000000000000000 ) ) ;
#10949 = DIRECTION ( 'NONE',  ( -1.000000000000000000, 0.000000000000000000, 0.000000000000000000 ) ) ;
#10950 = ORIENTED_EDGE ( 'NONE', *, *, #8200, .F. ) ;
#10951 = EDGE_LOOP ( 'NONE', ( #3173, #5818, #3376 ) ) ;
#10952 = DIRECTION ( 'NONE',  ( 0.000000000000000000, 0.000000000000000000, 1.000000000000000000 ) ) ;
#10953 = ORIENTED_EDGE ( 'NONE', *, *, #11660, .F. ) ;
#10954 = ORIENTED_EDGE ( 'NONE', *, *, #10227, .T. ) ;
#10955 = VECTOR ( 'NONE', #5770, 1000.000000000000000 ) ;
#10956 = CARTESIAN_POINT ( 'NONE',  ( -8.515916470547001182, 14.74999999999993072, 6.350000000000022737 ) ) ;
#10957 = DIRECTION ( 'NONE',  ( 0.000000000000000000, 0.000000000000000000, 1.000000000000000000 ) ) ;
#10958 = DIRECTION ( 'NONE',  ( 0.8660254037844387076, 0.5000000000000000000, -0.000000000000000000 ) ) ;
#10959 = DIRECTION ( 'NONE',  ( 1.000000000000000000, 0.000000000000000000, 0.000000000000000000 ) ) ;
#10960 = ORIENTED_EDGE ( 'NONE', *, *, #5452, .F. ) ;
#10961 = DIRECTION ( 'NONE',  ( -0.8660254037844385966, -0.5000000000000001110, 0.000000000000000000 ) ) ;
#10962 = CARTESIAN_POINT ( 'NONE',  ( 1.443375672974074764, -14.74999999999995204, 6.350000000000022737 ) ) ;
#10963 = EDGE_CURVE ( 'NONE', #987, #2194, #9019, .T. ) ;
#10964 = EDGE_LOOP ( 'NONE', ( #10977, #1190, #3075, #10493, #9858 ) ) ;
#10965 = ORIENTED_EDGE ( 'NONE', *, *, #764, .T. ) ;
#10966 = VECTOR ( 'NONE', #2743, 1000.000000000000114 ) ;
#10967 = VERTEX_POINT ( 'NONE', #4712 ) ;
#10968 = CIRCLE ( 'NONE', #5326, 12.74999999999999822 ) ;
#10969 = ORIENTED_EDGE ( 'NONE', *, *, #634, .T. ) ;
#10970 = AXIS2_PLACEMENT_3D ( 'NONE', #1898, #194, #1959 ) ;
#10971 = CARTESIAN_POINT ( 'NONE',  ( -1.443375672974066992, -8.249999999999973355, 2.255140518769849223E-14 ) ) ;
#10972 = CARTESIAN_POINT ( 'NONE',  ( -7.264682050764862176, -36.50000000000001421, 27.65000000000000568 ) ) ;
#10973 = VECTOR ( 'NONE', #9932, 1000.000000000000000 ) ;
#10974 = CARTESIAN_POINT ( 'NONE',  ( 2.814582562299422719, -7.374999999999972466, 6.350000000000022737 ) ) ;
#10975 = DIRECTION ( 'NONE',  ( -0.4999999999999997780, -0.8660254037844387076, 0.000000000000000000 ) ) ;
#10976 = EDGE_LOOP ( 'NONE', ( #3316, #9647, #4022, #7511 ) ) ;
#10977 = ORIENTED_EDGE ( 'NONE', *, *, #1556, .F. ) ;
#10978 = AXIS2_PLACEMENT_3D ( 'NONE', #2952, #9315, #8205 ) ;
#10979 = VECTOR ( 'NONE', #1735, 1000.000000000000000 ) ;
#10980 = VERTEX_POINT ( 'NONE', #6652 ) ;
#10981 = ORIENTED_EDGE ( 'NONE', *, *, #1197, .T. ) ;
#10982 = PLANE ( 'NONE',  #3056 ) ;
#10983 = EDGE_CURVE ( 'NONE', #11552, #5547, #3053, .T. ) ;
#10984 = CARTESIAN_POINT ( 'NONE',  ( -30.34310355970659856, 12.50000000000001776, 6.350000000000022737 ) ) ;
#10985 = EDGE_CURVE ( 'NONE', #6978, #9299, #5653, .T. ) ;
#10986 = FACE_OUTER_BOUND ( 'NONE', #1672, .T. ) ;
#10987 = VERTEX_POINT ( 'NONE', #9193 ) ;
#10988 = AXIS2_PLACEMENT_3D ( 'NONE', #8396, #10004, #314 ) ;
#10990 = CARTESIAN_POINT ( 'NONE',  ( 0.000000000000000000, -2.500000000000000888, 2.255140518769849223E-14 ) ) ;
#10989 = CARTESIAN_POINT ( 'NONE',  ( -7.072540797572936633, 17.24999999999993250, 2.255140518769849223E-14 ) ) ;
#10991 = CARTESIAN_POINT ( 'NONE',  ( -2.886751345948130876, -17.24999999999992895, 6.350000000000022737 ) ) ;
#10992 = FACE_OUTER_BOUND ( 'NONE', #2830, .T. ) ;
#10993 = ORIENTED_EDGE ( 'NONE', *, *, #533, .F. ) ;
#10994 = CARTESIAN_POINT ( 'NONE',  ( -1.443375672974080315, 8.249999999999953815, 6.350000000000022737 ) ) ;
#10995 = EDGE_CURVE ( 'NONE', #9840, #944, #1114, .T. ) ;
#10996 = VECTOR ( 'NONE', #748, 1000.000000000000000 ) ;
#10997 = EDGE_CURVE ( 'NONE', #5776, #8753, #4949, .T. ) ;
#10998 = ADVANCED_FACE ( 'NONE', ( #6541 ), #5829, .T. ) ;
#10999 = ORIENTED_EDGE ( 'NONE', *, *, #931, .F. ) ;
#11000 = LINE ( 'NONE', #3691, #10966 ) ;
#11001 = LINE ( 'NONE', #2918, #9720 ) ;
#11002 = PLANE ( 'NONE',  #8957 ) ;
#11003 = DIRECTION ( 'NONE',  ( -3.373073425510458458E-16, 1.000000000000000000, 0.000000000000000000 ) ) ;
#11004 = DIRECTION ( 'NONE',  ( 0.000000000000000000, 0.000000000000000000, 1.000000000000000000 ) ) ;
#11005 = VECTOR ( 'NONE', #4261, 1000.000000000000000 ) ;
#11006 = DIRECTION ( 'NONE',  ( -0.5000000000000002220, 0.8660254037844384856, 0.000000000000000000 ) ) ;
#11007 = EDGE_CURVE ( 'NONE', #10657, #8255, #3940, .T. ) ;
#11008 = EDGE_CURVE ( 'NONE', #6202, #10402, #3997, .T. ) ;
#11009 = DIRECTION ( 'NONE',  ( -0.000000000000000000, -0.000000000000000000, -1.000000000000000000 ) ) ;
#11010 = ORIENTED_EDGE ( 'NONE', *, *, #973, .T. ) ;
#11011 = VERTEX_POINT ( 'NONE', #10143 ) ;
#11012 = DIRECTION ( 'NONE',  ( 1.000000000000000000, 0.000000000000000000, 0.000000000000000000 ) ) ;
#11013 = EDGE_LOOP ( 'NONE', ( #9817, #6212, #10743, #2391 ) ) ;
#11014 = EDGE_LOOP ( 'NONE', ( #1599, #4037, #6347, #4062 ) ) ;
#11015 = DIRECTION ( 'NONE',  ( 1.000000000000000000, 0.000000000000000000, 0.000000000000000000 ) ) ;
#11016 = DIRECTION ( 'NONE',  ( 0.5000000000000001110, -0.8660254037844385966, 0.000000000000000000 ) ) ;
#11017 = CARTESIAN_POINT ( 'NONE',  ( 13.03373945817676294, 18.00000000000001421, -3.649999999999986589 ) ) ;
#11018 = DIRECTION ( 'NONE',  ( 0.4999999999999997224, 0.8660254037844387076, 0.000000000000000000 ) ) ;
#11019 = VERTEX_POINT ( 'NONE', #10313 ) ;
#11020 = AXIS2_PLACEMENT_3D ( 'NONE', #3898, #4964, #5023 ) ;
#11021 = CARTESIAN_POINT ( 'NONE',  ( -7.794228634059957805, -4.499999999999984901, 2.255140518769849223E-14 ) ) ;
#11022 = FACE_OUTER_BOUND ( 'NONE', #6442, .T. ) ;
#11023 = ORIENTED_EDGE ( 'NONE', *, *, #6104, .T. ) ;
#11024 = VERTEX_POINT ( 'NONE', #8423 ) ;
#11025 = VERTEX_POINT ( 'NONE', #456 ) ;
#11026 = VECTOR ( 'NONE', #7457, 1000.000000000000000 ) ;
#11027 = EDGE_LOOP ( 'NONE', ( #11674, #10879, #6999, #9540 ) ) ;
#11028 = AXIS2_PLACEMENT_3D ( 'NONE', #11550, #6237, #10774 ) ;
#11029 = CARTESIAN_POINT ( 'NONE',  ( -3.250000000000002665, -26.20000000000000284, 6.350000000000022737 ) ) ;
#11030 = DIRECTION ( 'NONE',  ( -0.4999999999999997780, -0.8660254037844387076, 0.000000000000000000 ) ) ;
#11031 = CARTESIAN_POINT ( 'NONE',  ( 1.443375672974057444, 8.999999999999953815, 2.255140518769849223E-14 ) ) ;
#11032 = FACE_BOUND ( 'NONE', #1614, .T. ) ;
#11033 = ORIENTED_EDGE ( 'NONE', *, *, #10278, .F. ) ;
#11034 = AXIS2_PLACEMENT_3D ( 'NONE', #3920, #11354, #11239 ) ;
#11035 = VERTEX_POINT ( 'NONE', #2051 ) ;
#11036 = VECTOR ( 'NONE', #4440, 1000.000000000000000 ) ;
#11037 = ORIENTED_EDGE ( 'NONE', *, *, #4608, .F. ) ;
#11038 = ORIENTED_EDGE ( 'NONE', *, *, #839, .F. ) ;
#11039 = VECTOR ( 'NONE', #1373, 1000.000000000000000 ) ;
#11040 = DIRECTION ( 'NONE',  ( -0.8660254037844385966, -0.5000000000000001110, 0.000000000000000000 ) ) ;
#11041 = CARTESIAN_POINT ( 'NONE',  ( -12.77387470582048756, 7.374999999999980460, 2.255140518769849223E-14 ) ) ;
#11042 = CARTESIAN_POINT ( 'NONE',  ( -12.12435565298215856, 4.499999999999978684, 6.350000000000022737 ) ) ;
#11043 = EDGE_LOOP ( 'NONE', ( #3786, #10865, #8388, #471, #6628 ) ) ;
#11044 = VECTOR ( 'NONE', #4711, 1000.000000000000000 ) ;
#11046 = CARTESIAN_POINT ( 'NONE',  ( -2.886751345948132208, 5.749999999999976907, 2.255140518769849223E-14 ) ) ;
#11045 = CARTESIAN_POINT ( 'NONE',  ( -2.886751345948132208, 17.24999999999993250, 2.255140518769849223E-14 ) ) ;
#11047 = LINE ( 'NONE', #5461, #4504 ) ;
#11048 = DIRECTION ( 'NONE',  ( 0.5000000000000001110, -0.8660254037844385966, 0.000000000000000000 ) ) ;
#11049 = VERTEX_POINT ( 'NONE', #3823 ) ;
#11050 = CARTESIAN_POINT ( 'NONE',  ( -9.959292143521061291, -14.74999999999995204, 2.255140518769849223E-14 ) ) ;
#11051 = EDGE_CURVE ( 'NONE', #11477, #534, #11073, .T. ) ;
#11052 = ORIENTED_EDGE ( 'NONE', *, *, #131, .F. ) ;
#11053 = CARTESIAN_POINT ( 'NONE',  ( -9.959292143521061291, -14.74999999999995204, 2.255140518769849223E-14 ) ) ;
#11054 = CARTESIAN_POINT ( 'NONE',  ( -1.443375672974066992, -8.249999999999973355, 6.350000000000022737 ) ) ;
#11055 = DIRECTION ( 'NONE',  ( 0.000000000000000000, 0.000000000000000000, -1.000000000000000000 ) ) ;
#11056 = DIRECTION ( 'NONE',  ( 0.7071067811865483499, 0.000000000000000000, 0.7071067811865467956 ) ) ;
#11057 = EDGE_CURVE ( 'NONE', #2419, #5854, #223, .T. ) ;
#11058 = CARTESIAN_POINT ( 'NONE',  ( 7.072540797572925975, -11.49999999999995204, 6.350000000000022737 ) ) ;
#11059 = EDGE_CURVE ( 'NONE', #6500, #6658, #7653, .T. ) ;
#11060 = CARTESIAN_POINT ( 'NONE',  ( 3.536270398786449665, -11.87499999999996270, 2.255140518769849223E-14 ) ) ;
#11061 = LINE ( 'NONE', #1041, #5206 ) ;
#11062 = EDGE_CURVE ( 'NONE', #57, #857, #281, .T. ) ;
#11063 = EDGE_LOOP ( 'NONE', ( #9297, #6299, #10304, #2711 ) ) ;
#11064 = VECTOR ( 'NONE', #8493, 1000.000000000000000 ) ;
#11065 = VERTEX_POINT ( 'NONE', #341 ) ;
#11066 = CARTESIAN_POINT ( 'NONE',  ( -7.866397417708659745, 2.874999999999990230, 2.255140518769849223E-14 ) ) ;
#11067 = ORIENTED_EDGE ( 'NONE', *, *, #10376, .F. ) ;
#11068 = VERTEX_POINT ( 'NONE', #7594 ) ;
#11070 = CARTESIAN_POINT ( 'NONE',  ( -9.959292143521061291, -13.99999999999995204, 2.255140518769849223E-14 ) ) ;
#11069 = LINE ( 'NONE', #9244, #11223 ) ;
#11071 = CARTESIAN_POINT ( 'NONE',  ( 24.28373945817671853, 3.999999999999984457, 55.35000000000005116 ) ) ;
#11072 = DIRECTION ( 'NONE',  ( -0.4999999999999997780, -0.8660254037844387076, 0.000000000000000000 ) ) ;
#11073 = LINE ( 'NONE', #5709, #3115 ) ;
#11074 = ORIENTED_EDGE ( 'NONE', *, *, #553, .T. ) ;
#11075 = PLANE ( 'NONE',  #6438 ) ;
#11076 = DIRECTION ( 'NONE',  ( 0.5000000000000001110, 0.8660254037844385966, 0.000000000000000000 ) ) ;
#11077 = VECTOR ( 'NONE', #9246, 1000.000000000000000 ) ;
#11078 = LINE ( 'NONE', #5444, #5120 ) ;
#11079 = EDGE_LOOP ( 'NONE', ( #4425, #362 ) ) ;
#11080 = EDGE_LOOP ( 'NONE', ( #10568, #2915, #11621, #5572 ) ) ;
#11081 = ORIENTED_EDGE ( 'NONE', *, *, #6761, .F. ) ;
#11082 = ADVANCED_FACE ( 'NONE', ( #3178 ), #3884, .F. ) ;
#11083 = AXIS2_PLACEMENT_3D ( 'NONE', #695, #7175, #1694 ) ;
#11084 = EDGE_CURVE ( 'NONE', #15, #5621, #7418, .T. ) ;
#11085 = ORIENTED_EDGE ( 'NONE', *, *, #698, .F. ) ;
#11086 = EDGE_CURVE ( 'NONE', #7787, #199, #6596, .T. ) ;
#11087 = AXIS2_PLACEMENT_3D ( 'NONE', #5112, #8052, #5224 ) ;
#11088 = CYLINDRICAL_SURFACE ( 'NONE', #8915, 2.550000000000000266 ) ;
#11089 = DIRECTION ( 'NONE',  ( 0.5000000000000001110, -0.8660254037844385966, 0.000000000000000000 ) ) ;
#11090 = CARTESIAN_POINT ( 'NONE',  ( 7.072540797572925086, 4.336808689942017736E-16, 6.350000000000022737 ) ) ;
#11091 = CARTESIAN_POINT ( 'NONE',  ( 12.77387470582047513, 4.124999999999976907, 6.350000000000022737 ) ) ;
#11092 = ORIENTED_EDGE ( 'NONE', *, *, #5389, .T. ) ;
#11093 = VECTOR ( 'NONE', #10171, 1000.000000000000000 ) ;
#11094 = ORIENTED_EDGE ( 'NONE', *, *, #5535, .F. ) ;
#11095 = VECTOR ( 'NONE', #9700, 1000.000000000000000 ) ;
#11096 = ORIENTED_EDGE ( 'NONE', *, *, #6735, .F. ) ;
#11097 = ORIENTED_EDGE ( 'NONE', *, *, #10376, .T. ) ;
#11098 = LINE ( 'NONE', #9102, #9663 ) ;
#11099 = DIRECTION ( 'NONE',  ( 0.000000000000000000, 0.000000000000000000, 1.000000000000000000 ) ) ;
#11100 = DIRECTION ( 'NONE',  ( 0.000000000000000000, 0.000000000000000000, 1.000000000000000000 ) ) ;
#11101 = ORIENTED_EDGE ( 'NONE', *, *, #6586, .F. ) ;
#11103 = DIRECTION ( 'NONE',  ( -0.8660254037844385966, -0.5000000000000001110, 0.000000000000000000 ) ) ;
#11102 = CARTESIAN_POINT ( 'NONE',  ( -23.79626054182323003, -20.00000000000001776, 4.350000000000028955 ) ) ;
#11104 = CARTESIAN_POINT ( 'NONE',  ( -23.79626054182323003, 20.00000000000001776, 6.350000000000022737 ) ) ;
#11105 = PLANE ( 'NONE',  #3252 ) ;
#11106 = EDGE_LOOP ( 'NONE', ( #8963, #7938, #4534, #3439, #2233, #6927 ) ) ;
#11107 = DIRECTION ( 'NONE',  ( 0.4999999999999997224, 0.8660254037844387076, 0.000000000000000000 ) ) ;
#11108 = ORIENTED_EDGE ( 'NONE', *, *, #4546, .F. ) ;
#11109 = CARTESIAN_POINT ( 'NONE',  ( -4.749999999999999112, -26.20000000000000284, 0.000000000000000000 ) ) ;
#11110 = LINE ( 'NONE', #9174, #5751 ) ;
#11111 = VECTOR ( 'NONE', #7685, 999.9999999999998863 ) ;
#11112 = CARTESIAN_POINT ( 'NONE',  ( 20.78373945817676827, 20.00000000000001776, 4.350000000000027178 ) ) ;
#11113 = CARTESIAN_POINT ( 'NONE',  ( 7.866397417708654416, 2.874999999999989342, 6.350000000000022737 ) ) ;
#11114 = CARTESIAN_POINT ( 'NONE',  ( 20.78373945817676827, -20.00000000000001776, 0.000000000000000000 ) ) ;
#11115 = EDGE_CURVE ( 'NONE', #1043, #760, #1226, .T. ) ;
#11116 = CARTESIAN_POINT ( 'NONE',  ( 1.220317949211388697, 7.500000000000017764, 29.39999999999898250 ) ) ;
#11117 = CARTESIAN_POINT ( 'NONE',  ( -12.77387470582048756, 1.625000000000004885, 6.350000000000022737 ) ) ;
#11118 = VERTEX_POINT ( 'NONE', #5769 ) ;
#11119 = EDGE_CURVE ( 'NONE', #1657, #105, #9367, .T. ) ;
#11120 = ORIENTED_EDGE ( 'NONE', *, *, #5450, .F. ) ;
#11121 = DIRECTION ( 'NONE',  ( -0.5000000000000001110, 0.8660254037844387076, 0.000000000000000000 ) ) ;
#11122 = VERTEX_POINT ( 'NONE', #851 ) ;
#11123 = ORIENTED_EDGE ( 'NONE', *, *, #918, .F. ) ;
#11125 = DIRECTION ( 'NONE',  ( 0.5000000000000001110, 0.8660254037844385966, 0.000000000000000000 ) ) ;
#11124 = DIRECTION ( 'NONE',  ( 0.5000000000000001110, -0.8660254037844385966, 0.000000000000000000 ) ) ;
#11126 = EDGE_CURVE ( 'NONE', #3966, #10692, #4455, .T. ) ;
#11127 = FACE_OUTER_BOUND ( 'NONE', #1441, .T. ) ;
#11128 = EDGE_CURVE ( 'NONE', #11506, #2014, #5006, .T. ) ;
#11129 = DIRECTION ( 'NONE',  ( 1.000000000000000000, 0.000000000000000000, 0.000000000000000000 ) ) ;
#11130 = DIRECTION ( 'NONE',  ( 0.5000000000000001110, -0.8660254037844385966, 0.000000000000000000 ) ) ;
#11131 = PLANE ( 'NONE',  #7562 ) ;
#11132 = LINE ( 'NONE', #3771, #1700 ) ;
#11133 = DIRECTION ( 'NONE',  ( 0.5000000000000001110, 0.8660254037844385966, -0.000000000000000000 ) ) ;
#11134 = VECTOR ( 'NONE', #11523, 1000.000000000000000 ) ;
#11135 = ORIENTED_EDGE ( 'NONE', *, *, #6530, .T. ) ;
#11136 = ORIENTED_EDGE ( 'NONE', *, *, #7449, .T. ) ;
#11137 = VERTEX_POINT ( 'NONE', #5943 ) ;
#11138 = EDGE_CURVE ( 'NONE', #4681, #1527, #4118, .T. ) ;
#11139 = VECTOR ( 'NONE', #3003, 1000.000000000000114 ) ;
#11140 = EDGE_CURVE ( 'NONE', #11329, #6956, #2402, .T. ) ;
#11141 = ORIENTED_EDGE ( 'NONE', *, *, #3508, .T. ) ;
#11142 = EDGE_CURVE ( 'NONE', #7080, #7965, #6162, .T. ) ;
#11143 = LINE ( 'NONE', #6902, #7968 ) ;
#11144 = CARTESIAN_POINT ( 'NONE',  ( -12.12435565298215856, -15.99999999999992717, 2.255140518769849223E-14 ) ) ;
#11145 = LINE ( 'NONE', #11031, #9791 ) ;
#11146 = FACE_BOUND ( 'NONE', #4209, .T. ) ;
#11147 = ORIENTED_EDGE ( 'NONE', *, *, #7035, .T. ) ;
#11148 = EDGE_CURVE ( 'NONE', #386, #472, #11585, .T. ) ;
#11149 = AXIS2_PLACEMENT_3D ( 'NONE', #207, #9946, #5468 ) ;
#11150 = EDGE_CURVE ( 'NONE', #2926, #9039, #3617, .T. ) ;
#11151 = EDGE_CURVE ( 'NONE', #6241, #10090, #7212, .T. ) ;
#11152 = ORIENTED_EDGE ( 'NONE', *, *, #3010, .T. ) ;
#11153 = EDGE_LOOP ( 'NONE', ( #3224, #4229 ) ) ;
#11154 = AXIS2_PLACEMENT_3D ( 'NONE', #303, #6562, #1019 ) ;
#11155 = ORIENTED_EDGE ( 'NONE', *, *, #1767, .T. ) ;
#11156 = VERTEX_POINT ( 'NONE', #6274 ) ;
#11157 = VECTOR ( 'NONE', #9329, 999.9999999999998863 ) ;
#11158 = DIRECTION ( 'NONE',  ( -0.5000000000000001110, -0.8660254037844385966, 0.000000000000000000 ) ) ;
#11159 = DIRECTION ( 'NONE',  ( -0.5000000000000001110, -0.8660254037844385966, 0.000000000000000000 ) ) ;
#11160 = DIRECTION ( 'NONE',  ( 0.000000000000000000, 0.000000000000000000, 1.000000000000000000 ) ) ;
#11161 = PLANE ( 'NONE',  #1629 ) ;
#11162 = ORIENTED_EDGE ( 'NONE', *, *, #9063, .T. ) ;
#11164 = DIRECTION ( 'NONE',  ( -0.7071067811865485719, -0.7071067811865465735, 0.000000000000000000 ) ) ;
#11163 = CARTESIAN_POINT ( 'NONE',  ( 9.705317949235135799, 7.500000000000020428, 27.64999999999995239 ) ) ;
#11165 = FACE_OUTER_BOUND ( 'NONE', #742, .T. ) ;
#11166 = VECTOR ( 'NONE', #9150, 1000.000000000000000 ) ;
#11167 = CARTESIAN_POINT ( 'NONE',  ( -3.536270398786454550, 17.62499999999994671, 6.350000000000022737 ) ) ;
#11168 = VECTOR ( 'NONE', #2074, 1000.000000000000000 ) ;
#11169 = CARTESIAN_POINT ( 'NONE',  ( -7.794228634059957805, -10.24999999999996447, 2.255140518769849223E-14 ) ) ;
#11170 = ORIENTED_EDGE ( 'NONE', *, *, #7643, .T. ) ;
#11171 = ORIENTED_EDGE ( 'NONE', *, *, #11361, .T. ) ;
#11172 = LINE ( 'NONE', #3094, #1174 ) ;
#11173 = DIRECTION ( 'NONE',  ( 0.5000000000000001110, -0.8660254037844385966, 0.000000000000000000 ) ) ;
#11174 = ADVANCED_FACE ( 'NONE', ( #7769, #10754, #8599, #10810, #911, #9880, #1680, #6889 ), #10489, .T. ) ;
#11175 = PLANE ( 'NONE',  #2003 ) ;
#11176 = DIRECTION ( 'NONE',  ( -0.000000000000000000, 0.000000000000000000, -1.000000000000000000 ) ) ;
#11177 = DIRECTION ( 'NONE',  ( -0.5000000000000001110, -0.8660254037844385966, 0.000000000000000000 ) ) ;
#11178 = FACE_OUTER_BOUND ( 'NONE', #1538, .T. ) ;
#11179 = DIRECTION ( 'NONE',  ( 1.000000000000000000, 4.003208021484940511E-16, 0.000000000000000000 ) ) ;
#11180 = VECTOR ( 'NONE', #2257, 1000.000000000000000 ) ;
#11181 = ORIENTED_EDGE ( 'NONE', *, *, #1766, .F. ) ;
#11182 = ORIENTED_EDGE ( 'NONE', *, *, #3085, .F. ) ;
#11183 = ORIENTED_EDGE ( 'NONE', *, *, #5680, .F. ) ;
#11184 = DIRECTION ( 'NONE',  ( 1.000000000000000000, 0.000000000000000000, 0.000000000000000000 ) ) ;
#11185 = VERTEX_POINT ( 'NONE', #6834 ) ;
#11186 = ORIENTED_EDGE ( 'NONE', *, *, #11059, .F. ) ;
#11187 = VECTOR ( 'NONE', #4653, 1000.000000000000000 ) ;
#11189 = CARTESIAN_POINT ( 'NONE',  ( 2.814582562299422719, -13.12499999999995204, 2.255140518769849223E-14 ) ) ;
#11188 = DIRECTION ( 'NONE',  ( 0.000000000000000000, 0.000000000000000000, 1.000000000000000000 ) ) ;
#11190 = LINE ( 'NONE', #3109, #10147 ) ;
#11191 = CARTESIAN_POINT ( 'NONE',  ( -6.423021744734610294, -11.87499999999996447, 6.350000000000022737 ) ) ;
#11192 = CARTESIAN_POINT ( 'NONE',  ( -2.165063509461097269, -1.250000000000000444, 6.350000000000022737 ) ) ;
#11193 = CARTESIAN_POINT ( 'NONE',  ( 8.515916470546990524, 8.999999999999953815, 2.255140518769849223E-14 ) ) ;
#11194 = DIRECTION ( 'NONE',  ( 0.000000000000000000, -0.000000000000000000, -1.000000000000000000 ) ) ;
#11195 = DIRECTION ( 'NONE',  ( -1.000000000000000000, -0.000000000000000000, 0.000000000000000000 ) ) ;
#11196 = ORIENTED_EDGE ( 'NONE', *, *, #9623, .F. ) ;
#11197 = ORIENTED_EDGE ( 'NONE', *, *, #11434, .T. ) ;
#11198 = ORIENTED_EDGE ( 'NONE', *, *, #7811, .F. ) ;
#11199 = EDGE_CURVE ( 'NONE', #10511, #286, #6218, .T. ) ;
#11200 = ORIENTED_EDGE ( 'NONE', *, *, #1053, .T. ) ;
#11201 = CARTESIAN_POINT ( 'NONE',  ( -12.12435565298215856, 12.74999999999995381, 2.255140518769849223E-14 ) ) ;
#11202 = CARTESIAN_POINT ( 'NONE',  ( -6.639528095680763187, 18.00000000000001421, 0.000000000000000000 ) ) ;
#11203 = CARTESIAN_POINT ( 'NONE',  ( 3.536270398786462099, 0.3749999999999877320, 2.255140518769849223E-14 ) ) ;
#11204 = CARTESIAN_POINT ( 'NONE',  ( -20.09626054182323074, 0.000000000000000000, 6.350000000000022737 ) ) ;
#11205 = ORIENTED_EDGE ( 'NONE', *, *, #4814, .F. ) ;
#11206 = EDGE_CURVE ( 'NONE', #2471, #10173, #1405, .T. ) ;
#11207 = EDGE_CURVE ( 'NONE', #8786, #9687, #11641, .T. ) ;
#11208 = ADVANCED_FACE ( 'NONE', ( #7989 ), #3567, .T. ) ;
#11209 = ORIENTED_EDGE ( 'NONE', *, *, #10269, .F. ) ;
#11210 = EDGE_CURVE ( 'NONE', #8672, #3929, #516, .T. ) ;
#11211 = VECTOR ( 'NONE', #4365, 1000.000000000000114 ) ;
#11212 = ORIENTED_EDGE ( 'NONE', *, *, #7669, .F. ) ;
#11213 = EDGE_CURVE ( 'NONE', #9874, #7729, #7156, .T. ) ;
#11214 = VECTOR ( 'NONE', #7273, 1000.000000000000000 ) ;
#11215 = VECTOR ( 'NONE', #614, 1000.000000000000000 ) ;
#11216 = VERTEX_POINT ( 'NONE', #5400 ) ;
#11217 = ORIENTED_EDGE ( 'NONE', *, *, #9419, .F. ) ;
#11218 = CARTESIAN_POINT ( 'NONE',  ( 12.12435565298215145, 12.74999999999995559, 6.350000000000022737 ) ) ;
#11219 = DIRECTION ( 'NONE',  ( -0.000000000000000000, 0.000000000000000000, 1.000000000000000000 ) ) ;
#11220 = DIRECTION ( 'NONE',  ( 0.5000000000000001110, -0.8660254037844385966, 0.000000000000000000 ) ) ;
#11221 = DIRECTION ( 'NONE',  ( 0.5000000000000001110, 0.8660254037844385966, 0.000000000000000000 ) ) ;
#11222 = ORIENTED_EDGE ( 'NONE', *, *, #7122, .T. ) ;
#11223 = VECTOR ( 'NONE', #11124, 1000.000000000000000 ) ;
#11225 = CARTESIAN_POINT ( 'NONE',  ( 13.03373945817676827, 4.575098954177377664, -3.649999999999986589 ) ) ;
#11224 = LINE ( 'NONE', #9578, #292 ) ;
#11226 = LINE ( 'NONE', #6800, #928 ) ;
#11227 = AXIS2_PLACEMENT_3D ( 'NONE', #9814, #3555, #1548 ) ;
#11228 = CARTESIAN_POINT ( 'NONE',  ( 9.959292143521054186, -8.999999999999975131, 2.255140518769849223E-14 ) ) ;
#11229 = CARTESIAN_POINT ( 'NONE',  ( -2.165063509461103486, 10.24999999999995381, 2.255140518769849223E-14 ) ) ;
#11230 = CIRCLE ( 'NONE', #2371, 2.550000000000000266 ) ;
#11231 = ORIENTED_EDGE ( 'NONE', *, *, #3636, .F. ) ;
#11232 = ORIENTED_EDGE ( 'NONE', *, *, #4318, .T. ) ;
#11233 = CARTESIAN_POINT ( 'NONE',  ( 1.220317949211388697, -24.49999999999999645, 29.39999999999898250 ) ) ;
#11234 = FACE_OUTER_BOUND ( 'NONE', #2379, .T. ) ;
#11235 = CARTESIAN_POINT ( 'NONE',  ( 2.814582562299425827, 7.374999999999965361, 2.255140518769849223E-14 ) ) ;
#11236 = EDGE_CURVE ( 'NONE', #9687, #5686, #8101, .T. ) ;
#11237 = VECTOR ( 'NONE', #5127, 999.9999999999998863 ) ;
#11238 = EDGE_CURVE ( 'NONE', #1065, #5219, #5509, .T. ) ;
#11239 = DIRECTION ( 'NONE',  ( 0.000000000000000000, -0.000000000000000000, 1.000000000000000000 ) ) ;
#11240 = LINE ( 'NONE', #3097, #7132 ) ;
#11241 = DIRECTION ( 'NONE',  ( -1.000000000000000000, -3.373073425510458458E-16, 0.000000000000000000 ) ) ;
#11242 = DIRECTION ( 'NONE',  ( 1.000000000000000000, 0.000000000000000000, 0.000000000000000000 ) ) ;
#11243 = CARTESIAN_POINT ( 'NONE',  ( -12.96626054182323173, -18.00000000000001421, -3.649999999999986589 ) ) ;
#11244 = ORIENTED_EDGE ( 'NONE', *, *, #5503, .F. ) ;
#11245 = EDGE_LOOP ( 'NONE', ( #3670, #5897, #8469, #10567 ) ) ;
#11246 = LINE ( 'NONE', #4111, #2490 ) ;
#11247 = ORIENTED_EDGE ( 'NONE', *, *, #11428, .T. ) ;
#11248 = ORIENTED_EDGE ( 'NONE', *, *, #7035, .F. ) ;
#11250 = CARTESIAN_POINT ( 'NONE',  ( 7.794228634059952476, -10.24999999999996092, 2.255140518769849223E-14 ) ) ;
#11249 = CARTESIAN_POINT ( 'NONE',  ( -30.34310355970659501, -12.50000000000001776, 6.350000000000022737 ) ) ;
#11251 = DIRECTION ( 'NONE',  ( 0.5000000000000001110, -0.8660254037844385966, 0.000000000000000000 ) ) ;
#11252 = CARTESIAN_POINT ( 'NONE',  ( 2.165063509461090607, 10.24999999999995559, 2.255140518769849223E-14 ) ) ;
#11253 = CARTESIAN_POINT ( 'NONE',  ( 2.814582562299384527, -1.624999999999976685, 3.350000000000019629 ) ) ;
#11254 = CARTESIAN_POINT ( 'NONE',  ( -6.639528095680733877, 17.99999999999996447, -3.649999999999986589 ) ) ;
#11255 = FACE_OUTER_BOUND ( 'NONE', #1420, .T. ) ;
#11256 = VECTOR ( 'NONE', #5337, 1000.000000000000000 ) ;
#11257 = LINE ( 'NONE', #7835, #2598 ) ;
#11258 = ORIENTED_EDGE ( 'NONE', *, *, #5097, .T. ) ;
#11259 = EDGE_LOOP ( 'NONE', ( #8831, #3717, #4503, #8242, #5406 ) ) ;
#11260 = VECTOR ( 'NONE', #1302, 1000.000000000000000 ) ;
#11261 = ORIENTED_EDGE ( 'NONE', *, *, #9934, .T. ) ;
#11262 = ORIENTED_EDGE ( 'NONE', *, *, #6081, .T. ) ;
#11263 = VECTOR ( 'NONE', #9674, 1000.000000000000000 ) ;
#11264 = FACE_OUTER_BOUND ( 'NONE', #3958, .T. ) ;
#11265 = CARTESIAN_POINT ( 'NONE',  ( 24.28373945817671853, 30.00000000000002132, 0.000000000000000000 ) ) ;
#11266 = CARTESIAN_POINT ( 'NONE',  ( 13.03373945817676116, 4.575098954177381216, 0.000000000000000000 ) ) ;
#11267 = CIRCLE ( 'NONE', #10524, 2.550000000000000266 ) ;
#11268 = DIRECTION ( 'NONE',  ( 0.8660254037844388186, -0.4999999999999997780, 0.000000000000000000 ) ) ;
#11269 = VERTEX_POINT ( 'NONE', #7388 ) ;
#11270 = VERTEX_POINT ( 'NONE', #10989 ) ;
#11271 = VERTEX_POINT ( 'NONE', #1846 ) ;
#11272 = AXIS2_PLACEMENT_3D ( 'NONE', #3037, #4456, #6110 ) ;
#11273 = ORIENTED_EDGE ( 'NONE', *, *, #4676, .F. ) ;
#11274 = EDGE_CURVE ( 'NONE', #10725, #882, #1023, .T. ) ;
#11275 = CARTESIAN_POINT ( 'NONE',  ( -12.12435565298216211, 15.99999999999993072, 2.255140518769849223E-14 ) ) ;
#11276 = CARTESIAN_POINT ( 'NONE',  ( -21.84310355970654172, -12.50000000000001776, 46.84999999999998721 ) ) ;
#11277 = LINE ( 'NONE', #4085, #10816 ) ;
#11278 = AXIS2_PLACEMENT_3D ( 'NONE', #4643, #7459, #9234 ) ;
#11279 = PLANE ( 'NONE',  #11609 ) ;
#11280 = ORIENTED_EDGE ( 'NONE', *, *, #7742, .T. ) ;
#11281 = ADVANCED_FACE ( 'NONE', ( #3851 ), #4626, .T. ) ;
#11283 = DIRECTION ( 'NONE',  ( 1.000000000000000000, 0.000000000000000000, 0.000000000000000000 ) ) ;
#11282 = LINE ( 'NONE', #5795, #5570 ) ;
#11284 = DIRECTION ( 'NONE',  ( -0.5000000000000001110, 0.8660254037844385966, -0.000000000000000000 ) ) ;
#11285 = DIRECTION ( 'NONE',  ( 1.000000000000000000, 0.000000000000000000, 0.000000000000000000 ) ) ;
#11286 = VECTOR ( 'NONE', #9502, 1000.000000000000000 ) ;
#11287 = CARTESIAN_POINT ( 'NONE',  ( -7.144709581221635908, -1.624999999999996669, 2.255140518769849223E-14 ) ) ;
#11288 = ORIENTED_EDGE ( 'NONE', *, *, #1194, .F. ) ;
#11289 = VERTEX_POINT ( 'NONE', #1904 ) ;
#11290 = FACE_OUTER_BOUND ( 'NONE', #6704, .T. ) ;
#11291 = EDGE_CURVE ( 'NONE', #7668, #6429, #4743, .T. ) ;
#11292 = DIRECTION ( 'NONE',  ( -0.8660254037844385966, -0.5000000000000001110, 0.000000000000000000 ) ) ;
#11293 = PLANE ( 'NONE',  #6317 ) ;
#11294 = CARTESIAN_POINT ( 'NONE',  ( -6.423021744734596084, -5.374999999999985789, 2.255140518769849223E-14 ) ) ;
#11295 = CARTESIAN_POINT ( 'NONE',  ( 9.959292143521050633, 2.499999999999976019, 6.350000000000022737 ) ) ;
#11296 = FACE_OUTER_BOUND ( 'NONE', #7598, .T. ) ;
#11297 = CARTESIAN_POINT ( 'NONE',  ( -4.716260541823220187, 26.19999999999997442, 6.350000000000022737 ) ) ;
#11298 = EDGE_CURVE ( 'NONE', #388, #10084, #99, .T. ) ;
#11299 = ORIENTED_EDGE ( 'NONE', *, *, #3576, .F. ) ;
#11300 = CARTESIAN_POINT ( 'NONE',  ( 23.33373945817676898, 20.00000000000001776, 0.000000000000000000 ) ) ;
#11301 = EDGE_CURVE ( 'NONE', #1076, #10223, #8221, .T. ) ;
#11302 = ORIENTED_EDGE ( 'NONE', *, *, #3297, .F. ) ;
#11303 = EDGE_CURVE ( 'NONE', #175, #1576, #10112, .T. ) ;
#11304 = EDGE_LOOP ( 'NONE', ( #5647, #8653, #8086, #1713 ) ) ;
#11305 = VECTOR ( 'NONE', #1888, 1000.000000000000000 ) ;
#11306 = LINE ( 'NONE', #3171, #6826 ) ;
#11307 = ORIENTED_EDGE ( 'NONE', *, *, #6117, .F. ) ;
#11308 = ORIENTED_EDGE ( 'NONE', *, *, #1062, .F. ) ;
#11309 = PRODUCT_DEFINITION_SHAPE ( 'NONE', 'NONE',  #6086 ) ;
#11311 = LINE ( 'NONE', #4827, #827 ) ;
#11310 = FACE_OUTER_BOUND ( 'NONE', #7526, .T. ) ;
#11312 = VECTOR ( 'NONE', #603, 1000.000000000000114 ) ;
#11313 = FACE_OUTER_BOUND ( 'NONE', #334, .T. ) ;
#11314 = LINE ( 'NONE', #11433, #5588 ) ;
#11315 = DIRECTION ( 'NONE',  ( 0.000000000000000000, 0.000000000000000000, -1.000000000000000000 ) ) ;
#11316 = LINE ( 'NONE', #5887, #10212 ) ;
#11317 = VECTOR ( 'NONE', #4986, 999.9999999999998863 ) ;
#11318 = CYLINDRICAL_SURFACE ( 'NONE', #8247, 1.750000000000005107 ) ;
#11319 = ORIENTED_EDGE ( 'NONE', *, *, #8187, .F. ) ;
#11320 = EDGE_LOOP ( 'NONE', ( #9254, #2900, #10960, #4343 ) ) ;
#11321 = VERTEX_POINT ( 'NONE', #2731 ) ;
#11322 = ORIENTED_EDGE ( 'NONE', *, *, #8107, .F. ) ;
#11323 = CARTESIAN_POINT ( 'NONE',  ( -21.84310355970654172, -4.627999332301131307E-15, 55.35000000000005116 ) ) ;
#11324 = ADVANCED_FACE ( 'NONE', ( #6339 ), #9278, .F. ) ;
#11325 = DIRECTION ( 'NONE',  ( -0.4999999999999997780, -0.8660254037844387076, 0.000000000000000000 ) ) ;
#11326 = LINE ( 'NONE', #8553, #4128 ) ;
#11327 = CARTESIAN_POINT ( 'NONE',  ( -2.165063509461099933, -6.999999999999972466, 2.255140518769849223E-14 ) ) ;
#11328 = ORIENTED_EDGE ( 'NONE', *, *, #3297, .T. ) ;
#11329 = VERTEX_POINT ( 'NONE', #1963 ) ;
#11330 = ORIENTED_EDGE ( 'NONE', *, *, #9701, .F. ) ;
#11331 = ORIENTED_EDGE ( 'NONE', *, *, #1899, .T. ) ;
#11332 = EDGE_CURVE ( 'NONE', #4474, #1027, #8279, .T. ) ;
#11333 = CARTESIAN_POINT ( 'NONE',  ( -2.814582562299428936, -7.374999999999972466, 2.255140518769849223E-14 ) ) ;
#11334 = CARTESIAN_POINT ( 'NONE',  ( -8.515916470546997630, 8.999999999999953815, 2.255140518769849223E-14 ) ) ;
#11335 = CARTESIAN_POINT ( 'NONE',  ( 7.144709581221625250, 4.124999999999976907, 6.350000000000022737 ) ) ;
#11336 = VECTOR ( 'NONE', #11012, 1000.000000000000000 ) ;
#11337 = CARTESIAN_POINT ( 'NONE',  ( -1.443375672974066992, -19.74999999999993250, 6.350000000000022737 ) ) ;
#11338 = VERTEX_POINT ( 'NONE', #5567 ) ;
#11340 = CARTESIAN_POINT ( 'NONE',  ( 32.78373945817675406, 21.50000000000001066, 0.000000000000000000 ) ) ;
#11339 = CARTESIAN_POINT ( 'NONE',  ( 9.705317949235135799, -36.50000000000001421, 27.64999999999995239 ) ) ;
#11341 = FACE_OUTER_BOUND ( 'NONE', #87, .T. ) ;
#11342 = CARTESIAN_POINT ( 'NONE',  ( 11.40266781649511785, -13.99999999999995026, 6.350000000000022737 ) ) ;
#11343 = CARTESIAN_POINT ( 'NONE',  ( 6.423021744734589866, 11.87499999999994316, 2.255140518769849223E-14 ) ) ;
#11344 = AXIS2_PLACEMENT_3D ( 'NONE', #9408, #11292, #3973 ) ;
#11345 = EDGE_CURVE ( 'NONE', #9873, #11524, #9165, .T. ) ;
#11346 = VECTOR ( 'NONE', #4515, 1000.000000000000000 ) ;
#11347 = ORIENTED_EDGE ( 'NONE', *, *, #8468, .T. ) ;
#11348 = ADVANCED_FACE ( 'NONE', ( #6507 ), #8390, .F. ) ;
#11349 = ORIENTED_EDGE ( 'NONE', *, *, #9033, .F. ) ;
#11350 = CARTESIAN_POINT ( 'NONE',  ( -4.979646071760531534, 6.124999999999965361, 2.255140518769849223E-14 ) ) ;
#11351 = LINE ( 'NONE', #9466, #2865 ) ;
#11352 = LINE ( 'NONE', #5865, #11215 ) ;
#11353 = VECTOR ( 'NONE', #1370, 1000.000000000000000 ) ;
#11354 = DIRECTION ( 'NONE',  ( -0.000000000000000000, 1.000000000000000000, 0.000000000000000000 ) ) ;
#11355 = LINE ( 'NONE', #3977, #9777 ) ;
#11356 = AXIS2_PLACEMENT_3D ( 'NONE', #10466, #845, #1618 ) ;
#11357 = CARTESIAN_POINT ( 'NONE',  ( 9.705317949235135799, -12.50000000000001776, 29.39999999999995239 ) ) ;
#11358 = LINE ( 'NONE', #7579, #4402 ) ;
#11359 = VERTEX_POINT ( 'NONE', #8331 ) ;
#11360 = EDGE_CURVE ( 'NONE', #7055, #2411, #254, .T. ) ;
#11361 = EDGE_CURVE ( 'NONE', #522, #2072, #308, .T. ) ;
#11362 = LINE ( 'NONE', #5872, #3501 ) ;
#11363 = EDGE_CURVE ( 'NONE', #10967, #3008, #1199, .T. ) ;
#11364 = ORIENTED_EDGE ( 'NONE', *, *, #9256, .F. ) ;
#11365 = ADVANCED_FACE ( 'NONE', ( #3908 ), #7446, .F. ) ;
#11366 = EDGE_LOOP ( 'NONE', ( #772, #4601, #4780, #9083, #5431 ) ) ;
#11367 = CARTESIAN_POINT ( 'NONE',  ( -12.12435565298215856, 12.74999999999995381, 2.255140518769849223E-14 ) ) ;
#11368 = ORIENTED_EDGE ( 'NONE', *, *, #8424, .F. ) ;
#11369 = ORIENTED_EDGE ( 'NONE', *, *, #6753, .F. ) ;
#11370 = AXIS2_PLACEMENT_3D ( 'NONE', #7638, #6873, #11242 ) ;
#11372 = CARTESIAN_POINT ( 'NONE',  ( -2.775557561562891351E-14, 27.69999999999997442, 6.350000000000022737 ) ) ;
#11371 = CARTESIAN_POINT ( 'NONE',  ( 1.443375672974063884, -2.500000000000000888, 6.350000000000022737 ) ) ;
#11373 = ADVANCED_FACE ( 'NONE', ( #5459, #81, #2793, #9998, #9396, #9335 ), #370, .F. ) ;
#11374 = LINE ( 'NONE', #454, #4110 ) ;
#11375 = CARTESIAN_POINT ( 'NONE',  ( -12.05218686933346461, 14.37499999999994138, 6.350000000000022737 ) ) ;
#11376 = DIRECTION ( 'NONE',  ( 0.5000000000000001110, -0.8660254037844385966, 0.000000000000000000 ) ) ;
#11377 = DIRECTION ( 'NONE',  ( 0.5000000000000001110, -0.8660254037844385966, 0.000000000000000000 ) ) ;
#11378 = VECTOR ( 'NONE', #3461, 1000.000000000000000 ) ;
#11379 = CARTESIAN_POINT ( 'NONE',  ( -7.264682050764862176, -36.50000000000001421, 29.40000000000000924 ) ) ;
#11380 = EDGE_LOOP ( 'NONE', ( #7964, #6532, #4993, #10352 ) ) ;
#11381 = VERTEX_POINT ( 'NONE', #6798 ) ;
#11382 = ORIENTED_EDGE ( 'NONE', *, *, #3238, .F. ) ;
#11383 = VECTOR ( 'NONE', #11655, 1000.000000000000000 ) ;
#11384 = ORIENTED_EDGE ( 'NONE', *, *, #8989, .F. ) ;
#11385 = CARTESIAN_POINT ( 'NONE',  ( -1.443375672974082757, -3.250000000000001332, 6.350000000000022737 ) ) ;
#11386 = EDGE_CURVE ( 'NONE', #5205, #3269, #5738, .T. ) ;
#11387 = DIRECTION ( 'NONE',  ( 0.5000000000000001110, 0.8660254037844385966, 0.000000000000000000 ) ) ;
#11388 = CYLINDRICAL_SURFACE ( 'NONE', #7655, 1.750000000000001554 ) ;
#11389 = CARTESIAN_POINT ( 'NONE',  ( -4.979646071760535087, 17.62499999999994671, 6.350000000000022737 ) ) ;
#11390 = VERTEX_POINT ( 'NONE', #11163 ) ;
#11391 = VECTOR ( 'NONE', #11220, 1000.000000000000000 ) ;
#11392 = VERTEX_POINT ( 'NONE', #4855 ) ;
#11393 = VERTEX_POINT ( 'NONE', #10395 ) ;
#11394 = ORIENTED_EDGE ( 'NONE', *, *, #3799, .F. ) ;
#11395 = DIRECTION ( 'NONE',  ( -0.8660254037844385966, -0.5000000000000001110, 0.000000000000000000 ) ) ;
#11396 = CARTESIAN_POINT ( 'NONE',  ( 0.000000000000000000, 0.000000000000000000, 6.350000000000022737 ) ) ;
#11397 = CARTESIAN_POINT ( 'NONE',  ( -21.84310355970654172, 3.999999999999984457, 55.35000000000005116 ) ) ;
#11398 = LINE ( 'NONE', #4262, #11403 ) ;
#11399 = ORIENTED_EDGE ( 'NONE', *, *, #605, .T. ) ;
#11401 = DIRECTION ( 'NONE',  ( 0.5000000000000001110, 0.8660254037844385966, 0.000000000000000000 ) ) ;
#11400 = CARTESIAN_POINT ( 'NONE',  ( 18.23373945817677111, 20.00000000000001776, 6.350000000000022737 ) ) ;
#11402 = PLANE ( 'NONE',  #6409 ) ;
#11403 = VECTOR ( 'NONE', #1545, 1000.000000000000114 ) ;
#11404 = LINE ( 'NONE', #1260, #9813 ) ;
#11405 = CARTESIAN_POINT ( 'NONE',  ( -21.84310355970657014, 30.00000000000002132, 6.350000000000022737 ) ) ;
#11406 = VERTEX_POINT ( 'NONE', #2310 ) ;
#11407 = ORIENTED_EDGE ( 'NONE', *, *, #1714, .T. ) ;
#11408 = ORIENTED_EDGE ( 'NONE', *, *, #7802, .F. ) ;
#11409 = VECTOR ( 'NONE', #10191, 1000.000000000000000 ) ;
#11410 = DIRECTION ( 'NONE',  ( 1.000000000000000000, 0.000000000000000000, 0.000000000000000000 ) ) ;
#11411 = LINE ( 'NONE', #733, #9856 ) ;
#11412 = PLANE ( 'NONE',  #10830 ) ;
#11413 = AXIS2_PLACEMENT_3D ( 'NONE', #7522, #10070, #2213 ) ;
#11414 = VECTOR ( 'NONE', #7536, 1000.000000000000000 ) ;
#11415 = CARTESIAN_POINT ( 'NONE',  ( 11.40266781649511607, 2.500000000000001332, 2.255140518769849223E-14 ) ) ;
#11416 = LINE ( 'NONE', #6163, #6756 ) ;
#11417 = DIRECTION ( 'NONE',  ( 0.000000000000000000, 0.000000000000000000, -1.000000000000000000 ) ) ;
#11418 = DIRECTION ( 'NONE',  ( -0.5000000000000002220, 0.8660254037844384856, 0.000000000000000000 ) ) ;
#11419 = EDGE_LOOP ( 'NONE', ( #215, #192, #356, #4194 ) ) ;
#11420 = ADVANCED_FACE ( 'NONE', ( #545 ), #8684, .F. ) ;
#11421 = CARTESIAN_POINT ( 'NONE',  ( 12.12435565298215145, -1.249999999999998668, 2.255140518769849223E-14 ) ) ;
#11422 = VECTOR ( 'NONE', #1447, 1000.000000000000000 ) ;
#11423 = ORIENTED_EDGE ( 'NONE', *, *, #5531, .F. ) ;
#11424 = ORIENTED_EDGE ( 'NONE', *, *, #6523, .T. ) ;
#11425 = CARTESIAN_POINT ( 'NONE',  ( -2.092894725812403323, -14.37499999999993960, 2.255140518769849223E-14 ) ) ;
#11426 = ORIENTED_EDGE ( 'NONE', *, *, #5538, .T. ) ;
#11427 = ORIENTED_EDGE ( 'NONE', *, *, #5968, .F. ) ;
#11428 = EDGE_CURVE ( 'NONE', #6690, #1316, #11224, .T. ) ;
#11430 = FACE_OUTER_BOUND ( 'NONE', #3597, .T. ) ;
#11429 = CARTESIAN_POINT ( 'NONE',  ( 7.368161339686249534, -30.00000000000002842, 3.350000000000019629 ) ) ;
#11431 = ADVANCED_FACE ( 'NONE', ( #1434 ), #10225, .F. ) ;
#11432 = CARTESIAN_POINT ( 'NONE',  ( -23.79626054182323003, 20.00000000000001776, 0.000000000000000000 ) ) ;
#11433 = CARTESIAN_POINT ( 'NONE',  ( 0.000000000000000000, -18.00000000000001421, 0.000000000000000000 ) ) ;
#11434 = EDGE_CURVE ( 'NONE', #8672, #3059, #11282, .T. ) ;
#11435 = DIRECTION ( 'NONE',  ( 0.4999999999999997224, 0.8660254037844387076, 0.000000000000000000 ) ) ;
#11436 = VECTOR ( 'NONE', #5599, 1000.000000000000000 ) ;
#11437 = DIRECTION ( 'NONE',  ( -0.8660254037844388186, 0.4999999999999998335, 0.000000000000000000 ) ) ;
#11438 = ORIENTED_EDGE ( 'NONE', *, *, #3985, .T. ) ;
#11439 = VERTEX_POINT ( 'NONE', #1492 ) ;
#11440 = ORIENTED_EDGE ( 'NONE', *, *, #4575, .T. ) ;
#11441 = ORIENTED_EDGE ( 'NONE', *, *, #1925, .T. ) ;
#11442 = CARTESIAN_POINT ( 'NONE',  ( -9.959292143521061291, -13.99999999999995204, 6.350000000000022737 ) ) ;
#11443 = EDGE_CURVE ( 'NONE', #11506, #8272, #2365, .T. ) ;
#11444 = DIRECTION ( 'NONE',  ( -0.000000000000000000, 0.000000000000000000, -1.000000000000000000 ) ) ;
#11445 = CARTESIAN_POINT ( 'NONE',  ( 2.165063509461094160, -6.999999999999971578, 2.255140518769849223E-14 ) ) ;
#11446 = CARTESIAN_POINT ( 'NONE',  ( 12.84604348946918151, -17.24999999999992895, 2.255140518769849223E-14 ) ) ;
#11447 = ORIENTED_EDGE ( 'NONE', *, *, #6816, .F. ) ;
#11448 = AXIS2_PLACEMENT_3D ( 'NONE', #10619, #10729, #10676 ) ;
#11449 = EDGE_LOOP ( 'NONE', ( #6792, #5625, #10512, #1159 ) ) ;
#11450 = EDGE_CURVE ( 'NONE', #9171, #8473, #8403, .T. ) ;
#11451 = EDGE_LOOP ( 'NONE', ( #7544, #5675, #3571 ) ) ;
#11452 = EDGE_LOOP ( 'NONE', ( #9565, #11384, #7189, #5875, #9536 ) ) ;
#11453 = EDGE_CURVE ( 'NONE', #9552, #3785, #487, .T. ) ;
#11454 = VECTOR ( 'NONE', #4701, 1000.000000000000000 ) ;
#11455 = DIRECTION ( 'NONE',  ( 1.000000000000000000, 0.000000000000000000, 0.000000000000000000 ) ) ;
#11456 = DIRECTION ( 'NONE',  ( 1.000000000000000000, 0.000000000000000000, 0.000000000000000000 ) ) ;
#11457 = DIRECTION ( 'NONE',  ( 0.000000000000000000, 0.000000000000000000, 1.000000000000000000 ) ) ;
#11458 = DIRECTION ( 'NONE',  ( 1.000000000000000000, 0.000000000000000000, 0.000000000000000000 ) ) ;
#11459 = ORIENTED_EDGE ( 'NONE', *, *, #5373, .T. ) ;
#11461 = LINE ( 'NONE', #7738, #6817 ) ;
#11460 = CARTESIAN_POINT ( 'NONE',  ( 16.23373945817677111, -20.00000000000001776, 6.350000000000022737 ) ) ;
#11462 = PLANE ( 'NONE',  #4338 ) ;
#11463 = DIRECTION ( 'NONE',  ( -1.000000000000000000, 0.000000000000000000, 0.000000000000000000 ) ) ;
#11464 = VECTOR ( 'NONE', #4513, 1000.000000000000000 ) ;
#11465 = PLANE ( 'NONE',  #3393 ) ;
#11466 = ORIENTED_EDGE ( 'NONE', *, *, #6606, .T. ) ;
#11467 = ORIENTED_EDGE ( 'NONE', *, *, #4318, .F. ) ;
#11468 = VECTOR ( 'NONE', #6291, 1000.000000000000114 ) ;
#11469 = CARTESIAN_POINT ( 'NONE',  ( -20.09626054182323074, -20.00000000000001776, 4.350000000000028955 ) ) ;
#11470 = CARTESIAN_POINT ( 'NONE',  ( 32.78373945817675406, -3.999999999999984457, 46.84999999999998721 ) ) ;
#11471 = PLANE ( 'NONE',  #2589 ) ;
#11472 = VECTOR ( 'NONE', #3204, 1000.000000000000000 ) ;
#11473 = CARTESIAN_POINT ( 'NONE',  ( 20.78373945817676827, -20.00000000000001776, 4.350000000000027178 ) ) ;
#11474 = PLANE ( 'NONE',  #11087 ) ;
#11475 = DIRECTION ( 'NONE',  ( -0.000000000000000000, 0.000000000000000000, 1.000000000000000000 ) ) ;
#11476 = FACE_OUTER_BOUND ( 'NONE', #1647, .T. ) ;
#11477 = VERTEX_POINT ( 'NONE', #4979 ) ;
#11478 = VECTOR ( 'NONE', #3619, 1000.000000000000000 ) ;
#11479 = CARTESIAN_POINT ( 'NONE',  ( -1.443375672974070545, 8.999999999999953815, 2.255140518769849223E-14 ) ) ;
#11480 = ORIENTED_EDGE ( 'NONE', *, *, #3368, .T. ) ;
#11481 = VECTOR ( 'NONE', #7847, 1000.000000000000000 ) ;
#11482 = ORIENTED_EDGE ( 'NONE', *, *, #5953, .T. ) ;
#11483 = DIRECTION ( 'NONE',  ( -0.8660254037844385966, -0.5000000000000001110, 0.000000000000000000 ) ) ;
#11484 = DIRECTION ( 'NONE',  ( -0.000000000000000000, 0.000000000000000000, -1.000000000000000000 ) ) ;
#11485 = ORIENTED_EDGE ( 'NONE', *, *, #11126, .T. ) ;
#11487 = LINE ( 'NONE', #8716, #4787 ) ;
#11486 = DIRECTION ( 'NONE',  ( 0.7071067811865487940, 3.845925372767115800E-16, 0.7071067811865463515 ) ) ;
#11488 = CARTESIAN_POINT ( 'NONE',  ( 7.368161339686235323, 30.00000000000002132, 6.350000000000022737 ) ) ;
#11489 = PLANE ( 'NONE',  #4693 ) ;
#11490 = LINE ( 'NONE', #7008, #219 ) ;
#11491 = DIRECTION ( 'NONE',  ( 0.000000000000000000, 1.000000000000000000, -0.000000000000000000 ) ) ;
#11492 = ORIENTED_EDGE ( 'NONE', *, *, #3630, .T. ) ;
#11493 = EDGE_LOOP ( 'NONE', ( #8603, #6657, #6012, #11038 ) ) ;
#11494 = VECTOR ( 'NONE', #1880, 1000.000000000000114 ) ;
#11495 = EDGE_CURVE ( 'NONE', #7621, #10099, #10342, .T. ) ;
#11496 = EDGE_CURVE ( 'NONE', #10144, #7435, #1317, .T. ) ;
#11497 = ORIENTED_EDGE ( 'NONE', *, *, #7515, .F. ) ;
#11498 = EDGE_LOOP ( 'NONE', ( #843, #9418, #1336, #5878 ) ) ;
#11499 = EDGE_CURVE ( 'NONE', #204, #3830, #5855, .T. ) ;
#11500 = CARTESIAN_POINT ( 'NONE',  ( 1.443375672974060997, -8.249999999999973355, 2.255140518769849223E-14 ) ) ;
#11501 = CARTESIAN_POINT ( 'NONE',  ( -7.300682423332669480, -19.14515288713716856, 3.350000000000019629 ) ) ;
#11502 = VECTOR ( 'NONE', #11410, 1000.000000000000000 ) ;
#11503 = PLANE ( 'NONE',  #10675 ) ;
#11504 = DIRECTION ( 'NONE',  ( 1.000000000000000000, 0.000000000000000000, 0.000000000000000000 ) ) ;
#11505 = ORIENTED_EDGE ( 'NONE', *, *, #10267, .T. ) ;
#11506 = VERTEX_POINT ( 'NONE', #11102 ) ;
#11507 = ORIENTED_EDGE ( 'NONE', *, *, #4794, .F. ) ;
#11508 = EDGE_CURVE ( 'NONE', #8586, #11390, #8568, .T. ) ;
#11509 = EDGE_CURVE ( 'NONE', #6426, #10118, #1257, .T. ) ;
#11510 = ORIENTED_EDGE ( 'NONE', *, *, #9730, .T. ) ;
#11511 = EDGE_CURVE ( 'NONE', #7043, #7098, #3203, .T. ) ;
#11512 = CARTESIAN_POINT ( 'NONE',  ( 2.165063509461096825, -1.249999999999999112, 6.350000000000022737 ) ) ;
#11513 = DIRECTION ( 'NONE',  ( 0.5000000000000001110, -0.8660254037844385966, 0.000000000000000000 ) ) ;
#11514 = EDGE_CURVE ( 'NONE', #8616, #73, #6624, .T. ) ;
#11515 = DIRECTION ( 'NONE',  ( -1.000000000000000000, -4.003208021484940511E-16, 0.000000000000000000 ) ) ;
#11516 = DIRECTION ( 'NONE',  ( 0.000000000000000000, 0.000000000000000000, 1.000000000000000000 ) ) ;
#11517 = ORIENTED_EDGE ( 'NONE', *, *, #10794, .T. ) ;
#11518 = ADVANCED_FACE ( 'NONE', ( #2196 ), #8743, .F. ) ;
#11519 = EDGE_CURVE ( 'NONE', #1540, #5589, #10854, .T. ) ;
#11521 = CARTESIAN_POINT ( 'NONE',  ( -2.165063509461099933, 18.49999999999993250, 6.350000000000022737 ) ) ;
#11520 = CARTESIAN_POINT ( 'NONE',  ( -2.886751345948129543, 0.000000000000000000, 2.255140518769849223E-14 ) ) ;
#11522 = CARTESIAN_POINT ( 'NONE',  ( 6.639528095680725883, 17.99999999999996803, -3.649999999999986589 ) ) ;
#11523 = DIRECTION ( 'NONE',  ( 1.000000000000000000, 0.000000000000000000, 0.000000000000000000 ) ) ;
#11524 = VERTEX_POINT ( 'NONE', #5382 ) ;
#11525 = ORIENTED_EDGE ( 'NONE', *, *, #1733, .F. ) ;
#11526 = VECTOR ( 'NONE', #1999, 1000.000000000000114 ) ;
#11527 = LINE ( 'NONE', #5335, #7351 ) ;
#11528 = DIRECTION ( 'NONE',  ( 0.000000000000000000, -1.000000000000000000, 0.000000000000000000 ) ) ;
#11529 = LINE ( 'NONE', #7154, #7671 ) ;
#11530 = DIRECTION ( 'NONE',  ( 1.000000000000000000, 0.000000000000000000, 0.000000000000000000 ) ) ;
#11531 = CARTESIAN_POINT ( 'NONE',  ( 3.319764047840298993, 18.00000000000001421, 3.350000000000019629 ) ) ;
#11532 = CARTESIAN_POINT ( 'NONE',  ( -12.96626054182323173, -18.00000000000001421, 6.350000000000022737 ) ) ;
#11533 = PLANE ( 'NONE',  #2316 ) ;
#11534 = EDGE_LOOP ( 'NONE', ( #8184, #2110, #3899, #4958 ) ) ;
#11535 = VECTOR ( 'NONE', #2030, 1000.000000000000000 ) ;
#11536 = FACE_OUTER_BOUND ( 'NONE', #1613, .T. ) ;
#11537 = ORIENTED_EDGE ( 'NONE', *, *, #7743, .T. ) ;
#11538 = ORIENTED_EDGE ( 'NONE', *, *, #1265, .T. ) ;
#11539 = VECTOR ( 'NONE', #246, 1000.000000000000000 ) ;
#11540 = DIRECTION ( 'NONE',  ( -1.000000000000000000, -5.337610695313253357E-16, 0.000000000000000000 ) ) ;
#11541 = DIRECTION ( 'NONE',  ( 0.4999999999999997224, 0.8660254037844387076, 0.000000000000000000 ) ) ;
#11542 = ORIENTED_EDGE ( 'NONE', *, *, #5368, .F. ) ;
#11543 = AXIS2_PLACEMENT_3D ( 'NONE', #906, #1080, #4738 ) ;
#11545 = DIRECTION ( 'NONE',  ( 0.5000000000000001110, -0.8660254037844385966, 0.000000000000000000 ) ) ;
#11544 = LINE ( 'NONE', #3467, #4255 ) ;
#11546 = PLANE ( 'NONE',  #9948 ) ;
#11547 = DIRECTION ( 'NONE',  ( 0.000000000000000000, 0.000000000000000000, 1.000000000000000000 ) ) ;
#11548 = CARTESIAN_POINT ( 'NONE',  ( 8.515916470546974537, 8.249999999999953815, 6.350000000000022737 ) ) ;
#11549 = CIRCLE ( 'NONE', #5898, 3.700000000000001954 ) ;
#11550 = CARTESIAN_POINT ( 'NONE',  ( -3.250000000000002665, -26.20000000000000284, 0.000000000000000000 ) ) ;
#11551 = ORIENTED_EDGE ( 'NONE', *, *, #5886, .T. ) ;
#11552 = VERTEX_POINT ( 'NONE', #9868 ) ;
#11553 = ORIENTED_EDGE ( 'NONE', *, *, #5939, .T. ) ;
#11554 = ORIENTED_EDGE ( 'NONE', *, *, #9255, .T. ) ;
#11555 = LINE ( 'NONE', #5309, #6085 ) ;
#11556 = LINE ( 'NONE', #8076, #9942 ) ;
#11557 = CARTESIAN_POINT ( 'NONE',  ( -2.165063509461105706, -10.24999999999996447, 6.350000000000022737 ) ) ;
#11558 = FACE_OUTER_BOUND ( 'NONE', #4242, .T. ) ;
#11559 = ORIENTED_EDGE ( 'NONE', *, *, #3152, .T. ) ;
#11560 = ORIENTED_EDGE ( 'NONE', *, *, #7174, .F. ) ;
#11561 = VERTEX_POINT ( 'NONE', #11460 ) ;
#11562 = ADVANCED_FACE ( 'NONE', ( #8864 ), #2435, .T. ) ;
#11563 = CIRCLE ( 'NONE', #4413, 1.499999999999996003 ) ;
#11564 = VERTEX_POINT ( 'NONE', #11520 ) ;
#11565 = DIRECTION ( 'NONE',  ( 0.7071067811865483499, 0.000000000000000000, 0.7071067811865467956 ) ) ;
#11566 = LINE ( 'NONE', #11334, #2511 ) ;
#11567 = LINE ( 'NONE', #7917, #5919 ) ;
#11568 = ADVANCED_FACE ( 'NONE', ( #1668 ), #3325, .F. ) ;
#11569 = LINE ( 'NONE', #4613, #10178 ) ;
#11570 = AXIS2_PLACEMENT_3D ( 'NONE', #2307, #3142, #9692 ) ;
#11571 = CARTESIAN_POINT ( 'NONE',  ( -6.423021744734609406, -17.62499999999993960, 6.350000000000022737 ) ) ;
#11572 = ORIENTED_EDGE ( 'NONE', *, *, #2328, .T. ) ;
#11573 = EDGE_CURVE ( 'NONE', #11024, #10554, #11574, .T. ) ;
#11574 = LINE ( 'NONE', #5274, #3124 ) ;
#11575 = EDGE_CURVE ( 'NONE', #9968, #9552, #7148, .T. ) ;
#11576 = EDGE_CURVE ( 'NONE', #2215, #2855, #10689, .T. ) ;
#11577 = CARTESIAN_POINT ( 'NONE',  ( 1.220317949234429156, 12.50000000000001776, 29.40000000000003766 ) ) ;
#11578 = ORIENTED_EDGE ( 'NONE', *, *, #3780, .F. ) ;
#11579 = ORIENTED_EDGE ( 'NONE', *, *, #2336, .F. ) ;
#11580 = CARTESIAN_POINT ( 'NONE',  ( 2.814582562299422719, 15.62499999999993072, 2.255140518769849223E-14 ) ) ;
#11581 = CARTESIAN_POINT ( 'NONE',  ( -21.84310355970654172, -12.50000000000001776, 6.350000000000022737 ) ) ;
#11582 = LINE ( 'NONE', #1729, #11256 ) ;
#11583 = CARTESIAN_POINT ( 'NONE',  ( 12.84604348946918329, 1.301042606982605321E-15, 6.350000000000022737 ) ) ;
#11584 = VECTOR ( 'NONE', #2491, 999.9999999999998863 ) ;
#11586 = CARTESIAN_POINT ( 'NONE',  ( -8.515916470546997630, -8.249999999999975131, 2.255140518769849223E-14 ) ) ;
#11585 = LINE ( 'NONE', #5283, #1240 ) ;
#11587 = LINE ( 'NONE', #3516, #740 ) ;
#11588 = CARTESIAN_POINT ( 'NONE',  ( -2.886751345948132652, -5.749999999999972466, 6.350000000000022737 ) ) ;
#11589 = EDGE_LOOP ( 'NONE', ( #7778, #9900, #2680, #2357 ) ) ;
#11590 = DIRECTION ( 'NONE',  ( 0.5000000000000001110, -0.8660254037844385966, 0.000000000000000000 ) ) ;
#11591 = EDGE_LOOP ( 'NONE', ( #5362, #5903, #10834, #9423 ) ) ;
#11592 = VECTOR ( 'NONE', #9175, 1000.000000000000000 ) ;
#11593 = ADVANCED_FACE ( 'NONE', ( #8979 ), #723, .T. ) ;
#11594 = EDGE_CURVE ( 'NONE', #3101, #8692, #896, .T. ) ;
#11595 = ORIENTED_EDGE ( 'NONE', *, *, #11573, .F. ) ;
#11596 = AXIS2_PLACEMENT_3D ( 'NONE', #4815, #1157, #3759 ) ;
#11597 = VECTOR ( 'NONE', #8875, 1000.000000000000000 ) ;
#11598 = FACE_OUTER_BOUND ( 'NONE', #8883, .T. ) ;
#11599 = CARTESIAN_POINT ( 'NONE',  ( 7.072540797572925086, -5.749999999999974243, 2.255140518769849223E-14 ) ) ;
#11601 = DIRECTION ( 'NONE',  ( 0.4999999999999997224, 0.8660254037844387076, 0.000000000000000000 ) ) ;
#11600 = CARTESIAN_POINT ( 'NONE',  ( -1.443375672974065216, 2.500000000000000888, 2.255140518769849223E-14 ) ) ;
#11602 = FACE_OUTER_BOUND ( 'NONE', #10330, .T. ) ;
#11603 = CARTESIAN_POINT ( 'NONE',  ( -12.96626054182322996, 1.291777957386640141, 6.350000000000022737 ) ) ;
#11604 = VECTOR ( 'NONE', #7048, 1000.000000000000000 ) ;
#11605 = AXIS2_PLACEMENT_3D ( 'NONE', #8036, #1782, #6094 ) ;
#11606 = LINE ( 'NONE', #930, #2174 ) ;
#11607 = ORIENTED_EDGE ( 'NONE', *, *, #7111, .T. ) ;
#11608 = ORIENTED_EDGE ( 'NONE', *, *, #10638, .T. ) ;
#11609 = AXIS2_PLACEMENT_3D ( 'NONE', #9513, #8447, #2193 ) ;
#11610 = ORIENTED_EDGE ( 'NONE', *, *, #8749, .F. ) ;
#11611 = ORIENTED_EDGE ( 'NONE', *, *, #6447, .F. ) ;
#11612 = CARTESIAN_POINT ( 'NONE',  ( 32.78373945817675406, 3.999999999999984457, 55.35000000000005116 ) ) ;
#11613 = VECTOR ( 'NONE', #6950, 1000.000000000000000 ) ;
#11614 = DIRECTION ( 'NONE',  ( 0.000000000000000000, 0.000000000000000000, -1.000000000000000000 ) ) ;
#11615 = CARTESIAN_POINT ( 'NONE',  ( 12.12435565298215145, -6.999999999999973355, 2.255140518769849223E-14 ) ) ;
#11616 = CARTESIAN_POINT ( 'NONE',  ( -12.84604348946919039, -17.24999999999992895, 2.255140518769849223E-14 ) ) ;
#11617 = ORIENTED_EDGE ( 'NONE', *, *, #5099, .T. ) ;
#11618 = ORIENTED_EDGE ( 'NONE', *, *, #1403, .F. ) ;
#11619 = ORIENTED_EDGE ( 'NONE', *, *, #5241, .F. ) ;
#11620 = ORIENTED_EDGE ( 'NONE', *, *, #5149, .F. ) ;
#11621 = ORIENTED_EDGE ( 'NONE', *, *, #10438, .F. ) ;
#11622 = DIRECTION ( 'NONE',  ( 0.5000000000000001110, 0.8660254037844385966, 0.000000000000000000 ) ) ;
#11623 = DIRECTION ( 'NONE',  ( -0.000000000000000000, 0.000000000000000000, -1.000000000000000000 ) ) ;
#11624 = CARTESIAN_POINT ( 'NONE',  ( -9.959292143521061291, -2.499999999999996891, 2.255140518769849223E-14 ) ) ;
#11625 = DIRECTION ( 'NONE',  ( 0.000000000000000000, -0.000000000000000000, -1.000000000000000000 ) ) ;
#11626 = CARTESIAN_POINT ( 'NONE',  ( -6.423021744734614735, 17.62499999999994671, 2.255140518769849223E-14 ) ) ;
#11627 = ADVANCED_FACE ( 'NONE', ( #7920 ), #2663, .F. ) ;
#11628 = ORIENTED_EDGE ( 'NONE', *, *, #4357, .T. ) ;
#11629 = DIRECTION ( 'NONE',  ( 1.000000000000000000, 0.000000000000000000, 0.000000000000000000 ) ) ;
#11630 = DIRECTION ( 'NONE',  ( 1.000000000000000000, 3.373073425510458458E-16, 0.000000000000000000 ) ) ;
#11631 = EDGE_CURVE ( 'NONE', #2876, #9464, #8025, .T. ) ;
#11632 = VECTOR ( 'NONE', #9903, 1000.000000000000000 ) ;
#11633 = ORIENTED_EDGE ( 'NONE', *, *, #2363, .T. ) ;
#11634 = ORIENTED_EDGE ( 'NONE', *, *, #10015, .T. ) ;
#11635 = LINE ( 'NONE', #2787, #5292 ) ;
#11636 = EDGE_CURVE ( 'NONE', #10862, #9874, #658, .T. ) ;
#11637 = DIRECTION ( 'NONE',  ( 1.000000000000000000, 0.000000000000000000, 0.000000000000000000 ) ) ;
#11638 = CARTESIAN_POINT ( 'NONE',  ( -12.12435565298215856, 4.499999999999978684, 2.255140518769849223E-14 ) ) ;
#11639 = EDGE_CURVE ( 'NONE', #2021, #11019, #6210, .T. ) ;
#11640 = CARTESIAN_POINT ( 'NONE',  ( 9.634532617101845275, -5.562499999999976019, 3.350000000000019629 ) ) ;
#11642 = PLANE ( 'NONE',  #4120 ) ;
#11641 = LINE ( 'NONE', #4397, #4629 ) ;
#11643 = DIRECTION ( 'NONE',  ( 0.000000000000000000, 0.000000000000000000, 1.000000000000000000 ) ) ;
#11644 = VECTOR ( 'NONE', #37, 1000.000000000000000 ) ;
#11645 = CARTESIAN_POINT ( 'NONE',  ( 0.000000000000000000, 0.000000000000000000, 6.350000000000022737 ) ) ;
#11646 = ORIENTED_EDGE ( 'NONE', *, *, #2188, .F. ) ;
#11647 = DIRECTION ( 'NONE',  ( 0.8660254037844385966, -0.5000000000000001110, 0.000000000000000000 ) ) ;
#11648 = ORIENTED_EDGE ( 'NONE', *, *, #9268, .F. ) ;
#11649 = EDGE_CURVE ( 'NONE', #8575, #273, #9637, .T. ) ;
#11650 = EDGE_LOOP ( 'NONE', ( #7585, #106, #1162, #9086 ) ) ;
#11651 = VECTOR ( 'NONE', #11164, 1000.000000000000000 ) ;
#11652 = CYLINDRICAL_SURFACE ( 'NONE', #3809, 2.550000000000000266 ) ;
#11653 = LINE ( 'NONE', #8830, #3535 ) ;
#11655 = DIRECTION ( 'NONE',  ( 3.373073425510458458E-16, -1.000000000000000000, 0.000000000000000000 ) ) ;
#11654 = CARTESIAN_POINT ( 'NONE',  ( 18.23373945817677111, 0.000000000000000000, 6.350000000000022737 ) ) ;
#11656 = EDGE_CURVE ( 'NONE', #8438, #9257, #5153, .T. ) ;
#11657 = CARTESIAN_POINT ( 'NONE',  ( -8.515916470547001182, 14.74999999999993072, 2.255140518769849223E-14 ) ) ;
#11658 = VECTOR ( 'NONE', #8003, 1000.000000000000000 ) ;
#11659 = DIRECTION ( 'NONE',  ( 1.000000000000000000, 0.000000000000000000, -0.000000000000000000 ) ) ;
#11660 = EDGE_CURVE ( 'NONE', #2627, #6731, #2548, .T. ) ;
#11661 = EDGE_CURVE ( 'NONE', #2259, #7426, #9755, .T. ) ;
#11662 = LINE ( 'NONE', #7067, #8016 ) ;
#11663 = EDGE_LOOP ( 'NONE', ( #11308, #4839, #3485, #271 ) ) ;
#11664 = VECTOR ( 'NONE', #213, 1000.000000000000114 ) ;
#11665 = VERTEX_POINT ( 'NONE', #5617 ) ;
#11666 = VERTEX_POINT ( 'NONE', #9095 ) ;
#11667 = ORIENTED_EDGE ( 'NONE', *, *, #7056, .T. ) ;
#11668 = DIRECTION ( 'NONE',  ( -0.000000000000000000, 1.000000000000000000, -0.000000000000000000 ) ) ;
#11669 = CARTESIAN_POINT ( 'NONE',  ( -2.814582562299434709, 7.374999999999966249, 2.255140518769849223E-14 ) ) ;
#11670 = CARTESIAN_POINT ( 'NONE',  ( 1.443375672974061885, -8.249999999999973355, 6.350000000000022737 ) ) ;
#11671 = CARTESIAN_POINT ( 'NONE',  ( -2.165063509461099933, -18.49999999999992895, 2.255140518769849223E-14 ) ) ;
#11672 = ORIENTED_EDGE ( 'NONE', *, *, #1141, .F. ) ;
#11673 = VERTEX_POINT ( 'NONE', #6381 ) ;
#11674 = ORIENTED_EDGE ( 'NONE', *, *, #3, .T. ) ;
ENDSEC;
END-ISO-10303-21;
