ISO-10303-21;
HEADER;
FILE_DESCRIPTION (( 'STEP AP214' ),
    '1' );
FILE_NAME ('CentralRing.STEP',
    '2024-04-22T21:19:45',
    ( '' ),
    ( '' ),
    'SwSTEP 2.0',
    'SolidWorks 2022',
    '' );
FILE_SCHEMA (( 'AUTOMOTIVE_DESIGN' ));
ENDSEC;

DATA;
#1 = DIRECTION ( 'NONE',  ( -0.4999999999999995559, -0.8660254037844389297, -0.000000000000000000 ) ) ;
#2 = CARTESIAN_POINT ( 'NONE',  ( -49.36328099426715710, -42.28790003631090144, 24.00000000000000000 ) ) ;
#3 = CARTESIAN_POINT ( 'NONE',  ( -52.68181134867221971, 46.31313801742953729, 24.00000000000000000 ) ) ;
#4 = VECTOR ( 'NONE', #3800, 1000.000000000000000 ) ;
#5 = EDGE_CURVE ( 'NONE', #2937, #880, #4372, .T. ) ;
#6 = LINE ( 'NONE', #1756, #2760 ) ;
#7 = CARTESIAN_POINT ( 'NONE',  ( 52.68181134868095938, 46.31313801745074699, 6.000000000000000000 ) ) ;
#8 = FACE_OUTER_BOUND ( 'NONE', #5321, .T. ) ;
#9 = VECTOR ( 'NONE', #2390, 1000.000000000000227 ) ;
#10 = EDGE_CURVE ( 'NONE', #3242, #4439, #743, .T. ) ;
#11 = VERTEX_POINT ( 'NONE', #3492 ) ;
#12 = VERTEX_POINT ( 'NONE', #4285 ) ;
#13 = CARTESIAN_POINT ( 'NONE',  ( -48.33192656921439578, -45.14758990363260693, 24.00000000000000000 ) ) ;
#14 = DIRECTION ( 'NONE',  ( 1.000000000000000000, 0.000000000000000000, -0.000000000000000000 ) ) ;
#15 = VECTOR ( 'NONE', #2657, 1000.000000000000000 ) ;
#16 = ORIENTED_EDGE ( 'NONE', *, *, #2069, .F. ) ;
#17 = ORIENTED_EDGE ( 'NONE', *, *, #2582, .T. ) ;
#18 = LINE ( 'NONE', #3018, #722 ) ;
#19 = PRESENTATION_LAYER_ASSIGNMENT (  '', '', ( #4266 ) ) ;
#20 = DIRECTION ( 'NONE',  ( -0.000000000000000000, -0.000000000000000000, 1.000000000000000000 ) ) ;
#21 = CARTESIAN_POINT ( 'NONE',  ( -50.66302279685133669, -53.84735946250582828, 0.4342951545397207846 ) ) ;
#22 = ORIENTED_EDGE ( 'NONE', *, *, #3999, .T. ) ;
#23 = VERTEX_POINT ( 'NONE', #403 ) ;
#24 = VERTEX_POINT ( 'NONE', #5628 ) ;
#25 = DIRECTION ( 'NONE',  ( 0.4588886766021383901, 0.8884937717768977006, 0.000000000000000000 ) ) ;
#26 = DIRECTION ( 'NONE',  ( 0.000000000000000000, 0.000000000000000000, 1.000000000000000000 ) ) ;
#27 = CARTESIAN_POINT ( 'NONE',  ( -2.251666049839554429, 73.90000000000000568, 24.00000000000000000 ) ) ;
#28 = EDGE_CURVE ( 'NONE', #4177, #5290, #782, .T. ) ;
#29 = VERTEX_POINT ( 'NONE', #2164 ) ;
#30 = CARTESIAN_POINT ( 'NONE',  ( -51.54747468305857439, -49.49747468305806564, 6.000000000000000000 ) ) ;
#31 = CARTESIAN_POINT ( 'NONE',  ( 50.66302279690249577, -53.84735946248461147, 24.00000000000000000 ) ) ;
#32 = DIRECTION ( 'NONE',  ( 0.2588190451025212391, -0.9659258262890682012, 0.000000000000000000 ) ) ;
#33 = CARTESIAN_POINT ( 'NONE',  ( 46.01640966833145541, 50.65532882781869972, 30.00000000000000000 ) ) ;
#34 = DIRECTION ( 'NONE',  ( -0.000000000000000000, -0.000000000000000000, 1.000000000000000000 ) ) ;
#35 = EDGE_CURVE ( 'NONE', #55, #1802, #3881, .T. ) ;
#36 = VERTEX_POINT ( 'NONE', #5655 ) ;
#37 = ORIENTED_EDGE ( 'NONE', *, *, #4554, .T. ) ;
#38 = LINE ( 'NONE', #1792, #5536 ) ;
#39 = DIRECTION ( 'NONE',  ( 0.2117675249829678308, 0.9773200680240778926, 0.000000000000000000 ) ) ;
#40 = AXIS2_PLACEMENT_3D ( 'NONE', #5579, #357, #1243 ) ;
#41 = EDGE_CURVE ( 'NONE', #2952, #2670, #2338, .T. ) ;
#42 = ORIENTED_EDGE ( 'NONE', *, *, #4629, .F. ) ;
#43 = EDGE_CURVE ( 'NONE', #5399, #1705, #2078, .T. ) ;
#44 = ORIENTED_EDGE ( 'NONE', *, *, #4693, .F. ) ;
#45 = AXIS2_PLACEMENT_3D ( 'NONE', #2449, #5178, #2016 ) ;
#46 = LINE ( 'NONE', #982, #4714 ) ;
#47 = DIRECTION ( 'NONE',  ( -0.000000000000000000, -0.000000000000000000, 1.000000000000000000 ) ) ;
#48 = CARTESIAN_POINT ( 'NONE',  ( -50.16916781819524829, -53.71503141979683704, 0.000000000000000000 ) ) ;
#49 = ORIENTED_EDGE ( 'NONE', *, *, #444, .F. ) ;
#50 = ORIENTED_EDGE ( 'NONE', *, *, #4008, .T. ) ;
#51 = ORIENTED_EDGE ( 'NONE', *, *, #1222, .T. ) ;
#52 = CARTESIAN_POINT ( 'NONE',  ( 73.60488503480722500, 2.422050754459060151, 0.1446691037137363689 ) ) ;
#53 = CARTESIAN_POINT ( 'NONE',  ( -2.336838289519747480, 73.75247735347947753, 29.71056514492345002 ) ) ;
#54 = EDGE_CURVE ( 'NONE', #2518, #4743, #3940, .T. ) ;
#55 = VERTEX_POINT ( 'NONE', #2 ) ;
#56 = EDGE_CURVE ( 'NONE', #5387, #2192, #1207, .T. ) ;
#57 = VECTOR ( 'NONE', #5123, 1000.000000000000000 ) ;
#58 = DIRECTION ( 'NONE',  ( -0.8660254037844389297, 0.4999999999999994449, 0.000000000000000000 ) ) ;
#59 = CARTESIAN_POINT ( 'NONE',  ( 73.90000000001515446, -2.251666049824714744, 24.00000000000000000 ) ) ;
#60 = CARTESIAN_POINT ( 'NONE',  ( -53.84735946246946270, -50.66302279688769516, 24.00000000000000000 ) ) ;
#61 = DIRECTION ( 'NONE',  ( 1.000000000000000000, 8.881784197001252323E-16, 0.000000000000000000 ) ) ;
#62 = VECTOR ( 'NONE', #526, 1000.000000000000000 ) ;
#63 = VECTOR ( 'NONE', #887, 1000.000000000000000 ) ;
#64 = ORIENTED_EDGE ( 'NONE', *, *, #1317, .F. ) ;
#65 = CARTESIAN_POINT ( 'NONE',  ( -3.280211195048799766, 68.35724183972043022, 6.000000000000000000 ) ) ;
#66 = ORIENTED_EDGE ( 'NONE', *, *, #2614, .F. ) ;
#67 = DIRECTION ( 'NONE',  ( -0.000000000000000000, -0.000000000000000000, -1.000000000000000000 ) ) ;
#68 = LINE ( 'NONE', #3154, #5598 ) ;
#69 = EDGE_CURVE ( 'NONE', #560, #303, #3004, .T. ) ;
#70 = VERTEX_POINT ( 'NONE', #4892 ) ;
#71 = FACE_OUTER_BOUND ( 'NONE', #365, .T. ) ;
#72 = CARTESIAN_POINT ( 'NONE',  ( 2.251666049839530892, 73.90000000000000568, 29.56570484545076027 ) ) ;
#73 = FACE_OUTER_BOUND ( 'NONE', #5551, .T. ) ;
#74 = EDGE_CURVE ( 'NONE', #1305, #4418, #4116, .T. ) ;
#75 = ORIENTED_EDGE ( 'NONE', *, *, #909, .T. ) ;
#76 = VERTEX_POINT ( 'NONE', #1784 ) ;
#77 = ORIENTED_EDGE ( 'NONE', *, *, #489, .T. ) ;
#78 = DIRECTION ( 'NONE',  ( 0.000000000000000000, -1.000000000000000000, 0.000000000000000000 ) ) ;
#79 = CARTESIAN_POINT ( 'NONE',  ( 73.90000000001515446, -3.855825911209277351E-16, 0.4000000000151491264 ) ) ;
#80 = VERTEX_POINT ( 'NONE', #5026 ) ;
#81 = VECTOR ( 'NONE', #3622, 1000.000000000000227 ) ;
#82 = EDGE_CURVE ( 'NONE', #1360, #192, #1894, .T. ) ;
#83 = CARTESIAN_POINT ( 'NONE',  ( 73.90000000001515446, 0.7505553499514645566, 29.59999999998482423 ) ) ;
#84 = CARTESIAN_POINT ( 'NONE',  ( -73.45722173931902432, -2.507304197841647486, 30.00000000000000000 ) ) ;
#85 = AXIS2_PLACEMENT_3D ( 'NONE', #4112, #1822, #2721 ) ;
#86 = LINE ( 'NONE', #4896, #5096 ) ;
#87 = ORIENTED_EDGE ( 'NONE', *, *, #1900, .T. ) ;
#88 = CARTESIAN_POINT ( 'NONE',  ( 46.31313801744470027, 52.68181134868702742, 30.00000000000000000 ) ) ;
#89 = VERTEX_POINT ( 'NONE', #1351 ) ;
#90 = VECTOR ( 'NONE', #2488, 1000.000000000000000 ) ;
#91 = ORIENTED_EDGE ( 'NONE', *, *, #1387, .F. ) ;
#92 = CARTESIAN_POINT ( 'NONE',  ( 42.28790003631107197, -49.36328099426700788, 30.00000000000000000 ) ) ;
#93 = CARTESIAN_POINT ( 'NONE',  ( 0.000000000000000000, 70.00000000000000000, -5.000000000000004441 ) ) ;
#94 = DIRECTION ( 'NONE',  ( 1.000000000000000000, 0.000000000000000000, -0.000000000000000000 ) ) ;
#95 = ADVANCED_FACE ( 'NONE', ( #3141 ), #3254, .T. ) ;
#96 = VECTOR ( 'NONE', #1499, 1000.000000000000000 ) ;
#97 = ORIENTED_EDGE ( 'NONE', *, *, #2049, .F. ) ;
#98 = CARTESIAN_POINT ( 'NONE',  ( -2.049999999999998490, 70.00000000000000000, -5.000000000000004441 ) ) ;
#99 = DIRECTION ( 'NONE',  ( -0.000000000000000000, -0.000000000000000000, 1.000000000000000000 ) ) ;
#100 = CARTESIAN_POINT ( 'NONE',  ( -3.280211195049754558, 68.35724183972038759, 30.00000000000000000 ) ) ;
#101 = VERTEX_POINT ( 'NONE', #585 ) ;
#102 = ORIENTED_EDGE ( 'NONE', *, *, #4635, .T. ) ;
#103 = AXIS2_PLACEMENT_3D ( 'NONE', #918, #4022, #61 ) ;
#104 = ADVANCED_FACE ( 'NONE', ( #4865 ), #1516, .T. ) ;
#105 = VERTEX_POINT ( 'NONE', #3281 ) ;
#106 = CARTESIAN_POINT ( 'NONE',  ( 49.14432598361762672, 41.27740928273686905, 6.000000000000000000 ) ) ;
#107 = CYLINDRICAL_SURFACE ( 'NONE', #694, 75.00000000000001421 ) ;
#108 = EDGE_CURVE ( 'NONE', #1933, #5697, #1812, .T. ) ;
#109 = SURFACE_STYLE_USAGE ( .BOTH. , #5378 ) ;
#110 = ORIENTED_EDGE ( 'NONE', *, *, #3595, .T. ) ;
#111 = DIRECTION ( 'NONE',  ( 0.8660254037844389297, -0.4999999999999996114, 0.000000000000000000 ) ) ;
#112 = DIRECTION ( 'NONE',  ( 0.000000000000000000, 0.000000000000000000, 1.000000000000000000 ) ) ;
#113 = CYLINDRICAL_SURFACE ( 'NONE', #4073, 2.049999999999996270 ) ;
#114 = DIRECTION ( 'NONE',  ( 0.3037766760303859948, -0.9527432661005429404, 0.000000000000000000 ) ) ;
#115 = ORIENTED_EDGE ( 'NONE', *, *, #1593, .T. ) ;
#116 = ORIENTED_EDGE ( 'NONE', *, *, #1298, .T. ) ;
#117 = DIRECTION ( 'NONE',  ( 0.8408119004400836927, 0.5413273945389561748, -0.000000000000000000 ) ) ;
#118 = FACE_OUTER_BOUND ( 'NONE', #2530, .T. ) ;
#119 = DIRECTION ( 'NONE',  ( -0.000000000000000000, -0.000000000000000000, 1.000000000000000000 ) ) ;
#120 = EDGE_CURVE ( 'NONE', #4486, #4249, #5509, .T. ) ;
#121 = VERTEX_POINT ( 'NONE', #940 ) ;
#122 = EDGE_CURVE ( 'NONE', #1985, #3621, #486, .T. ) ;
#123 = LINE ( 'NONE', #5337, #3313 ) ;
#124 = ORIENTED_EDGE ( 'NONE', *, *, #4203, .T. ) ;
#125 = DIRECTION ( 'NONE',  ( -0.000000000000000000, -0.000000000000000000, 1.000000000000000000 ) ) ;
#126 = DIRECTION ( 'NONE',  ( -0.2117675249829779338, -0.9773200680240755611, 0.000000000000000000 ) ) ;
#127 = LINE ( 'NONE', #3519, #3731 ) ;
#128 = EDGE_LOOP ( 'NONE', ( #5496, #149, #588, #5562 ) ) ;
#129 = VECTOR ( 'NONE', #3738, 1000.000000000000114 ) ;
#130 = ORIENTED_EDGE ( 'NONE', *, *, #1087, .T. ) ;
#131 = VERTEX_POINT ( 'NONE', #161 ) ;
#132 = DIRECTION ( 'NONE',  ( -0.000000000000000000, -0.000000000000000000, -1.000000000000000000 ) ) ;
#133 = LINE ( 'NONE', #558, #3477 ) ;
#134 = ORIENTED_EDGE ( 'NONE', *, *, #1069, .T. ) ;
#135 = ORIENTED_EDGE ( 'NONE', *, *, #2925, .T. ) ;
#136 = ADVANCED_FACE ( 'NONE', ( #639 ), #5296, .T. ) ;
#137 = CARTESIAN_POINT ( 'NONE',  ( 47.44747468305826033, -49.49747468305840670, 6.000000000000000000 ) ) ;
#138 = DIRECTION ( 'NONE',  ( -0.9659258262890685343, -0.2588190451025197958, -0.000000000000000000 ) ) ;
#139 = CARTESIAN_POINT ( 'NONE',  ( -69.99999999998519229, -4.503332099694253188, 30.00000000000000000 ) ) ;
#140 = EDGE_CURVE ( 'NONE', #3227, #5309, #4123, .T. ) ;
#141 = CARTESIAN_POINT ( 'NONE',  ( -73.89999999998518376, 3.855823843257745969E-16, 29.60000000001479137 ) ) ;
#142 = VECTOR ( 'NONE', #1872, 1000.000000000000000 ) ;
#143 = ORIENTED_EDGE ( 'NONE', *, *, #802, .F. ) ;
#144 = VERTEX_POINT ( 'NONE', #1320 ) ;
#145 = FACE_OUTER_BOUND ( 'NONE', #3784, .T. ) ;
#146 = CARTESIAN_POINT ( 'NONE',  ( 2.336838289519722611, 73.75247735347947753, 29.71056514492345357 ) ) ;
#147 = CARTESIAN_POINT ( 'NONE',  ( 49.49747468305825038, -49.49747468305840670, -5.000000000000004441 ) ) ;
#148 = AXIS2_PLACEMENT_3D ( 'NONE', #4234, #4608, #347 ) ;
#149 = ORIENTED_EDGE ( 'NONE', *, *, #74, .F. ) ;
#150 = AXIS2_PLACEMENT_3D ( 'NONE', #2269, #5676, #3487 ) ;
#151 = PRODUCT_DEFINITION ( 'UNKNOWN', '', #2231, #5131 ) ;
#152 = CARTESIAN_POINT ( 'NONE',  ( -2.422050754407841566, -73.60488503480350175, 0.1446691037083492060 ) ) ;
#153 = EDGE_LOOP ( 'NONE', ( #2701, #3799, #3032, #933 ) ) ;
#154 = DIRECTION ( 'NONE',  ( -0.000000000000000000, -0.000000000000000000, 1.000000000000000000 ) ) ;
#155 = DIRECTION ( 'NONE',  ( 0.2588190451025233485, 0.9659258262890675351, 0.000000000000000000 ) ) ;
#156 = DIRECTION ( 'NONE',  ( -0.000000000000000000, -0.000000000000000000, 1.000000000000000000 ) ) ;
#157 = VERTEX_POINT ( 'NONE', #1921 ) ;
#158 = ORIENTED_EDGE ( 'NONE', *, *, #4278, .F. ) ;
#159 = LINE ( 'NONE', #1918, #4613 ) ;
#160 = FACE_OUTER_BOUND ( 'NONE', #1312, .T. ) ;
#161 = CARTESIAN_POINT ( 'NONE',  ( 70.00000000001514877, -4.503332099664268284, 30.00000000000000000 ) ) ;
#162 = ORIENTED_EDGE ( 'NONE', *, *, #711, .F. ) ;
#163 = EDGE_CURVE ( 'NONE', #2014, #3580, #5058, .T. ) ;
#164 = VERTEX_POINT ( 'NONE', #888 ) ;
#165 = ORIENTED_EDGE ( 'NONE', *, *, #4985, .T. ) ;
#166 = DIRECTION ( 'NONE',  ( 0.4999999999999995559, 0.8660254037844388186, 0.000000000000000000 ) ) ;
#167 = CARTESIAN_POINT ( 'NONE',  ( -73.75247735346952993, -2.336838289532103374, 29.71056514493300327 ) ) ;
#168 = CARTESIAN_POINT ( 'NONE',  ( 0.000000000000000000, 0.000000000000000000, 24.00000000000000000 ) ) ;
#169 = EDGE_CURVE ( 'NONE', #2183, #3344, #4421, .T. ) ;
#170 = CARTESIAN_POINT ( 'NONE',  ( 70.00000000001514877, -4.503332099664255850, 24.00000000000000000 ) ) ;
#171 = ORIENTED_EDGE ( 'NONE', *, *, #56, .T. ) ;
#172 = ADVANCED_FACE ( 'NONE', ( #1951 ), #4182, .T. ) ;
#173 = VECTOR ( 'NONE', #3712, 1000.000000000000114 ) ;
#174 = ORIENTED_EDGE ( 'NONE', *, *, #1790, .F. ) ;
#175 = DIRECTION ( 'NONE',  ( -0.4588886766021291197, -0.8884937717769025856, 0.000000000000000000 ) ) ;
#176 = CARTESIAN_POINT ( 'NONE',  ( -53.84735946249068661, 50.66302279686613730, 6.000000000000000000 ) ) ;
#177 = DIRECTION ( 'NONE',  ( 0.9659258262890678681, 0.2588190451025223493, 0.000000000000000000 ) ) ;
#178 = EDGE_CURVE ( 'NONE', #1850, #4069, #859, .T. ) ;
#179 = ORIENTED_EDGE ( 'NONE', *, *, #1611, .T. ) ;
#180 = B_SPLINE_CURVE_WITH_KNOTS ( 'NONE', 3,
 ( #4440, #3047, #817, #4414 ),
 .UNSPECIFIED., .F., .F.,
 ( 4, 4 ),
 ( 0.000000000000000000, 0.0006708321191529914053 ),
 .UNSPECIFIED. ) ;
#181 = CARTESIAN_POINT ( 'NONE',  ( 51.72446835210855198, -52.78591390727855526, 0.3885788872587996323 ) ) ;
#182 = CARTESIAN_POINT ( 'NONE',  ( -3.280211195048799766, 68.35724183972043022, 6.000000000000000000 ) ) ;
#183 = CARTESIAN_POINT ( 'NONE',  ( -47.44747468305858717, -49.49747468305806564, -5.000000000000004441 ) ) ;
#184 = DIRECTION ( 'NONE',  ( 0.000000000000000000, 0.000000000000000000, 1.000000000000000000 ) ) ;
#185 = VECTOR ( 'NONE', #3123, 1000.000000000000000 ) ;
#186 = ORIENTED_EDGE ( 'NONE', *, *, #5486, .T. ) ;
#187 = VERTEX_POINT ( 'NONE', #3714 ) ;
#188 = CARTESIAN_POINT ( 'NONE',  ( -4.503332099649107079, -70.00000000000034106, 0.000000000000000000 ) ) ;
#189 = CARTESIAN_POINT ( 'NONE',  ( 5.562750146222373182, 63.93782217349406949, 0.000000000000000000 ) ) ;
#190 = CARTESIAN_POINT ( 'NONE',  ( 75.00000000000001421, 9.184850993605150311E-15, 1.500000000000025535 ) ) ;
#191 = VECTOR ( 'NONE', #3722, 1000.000000000000000 ) ;
#192 = VERTEX_POINT ( 'NONE', #190 ) ;
#193 = EDGE_LOOP ( 'NONE', ( #2379, #3742, #1501, #3226, #3053, #3420, #179, #2945 ) ) ;
#194 = DIRECTION ( 'NONE',  ( 0.4999999999999999445, -0.8660254037844387076, 0.000000000000000000 ) ) ;
#195 = EDGE_CURVE ( 'NONE', #3399, #4170, #4426, .T. ) ;
#196 = FACE_OUTER_BOUND ( 'NONE', #5530, .T. ) ;
#197 = VECTOR ( 'NONE', #5504, 1000.000000000000000 ) ;
#198 = DIRECTION ( 'NONE',  ( -0.000000000000000000, -0.000000000000000000, -1.000000000000000000 ) ) ;
#199 = CARTESIAN_POINT ( 'NONE',  ( 53.84735946249942629, 50.66302279688734700, 24.00000000000000000 ) ) ;
#200 = COLOUR_RGB ( '',0.7921568627450980005, 0.8196078431372548767, 0.9333333333333333481 ) ;
#201 = VERTEX_POINT ( 'NONE', #31 ) ;
#202 = PLANE ( 'NONE',  #2203 ) ;
#203 = CARTESIAN_POINT ( 'NONE',  ( 45.14758990364741464, -48.33192656922954455, 6.000000000000000000 ) ) ;
#204 = DIRECTION ( 'NONE',  ( -0.4999999999999998890, 0.8660254037844385966, 0.000000000000000000 ) ) ;
#205 = EDGE_CURVE ( 'NONE', #1873, #2386, #4300, .T. ) ;
#206 = B_SPLINE_CURVE_WITH_KNOTS ( 'NONE', 3,
 ( #2117, #4824, #3833, #3362 ),
 .UNSPECIFIED., .F., .F.,
 ( 4, 4 ),
 ( 0.000000000000000000, 0.0006708321191856920270 ),
 .UNSPECIFIED. ) ;
#207 = ORIENTED_EDGE ( 'NONE', *, *, #1790, .T. ) ;
#208 = ORIENTED_EDGE ( 'NONE', *, *, #1553, .T. ) ;
#209 = CARTESIAN_POINT ( 'NONE',  ( 50.66302279690249577, -53.84735946248461147, 24.00000000000000000 ) ) ;
#210 = DIRECTION ( 'NONE',  ( -0.000000000000000000, -0.000000000000000000, 1.000000000000000000 ) ) ;
#211 = CARTESIAN_POINT ( 'NONE',  ( -5.118401743070922549, 64.79816327332532921, 30.00000000000000000 ) ) ;
#212 = CARTESIAN_POINT ( 'NONE',  ( -4.503332099649107079, -70.00000000000034106, 30.00000000000000000 ) ) ;
#213 = DIRECTION ( 'NONE',  ( -0.9659258262890688673, 0.2588190451025186856, 0.000000000000000000 ) ) ;
#214 = EDGE_CURVE ( 'NONE', #2502, #5495, #362, .T. ) ;
#215 = ORIENTED_EDGE ( 'NONE', *, *, #5474, .T. ) ;
#216 = VERTEX_POINT ( 'NONE', #2065 ) ;
#217 = ORIENTED_EDGE ( 'NONE', *, *, #4693, .T. ) ;
#218 = CARTESIAN_POINT ( 'NONE',  ( 0.000000000000000000, 0.000000000000000000, 28.49999999999998579 ) ) ;
#219 = CARTESIAN_POINT ( 'NONE',  ( 0.000000000000000000, 0.000000000000000000, 5.999999999999998224 ) ) ;
#220 = DIRECTION ( 'NONE',  ( -0.7071067811865467956, 0.7071067811865483499, 0.000000000000000000 ) ) ;
#221 = ORIENTED_EDGE ( 'NONE', *, *, #747, .T. ) ;
#222 = ORIENTED_EDGE ( 'NONE', *, *, #5660, .T. ) ;
#223 = AXIS2_PLACEMENT_3D ( 'NONE', #2421, #677, #260 ) ;
#224 = EDGE_CURVE ( 'NONE', #1142, #2518, #758, .T. ) ;
#225 = CARTESIAN_POINT ( 'NONE',  ( 72.04999999999999716, 0.000000000000000000, 6.000000000000000000 ) ) ;
#226 = VERTEX_POINT ( 'NONE', #4212 ) ;
#227 = CARTESIAN_POINT ( 'NONE',  ( -45.61724112700669309, 50.08468879675466923, 24.00000000000000000 ) ) ;
#228 = DIRECTION ( 'NONE',  ( -0.000000000000000000, -0.000000000000000000, -1.000000000000000000 ) ) ;
#229 = DIRECTION ( 'NONE',  ( 1.000000000000000000, 0.000000000000000000, 0.000000000000000000 ) ) ;
#230 = EDGE_CURVE ( 'NONE', #1426, #5591, #5199, .T. ) ;
#231 = ORIENTED_EDGE ( 'NONE', *, *, #2617, .T. ) ;
#232 = CARTESIAN_POINT ( 'NONE',  ( 52.78591390729338428, 51.72446835209339611, 29.61142111274121547 ) ) ;
#233 = CARTESIAN_POINT ( 'NONE',  ( -73.89999999998518376, 0.7505553499414613361, 0.3999999999851973631 ) ) ;
#234 = CARTESIAN_POINT ( 'NONE',  ( -45.74713875831119481, -50.56947335666662013, 24.00000000000000000 ) ) ;
#235 = VECTOR ( 'NONE', #5659, 1000.000000000000000 ) ;
#236 = EDGE_CURVE ( 'NONE', #4549, #3624, #5113, .T. ) ;
#237 = VERTEX_POINT ( 'NONE', #5085 ) ;
#238 = VECTOR ( 'NONE', #3907, 1000.000000000000000 ) ;
#239 = CARTESIAN_POINT ( 'NONE',  ( 52.78591390731460109, -51.72446835207251326, 0.3885788872593183285 ) ) ;
#240 = CARTESIAN_POINT ( 'NONE',  ( -45.74713875831119481, -50.56947335666662013, 24.00000000000000000 ) ) ;
#241 = DIRECTION ( 'NONE',  ( -0.000000000000000000, -0.000000000000000000, 1.000000000000000000 ) ) ;
#242 = DIRECTION ( 'NONE',  ( 0.3037766760303727276, -0.9527432661005470482, 0.000000000000000000 ) ) ;
#243 = VECTOR ( 'NONE', #4830, 1000.000000000000227 ) ;
#244 = EDGE_CURVE ( 'NONE', #5692, #5661, #335, .T. ) ;
#245 = VECTOR ( 'NONE', #5407, 1000.000000000000000 ) ;
#246 = EDGE_LOOP ( 'NONE', ( #663, #2782, #1339, #3430, #2072, #717, #5503, #5382 ) ) ;
#247 = ORIENTED_EDGE ( 'NONE', *, *, #2077, .F. ) ;
#248 = ORIENTED_EDGE ( 'NONE', *, *, #472, .T. ) ;
#249 = CARTESIAN_POINT ( 'NONE',  ( -45.14758990361746527, 48.33192656922920349, 30.00000000000000000 ) ) ;
#250 = EDGE_CURVE ( 'NONE', #492, #4574, #2637, .T. ) ;
#251 = FACE_OUTER_BOUND ( 'NONE', #3041, .T. ) ;
#252 = CARTESIAN_POINT ( 'NONE',  ( -64.79816327332540027, -5.118401743070238652, 30.00000000000000000 ) ) ;
#253 = AXIS2_PLACEMENT_3D ( 'NONE', #2353, #4539, #2323 ) ;
#254 = EDGE_CURVE ( 'NONE', #5429, #2506, #5171, .T. ) ;
#255 = ORIENTED_EDGE ( 'NONE', *, *, #1276, .F. ) ;
#256 = ORIENTED_EDGE ( 'NONE', *, *, #763, .F. ) ;
#257 = ORIENTED_EDGE ( 'NONE', *, *, #2711, .F. ) ;
#258 = B_SPLINE_CURVE_WITH_KNOTS ( 'NONE', 3,
 ( #4241, #2413, #4180, #2008 ),
 .UNSPECIFIED., .F., .F.,
 ( 4, 4 ),
 ( 1.534829191892207089E-18, 0.0006708321191842647833 ),
 .UNSPECIFIED. ) ;
#259 = DIRECTION ( 'NONE',  ( -0.4999999999999996114, -0.8660254037844389297, 0.000000000000000000 ) ) ;
#260 = DIRECTION ( 'NONE',  ( 1.000000000000000000, 0.000000000000000000, -0.000000000000000000 ) ) ;
#261 = LINE ( 'NONE', #1664, #2964 ) ;
#262 = DIRECTION ( 'NONE',  ( 1.000000000000000000, 0.000000000000000000, 0.000000000000000000 ) ) ;
#263 = ORIENTED_EDGE ( 'NONE', *, *, #3369, .T. ) ;
#264 = CARTESIAN_POINT ( 'NONE',  ( 73.90000000001515446, -2.251666049824714744, 0.4342951545639167077 ) ) ;
#265 = CARTESIAN_POINT ( 'NONE',  ( 67.67148362175267096, -3.158962541861960904, 0.000000000000000000 ) ) ;
#266 = CARTESIAN_POINT ( 'NONE',  ( 0.000000000000000000, 0.000000000000000000, 24.00000000000000000 ) ) ;
#267 = VERTEX_POINT ( 'NONE', #4678 ) ;
#268 = CIRCLE ( 'NONE', #1090, 75.00000000000001421 ) ;
#269 = CARTESIAN_POINT ( 'NONE',  ( -42.28790003631071670, 49.36328099426730631, 5.999999999999998224 ) ) ;
#270 = DIRECTION ( 'NONE',  ( -0.000000000000000000, -0.000000000000000000, 1.000000000000000000 ) ) ;
#271 = PLANE ( 'NONE',  #4099 ) ;
#272 = ADVANCED_FACE ( 'NONE', ( #4709 ), #2902, .T. ) ;
#273 = VECTOR ( 'NONE', #953, 1000.000000000000000 ) ;
#274 = VERTEX_POINT ( 'NONE', #728 ) ;
#275 = ORIENTED_EDGE ( 'NONE', *, *, #5307, .T. ) ;
#276 = ORIENTED_EDGE ( 'NONE', *, *, #1841, .F. ) ;
#277 = CARTESIAN_POINT ( 'NONE',  ( 49.14432598361762672, 41.27740928273686905, 6.000000000000000000 ) ) ;
#278 = AXIS2_PLACEMENT_3D ( 'NONE', #3526, #3034, #5630 ) ;
#279 = DIRECTION ( 'NONE',  ( 1.000000000000000000, 0.000000000000000000, -0.000000000000000000 ) ) ;
#280 = DIRECTION ( 'NONE',  ( 3.081670971768528393E-15, 1.000000000000000000, 0.000000000000000000 ) ) ;
#281 = CIRCLE ( 'NONE', #3509, 2.049999999999996270 ) ;
#282 = CIRCLE ( 'NONE', #4995, 65.00000000000000000 ) ;
#283 = ADVANCED_FACE ( 'NONE', ( #4330 ), #1058, .T. ) ;
#284 = VERTEX_POINT ( 'NONE', #1194 ) ;
#285 = ORIENTED_EDGE ( 'NONE', *, *, #3744, .T. ) ;
#286 = ORIENTED_EDGE ( 'NONE', *, *, #3781, .T. ) ;
#287 = EDGE_LOOP ( 'NONE', ( #285, #5021, #4759, #2965, #1868 ) ) ;
#288 = LINE ( 'NONE', #2187, #1427 ) ;
#289 = CARTESIAN_POINT ( 'NONE',  ( 42.28790003631107197, -49.36328099426700788, 30.00000000000000000 ) ) ;
#290 = ADVANCED_FACE ( 'NONE', ( #2931 ), #2529, .F. ) ;
#291 = CARTESIAN_POINT ( 'NONE',  ( 64.80717161047761010, -5.003049854849138001, 0.000000000000000000 ) ) ;
#292 = CARTESIAN_POINT ( 'NONE',  ( -73.60488503479831479, 2.422050754416898322, 0.1446691037034556204 ) ) ;
#293 =( GEOMETRIC_REPRESENTATION_CONTEXT ( 3 ) GLOBAL_UNCERTAINTY_ASSIGNED_CONTEXT ( ( #3668 ) ) GLOBAL_UNIT_ASSIGNED_CONTEXT ( ( #4815, #1731, #3036 ) ) REPRESENTATION_CONTEXT ( 'NONE', 'WORKASPACE' ) );
#294 = VERTEX_POINT ( 'NONE', #3310 ) ;
#295 = PLANE ( 'NONE',  #3793 ) ;
#296 = CARTESIAN_POINT ( 'NONE',  ( 0.000000000000000000, 0.000000000000000000, 24.00000000000000000 ) ) ;
#297 = PLANE ( 'NONE',  #3422 ) ;
#298 = ORIENTED_EDGE ( 'NONE', *, *, #3195, .F. ) ;
#299 = DIRECTION ( 'NONE',  ( 0.000000000000000000, 0.000000000000000000, 1.000000000000000000 ) ) ;
#300 = EDGE_CURVE ( 'NONE', #3815, #29, #308, .T. ) ;
#301 = DIRECTION ( 'NONE',  ( 0.000000000000000000, 0.000000000000000000, 1.000000000000000000 ) ) ;
#302 = CARTESIAN_POINT ( 'NONE',  ( -2.251666049809566417, -73.90000000000034674, 24.00000000000000000 ) ) ;
#303 = VERTEX_POINT ( 'NONE', #1220 ) ;
#304 = EDGE_CURVE ( 'NONE', #2380, #529, #3868, .T. ) ;
#305 = ORIENTED_EDGE ( 'NONE', *, *, #2098, .F. ) ;
#306 = DIRECTION ( 'NONE',  ( -0.000000000000000000, -0.000000000000000000, 1.000000000000000000 ) ) ;
#307 = PLANE ( 'NONE',  #4872 ) ;
#308 = LINE ( 'NONE', #2096, #4587 ) ;
#309 = EDGE_LOOP ( 'NONE', ( #4575, #1161, #2577, #5621, #5223 ) ) ;
#310 = EDGE_LOOP ( 'NONE', ( #2713, #5380, #3398, #2007 ) ) ;
#311 = ORIENTED_EDGE ( 'NONE', *, *, #1262, .F. ) ;
#312 = ORIENTED_EDGE ( 'NONE', *, *, #4119, .F. ) ;
#313 = PLANE ( 'NONE',  #5703 ) ;
#314 = FACE_OUTER_BOUND ( 'NONE', #4448, .T. ) ;
#315 = AXIS2_PLACEMENT_3D ( 'NONE', #4139, #4984, #204 ) ;
#316 = LINE ( 'NONE', #3405, #5665 ) ;
#317 = PLANE ( 'NONE',  #2726 ) ;
#318 = AXIS2_PLACEMENT_3D ( 'NONE', #2131, #3905, #5265 ) ;
#319 = CARTESIAN_POINT ( 'NONE',  ( -49.14432598361734250, -41.27740928273721721, 24.00000000000000000 ) ) ;
#320 = DIRECTION ( 'NONE',  ( -0.8660254037844385966, 0.5000000000000001110, 0.000000000000000000 ) ) ;
#321 = ADVANCED_FACE ( 'NONE', ( #1108 ), #3778, .T. ) ;
#322 = PLANE ( 'NONE',  #541 ) ;
#323 = DIRECTION ( 'NONE',  ( 1.000000000000000000, 0.000000000000000000, 0.000000000000000000 ) ) ;
#324 = CARTESIAN_POINT ( 'NONE',  ( -67.67148362173877274, 3.158962541870899532, 24.00000000000000000 ) ) ;
#325 = EDGE_LOOP ( 'NONE', ( #5168, #664, #1598, #1332, #2498, #1511, #5148, #3727 ) ) ;
#326 = ADVANCED_FACE ( 'NONE', ( #1656 ), #2989, .F. ) ;
#327 = ORIENTED_EDGE ( 'NONE', *, *, #2190, .T. ) ;
#328 = DIRECTION ( 'NONE',  ( 1.000000000000000000, 0.000000000000000000, -0.000000000000000000 ) ) ;
#329 = CARTESIAN_POINT ( 'NONE',  ( 2.251666049869518904, -73.90000000000034674, 29.56570484544951327 ) ) ;
#330 = EDGE_CURVE ( 'NONE', #466, #3094, #3425, .T. ) ;
#331 = VERTEX_POINT ( 'NONE', #3538 ) ;
#332 = AXIS2_PLACEMENT_3D ( 'NONE', #4515, #565, #114 ) ;
#333 = DIRECTION ( 'NONE',  ( 0.2588190451025233485, 0.9659258262890675351, 0.000000000000000000 ) ) ;
#334 = DIRECTION ( 'NONE',  ( 0.000000000000000000, 0.000000000000000000, 1.000000000000000000 ) ) ;
#335 = LINE ( 'NONE', #252, #425 ) ;
#336 = ORIENTED_EDGE ( 'NONE', *, *, #855, .T. ) ;
#337 = VECTOR ( 'NONE', #4158, 1000.000000000000000 ) ;
#338 = ORIENTED_EDGE ( 'NONE', *, *, #1298, .F. ) ;
#339 = ORIENTED_EDGE ( 'NONE', *, *, #3671, .F. ) ;
#340 = ORIENTED_EDGE ( 'NONE', *, *, #56, .F. ) ;
#341 = AXIS2_PLACEMENT_3D ( 'NONE', #219, #4708, #2038 ) ;
#342 = DIRECTION ( 'NONE',  ( -1.000000000000000000, 0.000000000000000000, 0.000000000000000000 ) ) ;
#343 = DIRECTION ( 'NONE',  ( -0.000000000000000000, -0.000000000000000000, -1.000000000000000000 ) ) ;
#344 = CARTESIAN_POINT ( 'NONE',  ( -46.31313801743593928, 52.68181134866579640, 6.000000000000000000 ) ) ;
#345 = EDGE_CURVE ( 'NONE', #2686, #1172, #5240, .T. ) ;
#346 = DIRECTION ( 'NONE',  ( 0.8660254037844394848, 0.4999999999999984457, 0.000000000000000000 ) ) ;
#347 = DIRECTION ( 'NONE',  ( -0.8660254037844385966, 0.5000000000000001110, 0.000000000000000000 ) ) ;
#348 = DIRECTION ( 'NONE',  ( 0.8884937717769024745, -0.4588886766021290642, 0.000000000000000000 ) ) ;
#349 = DIRECTION ( 'NONE',  ( -0.9659258262890685343, -0.2588190451025197958, -0.000000000000000000 ) ) ;
#350 = DIRECTION ( 'NONE',  ( -0.4999999999999983347, 0.8660254037844397068, 0.000000000000000000 ) ) ;
#351 = PLANE ( 'NONE',  #3985 ) ;
#352 = CARTESIAN_POINT ( 'NONE',  ( -46.31313801743593928, 52.68181134866579640, 6.000000000000000000 ) ) ;
#353 = EDGE_CURVE ( 'NONE', #3339, #1083, #1431, .T. ) ;
#354 = ORIENTED_EDGE ( 'NONE', *, *, #1096, .F. ) ;
#355 = ORIENTED_EDGE ( 'NONE', *, *, #2875, .F. ) ;
#356 = CARTESIAN_POINT ( 'NONE',  ( -50.56947335667388899, 45.74713875833199950, 30.00000000000000000 ) ) ;
#357 = DIRECTION ( 'NONE',  ( -0.2117675249829814588, -0.9773200680240748950, 0.000000000000000000 ) ) ;
#358 = EDGE_CURVE ( 'NONE', #226, #3219, #3131, .T. ) ;
#359 = ORIENTED_EDGE ( 'NONE', *, *, #3474, .F. ) ;
#360 = CARTESIAN_POINT ( 'NONE',  ( 73.90000000001515446, -2.251666049824714744, 6.000000000000000000 ) ) ;
#361 = DIRECTION ( 'NONE',  ( 0.9659258262890678681, 0.2588190451025223493, 0.000000000000000000 ) ) ;
#362 = LINE ( 'NONE', #4739, #3467 ) ;
#363 = VECTOR ( 'NONE', #5083, 1000.000000000000114 ) ;
#364 = ORIENTED_EDGE ( 'NONE', *, *, #3771, .F. ) ;
#365 = EDGE_LOOP ( 'NONE', ( #5027, #5053, #3155, #674, #3684, #2306, #4323, #3371, #2144, #255, #4198, #4858, #1885, #5260, #3842, #1450, #3415, #4878, #1893, #4831 ) ) ;
#366 = EDGE_LOOP ( 'NONE', ( #4969, #442, #2199, #1791, #3701 ) ) ;
#367 = ORIENTED_EDGE ( 'NONE', *, *, #3891, .F. ) ;
#368 = DIRECTION ( 'NONE',  ( 1.000000000000000000, 0.000000000000000000, 0.000000000000000000 ) ) ;
#369 = DIRECTION ( 'NONE',  ( -0.8660254037844389297, 0.4999999999999996114, 0.000000000000000000 ) ) ;
#370 = CARTESIAN_POINT ( 'NONE',  ( 2.049999999999997158, -70.00000000000000000, 6.000000000000000000 ) ) ;
#371 = PLANE ( 'NONE',  #3899 ) ;
#372 = VECTOR ( 'NONE', #2053, 1000.000000000000114 ) ;
#373 = CARTESIAN_POINT ( 'NONE',  ( 52.68181134868095938, 46.31313801745074699, 24.00000000000000000 ) ) ;
#374 = EDGE_CURVE ( 'NONE', #3715, #36, #4312, .T. ) ;
#375 = DIRECTION ( 'NONE',  ( 0.8660254037844385966, -0.5000000000000001110, 0.000000000000000000 ) ) ;
#376 = DIRECTION ( 'NONE',  ( -1.000000000000000000, 0.000000000000000000, 0.000000000000000000 ) ) ;
#377 = FACE_OUTER_BOUND ( 'NONE', #1381, .T. ) ;
#378 = CARTESIAN_POINT ( 'NONE',  ( 2.251666049869518904, -73.90000000000034674, 6.000000000000000000 ) ) ;
#379 = CARTESIAN_POINT ( 'NONE',  ( -46.31313801743593928, 52.68181134866579640, 0.000000000000000000 ) ) ;
#380 = DIRECTION ( 'NONE',  ( 0.000000000000000000, -0.000000000000000000, -1.000000000000000000 ) ) ;
#381 = CIRCLE ( 'NONE', #2960, 65.00000000000000000 ) ;
#382 = ORIENTED_EDGE ( 'NONE', *, *, #2400, .T. ) ;
#383 = EDGE_LOOP ( 'NONE', ( #1133, #2630, #1768, #4615 ) ) ;
#384 = DIRECTION ( 'NONE',  ( -0.5000000000000001110, -0.8660254037844385966, -0.000000000000000000 ) ) ;
#385 = CARTESIAN_POINT ( 'NONE',  ( 2.336838289549980185, -73.75247735347934963, 29.71056514492262224 ) ) ;
#386 = VECTOR ( 'NONE', #1907, 1000.000000000000227 ) ;
#387 = B_SPLINE_CURVE_WITH_KNOTS ( 'NONE', 3,
 ( #1263, #239, #181, #1502 ),
 .UNSPECIFIED., .F., .F.,
 ( 4, 4 ),
 ( 0.000000000000000000, 0.004503332099679088416 ),
 .UNSPECIFIED. ) ;
#388 = ORIENTED_EDGE ( 'NONE', *, *, #3520, .F. ) ;
#389 = DIRECTION ( 'NONE',  ( 0.2588190451025224048, -0.9659258262890678681, 0.000000000000000000 ) ) ;
#390 = LINE ( 'NONE', #3076, #3857 ) ;
#391 = LINE ( 'NONE', #1800, #4031 ) ;
#392 = EDGE_CURVE ( 'NONE', #12, #2937, #4907, .T. ) ;
#393 = B_SPLINE_CURVE_WITH_KNOTS ( 'NONE', 3,
 ( #3745, #5555, #667, #2472 ),
 .UNSPECIFIED., .F., .F.,
 ( 4, 4 ),
 ( 0.000000000000000000, 0.002251666049824716225 ),
 .UNSPECIFIED. ) ;
#394 = VERTEX_POINT ( 'NONE', #875 ) ;
#395 = EDGE_LOOP ( 'NONE', ( #2035, #64, #2858, #533 ) ) ;
#396 = EDGE_CURVE ( 'NONE', #2616, #2052, #4277, .T. ) ;
#397 = LINE ( 'NONE', #4013, #1925 ) ;
#398 = CARTESIAN_POINT ( 'NONE',  ( -2.251666049839554429, 73.90000000000000568, 29.56570484545076027 ) ) ;
#399 = LINE ( 'NONE', #4395, #3831 ) ;
#400 = PLANE ( 'NONE',  #4548 ) ;
#401 = EDGE_CURVE ( 'NONE', #4996, #2033, #1919, .T. ) ;
#402 = LINE ( 'NONE', #5268, #1155 ) ;
#403 = CARTESIAN_POINT ( 'NONE',  ( -72.04999999999999716, 2.510525938252061860E-16, 24.00000000000000000 ) ) ;
#404 = DIRECTION ( 'NONE',  ( -0.000000000000000000, -0.000000000000000000, -1.000000000000000000 ) ) ;
#405 = DIRECTION ( 'NONE',  ( -0.2588190451025212391, 0.9659258262890680902, 0.000000000000000000 ) ) ;
#406 = PLANE ( 'NONE',  #4728 ) ;
#407 = EDGE_CURVE ( 'NONE', #2579, #904, #3077, .T. ) ;
#408 = AXIS2_PLACEMENT_3D ( 'NONE', #3764, #2799, #4578 ) ;
#409 = CARTESIAN_POINT ( 'NONE',  ( -66.09999999998518661, 2.251666049824376348, 6.000000000000000000 ) ) ;
#410 = ORIENTED_EDGE ( 'NONE', *, *, #3125, .F. ) ;
#411 = ORIENTED_EDGE ( 'NONE', *, *, #3250, .T. ) ;
#412 = DIRECTION ( 'NONE',  ( 0.2117675249829712170, 0.9773200680240770044, 0.000000000000000000 ) ) ;
#413 = DIRECTION ( 'NONE',  ( 0.000000000000000000, 0.000000000000000000, 1.000000000000000000 ) ) ;
#414 = EDGE_CURVE ( 'NONE', #5591, #1948, #447, .T. ) ;
#415 = VERTEX_POINT ( 'NONE', #1715 ) ;
#416 = LINE ( 'NONE', #901, #1830 ) ;
#417 = CYLINDRICAL_SURFACE ( 'NONE', #796, 2.049999999999997158 ) ;
#418 = LINE ( 'NONE', #2207, #789 ) ;
#419 = EDGE_CURVE ( 'NONE', #1137, #131, #4854, .T. ) ;
#420 = VECTOR ( 'NONE', #2404, 1000.000000000000000 ) ;
#421 = VERTEX_POINT ( 'NONE', #3513 ) ;
#422 = EDGE_CURVE ( 'NONE', #2252, #5415, #418, .T. ) ;
#423 = ORIENTED_EDGE ( 'NONE', *, *, #3718, .T. ) ;
#424 = CARTESIAN_POINT ( 'NONE',  ( -50.66302279687255350, 53.84735946248426330, 6.000000000000000000 ) ) ;
#425 = VECTOR ( 'NONE', #1602, 1000.000000000000000 ) ;
#426 = DIRECTION ( 'NONE',  ( 1.000000000000000000, 0.000000000000000000, 0.000000000000000000 ) ) ;
#427 = AXIS2_PLACEMENT_3D ( 'NONE', #4624, #1956, #1520 ) ;
#428 = CARTESIAN_POINT ( 'NONE',  ( 2.049999999999998490, 70.00000000000000000, 6.000000000000000000 ) ) ;
#429 = EDGE_CURVE ( 'NONE', #415, #3956, #5254, .T. ) ;
#430 = AXIS2_PLACEMENT_3D ( 'NONE', #1950, #5403, #3713 ) ;
#431 = PLANE ( 'NONE',  #2733 ) ;
#432 = DIRECTION ( 'NONE',  ( -0.2117675249829779338, -0.9773200680240755611, 0.000000000000000000 ) ) ;
#433 = LINE ( 'NONE', #487, #1289 ) ;
#434 = PLANE ( 'NONE',  #1465 ) ;
#435 = CARTESIAN_POINT ( 'NONE',  ( -52.68181134865099580, -46.31313801745108805, 24.00000000000000000 ) ) ;
#436 = VECTOR ( 'NONE', #4086, 1000.000000000000227 ) ;
#437 = LINE ( 'NONE', #2197, #2448 ) ;
#438 = VERTEX_POINT ( 'NONE', #1684 ) ;
#439 = ORIENTED_EDGE ( 'NONE', *, *, #4665, .F. ) ;
#440 = LINE ( 'NONE', #5252, #2523 ) ;
#441 = DIRECTION ( 'NONE',  ( 0.000000000000000000, 0.000000000000000000, 1.000000000000000000 ) ) ;
#442 = ORIENTED_EDGE ( 'NONE', *, *, #1003, .T. ) ;
#443 = VERTEX_POINT ( 'NONE', #4470 ) ;
#444 = EDGE_CURVE ( 'NONE', #121, #5387, #3105, .T. ) ;
#445 = DIRECTION ( 'NONE',  ( 0.000000000000000000, 0.000000000000000000, 1.000000000000000000 ) ) ;
#446 = CARTESIAN_POINT ( 'NONE',  ( 0.000000000000000000, -70.00000000000000000, -5.000000000000004441 ) ) ;
#447 = LINE ( 'NONE', #5695, #4780 ) ;
#448 = VERTEX_POINT ( 'NONE', #2589 ) ;
#449 = ORIENTED_EDGE ( 'NONE', *, *, #4154, .T. ) ;
#450 = ORIENTED_EDGE ( 'NONE', *, *, #3739, .F. ) ;
#451 = VECTOR ( 'NONE', #3610, 1000.000000000000000 ) ;
#452 = CARTESIAN_POINT ( 'NONE',  ( -47.44747468305858717, -49.49747468305806564, 24.00000000000000000 ) ) ;
#453 = CARTESIAN_POINT ( 'NONE',  ( 0.000000000000000000, 0.000000000000000000, 0.000000000000000000 ) ) ;
#454 = DIRECTION ( 'NONE',  ( -0.8660254037844387076, -0.4999999999999998335, 0.000000000000000000 ) ) ;
#455 = EDGE_CURVE ( 'NONE', #3149, #1076, #4389, .T. ) ;
#456 = CIRCLE ( 'NONE', #4342, 65.00000000000000000 ) ;
#457 = EDGE_CURVE ( 'NONE', #4157, #2239, #391, .T. ) ;
#458 = CARTESIAN_POINT ( 'NONE',  ( 5.118401743069562748, -64.79816327332544290, 30.00000000000000000 ) ) ;
#459 = CARTESIAN_POINT ( 'NONE',  ( -2.507304197804509194, -73.45722173932028909, 30.00000000000000000 ) ) ;
#460 = CARTESIAN_POINT ( 'NONE',  ( 45.14758990364741464, -48.33192656922954455, 24.00000000000000000 ) ) ;
#461 = AXIS2_PLACEMENT_3D ( 'NONE', #4730, #5606, #2492 ) ;
#462 = CARTESIAN_POINT ( 'NONE',  ( -46.31313801741473668, -52.68181134868736848, 6.000000000000000000 ) ) ;
#463 = CARTESIAN_POINT ( 'NONE',  ( -52.68181134865099580, -46.31313801745108805, 24.00000000000000000 ) ) ;
#464 = LINE ( 'NONE', #3997, #3008 ) ;
#465 = AXIS2_PLACEMENT_3D ( 'NONE', #460, #3994, #32 ) ;
#466 = VERTEX_POINT ( 'NONE', #5228 ) ;
#467 = VERTEX_POINT ( 'NONE', #3954 ) ;
#468 = CARTESIAN_POINT ( 'NONE',  ( -2.251666049839554429, 73.90000000000000568, 0.4342951545492348409 ) ) ;
#469 = CARTESIAN_POINT ( 'NONE',  ( 0.000000000000000000, 0.000000000000000000, 0.000000000000000000 ) ) ;
#470 = VECTOR ( 'NONE', #1462, 1000.000000000000227 ) ;
#471 = ORIENTED_EDGE ( 'NONE', *, *, #140, .F. ) ;
#472 = EDGE_CURVE ( 'NONE', #3780, #1873, #4443, .T. ) ;
#473 = CARTESIAN_POINT ( 'NONE',  ( -63.93782217349408370, 5.562750146222150249, 24.00000000000000000 ) ) ;
#474 = AXIS2_PLACEMENT_3D ( 'NONE', #2481, #3819, #3847 ) ;
#475 = DIRECTION ( 'NONE',  ( -0.4999999999999984457, 0.8660254037844394848, 0.000000000000000000 ) ) ;
#476 = DIRECTION ( 'NONE',  ( 0.000000000000000000, 0.000000000000000000, 1.000000000000000000 ) ) ;
#477 = EDGE_CURVE ( 'NONE', #2293, #5560, #2677, .T. ) ;
#478 = ORIENTED_EDGE ( 'NONE', *, *, #4134, .T. ) ;
#479 = ORIENTED_EDGE ( 'NONE', *, *, #5128, .F. ) ;
#480 = VERTEX_POINT ( 'NONE', #3020 ) ;
#481 = CARTESIAN_POINT ( 'NONE',  ( 5.118401743070478460, -64.79816327332538606, 30.00000000000000000 ) ) ;
#482 = CARTESIAN_POINT ( 'NONE',  ( -73.89999999998519797, -2.251666049854712526, 30.00000000000000000 ) ) ;
#483 = APPLICATION_PROTOCOL_DEFINITION ( 'draft international standard', 'automotive_design', 1998, #3329 ) ;
#484 = ORIENTED_EDGE ( 'NONE', *, *, #3040, .T. ) ;
#485 = DIRECTION ( 'NONE',  ( -0.4588886766021383901, -0.8884937717768977006, 0.000000000000000000 ) ) ;
#486 = LINE ( 'NONE', #59, #2544 ) ;
#487 = CARTESIAN_POINT ( 'NONE',  ( 53.84735946252063599, -50.66302279686647836, 24.00000000000000000 ) ) ;
#488 = CARTESIAN_POINT ( 'NONE',  ( 63.93782217349408370, -5.562750146222150249, 6.000000000000000000 ) ) ;
#489 = EDGE_CURVE ( 'NONE', #4453, #1189, #2779, .T. ) ;
#490 = PLANE ( 'NONE',  #1152 ) ;
#491 = EDGE_CURVE ( 'NONE', #5290, #3446, #1913, .T. ) ;
#492 = VERTEX_POINT ( 'NONE', #5369 ) ;
#493 = FACE_OUTER_BOUND ( 'NONE', #3582, .T. ) ;
#494 = CARTESIAN_POINT ( 'NONE',  ( 52.68181134870217619, -46.31313801742987835, 6.000000000000000000 ) ) ;
#495 = CIRCLE ( 'NONE', #2061, 2.049999999999996270 ) ;
#496 = EDGE_LOOP ( 'NONE', ( #4902, #4267 ) ) ;
#497 = ORIENTED_EDGE ( 'NONE', *, *, #4479, .F. ) ;
#498 = VECTOR ( 'NONE', #5565, 1000.000000000000000 ) ;
#499 = DIRECTION ( 'NONE',  ( -1.000000000000000000, 0.000000000000000000, 0.000000000000000000 ) ) ;
#500 = CARTESIAN_POINT ( 'NONE',  ( 73.90000000001515446, -2.251666049824714744, 29.56570484543607691 ) ) ;
#501 = DIRECTION ( 'NONE',  ( -0.2588190451025212391, 0.9659258262890680902, 0.000000000000000000 ) ) ;
#502 = EDGE_CURVE ( 'NONE', #4871, #394, #4087, .T. ) ;
#503 = VERTEX_POINT ( 'NONE', #1478 ) ;
#504 = ORIENTED_EDGE ( 'NONE', *, *, #5115, .T. ) ;
#505 = ORIENTED_EDGE ( 'NONE', *, *, #3655, .F. ) ;
#506 = FACE_OUTER_BOUND ( 'NONE', #2809, .T. ) ;
#507 = CARTESIAN_POINT ( 'NONE',  ( 0.000000000000000000, 0.000000000000000000, 30.00000000000000000 ) ) ;
#508 = EDGE_LOOP ( 'NONE', ( #3210, #5644, #4213, #2254 ) ) ;
#509 = VECTOR ( 'NONE', #1375, 1000.000000000000114 ) ;
#510 = CARTESIAN_POINT ( 'NONE',  ( -69.99999999998519229, 4.503332099663913901, 24.00000000000000000 ) ) ;
#511 = EDGE_CURVE ( 'NONE', #1961, #3672, #1506, .T. ) ;
#512 = DIRECTION ( 'NONE',  ( -1.000000000000000000, 0.000000000000000000, 0.000000000000000000 ) ) ;
#513 = VECTOR ( 'NONE', #126, 1000.000000000000114 ) ;
#514 = VECTOR ( 'NONE', #4018, 1000.000000000000000 ) ;
#515 = LINE ( 'NONE', #1434, #2263 ) ;
#516 = ORIENTED_EDGE ( 'NONE', *, *, #2211, .F. ) ;
#517 = VECTOR ( 'NONE', #5724, 1000.000000000000114 ) ;
#518 = ORIENTED_EDGE ( 'NONE', *, *, #980, .T. ) ;
#519 = FACE_OUTER_BOUND ( 'NONE', #1840, .T. ) ;
#520 = DIRECTION ( 'NONE',  ( -0.8660254037844385966, -0.4999999999999999445, 0.000000000000000000 ) ) ;
#521 = EDGE_CURVE ( 'NONE', #4453, #1162, #4114, .T. ) ;
#522 = ORIENTED_EDGE ( 'NONE', *, *, #3574, .T. ) ;
#523 = DIRECTION ( 'NONE',  ( 0.4999999999999983347, -0.8660254037844395958, 0.000000000000000000 ) ) ;
#524 = ADVANCED_FACE ( 'NONE', ( #4060 ), #3706, .F. ) ;
#525 = CARTESIAN_POINT ( 'NONE',  ( -2.251666049839554429, 73.90000000000000568, 29.56570484545076027 ) ) ;
#526 = DIRECTION ( 'NONE',  ( 0.000000000000000000, 0.000000000000000000, 1.000000000000000000 ) ) ;
#527 = ORIENTED_EDGE ( 'NONE', *, *, #2483, .T. ) ;
#528 = EDGE_LOOP ( 'NONE', ( #1306, #3841, #1874, #2335, #4171 ) ) ;
#529 = VERTEX_POINT ( 'NONE', #4558 ) ;
#530 = CARTESIAN_POINT ( 'NONE',  ( 2.251666049839532668, 66.10000000000000853, 6.000000000000000000 ) ) ;
#531 = CARTESIAN_POINT ( 'NONE',  ( 46.31313801746588865, -52.68181134866613746, 24.00000000000000000 ) ) ;
#532 = SURFACE_STYLE_FILL_AREA ( #2273 ) ;
#533 = ORIENTED_EDGE ( 'NONE', *, *, #4282, .F. ) ;
#534 = AXIS2_PLACEMENT_3D ( 'NONE', #4042, #78, #1831 ) ;
#535 = CARTESIAN_POINT ( 'NONE',  ( 67.95000000000001705, 2.510525938252065804E-16, -5.000000000000004441 ) ) ;
#536 = FACE_OUTER_BOUND ( 'NONE', #193, .T. ) ;
#537 = CARTESIAN_POINT ( 'NONE',  ( 46.31313801746588865, -52.68181134866613746, 0.000000000000000000 ) ) ;
#538 = CYLINDRICAL_SURFACE ( 'NONE', #2174, 2.049999999999989164 ) ;
#539 = EDGE_CURVE ( 'NONE', #1050, #24, #3903, .T. ) ;
#540 = ORIENTED_EDGE ( 'NONE', *, *, #3460, .T. ) ;
#541 = AXIS2_PLACEMENT_3D ( 'NONE', #4259, #1178, #2947 ) ;
#542 = EDGE_LOOP ( 'NONE', ( #4534, #4216, #5147, #2904 ) ) ;
#543 = FACE_BOUND ( 'NONE', #1397, .T. ) ;
#544 = LINE ( 'NONE', #2339, #2746 ) ;
#545 = LINE ( 'NONE', #5012, #4756 ) ;
#546 = CIRCLE ( 'NONE', #3792, 65.00000000000000000 ) ;
#547 = VECTOR ( 'NONE', #349, 1000.000000000000114 ) ;
#548 = ORIENTED_EDGE ( 'NONE', *, *, #4119, .T. ) ;
#549 = DIRECTION ( 'NONE',  ( 0.000000000000000000, 0.000000000000000000, 1.000000000000000000 ) ) ;
#550 = CARTESIAN_POINT ( 'NONE',  ( 45.74713875834417820, 50.56947335667756249, 24.00000000000000000 ) ) ;
#551 = CARTESIAN_POINT ( 'NONE',  ( 73.75247735348965250, -2.336838289507776167, 0.2894348550863277691 ) ) ;
#552 = CARTESIAN_POINT ( 'NONE',  ( 4.503332099679075995, 70.00000000000000000, 30.00000000000000000 ) ) ;
#553 = ORIENTED_EDGE ( 'NONE', *, *, #2253, .T. ) ;
#554 = CIRCLE ( 'NONE', #4447, 65.00000000000000000 ) ;
#555 = ORIENTED_EDGE ( 'NONE', *, *, #5727, .F. ) ;
#556 = DIRECTION ( 'NONE',  ( -0.000000000000000000, -0.000000000000000000, 1.000000000000000000 ) ) ;
#557 = EDGE_CURVE ( 'NONE', #4959, #2579, #4037, .T. ) ;
#558 = CARTESIAN_POINT ( 'NONE',  ( 73.90000000001516867, 2.251666049854370133, 0.000000000000000000 ) ) ;
#559 = VERTEX_POINT ( 'NONE', #1943 ) ;
#560 = VERTEX_POINT ( 'NONE', #2316 ) ;
#561 = CARTESIAN_POINT ( 'NONE',  ( -52.68181134867221971, 46.31313801742953729, 6.000000000000000000 ) ) ;
#562 = PLANE ( 'NONE',  #5275 ) ;
#563 = DIRECTION ( 'NONE',  ( 0.000000000000000000, 0.000000000000000000, -1.000000000000000000 ) ) ;
#564 = EDGE_CURVE ( 'NONE', #5371, #4077, #3644, .T. ) ;
#565 = DIRECTION ( 'NONE',  ( -0.9527432661005429404, -0.3037766760303859948, 0.000000000000000000 ) ) ;
#566 = VERTEX_POINT ( 'NONE', #5426 ) ;
#567 = ORIENTED_EDGE ( 'NONE', *, *, #4928, .T. ) ;
#568 = CARTESIAN_POINT ( 'NONE',  ( -73.89999999998519797, -2.251666049854712526, 6.000000000000000000 ) ) ;
#569 = CARTESIAN_POINT ( 'NONE',  ( 73.90000000001515446, 8.664557477429895298E-15, 29.59999999998484199 ) ) ;
#570 = DIRECTION ( 'NONE',  ( -0.000000000000000000, -0.000000000000000000, -1.000000000000000000 ) ) ;
#571 = ORIENTED_EDGE ( 'NONE', *, *, #477, .F. ) ;
#572 = B_SPLINE_CURVE_WITH_KNOTS ( 'NONE', 3,
 ( #5127, #233, #1995, #1963 ),
 .UNSPECIFIED., .F., .F.,
 ( 4, 4 ),
 ( 0.002251666049854729110, 0.004503332099679084946 ),
 .UNSPECIFIED. ) ;
#573 = CARTESIAN_POINT ( 'NONE',  ( 0.000000000000000000, 0.000000000000000000, 1.500000000000025535 ) ) ;
#574 = VECTOR ( 'NONE', #691, 1000.000000000000114 ) ;
#575 = CARTESIAN_POINT ( 'NONE',  ( 46.01640966833215174, 50.65532882781805313, 6.000000000000000000 ) ) ;
#576 = CARTESIAN_POINT ( 'NONE',  ( 73.45722173931947907, -2.507304197828682302, 0.000000000000000000 ) ) ;
#577 = LINE ( 'NONE', #2348, #129 ) ;
#578 = EDGE_CURVE ( 'NONE', #1660, #5231, #2805, .T. ) ;
#579 = AXIS2_PLACEMENT_3D ( 'NONE', #3602, #5470, #1837 ) ;
#580 = ORIENTED_EDGE ( 'NONE', *, *, #511, .F. ) ;
#581 = ORIENTED_EDGE ( 'NONE', *, *, #4357, .T. ) ;
#582 = CARTESIAN_POINT ( 'NONE',  ( 50.66302279688130028, 53.84735946250548722, 6.000000000000000000 ) ) ;
#583 = EDGE_CURVE ( 'NONE', #4822, #1850, #4931, .T. ) ;
#584 = LINE ( 'NONE', #189, #5708 ) ;
#585 = CARTESIAN_POINT ( 'NONE',  ( 73.45722173931844168, 2.507304197858934991, 0.000000000000000000 ) ) ;
#586 = ADVANCED_FACE ( 'NONE', ( #4991 ), #5484, .F. ) ;
#587 = ORIENTED_EDGE ( 'NONE', *, *, #911, .F. ) ;
#588 = ORIENTED_EDGE ( 'NONE', *, *, #911, .T. ) ;
#589 = DIRECTION ( 'NONE',  ( 0.000000000000000000, 0.000000000000000000, 1.000000000000000000 ) ) ;
#590 = CARTESIAN_POINT ( 'NONE',  ( 70.00000000001514877, -4.503332099664255850, 6.000000000000000000 ) ) ;
#591 = EDGE_CURVE ( 'NONE', #80, #4051, #3590, .T. ) ;
#592 = LINE ( 'NONE', #537, #1384 ) ;
#593 = DIRECTION ( 'NONE',  ( -0.000000000000000000, -0.000000000000000000, -1.000000000000000000 ) ) ;
#594 = CIRCLE ( 'NONE', #1422, 2.049999999999996270 ) ;
#595 = ORIENTED_EDGE ( 'NONE', *, *, #2420, .T. ) ;
#596 = ORIENTED_EDGE ( 'NONE', *, *, #521, .T. ) ;
#597 = LINE ( 'NONE', #1934, #386 ) ;
#598 = DIRECTION ( 'NONE',  ( 1.000000000000000000, 0.000000000000000000, 0.000000000000000000 ) ) ;
#599 = CARTESIAN_POINT ( 'NONE',  ( 49.43847724036371005, -42.19996407763920843, 24.00000000000000000 ) ) ;
#600 = VECTOR ( 'NONE', #3462, 1000.000000000000000 ) ;
#601 = EDGE_LOOP ( 'NONE', ( #3614, #1738, #979, #1169 ) ) ;
#602 = VECTOR ( 'NONE', #1544, 1000.000000000000000 ) ;
#603 = DIRECTION ( 'NONE',  ( -0.000000000000000000, -0.000000000000000000, -1.000000000000000000 ) ) ;
#604 = DIRECTION ( 'NONE',  ( -0.2588190451025190186, -0.9659258262890687563, -0.000000000000000000 ) ) ;
#605 = LINE ( 'NONE', #2376, #4495 ) ;
#606 = CARTESIAN_POINT ( 'NONE',  ( -50.66302279685133669, -53.84735946250582828, 24.00000000000000000 ) ) ;
#607 = EDGE_LOOP ( 'NONE', ( #2042, #749, #3500, #5353 ) ) ;
#608 = EDGE_CURVE ( 'NONE', #2952, #5716, #605, .T. ) ;
#609 = ORIENTED_EDGE ( 'NONE', *, *, #4102, .T. ) ;
#610 = CARTESIAN_POINT ( 'NONE',  ( -5.118401743070023713, 64.79816327332541448, 0.000000000000000000 ) ) ;
#611 = FACE_OUTER_BOUND ( 'NONE', #2762, .T. ) ;
#612 = CARTESIAN_POINT ( 'NONE',  ( -45.14758990361746527, 48.33192656922920349, 6.000000000000000000 ) ) ;
#613 = VERTEX_POINT ( 'NONE', #3274 ) ;
#614 = EDGE_LOOP ( 'NONE', ( #4630, #1284, #931, #1599, #3010 ) ) ;
#615 = ORIENTED_EDGE ( 'NONE', *, *, #1553, .F. ) ;
#616 = LINE ( 'NONE', #1898, #2453 ) ;
#617 = FACE_OUTER_BOUND ( 'NONE', #3146, .T. ) ;
#618 = EDGE_CURVE ( 'NONE', #1961, #871, #5048, .T. ) ;
#619 = CARTESIAN_POINT ( 'NONE',  ( 70.00000000001514877, -4.503332099664255850, 6.000000000000000000 ) ) ;
#620 = CARTESIAN_POINT ( 'NONE',  ( 50.56947335667074839, -45.74713875832347298, 24.00000000000000000 ) ) ;
#621 = CIRCLE ( 'NONE', #2387, 65.00000000000000000 ) ;
#622 = ORIENTED_EDGE ( 'NONE', *, *, #5363, .T. ) ;
#623 = CARTESIAN_POINT ( 'NONE',  ( 48.33192656924435937, 45.14758990363226587, 30.00000000000000000 ) ) ;
#624 = ADVANCED_FACE ( 'NONE', ( #73 ), #1825, .T. ) ;
#625 = LINE ( 'NONE', #4165, #3044 ) ;
#626 = CARTESIAN_POINT ( 'NONE',  ( 52.68181134870217619, -46.31313801742987835, 6.000000000000000000 ) ) ;
#627 = ORIENTED_EDGE ( 'NONE', *, *, #2154, .T. ) ;
#628 = LINE ( 'NONE', #2569, #5617 ) ;
#629 = CARTESIAN_POINT ( 'NONE',  ( 49.14432598361705118, 41.27740928273755827, 30.00000000000000000 ) ) ;
#630 = DIRECTION ( 'NONE',  ( 0.000000000000000000, 0.000000000000000000, 1.000000000000000000 ) ) ;
#631 = DIRECTION ( 'NONE',  ( -0.000000000000000000, -0.000000000000000000, 1.000000000000000000 ) ) ;
#632 = CARTESIAN_POINT ( 'NONE',  ( -53.71503141976101148, -50.16916781823360338, 30.00000000000000000 ) ) ;
#633 = CIRCLE ( 'NONE', #916, 73.50000000000000000 ) ;
#634 = EDGE_CURVE ( 'NONE', #4743, #2518, #693, .T. ) ;
#635 = ORIENTED_EDGE ( 'NONE', *, *, #3708, .F. ) ;
#636 = ORIENTED_EDGE ( 'NONE', *, *, #1423, .T. ) ;
#637 = DIRECTION ( 'NONE',  ( 0.4999999999999983347, -0.8660254037844397068, 0.000000000000000000 ) ) ;
#638 = LINE ( 'NONE', #531, #5622 ) ;
#639 = FACE_OUTER_BOUND ( 'NONE', #2570, .T. ) ;
#640 = ORIENTED_EDGE ( 'NONE', *, *, #2807, .F. ) ;
#641 = EDGE_CURVE ( 'NONE', #4297, #3828, #2465, .T. ) ;
#642 = AXIS2_PLACEMENT_3D ( 'NONE', #1615, #2081, #1125 ) ;
#643 = ORIENTED_EDGE ( 'NONE', *, *, #2083, .F. ) ;
#644 = ORIENTED_EDGE ( 'NONE', *, *, #4082, .F. ) ;
#645 = MECHANICAL_DESIGN_GEOMETRIC_PRESENTATION_REPRESENTATION (  '', ( #2135 ), #5287 ) ;
#646 = PLANE ( 'NONE',  #2549 ) ;
#647 = DIRECTION ( 'NONE',  ( 0.000000000000000000, -0.000000000000000000, -1.000000000000000000 ) ) ;
#648 = AXIS2_PLACEMENT_3D ( 'NONE', #2391, #1958, #5385 ) ;
#649 = DIRECTION ( 'NONE',  ( -1.000000000000000000, 0.000000000000000000, 0.000000000000000000 ) ) ;
#650 = CARTESIAN_POINT ( 'NONE',  ( 46.31313801746588865, -52.68181134866613746, 30.00000000000000000 ) ) ;
#651 = ORIENTED_EDGE ( 'NONE', *, *, #5379, .T. ) ;
#652 = FACE_OUTER_BOUND ( 'NONE', #759, .T. ) ;
#653 = CARTESIAN_POINT ( 'NONE',  ( -4.503332099649107079, -70.00000000000034106, 24.00000000000000000 ) ) ;
#654 = DIRECTION ( 'NONE',  ( 0.000000000000000000, 0.000000000000000000, 1.000000000000000000 ) ) ;
#655 = EDGE_CURVE ( 'NONE', #1368, #3108, #1100, .T. ) ;
#656 = ORIENTED_EDGE ( 'NONE', *, *, #4703, .T. ) ;
#657 = DIRECTION ( 'NONE',  ( 0.9659258262890685343, 0.2588190451025197958, 0.000000000000000000 ) ) ;
#658 = PLANE ( 'NONE',  #1932 ) ;
#659 = ORIENTED_EDGE ( 'NONE', *, *, #5435, .T. ) ;
#660 = CARTESIAN_POINT ( 'NONE',  ( 5.118401743070467802, -64.79816327332537185, 24.00000000000000000 ) ) ;
#661 = CARTESIAN_POINT ( 'NONE',  ( -64.80717161047761010, 5.003049854849138001, 0.000000000000000000 ) ) ;
#662 = VERTEX_POINT ( 'NONE', #2003 ) ;
#663 = ORIENTED_EDGE ( 'NONE', *, *, #828, .T. ) ;
#664 = ORIENTED_EDGE ( 'NONE', *, *, #3960, .F. ) ;
#665 = ORIENTED_EDGE ( 'NONE', *, *, #3056, .T. ) ;
#666 = CARTESIAN_POINT ( 'NONE',  ( -73.89999999998519797, -2.251666049854712526, 6.000000000000000000 ) ) ;
#667 = CARTESIAN_POINT ( 'NONE',  ( 73.90000000001515446, -0.7505553499415638097, 29.59999999998483133 ) ) ;
#668 = DIRECTION ( 'NONE',  ( 0.4999999999999984457, -0.8660254037844394848, 0.000000000000000000 ) ) ;
#669 = VECTOR ( 'NONE', #5279, 1000.000000000000227 ) ;
#670 = EDGE_LOOP ( 'NONE', ( #2555, #2787, #2097, #2606 ) ) ;
#671 = EDGE_CURVE ( 'NONE', #2192, #4649, #5578, .T. ) ;
#672 = VECTOR ( 'NONE', #3584, 1000.000000000000227 ) ;
#673 = ORIENTED_EDGE ( 'NONE', *, *, #444, .T. ) ;
#674 = ORIENTED_EDGE ( 'NONE', *, *, #5001, .F. ) ;
#675 = ORIENTED_EDGE ( 'NONE', *, *, #1276, .T. ) ;
#676 = CARTESIAN_POINT ( 'NONE',  ( -50.08468879676052410, -45.61724112702736988, 6.000000000000000000 ) ) ;
#677 = DIRECTION ( 'NONE',  ( 0.000000000000000000, 0.000000000000000000, 1.000000000000000000 ) ) ;
#678 = DIRECTION ( 'NONE',  ( 0.000000000000000000, 0.000000000000000000, 1.000000000000000000 ) ) ;
#679 = DIRECTION ( 'NONE',  ( 1.000000000000000000, 0.000000000000000000, 0.000000000000000000 ) ) ;
#680 = EDGE_CURVE ( 'NONE', #4935, #2183, #1130, .T. ) ;
#681 = ORIENTED_EDGE ( 'NONE', *, *, #1900, .F. ) ;
#682 = CARTESIAN_POINT ( 'NONE',  ( 73.90000000001515446, -1.501110699883140942, 0.4114370209137009349 ) ) ;
#683 = CARTESIAN_POINT ( 'NONE',  ( 5.118401743069562748, -64.79816327332544290, 5.999999999999998224 ) ) ;
#684 = CARTESIAN_POINT ( 'NONE',  ( 3.280211195049277162, -68.35724183972040180, 24.00000000000000000 ) ) ;
#685 = AXIS2_PLACEMENT_3D ( 'NONE', #3262, #2451, #2825 ) ;
#686 = VERTEX_POINT ( 'NONE', #4295 ) ;
#687 = AXIS2_PLACEMENT_3D ( 'NONE', #5623, #369, #1227 ) ;
#688 = CARTESIAN_POINT ( 'NONE',  ( 53.75916184942972365, -50.33386482370483606, 0.1446691037124190060 ) ) ;
#689 = DIRECTION ( 'NONE',  ( 1.000000000000000000, 0.000000000000000000, 0.000000000000000000 ) ) ;
#690 = LINE ( 'NONE', #5193, #5273 ) ;
#691 = DIRECTION ( 'NONE',  ( 0.9659258262890685343, 0.2588190451025197958, 0.000000000000000000 ) ) ;
#692 = EDGE_CURVE ( 'NONE', #1411, #12, #1891, .T. ) ;
#693 = CIRCLE ( 'NONE', #3944, 2.049999999999989164 ) ;
#694 = AXIS2_PLACEMENT_3D ( 'NONE', #4151, #3223, #4940 ) ;
#695 = VERTEX_POINT ( 'NONE', #1595 ) ;
#696 = EDGE_CURVE ( 'NONE', #2043, #3936, #2433, .T. ) ;
#697 = VERTEX_POINT ( 'NONE', #4701 ) ;
#698 = ORIENTED_EDGE ( 'NONE', *, *, #5060, .F. ) ;
#699 = CARTESIAN_POINT ( 'NONE',  ( 0.000000000000000000, 70.00000000000000000, 6.000000000000000000 ) ) ;
#700 = FACE_BOUND ( 'NONE', #3717, .T. ) ;
#701 = DIRECTION ( 'NONE',  ( -0.000000000000000000, -0.000000000000000000, -1.000000000000000000 ) ) ;
#702 = AXIS2_PLACEMENT_3D ( 'NONE', #1445, #154, #1040 ) ;
#703 = ORIENTED_EDGE ( 'NONE', *, *, #2400, .F. ) ;
#704 = ORIENTED_EDGE ( 'NONE', *, *, #2698, .T. ) ;
#705 = ORIENTED_EDGE ( 'NONE', *, *, #108, .T. ) ;
#706 = ORIENTED_EDGE ( 'NONE', *, *, #3759, .F. ) ;
#707 = CARTESIAN_POINT ( 'NONE',  ( 50.08468879675734087, 45.61724112701814704, 24.00000000000000000 ) ) ;
#708 = LINE ( 'NONE', #2938, #2068 ) ;
#709 = DIRECTION ( 'NONE',  ( 0.000000000000000000, 0.000000000000000000, 1.000000000000000000 ) ) ;
#710 = CARTESIAN_POINT ( 'NONE',  ( 49.49747468305823617, 49.49747468305842091, 6.000000000000000000 ) ) ;
#711 = EDGE_CURVE ( 'NONE', #2443, #2014, #3361, .T. ) ;
#712 = VERTEX_POINT ( 'NONE', #660 ) ;
#713 = CARTESIAN_POINT ( 'NONE',  ( 46.31313801744470027, 52.68181134868702742, 24.00000000000000000 ) ) ;
#714 = CARTESIAN_POINT ( 'NONE',  ( 67.67148362175267096, -3.158962541861959572, 6.000000000000000000 ) ) ;
#715 = CARTESIAN_POINT ( 'NONE',  ( 53.84735946249942629, 50.66302279688734700, 24.00000000000000000 ) ) ;
#716 = EDGE_CURVE ( 'NONE', #2089, #5156, #2058, .T. ) ;
#717 = ORIENTED_EDGE ( 'NONE', *, *, #4517, .T. ) ;
#718 = VECTOR ( 'NONE', #4107, 1000.000000000000114 ) ;
#719 = FACE_OUTER_BOUND ( 'NONE', #3478, .T. ) ;
#720 = CARTESIAN_POINT ( 'NONE',  ( 70.00000000001516298, 4.503332099693911239, 30.00000000000000000 ) ) ;
#721 = DIRECTION ( 'NONE',  ( 0.000000000000000000, 0.000000000000000000, -1.000000000000000000 ) ) ;
#722 = VECTOR ( 'NONE', #1713, 1000.000000000000000 ) ;
#723 = ORIENTED_EDGE ( 'NONE', *, *, #2281, .F. ) ;
#724 = EDGE_LOOP ( 'NONE', ( #2238, #2384 ) ) ;
#725 = CARTESIAN_POINT ( 'NONE',  ( 0.000000000000000000, -70.00000000000000000, 24.00000000000000000 ) ) ;
#726 = AXIS2_PLACEMENT_3D ( 'NONE', #203, #2886, #5477 ) ;
#727 = CARTESIAN_POINT ( 'NONE',  ( 5.562750146222373182, 63.93782217349406949, 6.000000000000000000 ) ) ;
#728 = CARTESIAN_POINT ( 'NONE',  ( 64.79816327332538606, 5.118401743070238652, 0.000000000000000000 ) ) ;
#729 = EDGE_LOOP ( 'NONE', ( #3986, #3910, #2355, #4716 ) ) ;
#730 = EDGE_CURVE ( 'NONE', #2616, #164, #5106, .T. ) ;
#731 = AXIS2_PLACEMENT_3D ( 'NONE', #2277, #2329, #3169 ) ;
#732 = ORIENTED_EDGE ( 'NONE', *, *, #2711, .T. ) ;
#733 = EDGE_CURVE ( 'NONE', #3621, #157, #2894, .T. ) ;
#734 = VERTEX_POINT ( 'NONE', #3769 ) ;
#735 = VERTEX_POINT ( 'NONE', #4731 ) ;
#736 = LINE ( 'NONE', #5649, #3941 ) ;
#737 = CARTESIAN_POINT ( 'NONE',  ( 50.66302279688130028, 53.84735946250548722, 0.4342951545600048924 ) ) ;
#738 = LINE ( 'NONE', #3319, #1483 ) ;
#739 = CIRCLE ( 'NONE', #1018, 65.00000000000000000 ) ;
#740 = ADVANCED_FACE ( 'NONE', ( #3862, #4668 ), #5548, .T. ) ;
#741 = DIRECTION ( 'NONE',  ( 1.000000000000000000, 0.000000000000000000, 0.000000000000000000 ) ) ;
#742 = VECTOR ( 'NONE', #2397, 1000.000000000000000 ) ;
#743 = LINE ( 'NONE', #2512, #3380 ) ;
#744 = LINE ( 'NONE', #5185, #1838 ) ;
#745 = LINE ( 'NONE', #2514, #2490 ) ;
#746 = PLANE ( 'NONE',  #1577 ) ;
#747 = EDGE_CURVE ( 'NONE', #2175, #4614, #546, .T. ) ;
#748 = CARTESIAN_POINT ( 'NONE',  ( -49.14432598361791094, -41.27740928273652798, 6.000000000000000000 ) ) ;
#749 = ORIENTED_EDGE ( 'NONE', *, *, #1139, .F. ) ;
#750 = LINE ( 'NONE', #4609, #3685 ) ;
#751 = CARTESIAN_POINT ( 'NONE',  ( 0.000000000000000000, 0.000000000000000000, 24.00000000000000000 ) ) ;
#752 = CARTESIAN_POINT ( 'NONE',  ( 2.251666049839530892, 73.90000000000000568, 24.00000000000000000 ) ) ;
#753 = ORIENTED_EDGE ( 'NONE', *, *, #1640, .T. ) ;
#754 = ORIENTED_EDGE ( 'NONE', *, *, #1496, .F. ) ;
#755 = EDGE_CURVE ( 'NONE', #2559, #1109, #690, .T. ) ;
#756 = LINE ( 'NONE', #2037, #5355 ) ;
#757 = DIRECTION ( 'NONE',  ( 0.000000000000000000, 0.000000000000000000, 1.000000000000000000 ) ) ;
#758 = LINE ( 'NONE', #3746, #964 ) ;
#759 = EDGE_LOOP ( 'NONE', ( #5559, #2349, #4092, #2636 ) ) ;
#760 = VERTEX_POINT ( 'NONE', #1157 ) ;
#761 = VERTEX_POINT ( 'NONE', #2521 ) ;
#762 = ORIENTED_EDGE ( 'NONE', *, *, #4089, .F. ) ;
#763 = EDGE_CURVE ( 'NONE', #566, #4354, #281, .T. ) ;
#764 = AXIS2_PLACEMENT_3D ( 'NONE', #3947, #5719, #1735 ) ;
#765 = DIRECTION ( 'NONE',  ( -0.8660254037844385966, -0.4999999999999998890, 0.000000000000000000 ) ) ;
#766 = CARTESIAN_POINT ( 'NONE',  ( -48.33192656921439578, -45.14758990363260693, 0.000000000000000000 ) ) ;
#767 = AXIS2_PLACEMENT_3D ( 'NONE', #3863, #781, #4325 ) ;
#768 = DIRECTION ( 'NONE',  ( 0.7071067811865467956, -0.7071067811865483499, 0.000000000000000000 ) ) ;
#769 = ADVANCED_FACE ( 'NONE', ( #1623 ), #3390, .F. ) ;
#770 = DIRECTION ( 'NONE',  ( 0.000000000000000000, 0.000000000000000000, -1.000000000000000000 ) ) ;
#771 = VECTOR ( 'NONE', #2565, 1000.000000000000227 ) ;
#772 = EDGE_CURVE ( 'NONE', #5205, #4549, #3737, .T. ) ;
#773 = ORIENTED_EDGE ( 'NONE', *, *, #2807, .T. ) ;
#774 = CARTESIAN_POINT ( 'NONE',  ( 50.66302279688130028, 53.84735946250548722, 29.56570484543999200 ) ) ;
#775 = DIRECTION ( 'NONE',  ( -0.5000000000000000000, -0.8660254037844385966, 0.000000000000000000 ) ) ;
#776 = DIRECTION ( 'NONE',  ( -0.7071067811865460184, 0.7071067811865490160, 0.000000000000000000 ) ) ;
#777 = LINE ( 'NONE', #1238, #5412 ) ;
#778 = ORIENTED_EDGE ( 'NONE', *, *, #5474, .F. ) ;
#779 = ORIENTED_EDGE ( 'NONE', *, *, #3224, .T. ) ;
#780 = CARTESIAN_POINT ( 'NONE',  ( 49.49747468305825038, -49.49747468305840670, 24.00000000000000000 ) ) ;
#781 = DIRECTION ( 'NONE',  ( 0.9659258262890682012, 0.2588190451025212391, 0.000000000000000000 ) ) ;
#782 = CIRCLE ( 'NONE', #3748, 2.049999999999996270 ) ;
#783 = ORIENTED_EDGE ( 'NONE', *, *, #1016, .F. ) ;
#784 = VECTOR ( 'NONE', #3693, 1000.000000000000000 ) ;
#785 = FACE_BOUND ( 'NONE', #3573, .T. ) ;
#786 = CARTESIAN_POINT ( 'NONE',  ( -46.31313801741473668, -52.68181134868736848, 24.00000000000000000 ) ) ;
#787 = DIRECTION ( 'NONE',  ( 0.000000000000000000, 0.000000000000000000, 1.000000000000000000 ) ) ;
#788 = ORIENTED_EDGE ( 'NONE', *, *, #82, .T. ) ;
#789 = VECTOR ( 'NONE', #1335, 1000.000000000000000 ) ;
#790 = VECTOR ( 'NONE', #858, 1000.000000000000000 ) ;
#791 = EDGE_CURVE ( 'NONE', #1802, #804, #5334, .T. ) ;
#792 = ORIENTED_EDGE ( 'NONE', *, *, #3718, .F. ) ;
#793 = EDGE_LOOP ( 'NONE', ( #2265, #4365, #1685, #2169 ) ) ;
#794 = ORIENTED_EDGE ( 'NONE', *, *, #3423, .F. ) ;
#795 = ORIENTED_EDGE ( 'NONE', *, *, #4314, .T. ) ;
#796 = AXIS2_PLACEMENT_3D ( 'NONE', #446, #20, #2123 ) ;
#797 = CARTESIAN_POINT ( 'NONE',  ( 50.66302279690249577, -53.84735946248461147, 0.4342951545593179419 ) ) ;
#798 = DIRECTION ( 'NONE',  ( -0.4999999999999999445, 0.8660254037844387076, 0.000000000000000000 ) ) ;
#799 = CARTESIAN_POINT ( 'NONE',  ( -63.93782217349408370, 5.562750146222150249, 6.000000000000000000 ) ) ;
#800 = CARTESIAN_POINT ( 'NONE',  ( 53.84735946252063599, -50.66302279686647836, 30.00000000000000000 ) ) ;
#801 = DIRECTION ( 'NONE',  ( -0.2588190451025224048, 0.9659258262890678681, 0.000000000000000000 ) ) ;
#802 = EDGE_CURVE ( 'NONE', #5716, #1020, #1302, .T. ) ;
#803 = CARTESIAN_POINT ( 'NONE',  ( -73.45722173932009014, 2.507304197810682922, 0.000000000000000000 ) ) ;
#804 = VERTEX_POINT ( 'NONE', #2147 ) ;
#805 = CARTESIAN_POINT ( 'NONE',  ( 2.251666049869518904, -73.90000000000034674, 24.00000000000000000 ) ) ;
#806 = CARTESIAN_POINT ( 'NONE',  ( -51.54747468305857439, -49.49747468305806564, -5.000000000000004441 ) ) ;
#807 = CYLINDRICAL_SURFACE ( 'NONE', #2041, 2.049999999999996270 ) ;
#808 = CARTESIAN_POINT ( 'NONE',  ( -50.49848266489664894, 53.80327106699881057, 29.71056514493056611 ) ) ;
#809 = ORIENTED_EDGE ( 'NONE', *, *, #1841, .T. ) ;
#810 = EDGE_CURVE ( 'NONE', #294, #4245, #440, .T. ) ;
#811 = ORIENTED_EDGE ( 'NONE', *, *, #2190, .F. ) ;
#812 = CARTESIAN_POINT ( 'NONE',  ( -49.36328099426772553, -42.28790003631021932, 0.000000000000000000 ) ) ;
#813 = PLANE ( 'NONE',  #4659 ) ;
#814 = CIRCLE ( 'NONE', #5729, 2.049999999999997158 ) ;
#815 = ORIENTED_EDGE ( 'NONE', *, *, #43, .T. ) ;
#816 = VERTEX_POINT ( 'NONE', #3972 ) ;
#817 = CARTESIAN_POINT ( 'NONE',  ( -50.33386482370573844, -53.75916184941920051, 29.85533089629461756 ) ) ;
#818 = LINE ( 'NONE', #2557, #2824 ) ;
#819 = CARTESIAN_POINT ( 'NONE',  ( 53.80327106701182061, 50.49848266490341331, 0.2894348550835341705 ) ) ;
#820 = VECTOR ( 'NONE', #2802, 1000.000000000000000 ) ;
#821 = EDGE_CURVE ( 'NONE', #4078, #900, #5689, .T. ) ;
#822 = EDGE_LOOP ( 'NONE', ( #2468, #4301, #1671, #3204 ) ) ;
#823 = VERTEX_POINT ( 'NONE', #896 ) ;
#824 = VECTOR ( 'NONE', #3118, 1000.000000000000000 ) ;
#825 = EDGE_LOOP ( 'NONE', ( #4444, #1828, #5397, #5726, #2715, #5219, #339, #2366 ) ) ;
#826 = DIRECTION ( 'NONE',  ( -0.000000000000000000, -0.000000000000000000, 1.000000000000000000 ) ) ;
#827 = CARTESIAN_POINT ( 'NONE',  ( 53.84735946252063599, -50.66302279686647836, 6.000000000000000000 ) ) ;
#828 = EDGE_CURVE ( 'NONE', #1020, #2043, #5304, .T. ) ;
#829 = LINE ( 'NONE', #27, #3268 ) ;
#830 = DIRECTION ( 'NONE',  ( 0.9659258262890675351, -0.2588190451025233485, 0.000000000000000000 ) ) ;
#831 = VECTOR ( 'NONE', #3721, 1000.000000000000000 ) ;
#832 = CARTESIAN_POINT ( 'NONE',  ( 73.90000000001515446, -2.251666049824714744, 6.000000000000000000 ) ) ;
#833 = CARTESIAN_POINT ( 'NONE',  ( 73.90000000001516867, 1.501110699902918455, 29.58856297908598165 ) ) ;
#834 = EDGE_CURVE ( 'NONE', #503, #5635, #1764, .T. ) ;
#835 = ORIENTED_EDGE ( 'NONE', *, *, #330, .F. ) ;
#836 = CARTESIAN_POINT ( 'NONE',  ( -2.507304197804503865, -73.45722173932030330, 0.000000000000000000 ) ) ;
#837 = DIRECTION ( 'NONE',  ( -0.8660254037844397068, -0.4999999999999983347, 0.000000000000000000 ) ) ;
#838 = DIRECTION ( 'NONE',  ( -0.9659258262890686453, 0.2588190451025194072, 0.000000000000000000 ) ) ;
#839 = CARTESIAN_POINT ( 'NONE',  ( -42.28790003631141303, 49.36328099426670235, 30.00000000000000000 ) ) ;
#840 = AXIS2_PLACEMENT_3D ( 'NONE', #2249, #3090, #2628 ) ;
#841 = ORIENTED_EDGE ( 'NONE', *, *, #1241, .T. ) ;
#842 = EDGE_CURVE ( 'NONE', #4354, #3715, #2580, .T. ) ;
#843 = ORIENTED_EDGE ( 'NONE', *, *, #5707, .F. ) ;
#844 = DIRECTION ( 'NONE',  ( 0.9659258262890675351, -0.2588190451025233485, 0.000000000000000000 ) ) ;
#845 = DIRECTION ( 'NONE',  ( 0.000000000000000000, 0.000000000000000000, 1.000000000000000000 ) ) ;
#846 = EDGE_CURVE ( 'NONE', #1200, #734, #1242, .T. ) ;
#847 = ORIENTED_EDGE ( 'NONE', *, *, #374, .F. ) ;
#848 = CARTESIAN_POINT ( 'NONE',  ( 0.000000000000000000, 0.000000000000000000, 6.000000000000000000 ) ) ;
#849 = ADVANCED_FACE ( 'NONE', ( #1328 ), #3095, .F. ) ;
#850 = LINE ( 'NONE', #2236, #3758 ) ;
#851 = CARTESIAN_POINT ( 'NONE',  ( -50.33386482370574555, -53.75916184941921472, 0.1446691037053745299 ) ) ;
#852 = ORIENTED_EDGE ( 'NONE', *, *, #3071, .F. ) ;
#853 = VERTEX_POINT ( 'NONE', #3042 ) ;
#854 = CARTESIAN_POINT ( 'NONE',  ( 0.000000000000000000, 0.000000000000000000, 30.00000000000000000 ) ) ;
#855 = EDGE_CURVE ( 'NONE', #4417, #5716, #3918, .T. ) ;
#856 = DIRECTION ( 'NONE',  ( 1.000000000000000000, 0.000000000000000000, 0.000000000000000000 ) ) ;
#857 = DIRECTION ( 'NONE',  ( 0.000000000000000000, 0.000000000000000000, 1.000000000000000000 ) ) ;
#858 = DIRECTION ( 'NONE',  ( -0.000000000000000000, -0.000000000000000000, 1.000000000000000000 ) ) ;
#859 = LINE ( 'NONE', #5463, #4491 ) ;
#860 = DIRECTION ( 'NONE',  ( -0.4999999999999995004, -0.8660254037844390407, 0.000000000000000000 ) ) ;
#861 = CARTESIAN_POINT ( 'NONE',  ( 73.90000000001516867, 2.251666049854370133, 6.000000000000000000 ) ) ;
#862 = LINE ( 'NONE', #3497, #2596 ) ;
#863 = VECTOR ( 'NONE', #5664, 1000.000000000000000 ) ;
#864 = CARTESIAN_POINT ( 'NONE',  ( -68.35724183972041601, -3.280211195049038242, 24.00000000000000000 ) ) ;
#865 = EDGE_CURVE ( 'NONE', #3107, #3869, #1780, .T. ) ;
#866 = EDGE_LOOP ( 'NONE', ( #3013, #2313 ) ) ;
#867 = VERTEX_POINT ( 'NONE', #4823 ) ;
#868 = CARTESIAN_POINT ( 'NONE',  ( -63.93782217349408370, 5.562750146222150249, 24.00000000000000000 ) ) ;
#869 = FACE_OUTER_BOUND ( 'NONE', #5218, .T. ) ;
#870 = EDGE_LOOP ( 'NONE', ( #4711, #1633, #505, #4040, #1497, #778, #2258, #1917, #2646, #2843, #91, #1212, #3244, #5316, #3173, #1999, #754, #2561, #2343, #4185 ) ) ;
#871 = VERTEX_POINT ( 'NONE', #4847 ) ;
#872 = CARTESIAN_POINT ( 'NONE',  ( -63.93782217349408370, 5.562750146222150249, 6.000000000000000000 ) ) ;
#873 = ADVANCED_FACE ( 'NONE', ( #2171 ), #3475, .T. ) ;
#874 = DIRECTION ( 'NONE',  ( 1.000000000000000000, 0.000000000000000000, 0.000000000000000000 ) ) ;
#875 = CARTESIAN_POINT ( 'NONE',  ( -50.08468879675969276, -45.61724112702714962, 30.00000000000000000 ) ) ;
#876 = CIRCLE ( 'NONE', #2082, 65.00000000000000000 ) ;
#877 = ORIENTED_EDGE ( 'NONE', *, *, #892, .T. ) ;
#878 = EDGE_CURVE ( 'NONE', #1490, #2610, #3503, .T. ) ;
#879 = ORIENTED_EDGE ( 'NONE', *, *, #1336, .T. ) ;
#880 = VERTEX_POINT ( 'NONE', #356 ) ;
#881 = DIRECTION ( 'NONE',  ( 0.9659258262890685343, 0.2588190451025197958, 0.000000000000000000 ) ) ;
#882 = AXIS2_PLACEMENT_3D ( 'NONE', #5525, #5142, #2558 ) ;
#883 = FACE_OUTER_BOUND ( 'NONE', #1031, .T. ) ;
#884 = VECTOR ( 'NONE', #1670, 1000.000000000000114 ) ;
#885 = CARTESIAN_POINT ( 'NONE',  ( 4.503332099679070666, 70.00000000000000000, 6.000000000000000000 ) ) ;
#886 = AXIS2_PLACEMENT_3D ( 'NONE', #5084, #4181, #4798 ) ;
#887 = DIRECTION ( 'NONE',  ( 0.000000000000000000, 0.000000000000000000, 1.000000000000000000 ) ) ;
#888 = CARTESIAN_POINT ( 'NONE',  ( 4.503332099709060010, -70.00000000000034106, 0.000000000000000000 ) ) ;
#889 = LINE ( 'NONE', #2248, #5558 ) ;
#890 = CARTESIAN_POINT ( 'NONE',  ( 2.251666049869518904, -73.90000000000034674, 6.000000000000000000 ) ) ;
#891 = LINE ( 'NONE', #1354, #15 ) ;
#892 = EDGE_CURVE ( 'NONE', #5205, #1053, #4410, .T. ) ;
#893 = DIRECTION ( 'NONE',  ( -0.4999999999999999445, -0.8660254037844387076, 0.000000000000000000 ) ) ;
#894 = ORIENTED_EDGE ( 'NONE', *, *, #4339, .F. ) ;
#895 = ORIENTED_EDGE ( 'NONE', *, *, #5302, .T. ) ;
#896 = CARTESIAN_POINT ( 'NONE',  ( -73.45722173932007593, 2.507304197810686919, 30.00000000000000000 ) ) ;
#897 = LINE ( 'NONE', #3504, #4010 ) ;
#898 = EDGE_CURVE ( 'NONE', #4463, #3483, #4657, .T. ) ;
#899 = ORIENTED_EDGE ( 'NONE', *, *, #1832, .T. ) ;
#900 = VERTEX_POINT ( 'NONE', #812 ) ;
#901 = CARTESIAN_POINT ( 'NONE',  ( -67.67148362173877274, 3.158962541870899532, 6.000000000000000000 ) ) ;
#902 = CARTESIAN_POINT ( 'NONE',  ( -2.251666049809566417, -73.90000000000034674, 0.4342951545486545828 ) ) ;
#903 = CARTESIAN_POINT ( 'NONE',  ( -69.99999999998519229, -4.503332099694253188, 0.000000000000000000 ) ) ;
#904 = VERTEX_POINT ( 'NONE', #3532 ) ;
#905 = ORIENTED_EDGE ( 'NONE', *, *, #3499, .T. ) ;
#906 = EDGE_LOOP ( 'NONE', ( #3750, #298, #3836, #4758, #1451, #1464, #5537, #2085 ) ) ;
#907 = VECTOR ( 'NONE', #4121, 1000.000000000000000 ) ;
#908 = CARTESIAN_POINT ( 'NONE',  ( -50.66302279687255350, 53.84735946248426330, 24.00000000000000000 ) ) ;
#909 = EDGE_CURVE ( 'NONE', #4463, #5600, #38, .T. ) ;
#910 = CARTESIAN_POINT ( 'NONE',  ( -46.01640966833250701, -50.65532882781774759, 6.000000000000000000 ) ) ;
#911 = EDGE_CURVE ( 'NONE', #1305, #3869, #4577, .T. ) ;
#912 = VERTEX_POINT ( 'NONE', #4054 ) ;
#913 = CARTESIAN_POINT ( 'NONE',  ( -73.89999999998518376, -0.7505553499515726923, 29.60000000001478782 ) ) ;
#914 = CARTESIAN_POINT ( 'NONE',  ( 53.84735946249942629, 50.66302279688734700, 6.000000000000000000 ) ) ;
#915 = DIRECTION ( 'NONE',  ( -0.7071067811865467956, 0.7071067811865483499, 0.000000000000000000 ) ) ;
#916 = AXIS2_PLACEMENT_3D ( 'NONE', #2953, #2057, #1622 ) ;
#917 = CARTESIAN_POINT ( 'NONE',  ( 51.54747468305824043, -49.49747468305840670, 6.000000000000000000 ) ) ;
#918 = CARTESIAN_POINT ( 'NONE',  ( 0.000000000000000000, 0.000000000000000000, 0.000000000000000000 ) ) ;
#919 = ORIENTED_EDGE ( 'NONE', *, *, #1448, .T. ) ;
#920 = CARTESIAN_POINT ( 'NONE',  ( -73.45722173932007593, 2.507304197810686919, 30.00000000000000000 ) ) ;
#921 = ORIENTED_EDGE ( 'NONE', *, *, #401, .F. ) ;
#922 = ADVANCED_FACE ( 'NONE', ( #5446 ), #3206, .T. ) ;
#923 = CARTESIAN_POINT ( 'NONE',  ( -50.56947335667295818, 45.74713875833175081, 0.000000000000000000 ) ) ;
#924 = DIRECTION ( 'NONE',  ( 0.4999999999999995004, 0.8660254037844390407, 0.000000000000000000 ) ) ;
#925 = AXIS2_PLACEMENT_3D ( 'NONE', #1523, #2823, #4946 ) ;
#926 = ORIENTED_EDGE ( 'NONE', *, *, #755, .T. ) ;
#927 = DIRECTION ( 'NONE',  ( -1.000000000000000000, 0.000000000000000000, 0.000000000000000000 ) ) ;
#928 = AXIS2_PLACEMENT_3D ( 'NONE', #4631, #3728, #1439 ) ;
#929 = CARTESIAN_POINT ( 'NONE',  ( -53.80327106698405970, -50.49848266491197535, 0.2894348550691611122 ) ) ;
#930 = CARTESIAN_POINT ( 'NONE',  ( 66.10000000001514309, -2.251666049824717408, 30.00000000000000000 ) ) ;
#931 = ORIENTED_EDGE ( 'NONE', *, *, #2292, .F. ) ;
#932 = B_SPLINE_CURVE_WITH_KNOTS ( 'NONE', 3,
 ( #2575, #3942, #5715, #5274 ),
 .UNSPECIFIED., .F., .F.,
 ( 4, 4 ),
 ( 0.000000000000000000, 0.0006708321191838282835 ),
 .UNSPECIFIED. ) ;
#933 = ORIENTED_EDGE ( 'NONE', *, *, #491, .F. ) ;
#934 = ADVANCED_FACE ( 'NONE', ( #5418 ), #1440, .F. ) ;
#935 = VERTEX_POINT ( 'NONE', #3583 ) ;
#936 = CARTESIAN_POINT ( 'NONE',  ( -48.33192656921439578, -45.14758990363260693, 30.00000000000000000 ) ) ;
#937 = CARTESIAN_POINT ( 'NONE',  ( 0.000000000000000000, 70.00000000000000000, 6.000000000000000000 ) ) ;
#938 = ORIENTED_EDGE ( 'NONE', *, *, #1222, .F. ) ;
#939 = DIRECTION ( 'NONE',  ( -0.8884937717769024745, 0.4588886766021290642, 0.000000000000000000 ) ) ;
#940 = CARTESIAN_POINT ( 'NONE',  ( -69.99999999998519229, -4.503332099694253188, 0.000000000000000000 ) ) ;
#941 = CARTESIAN_POINT ( 'NONE',  ( -3.409905495632990391, 68.10612956744465407, 24.00000000000000000 ) ) ;
#942 = ADVANCED_FACE ( 'NONE', ( #948 ), #1408, .T. ) ;
#943 = CARTESIAN_POINT ( 'NONE',  ( -4.503332099649107079, -70.00000000000034106, 6.000000000000000000 ) ) ;
#944 = LINE ( 'NONE', #4023, #4494 ) ;
#945 = ORIENTED_EDGE ( 'NONE', *, *, #5122, .F. ) ;
#946 = ADVANCED_FACE ( 'NONE', ( #493 ), #1469, .F. ) ;
#947 = ORIENTED_EDGE ( 'NONE', *, *, #491, .T. ) ;
#948 = FACE_OUTER_BOUND ( 'NONE', #2728, .T. ) ;
#949 = LINE ( 'NONE', #2719, #2893 ) ;
#950 = AXIS2_PLACEMENT_3D ( 'NONE', #4176, #5549, #213 ) ;
#951 = ORIENTED_EDGE ( 'NONE', *, *, #1744, .T. ) ;
#952 = VECTOR ( 'NONE', #2880, 1000.000000000000000 ) ;
#953 = DIRECTION ( 'NONE',  ( -0.000000000000000000, -0.000000000000000000, 1.000000000000000000 ) ) ;
#954 = DIRECTION ( 'NONE',  ( -0.4588886766021197938, -0.8884937717769073595, 0.000000000000000000 ) ) ;
#955 = DIRECTION ( 'NONE',  ( -0.3037766760303726721, 0.9527432661005470482, 0.000000000000000000 ) ) ;
#956 = VERTEX_POINT ( 'NONE', #569 ) ;
#957 = ORIENTED_EDGE ( 'NONE', *, *, #5203, .T. ) ;
#958 = VERTEX_POINT ( 'NONE', #1382 ) ;
#959 = PLANE ( 'NONE',  #1826 ) ;
#960 = CYLINDRICAL_SURFACE ( 'NONE', #3945, 2.049999999999996270 ) ;
#961 = ADVANCED_FACE ( 'NONE', ( #1819 ), #3177, .F. ) ;
#962 = VECTOR ( 'NONE', #5267, 1000.000000000000000 ) ;
#963 = EDGE_LOOP ( 'NONE', ( #4672, #3976, #2591, #1488 ) ) ;
#964 = VECTOR ( 'NONE', #4648, 1000.000000000000000 ) ;
#965 = AXIS2_PLACEMENT_3D ( 'NONE', #5592, #1608, #342 ) ;
#966 = LINE ( 'NONE', #5438, #245 ) ;
#967 = EDGE_LOOP ( 'NONE', ( #4873, #1606, #102, #2607, #4032 ) ) ;
#968 = DIRECTION ( 'NONE',  ( 0.9527432661005460490, 0.3037766760303761693, 0.000000000000000000 ) ) ;
#969 = CARTESIAN_POINT ( 'NONE',  ( 3.158962541874487329, 67.67148362173355736, 0.000000000000000000 ) ) ;
#970 = VECTOR ( 'NONE', #5670, 1000.000000000000000 ) ;
#971 = VECTOR ( 'NONE', #1025, 1000.000000000000227 ) ;
#972 = CARTESIAN_POINT ( 'NONE',  ( 53.71503141978435991, 50.16916781820858517, 30.00000000000000000 ) ) ;
#973 = VERTEX_POINT ( 'NONE', #3697 ) ;
#974 = AXIS2_PLACEMENT_3D ( 'NONE', #3341, #4211, #4299 ) ;
#975 = VERTEX_POINT ( 'NONE', #3611 ) ;
#976 = CARTESIAN_POINT ( 'NONE',  ( -53.84735946246946270, -50.66302279688769516, 29.56570484546184474 ) ) ;
#977 = CARTESIAN_POINT ( 'NONE',  ( -52.68181134867221971, 46.31313801742953729, 6.000000000000000000 ) ) ;
#978 = CARTESIAN_POINT ( 'NONE',  ( -51.72446835205736448, -52.78591390729978627, 29.61142111276184252 ) ) ;
#979 = ORIENTED_EDGE ( 'NONE', *, *, #108, .F. ) ;
#980 = EDGE_CURVE ( 'NONE', #1076, #1419, #4954, .T. ) ;
#981 = ORIENTED_EDGE ( 'NONE', *, *, #842, .F. ) ;
#982 = CARTESIAN_POINT ( 'NONE',  ( -4.503332099679096423, 70.00000000000000000, 0.000000000000000000 ) ) ;
#983 = PLANE ( 'NONE',  #4691 ) ;
#984 = DIRECTION ( 'NONE',  ( -0.4588886766021197938, -0.8884937717769073595, 0.000000000000000000 ) ) ;
#985 = DIRECTION ( 'NONE',  ( 0.2588190451025212391, -0.9659258262890680902, 0.000000000000000000 ) ) ;
#986 = EDGE_CURVE ( 'NONE', #2319, #2175, #544, .T. ) ;
#987 = ORIENTED_EDGE ( 'NONE', *, *, #1702, .T. ) ;
#988 = ORIENTED_EDGE ( 'NONE', *, *, #3771, .T. ) ;
#989 = ORIENTED_EDGE ( 'NONE', *, *, #846, .F. ) ;
#990 = CARTESIAN_POINT ( 'NONE',  ( 0.000000000000000000, 70.00000000000000000, 24.00000000000000000 ) ) ;
#991 = CARTESIAN_POINT ( 'NONE',  ( 0.000000000000000000, 0.000000000000000000, 6.000000000000000000 ) ) ;
#992 = ADVANCED_FACE ( 'NONE', ( #519 ), #2370, .T. ) ;
#993 = ORIENTED_EDGE ( 'NONE', *, *, #74, .T. ) ;
#994 = VECTOR ( 'NONE', #4646, 1000.000000000000227 ) ;
#995 = ORIENTED_EDGE ( 'NONE', *, *, #810, .F. ) ;
#996 = EDGE_CURVE ( 'NONE', #2994, #5125, #2939, .T. ) ;
#997 = CARTESIAN_POINT ( 'NONE',  ( 4.503332099679070666, 70.00000000000000000, 24.00000000000000000 ) ) ;
#998 = DIRECTION ( 'NONE',  ( 0.3037766760303761693, -0.9527432661005460490, 0.000000000000000000 ) ) ;
#999 = AXIS2_PLACEMENT_3D ( 'NONE', #5723, #445, #4879 ) ;
#1000 = CARTESIAN_POINT ( 'NONE',  ( -45.74713875831093901, -50.56947335666568222, 0.000000000000000000 ) ) ;
#1001 = CARTESIAN_POINT ( 'NONE',  ( -73.75247735346985678, 2.336838289501559363, 29.71056514493362499 ) ) ;
#1002 = ORIENTED_EDGE ( 'NONE', *, *, #4302, .T. ) ;
#1003 = EDGE_CURVE ( 'NONE', #5125, #1563, #4933, .T. ) ;
#1004 = AXIS2_PLACEMENT_3D ( 'NONE', #2403, #210, #2922 ) ;
#1005 = ORIENTED_EDGE ( 'NONE', *, *, #3933, .F. ) ;
#1006 = CARTESIAN_POINT ( 'NONE',  ( 0.000000000000000000, 0.000000000000000000, 6.000000000000000000 ) ) ;
#1007 = DIRECTION ( 'NONE',  ( 0.8660254037844389297, -0.4999999999999995559, 0.000000000000000000 ) ) ;
#1008 = CARTESIAN_POINT ( 'NONE',  ( 50.16916781820219029, 53.71503141979034268, 30.00000000000000000 ) ) ;
#1009 = CIRCLE ( 'NONE', #3048, 2.049999999999989164 ) ;
#1010 = ADVANCED_FACE ( 'NONE', ( #118 ), #2690, .T. ) ;
#1011 = ORIENTED_EDGE ( 'NONE', *, *, #3926, .F. ) ;
#1012 = DIRECTION ( 'NONE',  ( -0.9659258262890688673, 0.2588190451025186301, 0.000000000000000000 ) ) ;
#1013 = CARTESIAN_POINT ( 'NONE',  ( -5.118401743070023713, 64.79816327332541448, 30.00000000000000000 ) ) ;
#1014 = CARTESIAN_POINT ( 'NONE',  ( 53.75916184940874842, 50.33386482372666393, 0.1446691037120345913 ) ) ;
#1015 = CARTESIAN_POINT ( 'NONE',  ( -2.507304197804509194, -73.45722173932028909, 30.00000000000000000 ) ) ;
#1016 = EDGE_CURVE ( 'NONE', #697, #559, #4438, .T. ) ;
#1017 = ORIENTED_EDGE ( 'NONE', *, *, #3933, .T. ) ;
#1018 = AXIS2_PLACEMENT_3D ( 'NONE', #5214, #5129, #4788 ) ;
#1019 = EDGE_CURVE ( 'NONE', #2934, #973, #1935, .T. ) ;
#1020 = VERTEX_POINT ( 'NONE', #923 ) ;
#1021 = CARTESIAN_POINT ( 'NONE',  ( 2.049999999999998490, 70.00000000000000000, -5.000000000000004441 ) ) ;
#1022 = CARTESIAN_POINT ( 'NONE',  ( 50.66302279690249577, -53.84735946248461147, 0.4342951545593179419 ) ) ;
#1023 = EDGE_LOOP ( 'NONE', ( #5542, #3664, #2884, #3270 ) ) ;
#1024 = ORIENTED_EDGE ( 'NONE', *, *, #3060, .T. ) ;
#1025 = DIRECTION ( 'NONE',  ( -0.3037766760303793889, 0.9527432661005449388, 0.000000000000000000 ) ) ;
#1026 = LINE ( 'NONE', #2709, #831 ) ;
#1027 = CARTESIAN_POINT ( 'NONE',  ( 3.280211195049277162, -68.35724183972040180, 30.00000000000000000 ) ) ;
#1028 = B_SPLINE_CURVE_WITH_KNOTS ( 'NONE', 3,
 ( #3670, #4553, #5041, #2857 ),
 .UNSPECIFIED., .F., .F.,
 ( 4, 4 ),
 ( 0.000000000000000000, 0.004503332099679084946 ),
 .UNSPECIFIED. ) ;
#1029 = CARTESIAN_POINT ( 'NONE',  ( -42.28790003631071670, 49.36328099426730631, 0.000000000000000000 ) ) ;
#1030 = ORIENTED_EDGE ( 'NONE', *, *, #3427, .T. ) ;
#1031 = EDGE_LOOP ( 'NONE', ( #1224, #705, #3073, #2928 ) ) ;
#1032 = DIRECTION ( 'NONE',  ( -0.000000000000000000, -0.000000000000000000, -1.000000000000000000 ) ) ;
#1033 = CARTESIAN_POINT ( 'NONE',  ( 0.000000000000000000, 0.000000000000000000, 5.999999999999998224 ) ) ;
#1034 = CARTESIAN_POINT ( 'NONE',  ( 63.93782217349408370, -5.562750146222150249, 30.00000000000000000 ) ) ;
#1035 = ADVANCED_FACE ( 'NONE', ( #4632 ), #3729, .T. ) ;
#1036 = ORIENTED_EDGE ( 'NONE', *, *, #5375, .F. ) ;
#1037 = CARTESIAN_POINT ( 'NONE',  ( -4.503332099679096423, 70.00000000000000000, 30.00000000000000000 ) ) ;
#1038 = VECTOR ( 'NONE', #1878, 1000.000000000000000 ) ;
#1039 = VERTEX_POINT ( 'NONE', #5040 ) ;
#1040 = DIRECTION ( 'NONE',  ( 1.000000000000000000, 0.000000000000000000, 0.000000000000000000 ) ) ;
#1041 = DIRECTION ( 'NONE',  ( -0.000000000000000000, -0.000000000000000000, -1.000000000000000000 ) ) ;
#1042 = LINE ( 'NONE', #1944, #5497 ) ;
#1043 = VECTOR ( 'NONE', #3959, 1000.000000000000000 ) ;
#1044 = ORIENTED_EDGE ( 'NONE', *, *, #2855, .F. ) ;
#1045 = EDGE_CURVE ( 'NONE', #1548, #5205, #1746, .T. ) ;
#1046 = VERTEX_POINT ( 'NONE', #5539 ) ;
#1047 = CARTESIAN_POINT ( 'NONE',  ( 5.562750146221481451, 63.93782217349414054, 30.00000000000000000 ) ) ;
#1048 = CARTESIAN_POINT ( 'NONE',  ( 51.72446835210855198, -52.78591390727855526, 29.61142111274119770 ) ) ;
#1049 = DIRECTION ( 'NONE',  ( 0.000000000000000000, 0.000000000000000000, 1.000000000000000000 ) ) ;
#1050 = VERTEX_POINT ( 'NONE', #2856 ) ;
#1051 = ORIENTED_EDGE ( 'NONE', *, *, #3195, .T. ) ;
#1052 = EDGE_CURVE ( 'NONE', #237, #4974, #4155, .T. ) ;
#1053 = VERTEX_POINT ( 'NONE', #2080 ) ;
#1054 = LINE ( 'NONE', #1084, #2913 ) ;
#1055 = DIRECTION ( 'NONE',  ( 1.000000000000000000, 0.000000000000000000, 0.000000000000000000 ) ) ;
#1056 = DIRECTION ( 'NONE',  ( -0.000000000000000000, 0.000000000000000000, -1.000000000000000000 ) ) ;
#1057 = CARTESIAN_POINT ( 'NONE',  ( 2.251666049839532668, 66.10000000000000853, 24.00000000000000000 ) ) ;
#1058 = CONICAL_SURFACE ( 'NONE', #3099, 73.49999999999998579, 0.7853981633974540522 ) ;
#1059 = AXIS2_PLACEMENT_3D ( 'NONE', #2739, #2279, #4432 ) ;
#1060 = ORIENTED_EDGE ( 'NONE', *, *, #4430, .T. ) ;
#1061 = LINE ( 'NONE', #4982, #451 ) ;
#1062 = AXIS2_PLACEMENT_3D ( 'NONE', #1391, #3159, #955 ) ;
#1063 = DIRECTION ( 'NONE',  ( 0.9659258262890685343, 0.2588190451025197958, 0.000000000000000000 ) ) ;
#1064 = CARTESIAN_POINT ( 'NONE',  ( -53.84735946249068661, 50.66302279686613730, 0.4342951545388343271 ) ) ;
#1065 = VECTOR ( 'NONE', #939, 1000.000000000000227 ) ;
#1066 = EDGE_CURVE ( 'NONE', #443, #1509, #5158, .T. ) ;
#1067 = EDGE_LOOP ( 'NONE', ( #3695, #1167, #1195, #4186 ) ) ;
#1068 = AXIS2_PLACEMENT_3D ( 'NONE', #4592, #1833, #3280 ) ;
#1069 = EDGE_CURVE ( 'NONE', #303, #443, #2054, .T. ) ;
#1070 = LINE ( 'NONE', #3880, #3381 ) ;
#1071 = LINE ( 'NONE', #1156, #2212 ) ;
#1072 = CARTESIAN_POINT ( 'NONE',  ( 53.84735946249942629, 50.66302279688734700, 24.00000000000000000 ) ) ;
#1073 = CARTESIAN_POINT ( 'NONE',  ( -45.14758990361746527, 48.33192656922920349, 24.00000000000000000 ) ) ;
#1074 = LINE ( 'NONE', #2864, #1879 ) ;
#1075 = EDGE_LOOP ( 'NONE', ( #5393, #2877, #1166, #4026, #926 ) ) ;
#1076 = VERTEX_POINT ( 'NONE', #265 ) ;
#1077 = VERTEX_POINT ( 'NONE', #683 ) ;
#1078 = DIRECTION ( 'NONE',  ( -1.000000000000000000, 0.000000000000000000, 0.000000000000000000 ) ) ;
#1079 = DIRECTION ( 'NONE',  ( 0.000000000000000000, 0.000000000000000000, 1.000000000000000000 ) ) ;
#1080 = DIRECTION ( 'NONE',  ( -0.000000000000000000, -0.000000000000000000, 1.000000000000000000 ) ) ;
#1081 = ORIENTED_EDGE ( 'NONE', *, *, #1066, .T. ) ;
#1082 = ORIENTED_EDGE ( 'NONE', *, *, #4361, .T. ) ;
#1083 = VERTEX_POINT ( 'NONE', #2023 ) ;
#1084 = CARTESIAN_POINT ( 'NONE',  ( -53.84735946249068661, 50.66302279686613730, 24.00000000000000000 ) ) ;
#1085 = LINE ( 'NONE', #4188, #2991 ) ;
#1086 = CARTESIAN_POINT ( 'NONE',  ( -53.71503141978199380, 50.16916781821113602, 0.000000000000000000 ) ) ;
#1087 = EDGE_CURVE ( 'NONE', #2033, #1542, #572, .T. ) ;
#1088 = AXIS2_PLACEMENT_3D ( 'NONE', #4150, #3136, #4476 ) ;
#1089 = CARTESIAN_POINT ( 'NONE',  ( 50.56947335667074839, -45.74713875832347298, 30.00000000000000000 ) ) ;
#1090 = AXIS2_PLACEMENT_3D ( 'NONE', #218, #2094, #5490 ) ;
#1091 = ORIENTED_EDGE ( 'NONE', *, *, #2275, .T. ) ;
#1092 = CARTESIAN_POINT ( 'NONE',  ( -50.66302279685133669, -53.84735946250582828, 6.000000000000000000 ) ) ;
#1093 = DIRECTION ( 'NONE',  ( -0.2588190451025233485, -0.9659258262890675351, -0.000000000000000000 ) ) ;
#1094 = CARTESIAN_POINT ( 'NONE',  ( 51.72446835208734228, 52.78591390729944521, 0.3885788872588720189 ) ) ;
#1095 = EDGE_LOOP ( 'NONE', ( #2240, #4024, #3139, #2418, #336 ) ) ;
#1096 = EDGE_CURVE ( 'NONE', #4967, #1411, #1124, .T. ) ;
#1097 = DIRECTION ( 'NONE',  ( -0.4999999999999998890, 0.8660254037844387076, 0.000000000000000000 ) ) ;
#1098 = CARTESIAN_POINT ( 'NONE',  ( 49.49747468305823617, 49.49747468305842091, 24.00000000000000000 ) ) ;
#1099 = VECTOR ( 'NONE', #2954, 1000.000000000000114 ) ;
#1100 = LINE ( 'NONE', #2863, #4619 ) ;
#1101 = LINE ( 'NONE', #4641, #3827 ) ;
#1102 = AXIS2_PLACEMENT_3D ( 'NONE', #1672, #2022, #4661 ) ;
#1103 = VERTEX_POINT ( 'NONE', #3327 ) ;
#1104 = ORIENTED_EDGE ( 'NONE', *, *, #2025, .F. ) ;
#1105 = VERTEX_POINT ( 'NONE', #5505 ) ;
#1106 = DIRECTION ( 'NONE',  ( 1.000000000000000000, 0.000000000000000000, 0.000000000000000000 ) ) ;
#1107 = DIRECTION ( 'NONE',  ( 0.4588886766021260111, 0.8884937717769040288, 0.000000000000000000 ) ) ;
#1108 = FACE_OUTER_BOUND ( 'NONE', #3078, .T. ) ;
#1109 = VERTEX_POINT ( 'NONE', #2457 ) ;
#1110 = EDGE_CURVE ( 'NONE', #4051, #467, #1529, .T. ) ;
#1111 = VECTOR ( 'NONE', #2767, 1000.000000000000000 ) ;
#1112 = ORIENTED_EDGE ( 'NONE', *, *, #641, .T. ) ;
#1113 = VERTEX_POINT ( 'NONE', #1560 ) ;
#1114 = ORIENTED_EDGE ( 'NONE', *, *, #1794, .T. ) ;
#1115 = AXIS2_PLACEMENT_3D ( 'NONE', #2622, #4837, #5596 ) ;
#1116 = DIRECTION ( 'NONE',  ( 0.3037766760303661218, -0.9527432661005492687, 0.000000000000000000 ) ) ;
#1117 = LINE ( 'NONE', #1637, #1788 ) ;
#1118 = AXIS2_PLACEMENT_3D ( 'NONE', #5566, #4749, #2048 ) ;
#1119 = CARTESIAN_POINT ( 'NONE',  ( 47.44747468305826033, -49.49747468305840670, 24.00000000000000000 ) ) ;
#1120 = FACE_OUTER_BOUND ( 'NONE', #287, .T. ) ;
#1121 = EDGE_CURVE ( 'NONE', #3218, #5560, #4230, .T. ) ;
#1122 = ORIENTED_EDGE ( 'NONE', *, *, #1432, .F. ) ;
#1123 = LINE ( 'NONE', #2885, #4351 ) ;
#1124 = LINE ( 'NONE', #4662, #2587 ) ;
#1125 = DIRECTION ( 'NONE',  ( -0.8660254037844385966, -0.4999999999999998890, 0.000000000000000000 ) ) ;
#1126 = ADVANCED_FACE ( 'NONE', ( #3796 ), #3266, .T. ) ;
#1127 = ORIENTED_EDGE ( 'NONE', *, *, #2154, .F. ) ;
#1128 = CARTESIAN_POINT ( 'NONE',  ( 53.80327106703290951, -50.49848266488206860, 0.2894348550843058865 ) ) ;
#1129 = CARTESIAN_POINT ( 'NONE',  ( 3.158962541874053453, 67.67148362173280418, 24.00000000000000000 ) ) ;
#1130 = LINE ( 'NONE', #212, #2851 ) ;
#1131 = DIRECTION ( 'NONE',  ( 0.000000000000000000, 0.000000000000000000, 1.000000000000000000 ) ) ;
#1132 = VERTEX_POINT ( 'NONE', #4696 ) ;
#1133 = ORIENTED_EDGE ( 'NONE', *, *, #5007, .F. ) ;
#1134 = CARTESIAN_POINT ( 'NONE',  ( -68.35724183972041601, -3.280211195049038242, 6.000000000000000000 ) ) ;
#1135 = FACE_OUTER_BOUND ( 'NONE', #2332, .T. ) ;
#1136 = DIRECTION ( 'NONE',  ( 1.000000000000000000, -3.081670971768528393E-15, 0.000000000000000000 ) ) ;
#1137 = VERTEX_POINT ( 'NONE', #3296 ) ;
#1138 = CIRCLE ( 'NONE', #3726, 65.00000000000000000 ) ;
#1139 = EDGE_CURVE ( 'NONE', #1076, #4636, #3825, .T. ) ;
#1140 = ORIENTED_EDGE ( 'NONE', *, *, #3829, .F. ) ;
#1141 = ORIENTED_EDGE ( 'NONE', *, *, #4882, .T. ) ;
#1142 = VERTEX_POINT ( 'NONE', #5071 ) ;
#1143 = DIRECTION ( 'NONE',  ( 1.000000000000000000, 0.000000000000000000, 0.000000000000000000 ) ) ;
#1144 = ADVANCED_FACE ( 'NONE', ( #3384 ), #322, .F. ) ;
#1145 = CARTESIAN_POINT ( 'NONE',  ( -4.503332099679096423, 70.00000000000000000, 6.000000000000000000 ) ) ;
#1146 = CARTESIAN_POINT ( 'NONE',  ( 52.68181134870217619, -46.31313801742987835, 30.00000000000000000 ) ) ;
#1147 = LINE ( 'NONE', #4255, #3283 ) ;
#1148 = ORIENTED_EDGE ( 'NONE', *, *, #120, .F. ) ;
#1149 = CARTESIAN_POINT ( 'NONE',  ( 73.90000000001515446, -0.7505553499415695828, 0.4000000000151594515 ) ) ;
#1150 = CARTESIAN_POINT ( 'NONE',  ( -4.503332099679096423, 70.00000000000000000, 6.000000000000000000 ) ) ;
#1151 = LINE ( 'NONE', #684, #4162 ) ;
#1152 = AXIS2_PLACEMENT_3D ( 'NONE', #3632, #893, #2658 ) ;
#1153 = ORIENTED_EDGE ( 'NONE', *, *, #3234, .T. ) ;
#1154 = VECTOR ( 'NONE', #5681, 1000.000000000000000 ) ;
#1155 = VECTOR ( 'NONE', #2328, 1000.000000000000000 ) ;
#1156 = CARTESIAN_POINT ( 'NONE',  ( -68.35724183972041601, -3.280211195049038242, 24.00000000000000000 ) ) ;
#1157 = CARTESIAN_POINT ( 'NONE',  ( -50.08468879676052410, -45.61724112702736988, 0.000000000000000000 ) ) ;
#1158 = DIRECTION ( 'NONE',  ( 0.9527432661005502679, 0.3037766760303628466, 0.000000000000000000 ) ) ;
#1159 = EDGE_CURVE ( 'NONE', #2070, #2502, #745, .T. ) ;
#1160 = AXIS2_PLACEMENT_3D ( 'NONE', #991, #5462, #2382 ) ;
#1161 = ORIENTED_EDGE ( 'NONE', *, *, #3864, .T. ) ;
#1162 = VERTEX_POINT ( 'NONE', #4604 ) ;
#1163 = FACE_OUTER_BOUND ( 'NONE', #3502, .T. ) ;
#1164 = PLANE ( 'NONE',  #5423 ) ;
#1165 = CARTESIAN_POINT ( 'NONE',  ( 4.503332099709060010, -70.00000000000034106, 6.000000000000000000 ) ) ;
#1166 = ORIENTED_EDGE ( 'NONE', *, *, #564, .F. ) ;
#1167 = ORIENTED_EDGE ( 'NONE', *, *, #407, .F. ) ;
#1168 = ORIENTED_EDGE ( 'NONE', *, *, #224, .T. ) ;
#1169 = ORIENTED_EDGE ( 'NONE', *, *, #2943, .T. ) ;
#1170 = EDGE_CURVE ( 'NONE', #1046, #4327, #625, .T. ) ;
#1171 = LINE ( 'NONE', #676, #3562 ) ;
#1172 = VERTEX_POINT ( 'NONE', #1730 ) ;
#1173 = DIRECTION ( 'NONE',  ( -0.9659258262890678681, -0.2588190451025223493, -0.000000000000000000 ) ) ;
#1174 = DIRECTION ( 'NONE',  ( -0.5413273945389620589, 0.8408119004400799179, -0.000000000000000000 ) ) ;
#1175 = CARTESIAN_POINT ( 'NONE',  ( -53.84735946249068661, 50.66302279686613730, 0.4342951545388343271 ) ) ;
#1176 = ORIENTED_EDGE ( 'NONE', *, *, #1310, .T. ) ;
#1177 = CARTESIAN_POINT ( 'NONE',  ( 2.251666049839530892, 73.90000000000000568, 29.56570484545076027 ) ) ;
#1178 = DIRECTION ( 'NONE',  ( 0.9659258262890676461, -0.2588190451025234040, 0.000000000000000000 ) ) ;
#1179 = CARTESIAN_POINT ( 'NONE',  ( 51.54747468305822622, 49.49747468305842091, 6.000000000000000000 ) ) ;
#1180 = LINE ( 'NONE', #324, #5322 ) ;
#1181 = EDGE_CURVE ( 'NONE', #5282, #5202, #3495, .T. ) ;
#1182 = ORIENTED_EDGE ( 'NONE', *, *, #4786, .T. ) ;
#1183 = VECTOR ( 'NONE', #4337, 1000.000000000000114 ) ;
#1184 = LINE ( 'NONE', #1594, #4 ) ;
#1185 = CARTESIAN_POINT ( 'NONE',  ( -49.49747468305825038, 49.49747468305840670, 24.00000000000000000 ) ) ;
#1186 = DIRECTION ( 'NONE',  ( -0.000000000000000000, -0.000000000000000000, 1.000000000000000000 ) ) ;
#1187 = EDGE_CURVE ( 'NONE', #529, #5489, #3765, .T. ) ;
#1188 = ORIENTED_EDGE ( 'NONE', *, *, #4942, .T. ) ;
#1189 = VERTEX_POINT ( 'NONE', #3912 ) ;
#1190 = CARTESIAN_POINT ( 'NONE',  ( 45.14758990364741464, -48.33192656922954455, 30.00000000000000000 ) ) ;
#1191 = VECTOR ( 'NONE', #1503, 1000.000000000000000 ) ;
#1192 = ADVANCED_FACE ( 'NONE', ( #4814 ), #4317, .T. ) ;
#1193 = DIRECTION ( 'NONE',  ( 1.000000000000000000, 0.000000000000000000, 0.000000000000000000 ) ) ;
#1194 = CARTESIAN_POINT ( 'NONE',  ( -46.31313801743593928, 52.68181134866579640, 30.00000000000000000 ) ) ;
#1195 = ORIENTED_EDGE ( 'NONE', *, *, #1349, .F. ) ;
#1196 = VECTOR ( 'NONE', #2302, 1000.000000000000000 ) ;
#1197 = ADVANCED_FACE ( 'NONE', ( #2166 ), #1322, .F. ) ;
#1198 = ORIENTED_EDGE ( 'NONE', *, *, #763, .T. ) ;
#1199 = ORIENTED_EDGE ( 'NONE', *, *, #3855, .F. ) ;
#1200 = VERTEX_POINT ( 'NONE', #3063 ) ;
#1201 = CARTESIAN_POINT ( 'NONE',  ( -67.95000000000001705, 0.000000000000000000, 24.00000000000000000 ) ) ;
#1202 = CARTESIAN_POINT ( 'NONE',  ( 73.90000000001515446, -2.251666049824714744, 24.00000000000000000 ) ) ;
#1203 = LINE ( 'NONE', #3349, #1853 ) ;
#1204 = CIRCLE ( 'NONE', #840, 65.00000000000000000 ) ;
#1205 = LINE ( 'NONE', #832, #1301 ) ;
#1206 = AXIS2_PLACEMENT_3D ( 'NONE', #2425, #1032, #2772 ) ;
#1207 = LINE ( 'NONE', #2539, #3850 ) ;
#1208 = CARTESIAN_POINT ( 'NONE',  ( -73.89999999998519797, -2.251666049854712526, 0.000000000000000000 ) ) ;
#1209 = DIRECTION ( 'NONE',  ( 0.000000000000000000, 0.000000000000000000, 1.000000000000000000 ) ) ;
#1210 = DIRECTION ( 'NONE',  ( 0.9773200680240771154, -0.2117675249829712447, 0.000000000000000000 ) ) ;
#1211 = DIRECTION ( 'NONE',  ( -0.000000000000000000, -0.000000000000000000, -1.000000000000000000 ) ) ;
#1212 = ORIENTED_EDGE ( 'NONE', *, *, #4561, .F. ) ;
#1213 = ORIENTED_EDGE ( 'NONE', *, *, #1472, .T. ) ;
#1214 = CARTESIAN_POINT ( 'NONE',  ( -49.49747468305825038, 49.49747468305840670, -5.000000000000004441 ) ) ;
#1215 = PLANE ( 'NONE',  #40 ) ;
#1216 = ADVANCED_FACE ( 'NONE', ( #3410 ), #1643, .F. ) ;
#1217 = EDGE_LOOP ( 'NONE', ( #3569, #4908, #49, #3658 ) ) ;
#1218 = CARTESIAN_POINT ( 'NONE',  ( 48.33192656924435937, 45.14758990363226587, 24.00000000000000000 ) ) ;
#1219 = CARTESIAN_POINT ( 'NONE',  ( -75.00000000000001421, 9.184850993605150311E-15, 1.500000000000025535 ) ) ;
#1220 = CARTESIAN_POINT ( 'NONE',  ( -4.503332099649107079, -70.00000000000034106, 24.00000000000000000 ) ) ;
#1221 = ORIENTED_EDGE ( 'NONE', *, *, #2525, .T. ) ;
#1222 = EDGE_CURVE ( 'NONE', #1132, #4012, #4383, .T. ) ;
#1223 = ORIENTED_EDGE ( 'NONE', *, *, #4314, .F. ) ;
#1224 = ORIENTED_EDGE ( 'NONE', *, *, #5050, .T. ) ;
#1225 = ORIENTED_EDGE ( 'NONE', *, *, #2195, .T. ) ;
#1226 = VECTOR ( 'NONE', #4380, 1000.000000000000000 ) ;
#1227 = DIRECTION ( 'NONE',  ( -0.4999999999999995559, -0.8660254037844388186, 0.000000000000000000 ) ) ;
#1228 = CARTESIAN_POINT ( 'NONE',  ( 2.251666049839532668, 66.10000000000000853, 6.000000000000000000 ) ) ;
#1229 = AXIS2_PLACEMENT_3D ( 'NONE', #2780, #1884, #1479 ) ;
#1230 = CARTESIAN_POINT ( 'NONE',  ( -50.56947335667295818, 45.74713875833175081, 6.000000000000000000 ) ) ;
#1231 = FACE_OUTER_BOUND ( 'NONE', #825, .T. ) ;
#1232 = EDGE_CURVE ( 'NONE', #4845, #4379, #4374, .T. ) ;
#1233 = CARTESIAN_POINT ( 'NONE',  ( 73.90000000001516867, 2.251666049854370133, 6.000000000000000000 ) ) ;
#1234 = ORIENTED_EDGE ( 'NONE', *, *, #1019, .F. ) ;
#1235 = CARTESIAN_POINT ( 'NONE',  ( 50.66302279690249577, -53.84735946248461147, 6.000000000000000000 ) ) ;
#1236 = LINE ( 'NONE', #2542, #1283 ) ;
#1237 = FACE_OUTER_BOUND ( 'NONE', #5464, .T. ) ;
#1238 = CARTESIAN_POINT ( 'NONE',  ( -4.503332099679096423, 70.00000000000000000, 6.000000000000000000 ) ) ;
#1239 = EDGE_LOOP ( 'NONE', ( #2244, #5132, #5317, #5451 ) ) ;
#1240 = ORIENTED_EDGE ( 'NONE', *, *, #3075, .T. ) ;
#1241 = EDGE_CURVE ( 'NONE', #1948, #3236, #1236, .T. ) ;
#1242 = LINE ( 'NONE', #3557, #4382 ) ;
#1243 = DIRECTION ( 'NONE',  ( 0.9773200680240747840, -0.2117675249829814310, 0.000000000000000000 ) ) ;
#1244 = VECTOR ( 'NONE', #3683, 1000.000000000000000 ) ;
#1245 = ORIENTED_EDGE ( 'NONE', *, *, #5350, .T. ) ;
#1246 = EDGE_CURVE ( 'NONE', #4177, #3373, #4787, .T. ) ;
#1247 = VECTOR ( 'NONE', #3760, 1000.000000000000000 ) ;
#1248 = DIRECTION ( 'NONE',  ( -0.8408119004400780305, -0.5413273945389650565, 0.000000000000000000 ) ) ;
#1249 = CARTESIAN_POINT ( 'NONE',  ( 0.000000000000000000, 0.000000000000000000, 30.00000000000000000 ) ) ;
#1250 = CARTESIAN_POINT ( 'NONE',  ( -2.251666049839554429, 73.90000000000000568, 6.000000000000000000 ) ) ;
#1251 = AXIS2_PLACEMENT_3D ( 'NONE', #1855, #4585, #5454 ) ;
#1252 = AXIS2_PLACEMENT_3D ( 'NONE', #997, #4100, #5063 ) ;
#1253 = EDGE_LOOP ( 'NONE', ( #2478, #2486, #3286, #5088, #1677 ) ) ;
#1254 = EDGE_CURVE ( 'NONE', #2689, #4327, #3938, .T. ) ;
#1255 = ORIENTED_EDGE ( 'NONE', *, *, #2875, .T. ) ;
#1256 = CIRCLE ( 'NONE', #4789, 65.00000000000000000 ) ;
#1257 = CARTESIAN_POINT ( 'NONE',  ( -50.66302279687255350, 53.84735946248426330, 29.56570484546143973 ) ) ;
#1258 = CARTESIAN_POINT ( 'NONE',  ( -50.08468879675968566, -45.61724112702714962, 24.00000000000000000 ) ) ;
#1259 = CARTESIAN_POINT ( 'NONE',  ( -53.84735946246946270, -50.66302279688769516, 0.4342951545381490974 ) ) ;
#1260 = DIRECTION ( 'NONE',  ( 0.9659258262890686453, 0.2588190451025198513, 0.000000000000000000 ) ) ;
#1261 = CARTESIAN_POINT ( 'NONE',  ( 50.16916781822428817, -53.71503141976969431, 30.00000000000000000 ) ) ;
#1262 = EDGE_CURVE ( 'NONE', #55, #4871, #5657, .T. ) ;
#1263 = CARTESIAN_POINT ( 'NONE',  ( 53.84735946252063599, -50.66302279686647836, 0.4342951545608783048 ) ) ;
#1264 = ORIENTED_EDGE ( 'NONE', *, *, #3316, .T. ) ;
#1265 = DIRECTION ( 'NONE',  ( 0.2117675249829881756, 0.9773200680240734517, -0.000000000000000000 ) ) ;
#1266 = EDGE_CURVE ( 'NONE', #29, #4157, #2976, .T. ) ;
#1267 = CARTESIAN_POINT ( 'NONE',  ( -73.89999999998518376, 0.7505553499414556740, 29.60000000001479492 ) ) ;
#1268 = CARTESIAN_POINT ( 'NONE',  ( 53.84735946249942629, 50.66302279688734700, 24.00000000000000000 ) ) ;
#1269 = FACE_OUTER_BOUND ( 'NONE', #3642, .T. ) ;
#1270 = EDGE_CURVE ( 'NONE', #900, #760, #2627, .T. ) ;
#1271 = ORIENTED_EDGE ( 'NONE', *, *, #846, .T. ) ;
#1272 = ORIENTED_EDGE ( 'NONE', *, *, #5624, .F. ) ;
#1273 = CARTESIAN_POINT ( 'NONE',  ( 49.14432598361705118, 41.27740928273755827, 24.00000000000000000 ) ) ;
#1274 = CARTESIAN_POINT ( 'NONE',  ( -3.409905495632501449, 68.10612956744380142, 6.000000000000000000 ) ) ;
#1275 = VECTOR ( 'NONE', #826, 1000.000000000000000 ) ;
#1276 = EDGE_CURVE ( 'NONE', #3344, #4445, #3157, .T. ) ;
#1277 = ORIENTED_EDGE ( 'NONE', *, *, #5435, .F. ) ;
#1278 = PLANE ( 'NONE',  #3501 ) ;
#1279 = DIRECTION ( 'NONE',  ( 0.000000000000000000, 0.000000000000000000, 1.000000000000000000 ) ) ;
#1280 = DIRECTION ( 'NONE',  ( -0.000000000000000000, 0.000000000000000000, -1.000000000000000000 ) ) ;
#1281 = VECTOR ( 'NONE', #5424, 1000.000000000000000 ) ;
#1282 = ORIENTED_EDGE ( 'NONE', *, *, #5312, .T. ) ;
#1283 = VECTOR ( 'NONE', #405, 1000.000000000000114 ) ;
#1284 = ORIENTED_EDGE ( 'NONE', *, *, #169, .T. ) ;
#1285 = DIRECTION ( 'NONE',  ( 1.000000000000000000, 0.000000000000000000, 0.000000000000000000 ) ) ;
#1286 = CARTESIAN_POINT ( 'NONE',  ( 50.66302279690249577, -53.84735946248461147, 29.56570484544067412 ) ) ;
#1287 = PLANE ( 'NONE',  #5310 ) ;
#1288 = ADVANCED_FACE ( 'NONE', ( #3438 ), #434, .T. ) ;
#1289 = VECTOR ( 'NONE', #1813, 1000.000000000000114 ) ;
#1290 = CARTESIAN_POINT ( 'NONE',  ( -50.66302279687255350, 53.84735946248426330, 0.4342951545385532741 ) ) ;
#1291 = CARTESIAN_POINT ( 'NONE',  ( 73.45722173931946486, -2.507304197828681414, 30.00000000000000000 ) ) ;
#1292 = CARTESIAN_POINT ( 'NONE',  ( -53.71503141978199380, 50.16916781821113602, 0.000000000000000000 ) ) ;
#1293 = DIRECTION ( 'NONE',  ( 1.000000000000000000, -1.776356839400250465E-15, 0.000000000000000000 ) ) ;
#1294 = DIRECTION ( 'NONE',  ( -0.2588190451025233485, -0.9659258262890675351, 0.000000000000000000 ) ) ;
#1295 = CARTESIAN_POINT ( 'NONE',  ( 0.000000000000000000, 0.000000000000000000, 0.000000000000000000 ) ) ;
#1296 = PLANE ( 'NONE',  #2545 ) ;
#1297 = CIRCLE ( 'NONE', #2407, 65.00000000000000000 ) ;
#1298 = EDGE_CURVE ( 'NONE', #4952, #3345, #6, .T. ) ;
#1299 = ORIENTED_EDGE ( 'NONE', *, *, #489, .F. ) ;
#1300 = VERTEX_POINT ( 'NONE', #2656 ) ;
#1301 = VECTOR ( 'NONE', #2538, 1000.000000000000000 ) ;
#1302 = LINE ( 'NONE', #5221, #3723 ) ;
#1303 = DIRECTION ( 'NONE',  ( -3.081670971768528787E-15, -1.000000000000000000, 0.000000000000000000 ) ) ;
#1304 = EDGE_CURVE ( 'NONE', #201, #4675, #4428, .T. ) ;
#1305 = VERTEX_POINT ( 'NONE', #917 ) ;
#1306 = ORIENTED_EDGE ( 'NONE', *, *, #3375, .T. ) ;
#1307 = CARTESIAN_POINT ( 'NONE',  ( -5.003049854849829003, -64.80717161047755326, 5.999999999999998224 ) ) ;
#1308 = CARTESIAN_POINT ( 'NONE',  ( 50.56947335666980337, -45.74713875832322429, 0.000000000000000000 ) ) ;
#1309 = CARTESIAN_POINT ( 'NONE',  ( -73.89999999998518376, 9.435722452876597630E-15, 0.3999999999852009158 ) ) ;
#1310 = EDGE_CURVE ( 'NONE', #1681, #1113, #2683, .T. ) ;
#1311 = ORIENTED_EDGE ( 'NONE', *, *, #755, .F. ) ;
#1312 = EDGE_LOOP ( 'NONE', ( #4660, #4950, #275, #788 ) ) ;
#1313 = DIRECTION ( 'NONE',  ( -0.9659258262890685343, -0.2588190451025197958, 0.000000000000000000 ) ) ;
#1314 = CARTESIAN_POINT ( 'NONE',  ( 53.84735946249942629, 50.66302279688734700, 29.56570484544026556 ) ) ;
#1315 = CARTESIAN_POINT ( 'NONE',  ( -50.66302279685133669, -53.84735946250582828, 6.000000000000000000 ) ) ;
#1316 = EDGE_CURVE ( 'NONE', #76, #1109, #3553, .T. ) ;
#1317 = EDGE_CURVE ( 'NONE', #1592, #144, #1353, .T. ) ;
#1318 = CIRCLE ( 'NONE', #5494, 2.049999999999996270 ) ;
#1319 = LINE ( 'NONE', #3140, #63 ) ;
#1320 = CARTESIAN_POINT ( 'NONE',  ( 3.409905495646311735, -68.10612956741616131, 0.000000000000000000 ) ) ;
#1321 = LINE ( 'NONE', #60, #1569 ) ;
#1322 = PLANE ( 'NONE',  #278 ) ;
#1323 = CARTESIAN_POINT ( 'NONE',  ( 50.66302279688130028, 53.84735946250548722, 6.000000000000000000 ) ) ;
#1324 = VECTOR ( 'NONE', #5320, 1000.000000000000114 ) ;
#1325 = CARTESIAN_POINT ( 'NONE',  ( -46.31313801741473668, -52.68181134868736848, 0.000000000000000000 ) ) ;
#1326 = ORIENTED_EDGE ( 'NONE', *, *, #2867, .F. ) ;
#1327 = EDGE_LOOP ( 'NONE', ( #2992, #1534 ) ) ;
#1328 = FACE_OUTER_BOUND ( 'NONE', #5561, .T. ) ;
#1329 = DIRECTION ( 'NONE',  ( -0.9773200680240778926, 0.2117675249829678308, 0.000000000000000000 ) ) ;
#1330 = EDGE_LOOP ( 'NONE', ( #5110, #2899, #1347, #2416, #5437 ) ) ;
#1331 = EDGE_CURVE ( 'NONE', #5511, #5458, #1184, .T. ) ;
#1332 = ORIENTED_EDGE ( 'NONE', *, *, #1387, .T. ) ;
#1333 = LINE ( 'NONE', #3102, #2944 ) ;
#1334 = PLANE ( 'NONE',  #3292 ) ;
#1335 = DIRECTION ( 'NONE',  ( -0.4999999999999998890, 0.8660254037844387076, 0.000000000000000000 ) ) ;
#1336 = EDGE_CURVE ( 'NONE', #1053, #3624, #3359, .T. ) ;
#1337 = VECTOR ( 'NONE', #1403, 1000.000000000000000 ) ;
#1338 = ORIENTED_EDGE ( 'NONE', *, *, #3375, .F. ) ;
#1339 = ORIENTED_EDGE ( 'NONE', *, *, #1597, .T. ) ;
#1340 = ORIENTED_EDGE ( 'NONE', *, *, #3855, .T. ) ;
#1341 = ADVANCED_FACE ( 'NONE', ( #5577 ), #5133, .F. ) ;
#1342 = DIRECTION ( 'NONE',  ( -0.3037766760303628466, 0.9527432661005502679, 0.000000000000000000 ) ) ;
#1343 = AXIS2_PLACEMENT_3D ( 'NONE', #914, #5492, #1982 ) ;
#1344 = LINE ( 'NONE', #482, #2000 ) ;
#1345 = CIRCLE ( 'NONE', #4313, 2.049999999999997158 ) ;
#1346 = DIRECTION ( 'NONE',  ( 1.000000000000000000, 0.000000000000000000, -0.000000000000000000 ) ) ;
#1347 = ORIENTED_EDGE ( 'NONE', *, *, #1547, .T. ) ;
#1348 = AXIS2_PLACEMENT_3D ( 'NONE', #4853, #5227, #874 ) ;
#1349 = EDGE_CURVE ( 'NONE', #4791, #2579, #1968, .T. ) ;
#1350 = CARTESIAN_POINT ( 'NONE',  ( -46.01640966833181068, -50.65532882781837998, 30.00000000000000000 ) ) ;
#1351 = CARTESIAN_POINT ( 'NONE',  ( 46.31313801746588865, -52.68181134866613746, 0.000000000000000000 ) ) ;
#1352 = CARTESIAN_POINT ( 'NONE',  ( -50.66302279687255350, 53.84735946248426330, 24.00000000000000000 ) ) ;
#1353 = LINE ( 'NONE', #4894, #2297 ) ;
#1354 = CARTESIAN_POINT ( 'NONE',  ( 41.27740928273669851, -49.14432598361777593, 6.000000000000000000 ) ) ;
#1355 = LINE ( 'NONE', #3091, #1337 ) ;
#1356 = EDGE_LOOP ( 'NONE', ( #4011, #945, #2747, #2149 ) ) ;
#1357 = CARTESIAN_POINT ( 'NONE',  ( 3.158962541874489105, 67.67148362173355736, 6.000000000000000000 ) ) ;
#1358 = CARTESIAN_POINT ( 'NONE',  ( -53.84735946246946270, -50.66302279688769516, 29.56570484546184474 ) ) ;
#1359 = EDGE_CURVE ( 'NONE', #2754, #5661, #1071, .T. ) ;
#1360 = VERTEX_POINT ( 'NONE', #5162 ) ;
#1361 = ORIENTED_EDGE ( 'NONE', *, *, #4322, .T. ) ;
#1362 = DIRECTION ( 'NONE',  ( 0.000000000000000000, 0.000000000000000000, -1.000000000000000000 ) ) ;
#1363 = CARTESIAN_POINT ( 'NONE',  ( -53.84735946249068661, 50.66302279686613730, 24.00000000000000000 ) ) ;
#1364 = CARTESIAN_POINT ( 'NONE',  ( 0.000000000000000000, 0.000000000000000000, 5.999999999999998224 ) ) ;
#1365 = ORIENTED_EDGE ( 'NONE', *, *, #2069, .T. ) ;
#1366 = ORIENTED_EDGE ( 'NONE', *, *, #4838, .F. ) ;
#1367 = EDGE_CURVE ( 'NONE', #4012, #4463, #633, .T. ) ;
#1368 = VERTEX_POINT ( 'NONE', #4263 ) ;
#1369 = AXIS2_PLACEMENT_3D ( 'NONE', #854, #3486, #3455 ) ;
#1370 = DIRECTION ( 'NONE',  ( 0.9659258262890686453, 0.2588190451025198513, 0.000000000000000000 ) ) ;
#1371 = CARTESIAN_POINT ( 'NONE',  ( 2.251666049869518904, -73.90000000000034674, 24.00000000000000000 ) ) ;
#1372 = ADVANCED_FACE ( 'NONE', ( #3389 ), #4700, .F. ) ;
#1373 = ORIENTED_EDGE ( 'NONE', *, *, #5238, .T. ) ;
#1374 = CARTESIAN_POINT ( 'NONE',  ( -73.89999999998519797, -2.251666049854712526, 29.56570484546509903 ) ) ;
#1375 = DIRECTION ( 'NONE',  ( -0.2588190451025212391, 0.9659258262890680902, 0.000000000000000000 ) ) ;
#1376 = CARTESIAN_POINT ( 'NONE',  ( 49.49747468305823617, 49.49747468305842091, 24.00000000000000000 ) ) ;
#1377 = VECTOR ( 'NONE', #5076, 999.9999999999998863 ) ;
#1378 = DIRECTION ( 'NONE',  ( 1.000000000000000000, 0.000000000000000000, 0.000000000000000000 ) ) ;
#1379 = VERTEX_POINT ( 'NONE', #3830 ) ;
#1380 = CARTESIAN_POINT ( 'NONE',  ( -68.10612956742232882, -3.409905495643814621, 0.000000000000000000 ) ) ;
#1381 = EDGE_LOOP ( 'NONE', ( #5103, #2115, #995, #4999 ) ) ;
#1382 = CARTESIAN_POINT ( 'NONE',  ( 50.08468879675817931, 45.61724112701837441, 0.000000000000000000 ) ) ;
#1383 = LINE ( 'NONE', #4411, #5306 ) ;
#1384 = VECTOR ( 'NONE', #3692, 1000.000000000000000 ) ;
#1385 = ORIENTED_EDGE ( 'NONE', *, *, #1423, .F. ) ;
#1386 = VERTEX_POINT ( 'NONE', #3333 ) ;
#1387 = EDGE_CURVE ( 'NONE', #226, #11, #5554, .T. ) ;
#1388 = CARTESIAN_POINT ( 'NONE',  ( -73.89999999998519797, -2.251666049854712526, 6.000000000000000000 ) ) ;
#1389 = VECTOR ( 'NONE', #4778, 1000.000000000000000 ) ;
#1390 = CARTESIAN_POINT ( 'NONE',  ( 47.44747468305826033, -49.49747468305840670, -5.000000000000004441 ) ) ;
#1391 = CARTESIAN_POINT ( 'NONE',  ( -50.65532882781822366, 46.01640966833198121, 6.000000000000000000 ) ) ;
#1392 = ORIENTED_EDGE ( 'NONE', *, *, #4070, .T. ) ;
#1393 = ORIENTED_EDGE ( 'NONE', *, *, #4030, .T. ) ;
#1394 = ORIENTED_EDGE ( 'NONE', *, *, #772, .F. ) ;
#1395 = CARTESIAN_POINT ( 'NONE',  ( 0.000000000000000000, 0.000000000000000000, 5.999999999999998224 ) ) ;
#1396 = CARTESIAN_POINT ( 'NONE',  ( 0.000000000000000000, 0.000000000000000000, 6.000000000000000000 ) ) ;
#1397 = EDGE_LOOP ( 'NONE', ( #2699, #988 ) ) ;
#1398 = PLANE ( 'NONE',  #1997 ) ;
#1399 = DIRECTION ( 'NONE',  ( 0.7071067811865467956, -0.7071067811865483499, 0.000000000000000000 ) ) ;
#1400 = DIRECTION ( 'NONE',  ( -1.000000000000000000, 0.000000000000000000, 0.000000000000000000 ) ) ;
#1401 = EDGE_CURVE ( 'NONE', #1172, #3916, #2002, .T. ) ;
#1402 = ORIENTED_EDGE ( 'NONE', *, *, #2342, .F. ) ;
#1403 = DIRECTION ( 'NONE',  ( 0.000000000000000000, 0.000000000000000000, -1.000000000000000000 ) ) ;
#1404 = ORIENTED_EDGE ( 'NONE', *, *, #2949, .F. ) ;
#1405 = EDGE_CURVE ( 'NONE', #1189, #3463, #3735, .T. ) ;
#1406 = ORIENTED_EDGE ( 'NONE', *, *, #1832, .F. ) ;
#1407 = DIRECTION ( 'NONE',  ( 1.000000000000000000, 0.000000000000000000, 0.000000000000000000 ) ) ;
#1408 = PLANE ( 'NONE',  #4514 ) ;
#1409 = FACE_OUTER_BOUND ( 'NONE', #5200, .T. ) ;
#1410 = AXIS2_PLACEMENT_3D ( 'NONE', #5164, #3043, #3803 ) ;
#1411 = VERTEX_POINT ( 'NONE', #5513 ) ;
#1412 = ADVANCED_FACE ( 'NONE', ( #719 ), #5482, .T. ) ;
#1413 = CARTESIAN_POINT ( 'NONE',  ( -2.507304197804503865, -73.45722173932030330, 0.000000000000000000 ) ) ;
#1414 = CARTESIAN_POINT ( 'NONE',  ( -52.68181134865099580, -46.31313801745108805, 0.000000000000000000 ) ) ;
#1415 = CARTESIAN_POINT ( 'NONE',  ( 45.14758990364741464, -48.33192656922954455, 6.000000000000000000 ) ) ;
#1416 = EDGE_CURVE ( 'NONE', #3399, #1132, #750, .T. ) ;
#1417 = B_SPLINE_CURVE_WITH_KNOTS ( 'NONE', 3,
 ( #2790, #167, #2821, #84 ),
 .UNSPECIFIED., .F., .F.,
 ( 4, 4 ),
 ( 0.000000000000000000, 0.0006708321191455011946 ),
 .UNSPECIFIED. ) ;
#1418 = ORIENTED_EDGE ( 'NONE', *, *, #457, .T. ) ;
#1419 = VERTEX_POINT ( 'NONE', #2892 ) ;
#1420 = FACE_OUTER_BOUND ( 'NONE', #2830, .T. ) ;
#1421 = DIRECTION ( 'NONE',  ( -0.8660254037844385966, -0.4999999999999999445, -0.000000000000000000 ) ) ;
#1422 = AXIS2_PLACEMENT_3D ( 'NONE', #1759, #380, #3885 ) ;
#1423 = EDGE_CURVE ( 'NONE', #3080, #1020, #2519, .T. ) ;
#1424 = ORIENTED_EDGE ( 'NONE', *, *, #1110, .F. ) ;
#1425 = AXIS2_PLACEMENT_3D ( 'NONE', #5324, #3087, #4483 ) ;
#1426 = VERTEX_POINT ( 'NONE', #269 ) ;
#1427 = VECTOR ( 'NONE', #4394, 1000.000000000000000 ) ;
#1428 = CARTESIAN_POINT ( 'NONE',  ( 50.56947335666980337, -45.74713875832322429, 6.000000000000000000 ) ) ;
#1429 = CARTESIAN_POINT ( 'NONE',  ( -50.08468879675969276, -45.61724112702714962, 24.00000000000000000 ) ) ;
#1430 = FACE_OUTER_BOUND ( 'NONE', #1888, .T. ) ;
#1431 = CIRCLE ( 'NONE', #1994, 65.00000000000000000 ) ;
#1432 = EDGE_CURVE ( 'NONE', #2990, #2506, #5456, .T. ) ;
#1433 = AXIS2_PLACEMENT_3D ( 'NONE', #1396, #5491, #1890 ) ;
#1434 = CARTESIAN_POINT ( 'NONE',  ( -68.10612956742232882, -3.409905495643815510, 6.000000000000000000 ) ) ;
#1435 = ORIENTED_EDGE ( 'NONE', *, *, #254, .T. ) ;
#1436 = EDGE_CURVE ( 'NONE', #4379, #164, #4638, .T. ) ;
#1437 = CIRCLE ( 'NONE', #5428, 2.049999999999996270 ) ;
#1438 = ORIENTED_EDGE ( 'NONE', *, *, #4976, .T. ) ;
#1439 = DIRECTION ( 'NONE',  ( 1.000000000000000000, 0.000000000000000000, 0.000000000000000000 ) ) ;
#1440 = PLANE ( 'NONE',  #1453 ) ;
#1441 = DIRECTION ( 'NONE',  ( 1.000000000000000000, 0.000000000000000000, 0.000000000000000000 ) ) ;
#1442 = ADVANCED_FACE ( 'NONE', ( #3272 ), #658, .T. ) ;
#1443 = EDGE_LOOP ( 'NONE', ( #2808, #3955, #4623, #4684, #5487, #5232, #478, #987 ) ) ;
#1444 = CARTESIAN_POINT ( 'NONE',  ( 52.68181134870217619, -46.31313801742987835, 6.000000000000000000 ) ) ;
#1445 = CARTESIAN_POINT ( 'NONE',  ( -49.49747468305825038, 49.49747468305840670, -5.000000000000004441 ) ) ;
#1446 = DIRECTION ( 'NONE',  ( -0.4588886766021197938, -0.8884937717769073595, 0.000000000000000000 ) ) ;
#1447 = CARTESIAN_POINT ( 'NONE',  ( -64.80717161047761010, 5.003049854849152212, 30.00000000000000000 ) ) ;
#1448 = EDGE_CURVE ( 'NONE', #1809, #1050, #2324, .T. ) ;
#1449 = ORIENTED_EDGE ( 'NONE', *, *, #1019, .T. ) ;
#1450 = ORIENTED_EDGE ( 'NONE', *, *, #2652, .F. ) ;
#1451 = ORIENTED_EDGE ( 'NONE', *, *, #205, .F. ) ;
#1452 = DIRECTION ( 'NONE',  ( -0.8660254037844394848, -0.4999999999999984457, 0.000000000000000000 ) ) ;
#1453 = AXIS2_PLACEMENT_3D ( 'NONE', #1877, #2773, #5390 ) ;
#1454 = CARTESIAN_POINT ( 'NONE',  ( -69.99999999998519229, 4.503332099663913901, 6.000000000000000000 ) ) ;
#1455 = ORIENTED_EDGE ( 'NONE', *, *, #2652, .T. ) ;
#1456 = VECTOR ( 'NONE', #4367, 1000.000000000000000 ) ;
#1457 = ORIENTED_EDGE ( 'NONE', *, *, #4489, .T. ) ;
#1458 = CARTESIAN_POINT ( 'NONE',  ( 50.65532882781854340, -46.01640966833162594, 30.00000000000000000 ) ) ;
#1459 = EDGE_CURVE ( 'NONE', #5309, #3399, #2455, .T. ) ;
#1460 = DIRECTION ( 'NONE',  ( -0.8884937717769024745, 0.4588886766021290642, 0.000000000000000000 ) ) ;
#1461 = VECTOR ( 'NONE', #5452, 1000.000000000000000 ) ;
#1462 = DIRECTION ( 'NONE',  ( 0.4588886766021259556, 0.8884937717769040288, 0.000000000000000000 ) ) ;
#1463 = LINE ( 'NONE', #620, #784 ) ;
#1464 = ORIENTED_EDGE ( 'NONE', *, *, #472, .F. ) ;
#1465 = AXIS2_PLACEMENT_3D ( 'NONE', #890, #2194, #775 ) ;
#1466 = ORIENTED_EDGE ( 'NONE', *, *, #3626, .F. ) ;
#1467 = DIRECTION ( 'NONE',  ( 0.8884937717769024745, -0.4588886766021290642, 0.000000000000000000 ) ) ;
#1468 = UNCERTAINTY_MEASURE_WITH_UNIT (LENGTH_MEASURE( 1.000000000000000082E-05 ), #3820, 'distance_accuracy_value', 'NONE');
#1469 = CYLINDRICAL_SURFACE ( 'NONE', #2067, 65.00000000000000000 ) ;
#1470 = CARTESIAN_POINT ( 'NONE',  ( -2.251666049809569081, -66.10000000000033538, 30.00000000000000000 ) ) ;
#1471 = AXIS2_PLACEMENT_3D ( 'NONE', #1352, #915, #5354 ) ;
#1472 = EDGE_CURVE ( 'NONE', #4110, #121, #3853, .T. ) ;
#1473 = ORIENTED_EDGE ( 'NONE', *, *, #230, .T. ) ;
#1474 = DIRECTION ( 'NONE',  ( 1.000000000000000000, 0.000000000000000000, 0.000000000000000000 ) ) ;
#1475 = ADVANCED_FACE ( 'NONE', ( #3823 ), #2916, .F. ) ;
#1476 = ORIENTED_EDGE ( 'NONE', *, *, #4169, .T. ) ;
#1477 = LINE ( 'NONE', #3245, #4225 ) ;
#1478 = CARTESIAN_POINT ( 'NONE',  ( -64.80717161047761010, 5.003049854849138001, 24.00000000000000000 ) ) ;
#1479 = DIRECTION ( 'NONE',  ( 1.000000000000000000, 0.000000000000000000, 0.000000000000000000 ) ) ;
#1480 = VECTOR ( 'NONE', #1701, 1000.000000000000000 ) ;
#1481 = EDGE_LOOP ( 'NONE', ( #1733, #2560, #1466, #2659 ) ) ;
#1482 = EDGE_LOOP ( 'NONE', ( #5343, #4268, #158, #4909 ) ) ;
#1483 = VECTOR ( 'NONE', #5208, 1000.000000000000000 ) ;
#1484 = ORIENTED_EDGE ( 'NONE', *, *, #591, .F. ) ;
#1485 = LINE ( 'NONE', #3252, #1555 ) ;
#1486 = CARTESIAN_POINT ( 'NONE',  ( 53.84735946252063599, -50.66302279686647836, 29.56570484543911448 ) ) ;
#1487 = CARTESIAN_POINT ( 'NONE',  ( -2.336838289489625353, -73.75247735348004596, 29.71056514492383371 ) ) ;
#1488 = ORIENTED_EDGE ( 'NONE', *, *, #1688, .F. ) ;
#1489 = ORIENTED_EDGE ( 'NONE', *, *, #634, .F. ) ;
#1490 = VERTEX_POINT ( 'NONE', #2109 ) ;
#1491 = EDGE_CURVE ( 'NONE', #3816, #2689, #5656, .T. ) ;
#1492 = FACE_OUTER_BOUND ( 'NONE', #2974, .T. ) ;
#1493 = PLANE ( 'NONE',  #731 ) ;
#1494 = DIRECTION ( 'NONE',  ( 0.000000000000000000, 0.000000000000000000, 1.000000000000000000 ) ) ;
#1495 = CARTESIAN_POINT ( 'NONE',  ( 53.71503141978436702, 50.16916781820859939, 0.000000000000000000 ) ) ;
#1496 = EDGE_CURVE ( 'NONE', #4644, #2062, #4480, .T. ) ;
#1497 = ORIENTED_EDGE ( 'NONE', *, *, #1187, .F. ) ;
#1498 = CYLINDRICAL_SURFACE ( 'NONE', #2410, 2.049999999999997158 ) ;
#1499 = DIRECTION ( 'NONE',  ( 1.000000000000000000, 0.000000000000000000, 0.000000000000000000 ) ) ;
#1500 = LINE ( 'NONE', #4633, #5216 ) ;
#1501 = ORIENTED_EDGE ( 'NONE', *, *, #2749, .T. ) ;
#1502 = CARTESIAN_POINT ( 'NONE',  ( 50.66302279690249577, -53.84735946248461147, 0.4342951545593179419 ) ) ;
#1503 = DIRECTION ( 'NONE',  ( -0.000000000000000000, -0.000000000000000000, -1.000000000000000000 ) ) ;
#1504 = AXIS2_PLACEMENT_3D ( 'NONE', #494, #2256, #4028 ) ;
#1505 = LINE ( 'NONE', #1390, #3197 ) ;
#1506 = LINE ( 'NONE', #4501, #3471 ) ;
#1507 = CARTESIAN_POINT ( 'NONE',  ( -49.43847724036400137, 42.19996407763886026, 24.00000000000000000 ) ) ;
#1508 = EDGE_CURVE ( 'NONE', #804, #4952, #1993, .T. ) ;
#1509 = VERTEX_POINT ( 'NONE', #805 ) ;
#1510 = AXIS2_PLACEMENT_3D ( 'NONE', #5704, #857, #1346 ) ;
#1511 = ORIENTED_EDGE ( 'NONE', *, *, #3704, .F. ) ;
#1512 = ORIENTED_EDGE ( 'NONE', *, *, #2173, .T. ) ;
#1513 = CARTESIAN_POINT ( 'NONE',  ( 52.68181134870217619, -46.31313801742987835, 30.00000000000000000 ) ) ;
#1514 = ADVANCED_FACE ( 'NONE', ( #1587, #2513 ), #1559, .T. ) ;
#1515 = CARTESIAN_POINT ( 'NONE',  ( 52.78591390731459398, -51.72446835207251326, 29.61142111274067545 ) ) ;
#1516 = PLANE ( 'NONE',  #2725 ) ;
#1517 = ORIENTED_EDGE ( 'NONE', *, *, #2635, .T. ) ;
#1518 = EDGE_LOOP ( 'NONE', ( #794, #3782, #3401, #540, #3983, #2044, #635, #1199 ) ) ;
#1519 = VERTEX_POINT ( 'NONE', #1613 ) ;
#1520 = DIRECTION ( 'NONE',  ( 0.8660254037844394848, 0.4999999999999984457, 0.000000000000000000 ) ) ;
#1521 = CARTESIAN_POINT ( 'NONE',  ( -46.31313801743593928, 52.68181134866579640, 30.00000000000000000 ) ) ;
#1522 = VECTOR ( 'NONE', #1007, 1000.000000000000000 ) ;
#1523 = CARTESIAN_POINT ( 'NONE',  ( 41.27740928273738064, -49.14432598361720039, 24.00000000000000000 ) ) ;
#1524 = CARTESIAN_POINT ( 'NONE',  ( 66.10000000001514309, -2.251666049824717408, 6.000000000000000000 ) ) ;
#1525 = AXIS2_PLACEMENT_3D ( 'NONE', #2833, #630, #4610 ) ;
#1526 = VERTEX_POINT ( 'NONE', #2540 ) ;
#1527 = CARTESIAN_POINT ( 'NONE',  ( -73.45722173931902432, -2.507304197841647486, 30.00000000000000000 ) ) ;
#1528 = AXIS2_PLACEMENT_3D ( 'NONE', #5396, #4964, #984 ) ;
#1529 = LINE ( 'NONE', #5573, #4993 ) ;
#1530 = LINE ( 'NONE', #1470, #5685 ) ;
#1531 = CIRCLE ( 'NONE', #965, 2.049999999999989164 ) ;
#1532 = ORIENTED_EDGE ( 'NONE', *, *, #1436, .T. ) ;
#1533 = AXIS2_PLACEMENT_3D ( 'NONE', #5112, #4767, #1193 ) ;
#1534 = ORIENTED_EDGE ( 'NONE', *, *, #1658, .T. ) ;
#1535 = CARTESIAN_POINT ( 'NONE',  ( 0.7505553499465020817, 73.90000000000000568, 0.3885788872481861778 ) ) ;
#1536 = DIRECTION ( 'NONE',  ( -0.000000000000000000, -0.000000000000000000, -1.000000000000000000 ) ) ;
#1537 = CARTESIAN_POINT ( 'NONE',  ( 0.000000000000000000, 0.000000000000000000, 24.00000000000000000 ) ) ;
#1538 = DIRECTION ( 'NONE',  ( -0.9527432661005482695, -0.3037766760303694524, 0.000000000000000000 ) ) ;
#1539 = EDGE_CURVE ( 'NONE', #4542, #5511, #1123, .T. ) ;
#1540 = ORIENTED_EDGE ( 'NONE', *, *, #2049, .T. ) ;
#1541 = ORIENTED_EDGE ( 'NONE', *, *, #5722, .T. ) ;
#1542 = VERTEX_POINT ( 'NONE', #5157 ) ;
#1543 = CARTESIAN_POINT ( 'NONE',  ( 72.04999999999999716, 0.000000000000000000, 24.00000000000000000 ) ) ;
#1544 = DIRECTION ( 'NONE',  ( -3.081670971768528787E-15, -1.000000000000000000, -0.000000000000000000 ) ) ;
#1545 = CARTESIAN_POINT ( 'NONE',  ( 0.000000000000000000, 0.000000000000000000, 30.00000000000000000 ) ) ;
#1546 = ORIENTED_EDGE ( 'NONE', *, *, #4525, .F. ) ;
#1547 = EDGE_CURVE ( 'NONE', #5137, #2610, #744, .T. ) ;
#1548 = VERTEX_POINT ( 'NONE', #3795 ) ;
#1549 = EDGE_LOOP ( 'NONE', ( #3312, #895, #3887, #2866 ) ) ;
#1550 = ORIENTED_EDGE ( 'NONE', *, *, #4786, .F. ) ;
#1551 = CARTESIAN_POINT ( 'NONE',  ( -73.89999999998519797, -2.251666049854712526, 24.00000000000000000 ) ) ;
#1552 = CARTESIAN_POINT ( 'NONE',  ( 73.60488503480721079, 2.422050754459065036, 29.85533089628625802 ) ) ;
#1553 = EDGE_CURVE ( 'NONE', #2921, #1046, #5629, .T. ) ;
#1554 = LINE ( 'NONE', #4224, #4364 ) ;
#1555 = VECTOR ( 'NONE', #132, 1000.000000000000000 ) ;
#1556 = DIRECTION ( 'NONE',  ( -0.000000000000000000, -0.000000000000000000, 1.000000000000000000 ) ) ;
#1557 = AXIS2_PLACEMENT_3D ( 'NONE', #1564, #3767, #3030 ) ;
#1558 = ORIENTED_EDGE ( 'NONE', *, *, #5165, .T. ) ;
#1559 = PLANE ( 'NONE',  #1102 ) ;
#1560 = CARTESIAN_POINT ( 'NONE',  ( 42.19996407763902369, 49.43847724036384506, 30.00000000000000000 ) ) ;
#1561 = DIRECTION ( 'NONE',  ( -0.000000000000000000, -0.000000000000000000, -1.000000000000000000 ) ) ;
#1562 = VECTOR ( 'NONE', #4194, 1000.000000000000000 ) ;
#1563 = VERTEX_POINT ( 'NONE', #1177 ) ;
#1564 = CARTESIAN_POINT ( 'NONE',  ( 0.000000000000000000, 0.000000000000000000, 24.00000000000000000 ) ) ;
#1565 = DIRECTION ( 'NONE',  ( 1.000000000000000000, 0.000000000000000000, 0.000000000000000000 ) ) ;
#1566 = VECTOR ( 'NONE', #270, 1000.000000000000000 ) ;
#1567 = CARTESIAN_POINT ( 'NONE',  ( 2.251666049869518904, -73.90000000000034674, 0.000000000000000000 ) ) ;
#1568 = CARTESIAN_POINT ( 'NONE',  ( 4.503332099679070666, 70.00000000000000000, 0.000000000000000000 ) ) ;
#1569 = VECTOR ( 'NONE', #2165, 999.9999999999998863 ) ;
#1570 = VERTEX_POINT ( 'NONE', #5601 ) ;
#1571 = ADVANCED_FACE ( 'NONE', ( #4695 ), #3437, .T. ) ;
#1572 = EDGE_LOOP ( 'NONE', ( #596, #4580, #4009, #1299 ) ) ;
#1573 = DIRECTION ( 'NONE',  ( -0.9773200680240778926, 0.2117675249829678030, 0.000000000000000000 ) ) ;
#1574 = CARTESIAN_POINT ( 'NONE',  ( -53.71503141976101148, -50.16916781823360338, 30.00000000000000000 ) ) ;
#1575 = CARTESIAN_POINT ( 'NONE',  ( 73.90000000001515446, -2.251666049824714744, 24.00000000000000000 ) ) ;
#1576 = ORIENTED_EDGE ( 'NONE', *, *, #2966, .T. ) ;
#1577 = AXIS2_PLACEMENT_3D ( 'NONE', #7, #838, #4047 ) ;
#1578 = ORIENTED_EDGE ( 'NONE', *, *, #4654, .F. ) ;
#1579 = EDGE_LOOP ( 'NONE', ( #4399, #1627, #4898, #1176 ) ) ;
#1580 = ORIENTED_EDGE ( 'NONE', *, *, #122, .T. ) ;
#1581 = LINE ( 'NONE', #1636, #1808 ) ;
#1582 = LINE ( 'NONE', #2971, #4197 ) ;
#1583 = DIRECTION ( 'NONE',  ( -0.9659258262890685343, -0.2588190451025197958, 0.000000000000000000 ) ) ;
#1584 = DIRECTION ( 'NONE',  ( -0.000000000000000000, -0.000000000000000000, 1.000000000000000000 ) ) ;
#1585 = ADVANCED_FACE ( 'NONE', ( #3005 ), #3353, .F. ) ;
#1586 = ORIENTED_EDGE ( 'NONE', *, *, #3045, .T. ) ;
#1587 = FACE_OUTER_BOUND ( 'NONE', #4704, .T. ) ;
#1588 = B_SPLINE_CURVE_WITH_KNOTS ( 'NONE', 3,
 ( #329, #385, #3391, #2091 ),
 .UNSPECIFIED., .F., .F.,
 ( 4, 4 ),
 ( 0.000000000000000000, 0.0006708321191696450759 ),
 .UNSPECIFIED. ) ;
#1589 = ADVANCED_FACE ( 'NONE', ( #4724 ), #295, .F. ) ;
#1590 = DIRECTION ( 'NONE',  ( 0.9659258262890684232, -0.2588190451025205174, 0.000000000000000000 ) ) ;
#1591 = LINE ( 'NONE', #379, #2312 ) ;
#1592 = VERTEX_POINT ( 'NONE', #3409 ) ;
#1593 = EDGE_CURVE ( 'NONE', #935, #3046, #2139, .T. ) ;
#1594 = CARTESIAN_POINT ( 'NONE',  ( 52.68181134868095938, 46.31313801745074699, 30.00000000000000000 ) ) ;
#1595 = CARTESIAN_POINT ( 'NONE',  ( 50.08468879675817931, 45.61724112701837441, 6.000000000000000000 ) ) ;
#1596 = CARTESIAN_POINT ( 'NONE',  ( 53.84735946249942629, 50.66302279688734700, 0.4342951545597290575 ) ) ;
#1597 = EDGE_CURVE ( 'NONE', #2280, #4822, #4021, .T. ) ;
#1598 = ORIENTED_EDGE ( 'NONE', *, *, #358, .F. ) ;
#1599 = ORIENTED_EDGE ( 'NONE', *, *, #1069, .F. ) ;
#1600 = LINE ( 'NONE', #277, #1737 ) ;
#1601 = DIRECTION ( 'NONE',  ( 1.000000000000000000, 0.000000000000000000, 0.000000000000000000 ) ) ;
#1602 = DIRECTION ( 'NONE',  ( -0.000000000000000000, -0.000000000000000000, -1.000000000000000000 ) ) ;
#1603 = EDGE_LOOP ( 'NONE', ( #5589, #4622, #4567, #5575 ) ) ;
#1604 = VECTOR ( 'NONE', #4559, 1000.000000000000000 ) ;
#1605 = EDGE_LOOP ( 'NONE', ( #1127, #957, #2842, #587 ) ) ;
#1606 = ORIENTED_EDGE ( 'NONE', *, *, #1798, .T. ) ;
#1607 = ORIENTED_EDGE ( 'NONE', *, *, #3188, .T. ) ;
#1608 = DIRECTION ( 'NONE',  ( -0.000000000000000000, -0.000000000000000000, 1.000000000000000000 ) ) ;
#1609 = PLANE ( 'NONE',  #223 ) ;
#1610 = CARTESIAN_POINT ( 'NONE',  ( -45.14758990361746527, 48.33192656922920349, 6.000000000000000000 ) ) ;
#1611 = EDGE_CURVE ( 'NONE', #4952, #853, #1321, .T. ) ;
#1612 = ORIENTED_EDGE ( 'NONE', *, *, #4412, .F. ) ;
#1613 = CARTESIAN_POINT ( 'NONE',  ( 52.68181134870217619, -46.31313801742987835, 24.00000000000000000 ) ) ;
#1614 = CARTESIAN_POINT ( 'NONE',  ( -2.251666049809566417, -73.90000000000034674, 24.00000000000000000 ) ) ;
#1615 = CARTESIAN_POINT ( 'NONE',  ( -69.99999999998519229, 4.503332099663913901, 24.00000000000000000 ) ) ;
#1616 = AXIS2_PLACEMENT_3D ( 'NONE', #2305, #3579, #5300 ) ;
#1617 = EDGE_CURVE ( 'NONE', #4327, #4486, #889, .T. ) ;
#1618 = ORIENTED_EDGE ( 'NONE', *, *, #4761, .T. ) ;
#1619 = B_SPLINE_CURVE_WITH_KNOTS ( 'NONE', 3,
 ( #3550, #913, #2679, #1374 ),
 .UNSPECIFIED., .F., .F.,
 ( 4, 4 ),
 ( 0.002251666049824365377, 0.004503332099679084946 ),
 .UNSPECIFIED. ) ;
#1620 = VECTOR ( 'NONE', #3367, 1000.000000000000000 ) ;
#1621 = VECTOR ( 'NONE', #2374, 1000.000000000000227 ) ;
#1622 = DIRECTION ( 'NONE',  ( 1.000000000000000000, -1.776356839400250465E-15, 0.000000000000000000 ) ) ;
#1623 = FACE_OUTER_BOUND ( 'NONE', #822, .T. ) ;
#1624 = FACE_OUTER_BOUND ( 'NONE', #5710, .T. ) ;
#1625 = EDGE_CURVE ( 'NONE', #1648, #2307, #3033, .T. ) ;
#1626 = VECTOR ( 'NONE', #4738, 1000.000000000000114 ) ;
#1627 = ORIENTED_EDGE ( 'NONE', *, *, #5486, .F. ) ;
#1628 = ORIENTED_EDGE ( 'NONE', *, *, #511, .T. ) ;
#1629 = DIRECTION ( 'NONE',  ( -0.8660254037844397068, -0.4999999999999983347, 0.000000000000000000 ) ) ;
#1630 = PLANE ( 'NONE',  #1533 ) ;
#1631 = DIRECTION ( 'NONE',  ( -0.000000000000000000, -0.000000000000000000, -1.000000000000000000 ) ) ;
#1632 = EDGE_LOOP ( 'NONE', ( #2708, #1182, #919, #843, #4146 ) ) ;
#1633 = ORIENTED_EDGE ( 'NONE', *, *, #2694, .T. ) ;
#1634 = ORIENTED_EDGE ( 'NONE', *, *, #557, .F. ) ;
#1635 = ORIENTED_EDGE ( 'NONE', *, *, #1448, .F. ) ;
#1636 = CARTESIAN_POINT ( 'NONE',  ( -50.65532882781885604, 46.01640966833127067, 24.00000000000000000 ) ) ;
#1637 = CARTESIAN_POINT ( 'NONE',  ( -46.31313801743593928, 52.68181134866579640, 24.00000000000000000 ) ) ;
#1638 = PLANE ( 'NONE',  #1118 ) ;
#1639 = DIRECTION ( 'NONE',  ( 0.5413273945389679431, -0.8408119004400762542, 0.000000000000000000 ) ) ;
#1640 = EDGE_CURVE ( 'NONE', #164, #144, #3964, .T. ) ;
#1641 = VERTEX_POINT ( 'NONE', #836 ) ;
#1642 = DIRECTION ( 'NONE',  ( -0.5000000000000001110, -0.8660254037844385966, 0.000000000000000000 ) ) ;
#1643 = PLANE ( 'NONE',  #1654 ) ;
#1644 = DIRECTION ( 'NONE',  ( 0.7071067811865516806, 8.659560562354983395E-17, -0.7071067811865434649 ) ) ;
#1645 = DIRECTION ( 'NONE',  ( -0.7071067811865483499, -0.7071067811865467956, 0.000000000000000000 ) ) ;
#1646 = VERTEX_POINT ( 'NONE', #2221 ) ;
#1647 = CIRCLE ( 'NONE', #4895, 2.049999999999997158 ) ;
#1648 = VERTEX_POINT ( 'NONE', #3 ) ;
#1649 = DIRECTION ( 'NONE',  ( -0.000000000000000000, -0.000000000000000000, -1.000000000000000000 ) ) ;
#1650 = PLANE ( 'NONE',  #1410 ) ;
#1651 = ADVANCED_FACE ( 'NONE', ( #377 ), #1729, .T. ) ;
#1652 = EDGE_LOOP ( 'NONE', ( #3132, #1198 ) ) ;
#1653 = DIRECTION ( 'NONE',  ( 1.000000000000000000, 0.000000000000000000, -0.000000000000000000 ) ) ;
#1654 = AXIS2_PLACEMENT_3D ( 'NONE', #2110, #350, #837 ) ;
#1655 = LINE ( 'NONE', #3396, #5149 ) ;
#1656 = FACE_OUTER_BOUND ( 'NONE', #5114, .T. ) ;
#1657 = ORIENTED_EDGE ( 'NONE', *, *, #5165, .F. ) ;
#1658 = EDGE_CURVE ( 'NONE', #2506, #2990, #1009, .T. ) ;
#1659 = VERTEX_POINT ( 'NONE', #3577 ) ;
#1660 = VERTEX_POINT ( 'NONE', #1699 ) ;
#1661 = ORIENTED_EDGE ( 'NONE', *, *, #5447, .F. ) ;
#1662 = CARTESIAN_POINT ( 'NONE',  ( 66.10000000001514309, -2.251666049824717408, 24.00000000000000000 ) ) ;
#1663 = FACE_OUTER_BOUND ( 'NONE', #3650, .T. ) ;
#1664 = CARTESIAN_POINT ( 'NONE',  ( -52.68181134865099580, -46.31313801745108805, 30.00000000000000000 ) ) ;
#1665 = CIRCLE ( 'NONE', #5190, 2.049999999999996270 ) ;
#1666 = CARTESIAN_POINT ( 'NONE',  ( 48.33192656924435937, 45.14758990363226587, 6.000000000000000000 ) ) ;
#1667 = EDGE_CURVE ( 'NONE', #734, #4183, #3464, .T. ) ;
#1668 = PRESENTATION_LAYER_ASSIGNMENT (  '', '', ( #2135 ) ) ;
#1669 = AXIS2_PLACEMENT_3D ( 'NONE', #1610, #4310, #5179 ) ;
#1670 = DIRECTION ( 'NONE',  ( -0.3037766760303660663, 0.9527432661005492687, 0.000000000000000000 ) ) ;
#1671 = ORIENTED_EDGE ( 'NONE', *, *, #54, .F. ) ;
#1672 = CARTESIAN_POINT ( 'NONE',  ( 0.000000000000000000, 0.000000000000000000, 24.00000000000000000 ) ) ;
#1673 = CARTESIAN_POINT ( 'NONE',  ( -49.14432598361791094, -41.27740928273652798, 0.000000000000000000 ) ) ;
#1674 = SURFACE_STYLE_FILL_AREA ( #3884 ) ;
#1675 = EDGE_CURVE ( 'NONE', #5415, #2921, #4256, .T. ) ;
#1676 = LINE ( 'NONE', #88, #142 ) ;
#1677 = ORIENTED_EDGE ( 'NONE', *, *, #3419, .T. ) ;
#1678 = ORIENTED_EDGE ( 'NONE', *, *, #5302, .F. ) ;
#1679 = DIRECTION ( 'NONE',  ( 0.3037766760303727276, -0.9527432661005470482, 0.000000000000000000 ) ) ;
#1680 = DIRECTION ( 'NONE',  ( 0.000000000000000000, -0.000000000000000000, 1.000000000000000000 ) ) ;
#1681 = VERTEX_POINT ( 'NONE', #3117 ) ;
#1682 = CARTESIAN_POINT ( 'NONE',  ( -73.89999999998519797, -2.251666049854712526, 0.4342951545348930353 ) ) ;
#1683 = LINE ( 'NONE', #3481, #4038 ) ;
#1684 = CARTESIAN_POINT ( 'NONE',  ( -65.00000000000000000, 0.000000000000000000, 24.00000000000000000 ) ) ;
#1685 = ORIENTED_EDGE ( 'NONE', *, *, #2903, .F. ) ;
#1686 = ADVANCED_FACE ( 'NONE', ( #3062 ), #4841, .T. ) ;
#1687 = ORIENTED_EDGE ( 'NONE', *, *, #3188, .F. ) ;
#1688 = EDGE_CURVE ( 'NONE', #303, #4935, #4893, .T. ) ;
#1689 = VERTEX_POINT ( 'NONE', #2681 ) ;
#1690 = CARTESIAN_POINT ( 'NONE',  ( 49.49747468305825038, -49.49747468305840670, 24.00000000000000000 ) ) ;
#1691 = CARTESIAN_POINT ( 'NONE',  ( -2.251666049839554429, 73.90000000000000568, 6.000000000000000000 ) ) ;
#1692 = CARTESIAN_POINT ( 'NONE',  ( -69.99999999998519229, 4.503332099663913901, 24.00000000000000000 ) ) ;
#1693 = VECTOR ( 'NONE', #5253, 1000.000000000000000 ) ;
#1694 = LINE ( 'NONE', #2595, #3608 ) ;
#1695 = DIRECTION ( 'NONE',  ( 0.000000000000000000, 0.000000000000000000, -1.000000000000000000 ) ) ;
#1696 = AXIS2_PLACEMENT_3D ( 'NONE', #3846, #5650, #5625 ) ;
#1697 = LINE ( 'NONE', #3301, #600 ) ;
#1698 = ORIENTED_EDGE ( 'NONE', *, *, #980, .F. ) ;
#1699 = CARTESIAN_POINT ( 'NONE',  ( -3.409905495632990835, 68.10612956744465407, 30.00000000000000000 ) ) ;
#1700 = CARTESIAN_POINT ( 'NONE',  ( -73.89999999998518376, 2.251666049824373239, 29.56570484546604050 ) ) ;
#1701 = DIRECTION ( 'NONE',  ( 1.000000000000000000, 0.000000000000000000, 0.000000000000000000 ) ) ;
#1702 = EDGE_CURVE ( 'NONE', #2299, #1519, #433, .T. ) ;
#1703 = CARTESIAN_POINT ( 'NONE',  ( 0.000000000000000000, 0.000000000000000000, 30.00000000000000000 ) ) ;
#1704 = VERTEX_POINT ( 'NONE', #2655 ) ;
#1705 = VERTEX_POINT ( 'NONE', #3088 ) ;
#1706 = DIRECTION ( 'NONE',  ( 1.000000000000000000, 0.000000000000000000, -0.000000000000000000 ) ) ;
#1707 = CARTESIAN_POINT ( 'NONE',  ( -46.01640966833250701, -50.65532882781774759, 0.000000000000000000 ) ) ;
#1708 = VECTOR ( 'NONE', #346, 1000.000000000000227 ) ;
#1709 = VECTOR ( 'NONE', #787, 1000.000000000000000 ) ;
#1710 = ORIENTED_EDGE ( 'NONE', *, *, #5588, .F. ) ;
#1711 = VECTOR ( 'NONE', #4187, 1000.000000000000000 ) ;
#1712 = ADVANCED_FACE ( 'NONE', ( #4866 ), #4427, .F. ) ;
#1713 = DIRECTION ( 'NONE',  ( 0.2588190451025233485, 0.9659258262890675351, 0.000000000000000000 ) ) ;
#1714 = DIRECTION ( 'NONE',  ( -0.2117675249829915618, -0.9773200680240726745, -0.000000000000000000 ) ) ;
#1715 = CARTESIAN_POINT ( 'NONE',  ( -50.16916781819524829, -53.71503141979683704, 0.000000000000000000 ) ) ;
#1716 = VECTOR ( 'NONE', #1041, 1000.000000000000000 ) ;
#1717 = AXIS2_PLACEMENT_3D ( 'NONE', #3572, #4477, #5347 ) ;
#1718 = VERTEX_POINT ( 'NONE', #3911 ) ;
#1719 = ORIENTED_EDGE ( 'NONE', *, *, #2367, .F. ) ;
#1720 = AXIS2_PLACEMENT_3D ( 'NONE', #4005, #47, #3449 ) ;
#1721 = LINE ( 'NONE', #4859, #3779 ) ;
#1722 = DIRECTION ( 'NONE',  ( -0.9659258262890686453, -0.2588190451025198513, 0.000000000000000000 ) ) ;
#1723 = CARTESIAN_POINT ( 'NONE',  ( 68.10612956743845814, 3.409905495635485284, 30.00000000000000000 ) ) ;
#1724 = ADVANCED_FACE ( 'NONE', ( #3142 ), #1786, .F. ) ;
#1725 = CARTESIAN_POINT ( 'NONE',  ( -52.78591390728464461, 51.72446835207217930, 0.3885788872376857439 ) ) ;
#1726 = EDGE_CURVE ( 'NONE', #284, #11, #4920, .T. ) ;
#1727 = DIRECTION ( 'NONE',  ( 0.000000000000000000, 0.000000000000000000, 1.000000000000000000 ) ) ;
#1728 = DIRECTION ( 'NONE',  ( 0.9659258262890675351, -0.2588190451025233485, 0.000000000000000000 ) ) ;
#1729 = PLANE ( 'NONE',  #4535 ) ;
#1730 = CARTESIAN_POINT ( 'NONE',  ( 42.28790003631107197, -49.36328099426700788, 24.00000000000000000 ) ) ;
#1731 =( NAMED_UNIT ( * ) PLANE_ANGLE_UNIT ( ) SI_UNIT ( $, .RADIAN. ) );
#1732 = DIRECTION ( 'NONE',  ( -0.000000000000000000, -0.000000000000000000, -1.000000000000000000 ) ) ;
#1733 = ORIENTED_EDGE ( 'NONE', *, *, #3739, .T. ) ;
#1734 = ORIENTED_EDGE ( 'NONE', *, *, #5567, .T. ) ;
#1735 = DIRECTION ( 'NONE',  ( -3.081670971768529182E-15, -1.000000000000000000, 0.000000000000000000 ) ) ;
#1736 = PLANE ( 'NONE',  #4473 ) ;
#1737 = VECTOR ( 'NONE', #2063, 999.9999999999998863 ) ;
#1738 = ORIENTED_EDGE ( 'NONE', *, *, #2745, .F. ) ;
#1739 = ADVANCED_FACE ( 'NONE', ( #617 ), #3629, .T. ) ;
#1740 = CARTESIAN_POINT ( 'NONE',  ( 70.00000000001514877, -4.503332099664255850, 6.000000000000000000 ) ) ;
#1741 = FACE_OUTER_BOUND ( 'NONE', #3620, .T. ) ;
#1742 = CARTESIAN_POINT ( 'NONE',  ( -2.251666049839554429, 73.90000000000000568, 30.00000000000000000 ) ) ;
#1743 = VECTOR ( 'NONE', #4852, 1000.000000000000114 ) ;
#1744 = EDGE_CURVE ( 'NONE', #2878, #3816, #5383, .T. ) ;
#1745 = ORIENTED_EDGE ( 'NONE', *, *, #5001, .T. ) ;
#1746 = CIRCLE ( 'NONE', #2583, 65.00000000000000000 ) ;
#1747 = ORIENTED_EDGE ( 'NONE', *, *, #2822, .F. ) ;
#1748 = CARTESIAN_POINT ( 'NONE',  ( -51.54747468305857439, -49.49747468305806564, 24.00000000000000000 ) ) ;
#1749 = DIRECTION ( 'NONE',  ( -0.000000000000000000, -0.000000000000000000, -1.000000000000000000 ) ) ;
#1750 = CARTESIAN_POINT ( 'NONE',  ( 2.251666049869518904, -73.90000000000034674, 0.4342951545504786792 ) ) ;
#1751 = VECTOR ( 'NONE', #5325, 1000.000000000000000 ) ;
#1752 =( NAMED_UNIT ( * ) PLANE_ANGLE_UNIT ( ) SI_UNIT ( $, .RADIAN. ) );
#1753 = LINE ( 'NONE', #5323, #3851 ) ;
#1754 = CARTESIAN_POINT ( 'NONE',  ( -53.80327106700520545, 50.49848266489011195, 0.2894348550696121403 ) ) ;
#1755 = CARTESIAN_POINT ( 'NONE',  ( -52.68181134867221971, 46.31313801742953729, 24.00000000000000000 ) ) ;
#1756 = CARTESIAN_POINT ( 'NONE',  ( -53.84735946246946270, -50.66302279688769516, 24.00000000000000000 ) ) ;
#1757 = DIRECTION ( 'NONE',  ( -0.000000000000000000, -0.000000000000000000, 1.000000000000000000 ) ) ;
#1758 = ADVANCED_FACE ( 'NONE', ( #4072 ), #562, .F. ) ;
#1759 = CARTESIAN_POINT ( 'NONE',  ( 70.00000000000000000, 0.000000000000000000, 24.00000000000000000 ) ) ;
#1760 = VECTOR ( 'NONE', #1644, 1000.000000000000000 ) ;
#1761 = ORIENTED_EDGE ( 'NONE', *, *, #996, .T. ) ;
#1762 = EDGE_CURVE ( 'NONE', #4078, #1526, #282, .T. ) ;
#1763 = ORIENTED_EDGE ( 'NONE', *, *, #655, .T. ) ;
#1764 = LINE ( 'NONE', #868, #669 ) ;
#1765 = PLANE ( 'NONE',  #2526 ) ;
#1766 = B_SPLINE_CURVE_WITH_KNOTS ( 'NONE', 3,
 ( #72, #1942, #4930, #525 ),
 .UNSPECIFIED., .F., .F.,
 ( 4, 4 ),
 ( 0.000000000000000000, 0.004503332099679084946 ),
 .UNSPECIFIED. ) ;
#1767 = EDGE_CURVE ( 'NONE', #5480, #5692, #5034, .T. ) ;
#1768 = ORIENTED_EDGE ( 'NONE', *, *, #3285, .T. ) ;
#1769 = CARTESIAN_POINT ( 'NONE',  ( 51.54747468305824043, -49.49747468305840670, 24.00000000000000000 ) ) ;
#1770 = DIRECTION ( 'NONE',  ( -0.000000000000000000, -0.000000000000000000, 1.000000000000000000 ) ) ;
#1771 = DIRECTION ( 'NONE',  ( 0.2588190451025212391, -0.9659258262890680902, 0.000000000000000000 ) ) ;
#1772 = ADVANCED_FACE ( 'NONE', ( #1869 ), #1899, .F. ) ;
#1773 = ORIENTED_EDGE ( 'NONE', *, *, #3647, .T. ) ;
#1774 = EDGE_LOOP ( 'NONE', ( #5431, #2318, #4140, #3656 ) ) ;
#1775 = ORIENTED_EDGE ( 'NONE', *, *, #1675, .F. ) ;
#1776 = DIRECTION ( 'NONE',  ( -0.000000000000000000, -0.000000000000000000, 1.000000000000000000 ) ) ;
#1777 = DIRECTION ( 'NONE',  ( -0.000000000000000000, -0.000000000000000000, -1.000000000000000000 ) ) ;
#1778 = LINE ( 'NONE', #1692, #4015 ) ;
#1779 = ORIENTED_EDGE ( 'NONE', *, *, #1762, .F. ) ;
#1780 = CIRCLE ( 'NONE', #3261, 2.049999999999989164 ) ;
#1781 = AXIS2_PLACEMENT_3D ( 'NONE', #4144, #5485, #2406 ) ;
#1782 = LINE ( 'NONE', #1350, #4869 ) ;
#1783 = ADVANCED_FACE ( 'NONE', ( #536, #4484 ), #1493, .T. ) ;
#1784 = CARTESIAN_POINT ( 'NONE',  ( 53.71503141980519302, -50.16916781818630255, 0.000000000000000000 ) ) ;
#1785 = ORIENTED_EDGE ( 'NONE', *, *, #5691, .T. ) ;
#1786 = PLANE ( 'NONE',  #1471 ) ;
#1787 = CARTESIAN_POINT ( 'NONE',  ( 50.66302279690249577, -53.84735946248461147, 24.00000000000000000 ) ) ;
#1788 = VECTOR ( 'NONE', #4223, 1000.000000000000000 ) ;
#1789 = CARTESIAN_POINT ( 'NONE',  ( 52.68181134868095938, 46.31313801745075409, 30.00000000000000000 ) ) ;
#1790 = EDGE_CURVE ( 'NONE', #274, #4208, #3979, .T. ) ;
#1791 = ORIENTED_EDGE ( 'NONE', *, *, #4154, .F. ) ;
#1792 = CARTESIAN_POINT ( 'NONE',  ( -2.251666049839554429, 73.90000000000000568, 0.000000000000000000 ) ) ;
#1793 = CARTESIAN_POINT ( 'NONE',  ( -47.44747468305826033, 49.49747468305840670, 24.00000000000000000 ) ) ;
#1794 = EDGE_CURVE ( 'NONE', #4927, #2686, #2737, .T. ) ;
#1795 = ORIENTED_EDGE ( 'NONE', *, *, #4169, .F. ) ;
#1796 = ORIENTED_EDGE ( 'NONE', *, *, #3807, .F. ) ;
#1797 = LINE ( 'NONE', #1037, #4986 ) ;
#1798 = EDGE_CURVE ( 'NONE', #613, #3294, #1417, .T. ) ;
#1799 = CARTESIAN_POINT ( 'NONE',  ( -2.049999999999998490, 70.00000000000000000, 24.00000000000000000 ) ) ;
#1800 = CARTESIAN_POINT ( 'NONE',  ( 70.00000000001516298, 4.503332099693911239, 6.000000000000000000 ) ) ;
#1801 = AXIS2_PLACEMENT_3D ( 'NONE', #3791, #3350, #5473 ) ;
#1802 = VERTEX_POINT ( 'NONE', #1429 ) ;
#1803 = ORIENTED_EDGE ( 'NONE', *, *, #5588, .T. ) ;
#1804 = ORIENTED_EDGE ( 'NONE', *, *, #696, .T. ) ;
#1805 = CARTESIAN_POINT ( 'NONE',  ( 73.75247735348931144, 2.336838289537633173, 0.2894348550869400571 ) ) ;
#1806 = VECTOR ( 'NONE', #5340, 1000.000000000000114 ) ;
#1807 = DIRECTION ( 'NONE',  ( 0.8660254037844387076, -0.5000000000000001110, 0.000000000000000000 ) ) ;
#1808 = VECTOR ( 'NONE', #5177, 1000.000000000000114 ) ;
#1809 = VERTEX_POINT ( 'NONE', #4977 ) ;
#1810 = VECTOR ( 'NONE', #1770, 1000.000000000000000 ) ;
#1811 = DIRECTION ( 'NONE',  ( 1.000000000000000000, 0.000000000000000000, -0.000000000000000000 ) ) ;
#1812 = LINE ( 'NONE', #2680, #2262 ) ;
#1813 = DIRECTION ( 'NONE',  ( -0.2588190451025197958, 0.9659258262890685343, 0.000000000000000000 ) ) ;
#1814 = CARTESIAN_POINT ( 'NONE',  ( 50.16916781820220450, 53.71503141979033558, 0.000000000000000000 ) ) ;
#1815 = CARTESIAN_POINT ( 'NONE',  ( -73.60488503479831479, 2.422050754416903651, 29.85533089629653958 ) ) ;
#1816 = EDGE_CURVE ( 'NONE', #1660, #4419, #4159, .T. ) ;
#1817 = ORIENTED_EDGE ( 'NONE', *, *, #3549, .F. ) ;
#1818 = ORIENTED_EDGE ( 'NONE', *, *, #5457, .F. ) ;
#1819 = FACE_OUTER_BOUND ( 'NONE', #1906, .T. ) ;
#1820 = PLANE ( 'NONE',  #1504 ) ;
#1821 = ORIENTED_EDGE ( 'NONE', *, *, #3529, .T. ) ;
#1822 = DIRECTION ( 'NONE',  ( -0.3037766760303827196, 0.9527432661005439396, 0.000000000000000000 ) ) ;
#1823 = ADVANCED_FACE ( 'NONE', ( #196 ), #3660, .F. ) ;
#1824 = DIRECTION ( 'NONE',  ( -0.4588886766021321728, -0.8884937717769009202, 0.000000000000000000 ) ) ;
#1825 = PLANE ( 'NONE',  #1062 ) ;
#1826 = AXIS2_PLACEMENT_3D ( 'NONE', #4066, #3222, #1452 ) ;
#1827 = ORIENTED_EDGE ( 'NONE', *, *, #3507, .T. ) ;
#1828 = ORIENTED_EDGE ( 'NONE', *, *, #3725, .F. ) ;
#1829 = ORIENTED_EDGE ( 'NONE', *, *, #5567, .F. ) ;
#1830 = VECTOR ( 'NONE', #2177, 1000.000000000000000 ) ;
#1831 = DIRECTION ( 'NONE',  ( 0.000000000000000000, -0.000000000000000000, -1.000000000000000000 ) ) ;
#1832 = EDGE_CURVE ( 'NONE', #958, #3218, #1026, .T. ) ;
#1833 = DIRECTION ( 'NONE',  ( -0.9659258262890682012, -0.2588190451025212391, 0.000000000000000000 ) ) ;
#1834 = B_SPLINE_CURVE_WITH_KNOTS ( 'NONE', 3,
 ( #2142, #5189, #808, #5686 ),
 .UNSPECIFIED., .F., .F.,
 ( 4, 4 ),
 ( 0.000000000000000000, 0.0006708321191510983883 ),
 .UNSPECIFIED. ) ;
#1835 = VERTEX_POINT ( 'NONE', #590 ) ;
#1836 = CARTESIAN_POINT ( 'NONE',  ( -53.84735946249068661, 50.66302279686613730, 6.000000000000000000 ) ) ;
#1837 = DIRECTION ( 'NONE',  ( 1.000000000000000000, 0.000000000000000000, 0.000000000000000000 ) ) ;
#1838 = VECTOR ( 'NONE', #3762, 1000.000000000000227 ) ;
#1839 = CARTESIAN_POINT ( 'NONE',  ( 0.000000000000000000, 0.000000000000000000, 5.999999999999998224 ) ) ;
#1840 = EDGE_LOOP ( 'NONE', ( #779, #636, #143, #5619 ) ) ;
#1841 = EDGE_CURVE ( 'NONE', #1142, #2011, #4064, .T. ) ;
#1842 = LINE ( 'NONE', #5386, #2908 ) ;
#1843 = EDGE_LOOP ( 'NONE', ( #1361, #231, #410, #1140 ) ) ;
#1844 = EDGE_LOOP ( 'NONE', ( #3249, #2532, #5014, #4085 ) ) ;
#1845 = CARTESIAN_POINT ( 'NONE',  ( 0.000000000000000000, 0.000000000000000000, 0.000000000000000000 ) ) ;
#1846 = DIRECTION ( 'NONE',  ( 1.000000000000000000, 0.000000000000000000, 0.000000000000000000 ) ) ;
#1847 = FACE_OUTER_BOUND ( 'NONE', #4321, .T. ) ;
#1848 = ADVANCED_FACE ( 'NONE', ( #3690 ), #3546, .T. ) ;
#1849 = VECTOR ( 'NONE', #1757, 1000.000000000000000 ) ;
#1850 = VERTEX_POINT ( 'NONE', #4512 ) ;
#1851 = ORIENTED_EDGE ( 'NONE', *, *, #3067, .T. ) ;
#1852 = FACE_OUTER_BOUND ( 'NONE', #5073, .T. ) ;
#1853 = VECTOR ( 'NONE', #1174, 1000.000000000000000 ) ;
#1854 = CARTESIAN_POINT ( 'NONE',  ( 49.36328099426685156, 42.28790003631124961, 24.00000000000000000 ) ) ;
#1855 = CARTESIAN_POINT ( 'NONE',  ( 50.65532882781854340, -46.01640966833162594, 24.00000000000000000 ) ) ;
#1856 = EDGE_CURVE ( 'NONE', #760, #3094, #5532, .T. ) ;
#1857 = EDGE_LOOP ( 'NONE', ( #2727, #5349, #4504, #4228 ) ) ;
#1858 = ORIENTED_EDGE ( 'NONE', *, *, #5599, .F. ) ;
#1859 = VERTEX_POINT ( 'NONE', #2909 ) ;
#1860 = DIRECTION ( 'NONE',  ( 0.2588190451025198513, -0.9659258262890686453, 0.000000000000000000 ) ) ;
#1861 = EDGE_CURVE ( 'NONE', #157, #3314, #4962, .T. ) ;
#1862 = CARTESIAN_POINT ( 'NONE',  ( -70.00000000000000000, 0.000000000000000000, -5.000000000000004441 ) ) ;
#1863 =( NAMED_UNIT ( * ) SI_UNIT ( $, .STERADIAN. ) SOLID_ANGLE_UNIT ( ) );
#1864 = ADVANCED_FACE ( 'NONE', ( #1663 ), #3348, .T. ) ;
#1865 = ORIENTED_EDGE ( 'NONE', *, *, #1870, .T. ) ;
#1866 = ORIENTED_EDGE ( 'NONE', *, *, #5050, .F. ) ;
#1867 = CARTESIAN_POINT ( 'NONE',  ( -4.503332099679096423, 70.00000000000000000, 24.00000000000000000 ) ) ;
#1868 = ORIENTED_EDGE ( 'NONE', *, *, #1702, .F. ) ;
#1869 = FACE_OUTER_BOUND ( 'NONE', #1067, .T. ) ;
#1870 = EDGE_CURVE ( 'NONE', #267, #4208, #1085, .T. ) ;
#1871 = LINE ( 'NONE', #4189, #3603 ) ;
#1872 = DIRECTION ( 'NONE',  ( -0.2588190451025233485, -0.9659258262890675351, 0.000000000000000000 ) ) ;
#1873 = VERTEX_POINT ( 'NONE', #1145 ) ;
#1874 = ORIENTED_EDGE ( 'NONE', *, *, #3529, .F. ) ;
#1875 = PLANE ( 'NONE',  #3586 ) ;
#1876 = EDGE_CURVE ( 'NONE', #2770, #2990, #708, .T. ) ;
#1877 = CARTESIAN_POINT ( 'NONE',  ( -4.503332099649107079, -70.00000000000034106, 24.00000000000000000 ) ) ;
#1878 = DIRECTION ( 'NONE',  ( -0.000000000000000000, -0.000000000000000000, 1.000000000000000000 ) ) ;
#1879 = VECTOR ( 'NONE', #156, 1000.000000000000000 ) ;
#1880 = ORIENTED_EDGE ( 'NONE', *, *, #3920, .T. ) ;
#1881 = LINE ( 'NONE', #1444, #5079 ) ;
#1882 = CARTESIAN_POINT ( 'NONE',  ( -53.71503141976101148, -50.16916781823361760, 0.000000000000000000 ) ) ;
#1883 = CARTESIAN_POINT ( 'NONE',  ( 73.60488503480792133, -2.422050754429001085, 0.1446691037134284208 ) ) ;
#1884 = DIRECTION ( 'NONE',  ( 0.000000000000000000, 0.000000000000000000, 1.000000000000000000 ) ) ;
#1885 = ORIENTED_EDGE ( 'NONE', *, *, #3821, .F. ) ;
#1886 = ORIENTED_EDGE ( 'NONE', *, *, #1405, .T. ) ;
#1887 = EDGE_CURVE ( 'NONE', #1681, #5202, #2480, .T. ) ;
#1888 = EDGE_LOOP ( 'NONE', ( #1785, #1517, #3720, #1402, #5089 ) ) ;
#1889 = LINE ( 'NONE', #1021, #4710 ) ;
#1890 = DIRECTION ( 'NONE',  ( 1.000000000000000000, 0.000000000000000000, 0.000000000000000000 ) ) ;
#1891 = B_SPLINE_CURVE_WITH_KNOTS ( 'NONE', 3,
 ( #2493, #4236, #5163, #5134 ),
 .UNSPECIFIED., .F., .F.,
 ( 4, 4 ),
 ( 0.000000000000000000, 0.0006708321191515636195 ),
 .UNSPECIFIED. ) ;
#1892 = CIRCLE ( 'NONE', #3180, 65.00000000000000000 ) ;
#1893 = ORIENTED_EDGE ( 'NONE', *, *, #3321, .T. ) ;
#1894 = CIRCLE ( 'NONE', #2086, 75.00000000000001421 ) ;
#1895 = ORIENTED_EDGE ( 'NONE', *, *, #3490, .F. ) ;
#1896 = AXIS2_PLACEMENT_3D ( 'NONE', #1371, #1807, #5234 ) ;
#1897 = B_SPLINE_CURVE_WITH_KNOTS ( 'NONE', 3,
 ( #1175, #1725, #3489, #1290 ),
 .UNSPECIFIED., .F., .F.,
 ( 4, 4 ),
 ( 0.000000000000000000, 0.004503332099679078007 ),
 .UNSPECIFIED. ) ;
#1898 = CARTESIAN_POINT ( 'NONE',  ( -5.118401743070933207, 64.79816327332535764, 30.00000000000000000 ) ) ;
#1899 = PLANE ( 'NONE',  #3230 ) ;
#1900 = EDGE_CURVE ( 'NONE', #5000, #2693, #2047, .T. ) ;
#1901 = PLANE ( 'NONE',  #925 ) ;
#1902 = AXIS2_PLACEMENT_3D ( 'NONE', #5198, #4677, #1601 ) ;
#1903 = FACE_OUTER_BOUND ( 'NONE', #1844, .T. ) ;
#1904 = ORIENTED_EDGE ( 'NONE', *, *, #122, .F. ) ;
#1905 = EDGE_CURVE ( 'NONE', #4157, #70, #3318, .T. ) ;
#1906 = EDGE_LOOP ( 'NONE', ( #364, #50, #2524, #4764 ) ) ;
#1907 = DIRECTION ( 'NONE',  ( -0.4999999999999984457, 0.8660254037844394848, 0.000000000000000000 ) ) ;
#1908 = CARTESIAN_POINT ( 'NONE',  ( 2.251666049839530892, 73.90000000000000568, 29.56570484545076027 ) ) ;
#1909 = CARTESIAN_POINT ( 'NONE',  ( 5.118401743069562748, -64.79816327332544290, 0.000000000000000000 ) ) ;
#1910 = ORIENTED_EDGE ( 'NONE', *, *, #5634, .T. ) ;
#1911 = CARTESIAN_POINT ( 'NONE',  ( -2.251666049809566417, -73.90000000000034674, 0.4342951545486545828 ) ) ;
#1912 = LINE ( 'NONE', #1414, #2462 ) ;
#1913 = LINE ( 'NONE', #183, #3011 ) ;
#1914 = LINE ( 'NONE', #1973, #1604 ) ;
#1915 = EDGE_CURVE ( 'NONE', #871, #284, #1117, .T. ) ;
#1916 = ORIENTED_EDGE ( 'NONE', *, *, #1667, .F. ) ;
#1917 = ORIENTED_EDGE ( 'NONE', *, *, #692, .F. ) ;
#1918 = CARTESIAN_POINT ( 'NONE',  ( 52.68181134870217619, -46.31313801742987835, 24.00000000000000000 ) ) ;
#1919 = B_SPLINE_CURVE_WITH_KNOTS ( 'NONE', 3,
 ( #2697, #5314, #2237, #1309 ),
 .UNSPECIFIED., .F., .F.,
 ( 4, 4 ),
 ( 0.000000000000000000, 0.002251666049854729110 ),
 .UNSPECIFIED. ) ;
#1920 = CARTESIAN_POINT ( 'NONE',  ( 73.90000000001515446, 0.7505553499514587834, 0.4000000000151641144 ) ) ;
#1921 = CARTESIAN_POINT ( 'NONE',  ( 73.90000000001516867, 2.251666049854370133, 29.56570484543516031 ) ) ;
#1922 = ORIENTED_EDGE ( 'NONE', *, *, #2716, .F. ) ;
#1923 = EDGE_CURVE ( 'NONE', #1105, #466, #3818, .T. ) ;
#1924 = EDGE_LOOP ( 'NONE', ( #4736, #4178, #2926, #4041, #2378, #553, #1540, #1580, #4305 ) ) ;
#1925 = VECTOR ( 'NONE', #2158, 1000.000000000000227 ) ;
#1926 = ORIENTED_EDGE ( 'NONE', *, *, #4390, .T. ) ;
#1927 = LINE ( 'NONE', #535, #1711 ) ;
#1928 = DIRECTION ( 'NONE',  ( -0.000000000000000000, -0.000000000000000000, 1.000000000000000000 ) ) ;
#1929 = CARTESIAN_POINT ( 'NONE',  ( 51.54747468305822622, 49.49747468305842091, 24.00000000000000000 ) ) ;
#1930 = CARTESIAN_POINT ( 'NONE',  ( 0.000000000000000000, 0.000000000000000000, 5.999999999999998224 ) ) ;
#1931 = ORIENTED_EDGE ( 'NONE', *, *, #4435, .T. ) ;
#1932 = AXIS2_PLACEMENT_3D ( 'NONE', #2464, #5046, #2430 ) ;
#1933 = VERTEX_POINT ( 'NONE', #4655 ) ;
#1934 = CARTESIAN_POINT ( 'NONE',  ( 4.503332099709060010, -70.00000000000034106, 6.000000000000000000 ) ) ;
#1935 = LINE ( 'NONE', #1357, #185 ) ;
#1936 = CARTESIAN_POINT ( 'NONE',  ( 70.00000000001516298, 4.503332099693911239, 24.00000000000000000 ) ) ;
#1937 = VECTOR ( 'NONE', #138, 1000.000000000000114 ) ;
#1938 = ADVANCED_FACE ( 'NONE', ( #314 ), #1609, .F. ) ;
#1939 = ORIENTED_EDGE ( 'NONE', *, *, #2927, .T. ) ;
#1940 = DIRECTION ( 'NONE',  ( 1.000000000000000000, 0.000000000000000000, 0.000000000000000000 ) ) ;
#1941 = CARTESIAN_POINT ( 'NONE',  ( 52.68181134870217619, -46.31313801742987835, 24.00000000000000000 ) ) ;
#1942 = CARTESIAN_POINT ( 'NONE',  ( 0.7505553499465025258, 73.90000000000000568, 29.61142111275180611 ) ) ;
#1943 = CARTESIAN_POINT ( 'NONE',  ( -5.118401743070023713, 64.79816327332541448, 5.999999999999998224 ) ) ;
#1944 = CARTESIAN_POINT ( 'NONE',  ( 53.84735946252063599, -50.66302279686647836, 6.000000000000000000 ) ) ;
#1945 = AXIS2_PLACEMENT_3D ( 'NONE', #4572, #4160, #1400 ) ;
#1946 = EDGE_LOOP ( 'NONE', ( #1880, #5336, #3257, #1311 ) ) ;
#1947 = VECTOR ( 'NONE', #1494, 1000.000000000000000 ) ;
#1948 = VERTEX_POINT ( 'NONE', #5120 ) ;
#1949 = DIRECTION ( 'NONE',  ( -0.5413273945389737163, 0.8408119004400723684, 0.000000000000000000 ) ) ;
#1950 = CARTESIAN_POINT ( 'NONE',  ( -49.49747468305825038, 49.49747468305840670, 6.000000000000000000 ) ) ;
#1951 = FACE_OUTER_BOUND ( 'NONE', #4083, .T. ) ;
#1952 = EDGE_LOOP ( 'NONE', ( #3255, #1449, #4503, #1255 ) ) ;
#1953 = EDGE_CURVE ( 'NONE', #1965, #3971, #2536, .T. ) ;
#1954 = ORIENTED_EDGE ( 'NONE', *, *, #3075, .F. ) ;
#1955 = ORIENTED_EDGE ( 'NONE', *, *, #2271, .T. ) ;
#1956 = DIRECTION ( 'NONE',  ( 0.4999999999999985012, -0.8660254037844395958, 0.000000000000000000 ) ) ;
#1957 = CARTESIAN_POINT ( 'NONE',  ( -46.01640966833181068, -50.65532882781837998, 24.00000000000000000 ) ) ;
#1958 = DIRECTION ( 'NONE',  ( 0.000000000000000000, 0.000000000000000000, 1.000000000000000000 ) ) ;
#1959 = DIRECTION ( 'NONE',  ( 0.7071067811865490160, 0.7071067811865460184, 0.000000000000000000 ) ) ;
#1960 = EDGE_CURVE ( 'NONE', #1718, #2089, #2531, .T. ) ;
#1961 = VERTEX_POINT ( 'NONE', #227 ) ;
#1962 = CARTESIAN_POINT ( 'NONE',  ( 42.28790003631038275, -49.36328099426759763, 5.999999999999998224 ) ) ;
#1963 = CARTESIAN_POINT ( 'NONE',  ( -73.89999999998518376, 2.251666049824373239, 0.4342951545339545638 ) ) ;
#1964 = CARTESIAN_POINT ( 'NONE',  ( 2.507304197865660722, -73.45722173931820009, 0.000000000000000000 ) ) ;
#1965 = VERTEX_POINT ( 'NONE', #289 ) ;
#1966 = ORIENTED_EDGE ( 'NONE', *, *, #4207, .T. ) ;
#1967 = CARTESIAN_POINT ( 'NONE',  ( -69.99999999998519229, -4.503332099694253188, 30.00000000000000000 ) ) ;
#1968 = LINE ( 'NONE', #240, #4721 ) ;
#1969 = VECTOR ( 'NONE', #5078, 1000.000000000000000 ) ;
#1970 = B_SPLINE_CURVE_WITH_KNOTS ( 'NONE', 3,
 ( #2804, #929, #4584, #1882 ),
 .UNSPECIFIED., .F., .F.,
 ( 4, 4 ),
 ( 1.626303258728256892E-19, 0.0006708321191503746833 ),
 .UNSPECIFIED. ) ;
#1971 = LINE ( 'NONE', #5514, #4673 ) ;
#1972 = CARTESIAN_POINT ( 'NONE',  ( 73.90000000001516867, 2.251666049854370133, 24.00000000000000000 ) ) ;
#1973 = CARTESIAN_POINT ( 'NONE',  ( 66.10000000001514309, -2.251666049824717408, 24.00000000000000000 ) ) ;
#1974 = EDGE_CURVE ( 'NONE', #3534, #2293, #1987, .T. ) ;
#1975 = VECTOR ( 'NONE', #647, 1000.000000000000000 ) ;
#1976 = ORIENTED_EDGE ( 'NONE', *, *, #3285, .F. ) ;
#1977 = EDGE_CURVE ( 'NONE', #5645, #121, #1582, .T. ) ;
#1978 = ORIENTED_EDGE ( 'NONE', *, *, #4030, .F. ) ;
#1979 = VERTEX_POINT ( 'NONE', #737 ) ;
#1980 = LINE ( 'NONE', #3743, #3127 ) ;
#1981 = DIRECTION ( 'NONE',  ( 0.9659258262890684232, -0.2588190451025205174, 0.000000000000000000 ) ) ;
#1982 = DIRECTION ( 'NONE',  ( 0.7071067811865460184, -0.7071067811865490160, 0.000000000000000000 ) ) ;
#1983 = ORIENTED_EDGE ( 'NONE', *, *, #2837, .T. ) ;
#1984 = ORIENTED_EDGE ( 'NONE', *, *, #5722, .F. ) ;
#1985 = VERTEX_POINT ( 'NONE', #1202 ) ;
#1986 = PLANE ( 'NONE',  #2176 ) ;
#1987 = LINE ( 'NONE', #3787, #498 ) ;
#1988 = LINE ( 'NONE', #3757, #5377 ) ;
#1989 = CARTESIAN_POINT ( 'NONE',  ( -73.75247735346987099, 2.336838289501557142, 0.2894348550663620734 ) ) ;
#1990 = VECTOR ( 'NONE', #2873, 1000.000000000000114 ) ;
#1991 = AXIS2_PLACEMENT_3D ( 'NONE', #1703, #4406, #3469 ) ;
#1992 = ORIENTED_EDGE ( 'NONE', *, *, #5312, .F. ) ;
#1993 = LINE ( 'NONE', #3326, #3594 ) ;
#1994 = AXIS2_PLACEMENT_3D ( 'NONE', #1364, #476, #3981 ) ;
#1995 = CARTESIAN_POINT ( 'NONE',  ( -73.89999999998518376, 1.501110699882917343, 0.4114370208837366261 ) ) ;
#1996 = LINE ( 'NONE', #3730, #3540 ) ;
#1997 = AXIS2_PLACEMENT_3D ( 'NONE', #4810, #4398, #1811 ) ;
#1998 = ADVANCED_FACE ( 'NONE', ( #4280 ), #2074, .T. ) ;
#1999 = ORIENTED_EDGE ( 'NONE', *, *, #2635, .F. ) ;
#2000 = VECTOR ( 'NONE', #4014, 1000.000000000000114 ) ;
#2001 = CARTESIAN_POINT ( 'NONE',  ( -73.89999999998518376, 2.251666049824373239, 6.000000000000000000 ) ) ;
#2002 = LINE ( 'NONE', #3768, #1377 ) ;
#2003 = CARTESIAN_POINT ( 'NONE',  ( -53.71503141976101148, -50.16916781823361760, 0.000000000000000000 ) ) ;
#2004 = DIRECTION ( 'NONE',  ( -1.000000000000000000, 0.000000000000000000, 0.000000000000000000 ) ) ;
#2005 = ORIENTED_EDGE ( 'NONE', *, *, #82, .F. ) ;
#2006 = ORIENTED_EDGE ( 'NONE', *, *, #2275, .F. ) ;
#2007 = ORIENTED_EDGE ( 'NONE', *, *, #230, .F. ) ;
#2008 = CARTESIAN_POINT ( 'NONE',  ( 50.66302279688130028, 53.84735946250548722, 0.4342951545600048924 ) ) ;
#2009 = CARTESIAN_POINT ( 'NONE',  ( -53.75916184938319731, -50.33386482374343984, 29.85533089629514336 ) ) ;
#2010 = CARTESIAN_POINT ( 'NONE',  ( 47.44747468305824611, 49.49747468305842091, -5.000000000000004441 ) ) ;
#2011 = VERTEX_POINT ( 'NONE', #3404 ) ;
#2012 = ADVANCED_FACE ( 'NONE', ( #4423 ), #5732, .T. ) ;
#2013 = ORIENTED_EDGE ( 'NONE', *, *, #711, .T. ) ;
#2014 = VERTEX_POINT ( 'NONE', #1723 ) ;
#2015 = CARTESIAN_POINT ( 'NONE',  ( 70.00000000001514877, -4.503332099664255850, 6.000000000000000000 ) ) ;
#2016 = DIRECTION ( 'NONE',  ( -1.000000000000000000, 0.000000000000000000, 0.000000000000000000 ) ) ;
#2017 = LINE ( 'NONE', #800, #4734 ) ;
#2018 = AXIS2_PLACEMENT_3D ( 'NONE', #1845, #5039, #3636 ) ;
#2019 = DIRECTION ( 'NONE',  ( -0.000000000000000000, -0.000000000000000000, -1.000000000000000000 ) ) ;
#2020 = AXIS2_PLACEMENT_3D ( 'NONE', #872, #2640, #5311 ) ;
#2021 = VERTEX_POINT ( 'NONE', #552 ) ;
#2022 = DIRECTION ( 'NONE',  ( 0.000000000000000000, 0.000000000000000000, 1.000000000000000000 ) ) ;
#2023 = CARTESIAN_POINT ( 'NONE',  ( 49.43847724036312030, -42.19996407763989765, 5.999999999999998224 ) ) ;
#2024 = DIRECTION ( 'NONE',  ( 0.000000000000000000, 0.000000000000000000, -1.000000000000000000 ) ) ;
#2025 = EDGE_CURVE ( 'NONE', #2761, #816, #399, .T. ) ;
#2026 = VECTOR ( 'NONE', #4195, 1000.000000000000114 ) ;
#2027 = ORIENTED_EDGE ( 'NONE', *, *, #539, .F. ) ;
#2028 = ADVANCED_FACE ( 'NONE', ( #5207 ), #1287, .T. ) ;
#2029 = CARTESIAN_POINT ( 'NONE',  ( 4.503332099709060010, -70.00000000000034106, 6.000000000000000000 ) ) ;
#2030 = DIRECTION ( 'NONE',  ( -0.000000000000000000, -0.000000000000000000, 1.000000000000000000 ) ) ;
#2031 = DIRECTION ( 'NONE',  ( 1.000000000000000000, 0.000000000000000000, -0.000000000000000000 ) ) ;
#2032 = VECTOR ( 'NONE', #2571, 1000.000000000000000 ) ;
#2033 = VERTEX_POINT ( 'NONE', #2188 ) ;
#2034 = ORIENTED_EDGE ( 'NONE', *, *, #1045, .F. ) ;
#2035 = ORIENTED_EDGE ( 'NONE', *, *, #3494, .F. ) ;
#2036 = EDGE_CURVE ( 'NONE', #5399, #4699, #829, .T. ) ;
#2037 = CARTESIAN_POINT ( 'NONE',  ( 53.84735946252063599, -50.66302279686647836, 24.00000000000000000 ) ) ;
#2038 = DIRECTION ( 'NONE',  ( 1.000000000000000000, 0.000000000000000000, 0.000000000000000000 ) ) ;
#2039 = DIRECTION ( 'NONE',  ( 3.081670971768529182E-15, 1.000000000000000000, 0.000000000000000000 ) ) ;
#2040 = VERTEX_POINT ( 'NONE', #428 ) ;
#2041 = AXIS2_PLACEMENT_3D ( 'NONE', #4697, #3007, #323 ) ;
#2042 = ORIENTED_EDGE ( 'NONE', *, *, #2867, .T. ) ;
#2043 = VERTEX_POINT ( 'NONE', #2752 ) ;
#2044 = ORIENTED_EDGE ( 'NONE', *, *, #4227, .F. ) ;
#2045 = DIRECTION ( 'NONE',  ( 0.8660254037844388186, -0.4999999999999995559, 0.000000000000000000 ) ) ;
#2046 = ORIENTED_EDGE ( 'NONE', *, *, #4137, .T. ) ;
#2047 = LINE ( 'NONE', #5093, #5220 ) ;
#2048 = DIRECTION ( 'NONE',  ( 0.9659258262890677571, 0.2588190451025223493, 0.000000000000000000 ) ) ;
#2049 = EDGE_CURVE ( 'NONE', #5519, #1985, #5293, .T. ) ;
#2050 = LINE ( 'NONE', #2597, #238 ) ;
#2051 = EDGE_CURVE ( 'NONE', #1368, #3780, #2216, .T. ) ;
#2052 = VERTEX_POINT ( 'NONE', #1750 ) ;
#2053 = DIRECTION ( 'NONE',  ( 0.8660254037844385966, -0.4999999999999999445, 0.000000000000000000 ) ) ;
#2054 = LINE ( 'NONE', #653, #2026 ) ;
#2055 = DIRECTION ( 'NONE',  ( 0.2588190451025205174, 0.9659258262890684232, -0.000000000000000000 ) ) ;
#2056 = ORIENTED_EDGE ( 'NONE', *, *, #3689, .T. ) ;
#2057 = DIRECTION ( 'NONE',  ( -0.000000000000000000, -0.000000000000000000, -1.000000000000000000 ) ) ;
#2058 = LINE ( 'NONE', #4201, #1566 ) ;
#2059 = FACE_BOUND ( 'NONE', #4568, .T. ) ;
#2060 = ORIENTED_EDGE ( 'NONE', *, *, #502, .F. ) ;
#2061 = AXIS2_PLACEMENT_3D ( 'NONE', #3533, #5720, #4465 ) ;
#2062 = VERTEX_POINT ( 'NONE', #2997 ) ;
#2063 = DIRECTION ( 'NONE',  ( 0.2117675249829847617, 0.9773200680240742289, -0.000000000000000000 ) ) ;
#2064 = CARTESIAN_POINT ( 'NONE',  ( 3.280211195049277162, -68.35724183972040180, 24.00000000000000000 ) ) ;
#2065 = CARTESIAN_POINT ( 'NONE',  ( 52.68181134868095938, 46.31313801745074699, 6.000000000000000000 ) ) ;
#2066 = ORIENTED_EDGE ( 'NONE', *, *, #5286, .T. ) ;
#2067 = AXIS2_PLACEMENT_3D ( 'NONE', #4983, #67, #5361 ) ;
#2068 = VECTOR ( 'NONE', #2509, 1000.000000000000000 ) ;
#2069 = EDGE_CURVE ( 'NONE', #1809, #192, #2620, .T. ) ;
#2070 = VERTEX_POINT ( 'NONE', #1315 ) ;
#2071 = ORIENTED_EDGE ( 'NONE', *, *, #5277, .T. ) ;
#2072 = ORIENTED_EDGE ( 'NONE', *, *, #178, .T. ) ;
#2073 = PLANE ( 'NONE',  #687 ) ;
#2074 = PLANE ( 'NONE',  #1696 ) ;
#2075 = CARTESIAN_POINT ( 'NONE',  ( 64.80717161047761010, -5.003049854849138001, 5.999999999999998224 ) ) ;
#2076 = LINE ( 'NONE', #3434, #2408 ) ;
#2077 = EDGE_CURVE ( 'NONE', #2125, #2686, #127, .T. ) ;
#2078 = LINE ( 'NONE', #2138, #5043 ) ;
#2079 = DIRECTION ( 'NONE',  ( 0.5413273945389650565, -0.8408119004400780305, 0.000000000000000000 ) ) ;
#2080 = CARTESIAN_POINT ( 'NONE',  ( 49.36328099426685156, 42.28790003631124961, 30.00000000000000000 ) ) ;
#2081 = DIRECTION ( 'NONE',  ( -0.4999999999999999445, 0.8660254037844387076, 0.000000000000000000 ) ) ;
#2082 = AXIS2_PLACEMENT_3D ( 'NONE', #2714, #3202, #5411 ) ;
#2083 = EDGE_CURVE ( 'NONE', #4968, #5360, #3084, .T. ) ;
#2084 = CARTESIAN_POINT ( 'NONE',  ( 5.562750146221481451, 63.93782217349414054, 24.00000000000000000 ) ) ;
#2085 = ORIENTED_EDGE ( 'NONE', *, *, #3250, .F. ) ;
#2086 = AXIS2_PLACEMENT_3D ( 'NONE', #4919, #1080, #4020 ) ;
#2087 = EDGE_CURVE ( 'NONE', #1646, #3900, #4369, .T. ) ;
#2088 = VECTOR ( 'NONE', #5033, 1000.000000000000000 ) ;
#2089 = VERTEX_POINT ( 'NONE', #370 ) ;
#2090 = DIRECTION ( 'NONE',  ( -1.000000000000000000, 0.000000000000000000, 0.000000000000000000 ) ) ;
#2091 = CARTESIAN_POINT ( 'NONE',  ( 2.507304197865659834, -73.45722173931820009, 30.00000000000000000 ) ) ;
#2092 = CIRCLE ( 'NONE', #2920, 65.00000000000000000 ) ;
#2093 = ORIENTED_EDGE ( 'NONE', *, *, #2643, .F. ) ;
#2094 = DIRECTION ( 'NONE',  ( 0.000000000000000000, 0.000000000000000000, -1.000000000000000000 ) ) ;
#2095 = DIRECTION ( 'NONE',  ( 0.5413273945389620589, -0.8408119004400800289, 0.000000000000000000 ) ) ;
#2096 = CARTESIAN_POINT ( 'NONE',  ( 73.90000000001515446, -2.251666049824714744, 6.000000000000000000 ) ) ;
#2097 = ORIENTED_EDGE ( 'NONE', *, *, #5188, .F. ) ;
#2098 = EDGE_CURVE ( 'NONE', #438, #503, #2800, .T. ) ;
#2099 = ORIENTED_EDGE ( 'NONE', *, *, #2281, .T. ) ;
#2100 = ORIENTED_EDGE ( 'NONE', *, *, #3879, .T. ) ;
#2101 = EDGE_LOOP ( 'NONE', ( #1051, #1234, #3066, #5008 ) ) ;
#2102 = DIRECTION ( 'NONE',  ( 0.000000000000000000, 0.000000000000000000, 1.000000000000000000 ) ) ;
#2103 = EDGE_CURVE ( 'NONE', #4297, #2380, #1778, .T. ) ;
#2104 = DIRECTION ( 'NONE',  ( -0.3037766760303660663, 0.9527432661005492687, 0.000000000000000000 ) ) ;
#2105 = LINE ( 'NONE', #2910, #4451 ) ;
#2106 = DIRECTION ( 'NONE',  ( -0.000000000000000000, -0.000000000000000000, -1.000000000000000000 ) ) ;
#2107 = DIRECTION ( 'NONE',  ( -0.000000000000000000, -0.000000000000000000, -1.000000000000000000 ) ) ;
#2108 = CARTESIAN_POINT ( 'NONE',  ( -2.251666049809569081, -66.10000000000033538, 24.00000000000000000 ) ) ;
#2109 = CARTESIAN_POINT ( 'NONE',  ( 4.503332099709060010, -70.00000000000034106, 24.00000000000000000 ) ) ;
#2110 = CARTESIAN_POINT ( 'NONE',  ( 70.00000000001516298, 4.503332099693911239, 24.00000000000000000 ) ) ;
#2111 = LINE ( 'NONE', #5603, #1480 ) ;
#2112 = DIRECTION ( 'NONE',  ( -0.000000000000000000, -0.000000000000000000, -1.000000000000000000 ) ) ;
#2113 = ORIENTED_EDGE ( 'NONE', *, *, #5363, .F. ) ;
#2114 = VECTOR ( 'NONE', #4737, 1000.000000000000114 ) ;
#2115 = ORIENTED_EDGE ( 'NONE', *, *, #5281, .F. ) ;
#2116 = CARTESIAN_POINT ( 'NONE',  ( -2.336838289519742151, 73.75247735347947753, 0.2894348550765413197 ) ) ;
#2117 = CARTESIAN_POINT ( 'NONE',  ( 53.84735946252063599, -50.66302279686647836, 29.56570484543911448 ) ) ;
#2118 = ADVANCED_FACE ( 'NONE', ( #3457 ), #3057, .T. ) ;
#2119 = VERTEX_POINT ( 'NONE', #1259 ) ;
#2120 = ORIENTED_EDGE ( 'NONE', *, *, #4654, .T. ) ;
#2121 = CARTESIAN_POINT ( 'NONE',  ( 46.31313801744470027, 52.68181134868702742, 6.000000000000000000 ) ) ;
#2122 = VECTOR ( 'NONE', #4459, 1000.000000000000114 ) ;
#2123 = DIRECTION ( 'NONE',  ( 1.000000000000000000, 0.000000000000000000, 0.000000000000000000 ) ) ;
#2124 = CARTESIAN_POINT ( 'NONE',  ( 2.422050754468588085, -73.60488503480210909, 0.1446691037089576082 ) ) ;
#2125 = VERTEX_POINT ( 'NONE', #3026 ) ;
#2126 = ORIENTED_EDGE ( 'NONE', *, *, #5375, .T. ) ;
#2127 = ORIENTED_EDGE ( 'NONE', *, *, #1254, .F. ) ;
#2128 = LINE ( 'NONE', #5263, #3966 ) ;
#2129 = EDGE_CURVE ( 'NONE', #3916, #5116, #3184, .T. ) ;
#2130 = DIRECTION ( 'NONE',  ( -0.000000000000000000, -0.000000000000000000, -1.000000000000000000 ) ) ;
#2131 = CARTESIAN_POINT ( 'NONE',  ( 0.000000000000000000, 0.000000000000000000, 24.00000000000000000 ) ) ;
#2132 = CARTESIAN_POINT ( 'NONE',  ( -46.31313801743593928, 52.68181134866579640, 0.000000000000000000 ) ) ;
#2133 = AXIS2_PLACEMENT_3D ( 'NONE', #5066, #5472, #4103 ) ;
#2134 = DIRECTION ( 'NONE',  ( 0.9659258262890686453, -0.2588190451025194072, 0.000000000000000000 ) ) ;
#2135 = STYLED_ITEM ( 'NONE', ( #2298 ), #5013 ) ;
#2136 = CIRCLE ( 'NONE', #474, 2.049999999999996270 ) ;
#2137 = CARTESIAN_POINT ( 'NONE',  ( 53.84735946252063599, -50.66302279686647836, 0.4342951545608783048 ) ) ;
#2138 = CARTESIAN_POINT ( 'NONE',  ( -2.251666049839554429, 73.90000000000000568, 24.00000000000000000 ) ) ;
#2139 = LINE ( 'NONE', #5245, #3511 ) ;
#2140 = CARTESIAN_POINT ( 'NONE',  ( 46.31313801744470027, 52.68181134868702742, 24.00000000000000000 ) ) ;
#2141 = PLANE ( 'NONE',  #4545 ) ;
#2142 = CARTESIAN_POINT ( 'NONE',  ( -50.16916781821790039, 53.71503141977566287, 30.00000000000000000 ) ) ;
#2143 = ADVANCED_FACE ( 'NONE', ( #3932 ), #2651, .F. ) ;
#2144 = ORIENTED_EDGE ( 'NONE', *, *, #2300, .F. ) ;
#2145 = B_SPLINE_CURVE_WITH_KNOTS ( 'NONE', 3,
 ( #3336, #2377, #3215, #4237 ),
 .UNSPECIFIED., .F., .F.,
 ( 4, 4 ),
 ( 0.000000000000000000, 0.004503332099679078007 ),
 .UNSPECIFIED. ) ;
#2146 = ORIENTED_EDGE ( 'NONE', *, *, #2903, .T. ) ;
#2147 = CARTESIAN_POINT ( 'NONE',  ( -52.68181134865099580, -46.31313801745108805, 24.00000000000000000 ) ) ;
#2148 = FACE_OUTER_BOUND ( 'NONE', #310, .T. ) ;
#2149 = ORIENTED_EDGE ( 'NONE', *, *, #3045, .F. ) ;
#2150 = CARTESIAN_POINT ( 'NONE',  ( 45.61724112703850409, -50.08468879676195940, 24.00000000000000000 ) ) ;
#2151 = EDGE_CURVE ( 'NONE', #5371, #2559, #1042, .T. ) ;
#2152 = DIRECTION ( 'NONE',  ( -0.8884937717769024745, 0.4588886766021290642, 0.000000000000000000 ) ) ;
#2153 = CARTESIAN_POINT ( 'NONE',  ( -46.01640966833181068, -50.65532882781837998, 24.00000000000000000 ) ) ;
#2154 = EDGE_CURVE ( 'NONE', #4418, #1305, #3627, .T. ) ;
#2155 = EDGE_LOOP ( 'NONE', ( #1992, #1404, #1104, #1939, #4713, #2034, #3805, #1240, #5250, #5721, #2958, #1910, #2006, #3363, #3613, #1340, #3190, #305, #3593, #1277, #1734, #2915, #1804, #4671, #1473, #257, #504, #783, #4409, #1148, #1931, #4505, #1865, #174, #4877, #516 ) ) ;
#2156 = ORIENTED_EDGE ( 'NONE', *, *, #2785, .T. ) ;
#2157 = VECTOR ( 'NONE', #2232, 1000.000000000000000 ) ;
#2158 = DIRECTION ( 'NONE',  ( 0.4588886766021383901, 0.8884937717768977006, 0.000000000000000000 ) ) ;
#2159 = DIRECTION ( 'NONE',  ( -1.000000000000000000, 0.000000000000000000, 0.000000000000000000 ) ) ;
#2160 = DIRECTION ( 'NONE',  ( -0.000000000000000000, -0.000000000000000000, -1.000000000000000000 ) ) ;
#2161 = AXIS2_PLACEMENT_3D ( 'NONE', #4055, #441, #2284 ) ;
#2162 = CARTESIAN_POINT ( 'NONE',  ( -67.67148362173877274, 3.158962541870899088, 24.00000000000000000 ) ) ;
#2163 = FACE_BOUND ( 'NONE', #5432, .T. ) ;
#2164 = CARTESIAN_POINT ( 'NONE',  ( 73.90000000001516867, 2.251666049854370133, 6.000000000000000000 ) ) ;
#2165 = DIRECTION ( 'NONE',  ( 0.7071067811865467956, -0.7071067811865483499, 0.000000000000000000 ) ) ;
#2166 = FACE_OUTER_BOUND ( 'NONE', #3220, .T. ) ;
#2167 = EDGE_CURVE ( 'NONE', #853, #4959, #3304, .T. ) ;
#2168 = DIRECTION ( 'NONE',  ( 0.000000000000000000, -0.000000000000000000, 1.000000000000000000 ) ) ;
#2169 = ORIENTED_EDGE ( 'NONE', *, *, #4412, .T. ) ;
#2170 = ORIENTED_EDGE ( 'NONE', *, *, #1547, .F. ) ;
#2171 = FACE_OUTER_BOUND ( 'NONE', #1632, .T. ) ;
#2172 = CARTESIAN_POINT ( 'NONE',  ( -69.99999999998519229, -4.503332099694253188, 6.000000000000000000 ) ) ;
#2173 = EDGE_CURVE ( 'NONE', #503, #187, #2466, .T. ) ;
#2174 = AXIS2_PLACEMENT_3D ( 'NONE', #4897, #2251, #3172 ) ;
#2175 = VERTEX_POINT ( 'NONE', #1507 ) ;
#2176 = AXIS2_PLACEMENT_3D ( 'NONE', #4944, #111, #166 ) ;
#2177 = DIRECTION ( 'NONE',  ( 0.000000000000000000, 0.000000000000000000, 1.000000000000000000 ) ) ;
#2178 = CYLINDRICAL_SURFACE ( 'NONE', #1720, 2.049999999999989164 ) ;
#2179 = DIRECTION ( 'NONE',  ( 0.8408119004400780305, 0.5413273945389649455, -0.000000000000000000 ) ) ;
#2180 = VECTOR ( 'NONE', #3246, 1000.000000000000114 ) ;
#2181 = AXIS2_PLACEMENT_3D ( 'NONE', #5524, #334, #279 ) ;
#2182 = VERTEX_POINT ( 'NONE', #632 ) ;
#2183 = VERTEX_POINT ( 'NONE', #1015 ) ;
#2184 = VECTOR ( 'NONE', #4528, 1000.000000000000000 ) ;
#2185 = CARTESIAN_POINT ( 'NONE',  ( -51.72446835207860261, 52.78591390727822130, 29.61142111276240030 ) ) ;
#2186 = EDGE_CURVE ( 'NONE', #3956, #2119, #2145, .T. ) ;
#2187 = CARTESIAN_POINT ( 'NONE',  ( 46.31313801746588865, -52.68181134866613746, 6.000000000000000000 ) ) ;
#2188 = CARTESIAN_POINT ( 'NONE',  ( -73.89999999998518376, 9.435722452876597630E-15, 0.3999999999852009158 ) ) ;
#2189 = ORIENTED_EDGE ( 'NONE', *, *, #4278, .T. ) ;
#2190 = EDGE_CURVE ( 'NONE', #4927, #1689, #1138, .T. ) ;
#2191 = CARTESIAN_POINT ( 'NONE',  ( 0.000000000000000000, -70.00000000000000000, 24.00000000000000000 ) ) ;
#2192 = VERTEX_POINT ( 'NONE', #5049 ) ;
#2193 = DIRECTION ( 'NONE',  ( 1.000000000000000000, 0.000000000000000000, 0.000000000000000000 ) ) ;
#2194 = DIRECTION ( 'NONE',  ( -0.8660254037844387076, 0.5000000000000001110, 0.000000000000000000 ) ) ;
#2195 = EDGE_CURVE ( 'NONE', #2689, #1704, #2434, .T. ) ;
#2196 = DIRECTION ( 'NONE',  ( 0.000000000000000000, 0.000000000000000000, 1.000000000000000000 ) ) ;
#2197 = CARTESIAN_POINT ( 'NONE',  ( 2.251666049839532668, 66.10000000000000853, 30.00000000000000000 ) ) ;
#2198 = ORIENTED_EDGE ( 'NONE', *, *, #1876, .F. ) ;
#2199 = ORIENTED_EDGE ( 'NONE', *, *, #2495, .F. ) ;
#2200 = ADVANCED_FACE ( 'NONE', ( #5455 ), #5107, .T. ) ;
#2201 = DIRECTION ( 'NONE',  ( 0.000000000000000000, 0.000000000000000000, 1.000000000000000000 ) ) ;
#2202 = PLANE ( 'NONE',  #2795 ) ;
#2203 = AXIS2_PLACEMENT_3D ( 'NONE', #4079, #117, #3667 ) ;
#2204 = ORIENTED_EDGE ( 'NONE', *, *, #4269, .T. ) ;
#2205 = DIRECTION ( 'NONE',  ( 0.000000000000000000, 0.000000000000000000, 1.000000000000000000 ) ) ;
#2206 = CARTESIAN_POINT ( 'NONE',  ( -73.89999999998519797, -2.251666049854712526, 0.4342951545348930353 ) ) ;
#2207 = CARTESIAN_POINT ( 'NONE',  ( 4.503332099679070666, 70.00000000000000000, 0.000000000000000000 ) ) ;
#2208 = AXIS2_PLACEMENT_3D ( 'NONE', #4616, #4676, #4270 ) ;
#2209 = ORIENTED_EDGE ( 'NONE', *, *, #4361, .F. ) ;
#2210 = EDGE_LOOP ( 'NONE', ( #1392, #1586 ) ) ;
#2211 = EDGE_CURVE ( 'NONE', #4884, #4218, #5028, .T. ) ;
#2212 = VECTOR ( 'NONE', #2861, 1000.000000000000227 ) ;
#2213 = ORIENTED_EDGE ( 'NONE', *, *, #422, .T. ) ;
#2214 = CARTESIAN_POINT ( 'NONE',  ( 0.000000000000000000, 0.000000000000000000, 0.000000000000000000 ) ) ;
#2215 = DIRECTION ( 'NONE',  ( -0.000000000000000000, -0.000000000000000000, -1.000000000000000000 ) ) ;
#2216 = LINE ( 'NONE', #3432, #4760 ) ;
#2217 = VECTOR ( 'NONE', #4544, 1000.000000000000000 ) ;
#2218 = CARTESIAN_POINT ( 'NONE',  ( 2.251666049869518904, -73.90000000000034674, 24.00000000000000000 ) ) ;
#2219 = APPLICATION_CONTEXT ( 'automotive_design' ) ;
#2220 = CARTESIAN_POINT ( 'NONE',  ( -50.66302279687255350, 53.84735946248426330, 6.000000000000000000 ) ) ;
#2221 = CARTESIAN_POINT ( 'NONE',  ( -5.003049854849829003, -64.80717161047755326, 0.000000000000000000 ) ) ;
#2222 = MECHANICAL_DESIGN_GEOMETRIC_PRESENTATION_REPRESENTATION (  '', ( #4266 ), #293 ) ;
#2223 = EDGE_CURVE ( 'NONE', #4959, #1039, #3275, .T. ) ;
#2224 = DIRECTION ( 'NONE',  ( -0.2588190451025197958, 0.9659258262890685343, 0.000000000000000000 ) ) ;
#2225 = PRESENTATION_STYLE_ASSIGNMENT (( #4460 ) ) ;
#2226 = DIRECTION ( 'NONE',  ( 0.000000000000000000, 0.000000000000000000, 1.000000000000000000 ) ) ;
#2227 = CIRCLE ( 'NONE', #3150, 65.00000000000000000 ) ;
#2228 = EDGE_CURVE ( 'NONE', #5211, #2021, #1074, .T. ) ;
#2229 = ORIENTED_EDGE ( 'NONE', *, *, #2186, .T. ) ;
#2230 = ORIENTED_EDGE ( 'NONE', *, *, #3427, .F. ) ;
#2231 = PRODUCT_DEFINITION_FORMATION_WITH_SPECIFIED_SOURCE ( 'ANY', '', #3126, .NOT_KNOWN. ) ;
#2232 = DIRECTION ( 'NONE',  ( -0.000000000000000000, -0.000000000000000000, -1.000000000000000000 ) ) ;
#2233 = LINE ( 'NONE', #4002, #2985 ) ;
#2234 = ORIENTED_EDGE ( 'NONE', *, *, #4247, .F. ) ;
#2235 = CYLINDRICAL_SURFACE ( 'NONE', #4808, 2.049999999999989164 ) ;
#2236 = CARTESIAN_POINT ( 'NONE',  ( 68.35724183972041601, 3.280211195049038242, 30.00000000000000000 ) ) ;
#2237 = CARTESIAN_POINT ( 'NONE',  ( -73.89999999998518376, -0.7505553499515670302, 0.3999999999852018040 ) ) ;
#2238 = ORIENTED_EDGE ( 'NONE', *, *, #5668, .T. ) ;
#2239 = VERTEX_POINT ( 'NONE', #2835 ) ;
#2240 = ORIENTED_EDGE ( 'NONE', *, *, #608, .F. ) ;
#2241 = LINE ( 'NONE', #4393, #3406 ) ;
#2242 = DIRECTION ( 'NONE',  ( 0.9527432661005502679, 0.3037766760303628466, 0.000000000000000000 ) ) ;
#2243 = ADVANCED_FACE ( 'NONE', ( #3677 ), #4612, .F. ) ;
#2244 = ORIENTED_EDGE ( 'NONE', *, *, #4096, .T. ) ;
#2245 = VECTOR ( 'NONE', #1561, 1000.000000000000000 ) ;
#2246 = LINE ( 'NONE', #2218, #790 ) ;
#2247 = DIRECTION ( 'NONE',  ( 0.4999999999999996114, 0.8660254037844389297, -0.000000000000000000 ) ) ;
#2248 = CARTESIAN_POINT ( 'NONE',  ( 46.01640966833215174, 50.65532882781805313, 0.000000000000000000 ) ) ;
#2249 = CARTESIAN_POINT ( 'NONE',  ( 0.000000000000000000, 0.000000000000000000, 30.00000000000000000 ) ) ;
#2250 = VECTOR ( 'NONE', #985, 1000.000000000000114 ) ;
#2251 = DIRECTION ( 'NONE',  ( -0.000000000000000000, -0.000000000000000000, 1.000000000000000000 ) ) ;
#2252 = VERTEX_POINT ( 'NONE', #1568 ) ;
#2253 = EDGE_CURVE ( 'NONE', #105, #5519, #1914, .T. ) ;
#2254 = ORIENTED_EDGE ( 'NONE', *, *, #578, .T. ) ;
#2255 = DIRECTION ( 'NONE',  ( -0.000000000000000000, -0.000000000000000000, 1.000000000000000000 ) ) ;
#2256 = DIRECTION ( 'NONE',  ( -0.2588190451025230154, -0.9659258262890677571, 0.000000000000000000 ) ) ;
#2257 = EDGE_CURVE ( 'NONE', #70, #4090, #577, .T. ) ;
#2258 = ORIENTED_EDGE ( 'NONE', *, *, #3460, .F. ) ;
#2259 = PLANE ( 'NONE',  #85 ) ;
#2260 = DIRECTION ( 'NONE',  ( 0.9527432661005481584, 0.3037766760303694524, 0.000000000000000000 ) ) ;
#2261 = CARTESIAN_POINT ( 'NONE',  ( -49.14432598361734250, -41.27740928273721721, 30.00000000000000000 ) ) ;
#2262 = VECTOR ( 'NONE', #4456, 1000.000000000000000 ) ;
#2263 = VECTOR ( 'NONE', #5330, 1000.000000000000000 ) ;
#2264 = ORIENTED_EDGE ( 'NONE', *, *, #2271, .F. ) ;
#2265 = ORIENTED_EDGE ( 'NONE', *, *, #3960, .T. ) ;
#2266 = ORIENTED_EDGE ( 'NONE', *, *, #3224, .F. ) ;
#2267 = PLANE ( 'NONE',  #534 ) ;
#2268 = VECTOR ( 'NONE', #4006, 1000.000000000000000 ) ;
#2269 = CARTESIAN_POINT ( 'NONE',  ( 0.000000000000000000, 0.000000000000000000, 1.500000000000025535 ) ) ;
#2270 = VECTOR ( 'NONE', #1, 1000.000000000000000 ) ;
#2271 = EDGE_CURVE ( 'NONE', #1985, #735, #5516, .T. ) ;
#2272 = B_SPLINE_CURVE_WITH_KNOTS ( 'NONE', 3,
 ( #1358, #3096, #978, #2691 ),
 .UNSPECIFIED., .F., .F.,
 ( 4, 4 ),
 ( 0.000000000000000000, 0.004503332099679073670 ),
 .UNSPECIFIED. ) ;
#2273 = FILL_AREA_STYLE ('',( #5404 ) ) ;
#2274 = ORIENTED_EDGE ( 'NONE', *, *, #3665, .F. ) ;
#2275 = EDGE_CURVE ( 'NONE', #4614, #5261, #1101, .T. ) ;
#2276 = CARTESIAN_POINT ( 'NONE',  ( 73.90000000001515446, 8.664557477429895298E-15, 29.59999999998484199 ) ) ;
#2277 = CARTESIAN_POINT ( 'NONE',  ( 0.000000000000000000, 0.000000000000000000, 24.00000000000000000 ) ) ;
#2278 = DIRECTION ( 'NONE',  ( -0.000000000000000000, -0.000000000000000000, -1.000000000000000000 ) ) ;
#2279 = DIRECTION ( 'NONE',  ( -0.000000000000000000, -0.000000000000000000, -1.000000000000000000 ) ) ;
#2280 = VERTEX_POINT ( 'NONE', #661 ) ;
#2281 = EDGE_CURVE ( 'NONE', #3080, #3936, #4202, .T. ) ;
#2282 = ORIENTED_EDGE ( 'NONE', *, *, #2504, .F. ) ;
#2283 = DIRECTION ( 'NONE',  ( 0.2588190451025234040, 0.9659258262890676461, -0.000000000000000000 ) ) ;
#2284 = DIRECTION ( 'NONE',  ( 1.000000000000000000, 0.000000000000000000, -0.000000000000000000 ) ) ;
#2285 = ORIENTED_EDGE ( 'NONE', *, *, #5552, .F. ) ;
#2286 = CARTESIAN_POINT ( 'NONE',  ( 0.000000000000000000, 0.000000000000000000, 0.000000000000000000 ) ) ;
#2287 = DIRECTION ( 'NONE',  ( 0.2117675249829847617, 0.9773200680240742289, -0.000000000000000000 ) ) ;
#2288 = CARTESIAN_POINT ( 'NONE',  ( 5.562750146221481451, 63.93782217349414054, 24.00000000000000000 ) ) ;
#2289 = EDGE_CURVE ( 'NONE', #2436, #421, #206, .T. ) ;
#2290 = AXIS2_PLACEMENT_3D ( 'NONE', #2758, #2295, #4997 ) ;
#2291 = ORIENTED_EDGE ( 'NONE', *, *, #4751, .T. ) ;
#2292 = EDGE_CURVE ( 'NONE', #443, #3344, #2895, .T. ) ;
#2293 = VERTEX_POINT ( 'NONE', #1596 ) ;
#2294 = CONICAL_SURFACE ( 'NONE', #2578, 73.49999999999998579, 0.7853981633974540522 ) ;
#2295 = DIRECTION ( 'NONE',  ( 0.000000000000000000, 0.000000000000000000, 1.000000000000000000 ) ) ;
#2296 = DIRECTION ( 'NONE',  ( -0.8660254037844385966, 0.5000000000000001110, 0.000000000000000000 ) ) ;
#2297 = VECTOR ( 'NONE', #3995, 1000.000000000000000 ) ;
#2298 = PRESENTATION_STYLE_ASSIGNMENT (( #109 ) ) ;
#2299 = VERTEX_POINT ( 'NONE', #3418 ) ;
#2300 = EDGE_CURVE ( 'NONE', #4445, #5137, #1588, .T. ) ;
#2301 = CARTESIAN_POINT ( 'NONE',  ( -50.56947335667388899, 45.74713875833199950, 24.00000000000000000 ) ) ;
#2302 = DIRECTION ( 'NONE',  ( -0.9659258262890688673, 0.2588190451025186301, 0.000000000000000000 ) ) ;
#2303 = AXIS2_PLACEMENT_3D ( 'NONE', #5297, #860, #3525 ) ;
#2304 = CARTESIAN_POINT ( 'NONE',  ( 50.16916781820219029, 53.71503141979034268, 30.00000000000000000 ) ) ;
#2305 = CARTESIAN_POINT ( 'NONE',  ( 0.000000000000000000, 0.000000000000000000, 30.00000000000000000 ) ) ;
#2306 = ORIENTED_EDGE ( 'NONE', *, *, #4807, .F. ) ;
#2307 = VERTEX_POINT ( 'NONE', #2955 ) ;
#2308 = LINE ( 'NONE', #2742, #4168 ) ;
#2309 = DIRECTION ( 'NONE',  ( -0.9659258262890675351, 0.2588190451025233485, 0.000000000000000000 ) ) ;
#2310 = CARTESIAN_POINT ( 'NONE',  ( 75.00000000000001421, 9.184850993605150311E-15, 30.00000000000000000 ) ) ;
#2311 = EDGE_CURVE ( 'NONE', #2386, #2700, #5608, .T. ) ;
#2312 = VECTOR ( 'NONE', #5574, 1000.000000000000000 ) ;
#2313 = ORIENTED_EDGE ( 'NONE', *, *, #5563, .T. ) ;
#2314 = DIRECTION ( 'NONE',  ( 1.000000000000000000, 0.000000000000000000, -0.000000000000000000 ) ) ;
#2315 = CARTESIAN_POINT ( 'NONE',  ( -3.280211195049754558, 68.35724183972038759, 24.00000000000000000 ) ) ;
#2316 = CARTESIAN_POINT ( 'NONE',  ( -3.158962541858369999, -67.67148362175787213, 24.00000000000000000 ) ) ;
#2317 = DIRECTION ( 'NONE',  ( 0.4999999999999998335, -0.8660254037844387076, 0.000000000000000000 ) ) ;
#2318 = ORIENTED_EDGE ( 'NONE', *, *, #5507, .T. ) ;
#2319 = VERTEX_POINT ( 'NONE', #5690 ) ;
#2320 = ADVANCED_FACE ( 'NONE', ( #2059, #5135 ), #1650, .T. ) ;
#2321 = ORIENTED_EDGE ( 'NONE', *, *, #2882, .F. ) ;
#2322 = DIRECTION ( 'NONE',  ( 1.000000000000000000, 0.000000000000000000, 0.000000000000000000 ) ) ;
#2323 = DIRECTION ( 'NONE',  ( -0.2117675249829779338, -0.9773200680240755611, 0.000000000000000000 ) ) ;
#2324 = B_SPLINE_CURVE_WITH_KNOTS ( 'NONE', 3,
 ( #2946, #1149, #682, #264 ),
 .UNSPECIFIED., .F., .F.,
 ( 4, 4 ),
 ( 0.002251666049854377395, 0.004503332099679084946 ),
 .UNSPECIFIED. ) ;
#2325 = EDGE_CURVE ( 'NONE', #3621, #867, #2983, .T. ) ;
#2326 = ORIENTED_EDGE ( 'NONE', *, *, #3445, .F. ) ;
#2327 = ORIENTED_EDGE ( 'NONE', *, *, #5242, .F. ) ;
#2328 = DIRECTION ( 'NONE',  ( -0.000000000000000000, -0.000000000000000000, -1.000000000000000000 ) ) ;
#2329 = DIRECTION ( 'NONE',  ( 0.000000000000000000, 0.000000000000000000, 1.000000000000000000 ) ) ;
#2330 = DIRECTION ( 'NONE',  ( 1.000000000000000000, 0.000000000000000000, 0.000000000000000000 ) ) ;
#2331 = FACE_OUTER_BOUND ( 'NONE', #325, .T. ) ;
#2332 = EDGE_LOOP ( 'NONE', ( #2230, #5090, #3674, #4097, #2497 ) ) ;
#2333 = VECTOR ( 'NONE', #570, 1000.000000000000000 ) ;
#2334 = VECTOR ( 'NONE', #4874, 1000.000000000000000 ) ;
#2335 = ORIENTED_EDGE ( 'NONE', *, *, #2925, .F. ) ;
#2336 = DIRECTION ( 'NONE',  ( 1.000000000000000000, 0.000000000000000000, 0.000000000000000000 ) ) ;
#2337 = UNCERTAINTY_MEASURE_WITH_UNIT (LENGTH_MEASURE( 1.000000000000000082E-05 ), #4016, 'distance_accuracy_value', 'NONE');
#2338 = B_SPLINE_CURVE_WITH_KNOTS ( 'NONE', 3,
 ( #1292, #3963, #1754, #3061 ),
 .UNSPECIFIED., .F., .F.,
 ( 4, 4 ),
 ( 8.861340470989089640E-19, 0.0006708321191515441038 ),
 .UNSPECIFIED. ) ;
#2339 = CARTESIAN_POINT ( 'NONE',  ( -49.43847724036399427, 42.19996407763886026, 30.00000000000000000 ) ) ;
#2340 = DIRECTION ( 'NONE',  ( -0.000000000000000000, -0.000000000000000000, -1.000000000000000000 ) ) ;
#2341 = VECTOR ( 'NONE', #3612, 1000.000000000000000 ) ;
#2342 = EDGE_CURVE ( 'NONE', #5282, #5699, #5194, .T. ) ;
#2343 = ORIENTED_EDGE ( 'NONE', *, *, #4825, .F. ) ;
#2344 = ADVANCED_FACE ( 'NONE', ( #1624 ), #5222, .F. ) ;
#2345 = LINE ( 'NONE', #4034, #1461 ) ;
#2346 = CARTESIAN_POINT ( 'NONE',  ( 46.31313801746588865, -52.68181134866613746, 24.00000000000000000 ) ) ;
#2347 = CARTESIAN_POINT ( 'NONE',  ( 53.84735946252063599, -50.66302279686647836, 6.000000000000000000 ) ) ;
#2348 = CARTESIAN_POINT ( 'NONE',  ( 70.00000000001516298, 4.503332099693911239, 0.000000000000000000 ) ) ;
#2349 = ORIENTED_EDGE ( 'NONE', *, *, #2576, .T. ) ;
#2350 = ORIENTED_EDGE ( 'NONE', *, *, #1625, .T. ) ;
#2351 = ORIENTED_EDGE ( 'NONE', *, *, #5570, .F. ) ;
#2352 = DIRECTION ( 'NONE',  ( 1.000000000000000000, 0.000000000000000000, 0.000000000000000000 ) ) ;
#2353 = CARTESIAN_POINT ( 'NONE',  ( -49.14432598361734250, -41.27740928273721721, 24.00000000000000000 ) ) ;
#2354 = DIRECTION ( 'NONE',  ( -0.8660254037844388186, 0.4999999999999995559, 0.000000000000000000 ) ) ;
#2355 = ORIENTED_EDGE ( 'NONE', *, *, #4070, .F. ) ;
#2356 = AXIS2_PLACEMENT_3D ( 'NONE', #2084, #5217, #2950 ) ;
#2357 = ORIENTED_EDGE ( 'NONE', *, *, #4541, .T. ) ;
#2358 = ORIENTED_EDGE ( 'NONE', *, *, #1923, .F. ) ;
#2359 = VECTOR ( 'NONE', #3628, 1000.000000000000000 ) ;
#2360 = FACE_OUTER_BOUND ( 'NONE', #3808, .T. ) ;
#2361 = DIRECTION ( 'NONE',  ( 1.000000000000000000, 0.000000000000000000, 0.000000000000000000 ) ) ;
#2362 = CARTESIAN_POINT ( 'NONE',  ( -52.68181134867221971, 46.31313801742953729, 30.00000000000000000 ) ) ;
#2363 = EDGE_CURVE ( 'NONE', #3761, #3242, #1318, .T. ) ;
#2364 = AXIS2_PLACEMENT_3D ( 'NONE', #5694, #4880, #3130 ) ;
#2365 = FACE_OUTER_BOUND ( 'NONE', #5303, .T. ) ;
#2366 = ORIENTED_EDGE ( 'NONE', *, *, #3419, .F. ) ;
#2367 = EDGE_CURVE ( 'NONE', #331, #480, #3360, .T. ) ;
#2368 = ORIENTED_EDGE ( 'NONE', *, *, #3217, .F. ) ;
#2369 = DIRECTION ( 'NONE',  ( -0.4999999999999998890, 0.8660254037844387076, 0.000000000000000000 ) ) ;
#2370 = PLANE ( 'NONE',  #5597 ) ;
#2371 = LINE ( 'NONE', #2829, #1760 ) ;
#2372 = EDGE_LOOP ( 'NONE', ( #1406, #581, #4589, #3998 ) ) ;
#2373 = EDGE_CURVE ( 'NONE', #1113, #1548, #3015, .T. ) ;
#2374 = DIRECTION ( 'NONE',  ( 0.8660254037844394848, 0.4999999999999984457, 0.000000000000000000 ) ) ;
#2375 = LINE ( 'NONE', #182, #3949 ) ;
#2376 = CARTESIAN_POINT ( 'NONE',  ( -53.84735946249068661, 50.66302279686613730, 0.000000000000000000 ) ) ;
#2377 = CARTESIAN_POINT ( 'NONE',  ( -51.72446835205736448, -52.78591390729979338, 0.3885788872381427672 ) ) ;
#2378 = ORIENTED_EDGE ( 'NONE', *, *, #3829, .T. ) ;
#2379 = ORIENTED_EDGE ( 'NONE', *, *, #557, .T. ) ;
#2380 = VERTEX_POINT ( 'NONE', #2522 ) ;
#2381 = PLANE ( 'NONE',  #1088 ) ;
#2382 = DIRECTION ( 'NONE',  ( 1.000000000000000000, 0.000000000000000000, 0.000000000000000000 ) ) ;
#2383 = DIRECTION ( 'NONE',  ( 0.7071067811865483499, 0.7071067811865467956, -0.000000000000000000 ) ) ;
#2384 = ORIENTED_EDGE ( 'NONE', *, *, #3209, .T. ) ;
#2385 = ADVANCED_FACE ( 'NONE', ( #4265 ), #271, .F. ) ;
#2386 = VERTEX_POINT ( 'NONE', #1274 ) ;
#2387 = AXIS2_PLACEMENT_3D ( 'NONE', #1395, #3164, #2352 ) ;
#2388 = ORIENTED_EDGE ( 'NONE', *, *, #733, .F. ) ;
#2389 = CARTESIAN_POINT ( 'NONE',  ( -73.89999999998519797, -2.251666049854712526, 6.000000000000000000 ) ) ;
#2390 = DIRECTION ( 'NONE',  ( 0.8884937717769024745, -0.4588886766021290642, 0.000000000000000000 ) ) ;
#2391 = CARTESIAN_POINT ( 'NONE',  ( 0.000000000000000000, 0.000000000000000000, 30.00000000000000000 ) ) ;
#2392 = ADVANCED_FACE ( 'NONE', ( #2148 ), #1215, .T. ) ;
#2393 = DIRECTION ( 'NONE',  ( 0.4999999999999996114, 0.8660254037844388186, 0.000000000000000000 ) ) ;
#2394 = VECTOR ( 'NONE', #4293, 1000.000000000000000 ) ;
#2395 = ADVANCED_FACE ( 'NONE', ( #4794 ), #813, .F. ) ;
#2396 = ORIENTED_EDGE ( 'NONE', *, *, #3704, .T. ) ;
#2397 = DIRECTION ( 'NONE',  ( 0.000000000000000000, 0.000000000000000000, 1.000000000000000000 ) ) ;
#2398 = DIRECTION ( 'NONE',  ( 0.8660254037844397068, 0.4999999999999983347, -0.000000000000000000 ) ) ;
#2399 = DIRECTION ( 'NONE',  ( 0.8408119004400780305, 0.5413273945389649455, 0.000000000000000000 ) ) ;
#2400 = EDGE_CURVE ( 'NONE', #2984, #1570, #4356, .T. ) ;
#2401 = ORIENTED_EDGE ( 'NONE', *, *, #5188, .T. ) ;
#2402 = FACE_OUTER_BOUND ( 'NONE', #3453, .T. ) ;
#2403 = CARTESIAN_POINT ( 'NONE',  ( 70.00000000000000000, 0.000000000000000000, -5.000000000000004441 ) ) ;
#2404 = DIRECTION ( 'NONE',  ( -0.000000000000000000, -0.000000000000000000, 1.000000000000000000 ) ) ;
#2405 = DIRECTION ( 'NONE',  ( 1.000000000000000000, 0.000000000000000000, 0.000000000000000000 ) ) ;
#2406 = DIRECTION ( 'NONE',  ( 0.5000000000000001110, 0.8660254037844385966, 0.000000000000000000 ) ) ;
#2407 = AXIS2_PLACEMENT_3D ( 'NONE', #1839, #4843, #2604 ) ;
#2408 = VECTOR ( 'NONE', #3849, 1000.000000000000000 ) ;
#2409 = ORIENTED_EDGE ( 'NONE', *, *, #4882, .F. ) ;
#2410 = AXIS2_PLACEMENT_3D ( 'NONE', #4576, #5445, #2336 ) ;
#2411 = ORIENTED_EDGE ( 'NONE', *, *, #4561, .T. ) ;
#2412 = ORIENTED_EDGE ( 'NONE', *, *, #4761, .F. ) ;
#2413 = CARTESIAN_POINT ( 'NONE',  ( 50.33386482372038273, 53.75916184941477383, 0.1446691037121290158 ) ) ;
#2414 = DIRECTION ( 'NONE',  ( -0.7071067811865450192, 8.659560562354902043E-17, 0.7071067811865500152 ) ) ;
#2415 = CARTESIAN_POINT ( 'NONE',  ( 46.31313801744470027, 52.68181134868702742, 6.000000000000000000 ) ) ;
#2416 = ORIENTED_EDGE ( 'NONE', *, *, #878, .F. ) ;
#2417 = ORIENTED_EDGE ( 'NONE', *, *, #3051, .T. ) ;
#2418 = ORIENTED_EDGE ( 'NONE', *, *, #4838, .T. ) ;
#2419 = FACE_OUTER_BOUND ( 'NONE', #366, .T. ) ;
#2420 = EDGE_CURVE ( 'NONE', #3828, #823, #4702, .T. ) ;
#2421 = CARTESIAN_POINT ( 'NONE',  ( 0.000000000000000000, 0.000000000000000000, 0.000000000000000000 ) ) ;
#2422 = FACE_OUTER_BOUND ( 'NONE', #1482, .T. ) ;
#2423 = CYLINDRICAL_SURFACE ( 'NONE', #4863, 2.049999999999996270 ) ;
#2424 = ORIENTED_EDGE ( 'NONE', *, *, #2749, .F. ) ;
#2425 = CARTESIAN_POINT ( 'NONE',  ( 0.000000000000000000, 0.000000000000000000, 30.00000000000000000 ) ) ;
#2426 = DIRECTION ( 'NONE',  ( -0.000000000000000000, 0.000000000000000000, -1.000000000000000000 ) ) ;
#2427 = CARTESIAN_POINT ( 'NONE',  ( -73.89999999998518376, 2.251666049824373239, 6.000000000000000000 ) ) ;
#2428 = ORIENTED_EDGE ( 'NONE', *, *, #865, .T. ) ;
#2429 = CARTESIAN_POINT ( 'NONE',  ( -50.66302279685133669, -53.84735946250582828, 30.00000000000000000 ) ) ;
#2430 = DIRECTION ( 'NONE',  ( 0.000000000000000000, -0.000000000000000000, 1.000000000000000000 ) ) ;
#2431 = AXIS2_PLACEMENT_3D ( 'NONE', #5448, #654, #5478 ) ;
#2432 = ORIENTED_EDGE ( 'NONE', *, *, #1436, .F. ) ;
#2433 = LINE ( 'NONE', #3417, #3592 ) ;
#2434 = LINE ( 'NONE', #3707, #2621 ) ;
#2435 = EDGE_CURVE ( 'NONE', #5645, #912, #2662, .T. ) ;
#2436 = VERTEX_POINT ( 'NONE', #2633 ) ;
#2437 = EDGE_LOOP ( 'NONE', ( #5550, #4209, #3649, #5529 ) ) ;
#2438 = ORIENTED_EDGE ( 'NONE', *, *, #1096, .T. ) ;
#2439 = LINE ( 'NONE', #1513, #2114 ) ;
#2440 = PLANE ( 'NONE',  #974 ) ;
#2441 = CARTESIAN_POINT ( 'NONE',  ( -73.89999999998518376, 2.251666049824373239, 24.00000000000000000 ) ) ;
#2442 = ADVANCED_FACE ( 'NONE', ( #3178 ), #1765, .F. ) ;
#2443 = VERTEX_POINT ( 'NONE', #3948 ) ;
#2444 = ORIENTED_EDGE ( 'NONE', *, *, #2257, .T. ) ;
#2445 = EDGE_LOOP ( 'NONE', ( #5166, #51, #1922, #3809, #3607 ) ) ;
#2446 = EDGE_CURVE ( 'NONE', #131, #4240, #2233, .T. ) ;
#2447 = CARTESIAN_POINT ( 'NONE',  ( 0.000000000000000000, 0.000000000000000000, 6.000000000000000000 ) ) ;
#2448 = VECTOR ( 'NONE', #3968, 1000.000000000000114 ) ;
#2449 = CARTESIAN_POINT ( 'NONE',  ( 0.000000000000000000, -70.00000000000000000, 6.000000000000000000 ) ) ;
#2450 = LINE ( 'NONE', #2998, #4634 ) ;
#2451 = DIRECTION ( 'NONE',  ( 0.000000000000000000, 0.000000000000000000, 1.000000000000000000 ) ) ;
#2452 = ADVANCED_FACE ( 'NONE', ( #869 ), #4493, .T. ) ;
#2453 = VECTOR ( 'NONE', #3659, 1000.000000000000000 ) ;
#2454 = ORIENTED_EDGE ( 'NONE', *, *, #1359, .F. ) ;
#2455 = LINE ( 'NONE', #3882, #3790 ) ;
#2456 = VECTOR ( 'NONE', #5019, 1000.000000000000114 ) ;
#2457 = CARTESIAN_POINT ( 'NONE',  ( 52.68181134870217619, -46.31313801742987835, 0.000000000000000000 ) ) ;
#2458 = DIRECTION ( 'NONE',  ( 0.4588886766021259556, 0.8884937717769040288, 0.000000000000000000 ) ) ;
#2459 = CIRCLE ( 'NONE', #341, 65.00000000000000000 ) ;
#2460 = EDGE_CURVE ( 'NONE', #4354, #566, #495, .T. ) ;
#2461 = ORIENTED_EDGE ( 'NONE', *, *, #1915, .F. ) ;
#2462 = VECTOR ( 'NONE', #604, 1000.000000000000114 ) ;
#2463 = CARTESIAN_POINT ( 'NONE',  ( 68.10612956743845814, 3.409905495635485284, 0.000000000000000000 ) ) ;
#2464 = CARTESIAN_POINT ( 'NONE',  ( -2.251666049809566417, -73.90000000000034674, 6.000000000000000000 ) ) ;
#2465 = LINE ( 'NONE', #5077, #5421 ) ;
#2466 = LINE ( 'NONE', #1447, #3167 ) ;
#2467 = ADVANCED_FACE ( 'NONE', ( #4900 ), #1736, .F. ) ;
#2468 = ORIENTED_EDGE ( 'NONE', *, *, #4741, .F. ) ;
#2469 = ORIENTED_EDGE ( 'NONE', *, *, #1331, .F. ) ;
#2470 = FACE_OUTER_BOUND ( 'NONE', #793, .T. ) ;
#2471 = EDGE_CURVE ( 'NONE', #2380, #4849, #897, .T. ) ;
#2472 = CARTESIAN_POINT ( 'NONE',  ( 73.90000000001515446, 8.664557477429895298E-15, 29.59999999998484199 ) ) ;
#2473 = DIRECTION ( 'NONE',  ( -0.8660254037844395958, -0.4999999999999985012, 0.000000000000000000 ) ) ;
#2474 = ORIENTED_EDGE ( 'NONE', *, *, #1110, .T. ) ;
#2475 = ADVANCED_FACE ( 'NONE', ( #1847 ), #3070, .F. ) ;
#2476 = ORIENTED_EDGE ( 'NONE', *, *, #898, .F. ) ;
#2477 = ORIENTED_EDGE ( 'NONE', *, *, #2716, .T. ) ;
#2478 = ORIENTED_EDGE ( 'NONE', *, *, #1974, .T. ) ;
#2479 = DIRECTION ( 'NONE',  ( -0.8884937717769024745, 0.4588886766021290642, 0.000000000000000000 ) ) ;
#2480 = LINE ( 'NONE', #4625, #1975 ) ;
#2481 = CARTESIAN_POINT ( 'NONE',  ( -49.49747468305858433, -49.49747468305806564, 24.00000000000000000 ) ) ;
#2482 = VECTOR ( 'NONE', #5111, 1000.000000000000227 ) ;
#2483 = EDGE_CURVE ( 'NONE', #3345, #3393, #2272, .T. ) ;
#2484 = DIRECTION ( 'NONE',  ( -1.000000000000000000, 0.000000000000000000, 0.000000000000000000 ) ) ;
#2485 = VECTOR ( 'NONE', #2611, 1000.000000000000000 ) ;
#2486 = ORIENTED_EDGE ( 'NONE', *, *, #477, .T. ) ;
#2487 = CARTESIAN_POINT ( 'NONE',  ( 53.84735946249942629, 50.66302279688734700, 29.56570484544026556 ) ) ;
#2488 = DIRECTION ( 'NONE',  ( 0.000000000000000000, 0.000000000000000000, 1.000000000000000000 ) ) ;
#2489 = PLANE ( 'NONE',  #2503 ) ;
#2490 = VECTOR ( 'NONE', #1063, 1000.000000000000114 ) ;
#2491 = ORIENTED_EDGE ( 'NONE', *, *, #1241, .F. ) ;
#2492 = DIRECTION ( 'NONE',  ( 0.8660254037844385966, 0.4999999999999998890, 0.000000000000000000 ) ) ;
#2493 = CARTESIAN_POINT ( 'NONE',  ( -53.84735946249068661, 50.66302279686613730, 29.56570484546115907 ) ) ;
#2494 = CARTESIAN_POINT ( 'NONE',  ( 0.000000000000000000, 0.000000000000000000, 24.00000000000000000 ) ) ;
#2495 = EDGE_CURVE ( 'NONE', #5143, #1563, #4875, .T. ) ;
#2496 = AXIS2_PLACEMENT_3D ( 'NONE', #3552, #404, #1293 ) ;
#2497 = ORIENTED_EDGE ( 'NONE', *, *, #214, .T. ) ;
#2498 = ORIENTED_EDGE ( 'NONE', *, *, #1726, .F. ) ;
#2499 = LINE ( 'NONE', #3776, #3581 ) ;
#2500 = CARTESIAN_POINT ( 'NONE',  ( -73.89999999998518376, 2.251666049824373239, 6.000000000000000000 ) ) ;
#2501 = CARTESIAN_POINT ( 'NONE',  ( 0.000000000000000000, 70.00000000000000000, -5.000000000000004441 ) ) ;
#2502 = VERTEX_POINT ( 'NONE', #5391 ) ;
#2503 = AXIS2_PLACEMENT_3D ( 'NONE', #4726, #2515, #4260 ) ;
#2504 = EDGE_CURVE ( 'NONE', #867, #3580, #1383, .T. ) ;
#2505 = ORIENTED_EDGE ( 'NONE', *, *, #3821, .T. ) ;
#2506 = VERTEX_POINT ( 'NONE', #4381 ) ;
#2507 = ORIENTED_EDGE ( 'NONE', *, *, #2471, .T. ) ;
#2508 = CARTESIAN_POINT ( 'NONE',  ( 5.003049854848462097, 64.80717161047765273, 24.00000000000000000 ) ) ;
#2509 = DIRECTION ( 'NONE',  ( -0.000000000000000000, -0.000000000000000000, 1.000000000000000000 ) ) ;
#2510 = FACE_OUTER_BOUND ( 'NONE', #4048, .T. ) ;
#2511 = CARTESIAN_POINT ( 'NONE',  ( -52.68181134867221971, 46.31313801742953729, 0.000000000000000000 ) ) ;
#2512 = CARTESIAN_POINT ( 'NONE',  ( -67.95000000000001705, 0.000000000000000000, -5.000000000000004441 ) ) ;
#2513 = FACE_BOUND ( 'NONE', #2862, .T. ) ;
#2514 = CARTESIAN_POINT ( 'NONE',  ( -50.66302279685133669, -53.84735946250582828, 6.000000000000000000 ) ) ;
#2515 = DIRECTION ( 'NONE',  ( 0.4999999999999983347, -0.8660254037844397068, 0.000000000000000000 ) ) ;
#2516 = ADVANCED_FACE ( 'NONE', ( #1409 ), #2202, .F. ) ;
#2517 = DIRECTION ( 'NONE',  ( 0.9773200680240726745, -0.2117675249829915340, 0.000000000000000000 ) ) ;
#2518 = VERTEX_POINT ( 'NONE', #1793 ) ;
#2519 = LINE ( 'NONE', #3703, #4061 ) ;
#2520 = ADVANCED_FACE ( 'NONE', ( #3558 ), #1820, .T. ) ;
#2521 = CARTESIAN_POINT ( 'NONE',  ( -45.74713875831093901, -50.56947335666568222, 6.000000000000000000 ) ) ;
#2522 = CARTESIAN_POINT ( 'NONE',  ( -73.89999999998518376, 2.251666049824373239, 24.00000000000000000 ) ) ;
#2523 = VECTOR ( 'NONE', #5663, 1000.000000000000000 ) ;
#2524 = ORIENTED_EDGE ( 'NONE', *, *, #1052, .F. ) ;
#2525 = EDGE_CURVE ( 'NONE', #2934, #2252, #68, .T. ) ;
#2526 = AXIS2_PLACEMENT_3D ( 'NONE', #4955, #924, #5335 ) ;
#2527 = DIRECTION ( 'NONE',  ( -0.000000000000000000, -0.000000000000000000, 1.000000000000000000 ) ) ;
#2528 = FACE_OUTER_BOUND ( 'NONE', #1518, .T. ) ;
#2529 = PLANE ( 'NONE',  #5616 ) ;
#2530 = EDGE_LOOP ( 'NONE', ( #1457, #5405, #1657, #835, #5009 ) ) ;
#2531 = CIRCLE ( 'NONE', #45, 2.049999999999997158 ) ;
#2532 = ORIENTED_EDGE ( 'NONE', *, *, #2311, .F. ) ;
#2533 = ORIENTED_EDGE ( 'NONE', *, *, #539, .T. ) ;
#2534 = ORIENTED_EDGE ( 'NONE', *, *, #1359, .T. ) ;
#2535 = DIRECTION ( 'NONE',  ( 0.2588190451025194627, 0.9659258262890686453, 0.000000000000000000 ) ) ;
#2536 = LINE ( 'NONE', #5152, #3452 ) ;
#2537 = CARTESIAN_POINT ( 'NONE',  ( 52.68181134868095938, 46.31313801745074699, 0.000000000000000000 ) ) ;
#2538 = DIRECTION ( 'NONE',  ( -0.000000000000000000, -0.000000000000000000, -1.000000000000000000 ) ) ;
#2539 = CARTESIAN_POINT ( 'NONE',  ( -68.35724183972041601, -3.280211195049038242, 0.000000000000000000 ) ) ;
#2540 = CARTESIAN_POINT ( 'NONE',  ( -42.19996407764005397, -49.43847724036298530, 5.999999999999998224 ) ) ;
#2541 = EDGE_CURVE ( 'NONE', #695, #216, #949, .T. ) ;
#2542 = CARTESIAN_POINT ( 'NONE',  ( -45.14758990361746527, 48.33192656922920349, 0.000000000000000000 ) ) ;
#2543 = LINE ( 'NONE', #3913, #5569 ) ;
#2544 = VECTOR ( 'NONE', #2841, 1000.000000000000000 ) ;
#2545 = AXIS2_PLACEMENT_3D ( 'NONE', #864, #2979, #2629 ) ;
#2546 = LINE ( 'NONE', #409, #2634 ) ;
#2547 = ORIENTED_EDGE ( 'NONE', *, *, #2087, .T. ) ;
#2548 = AXIS2_PLACEMENT_3D ( 'NONE', #3482, #3896, #5258 ) ;
#2549 = AXIS2_PLACEMENT_3D ( 'NONE', #2389, #4511, #4128 ) ;
#2550 = VERTEX_POINT ( 'NONE', #1909 ) ;
#2551 = CARTESIAN_POINT ( 'NONE',  ( 72.04999999999999716, 0.000000000000000000, -5.000000000000004441 ) ) ;
#2552 = CARTESIAN_POINT ( 'NONE',  ( -3.409905495632500116, 68.10612956744380142, 6.000000000000000000 ) ) ;
#2553 = CIRCLE ( 'NONE', #4502, 2.049999999999998490 ) ;
#2554 = EDGE_CURVE ( 'NONE', #5116, #686, #545, .T. ) ;
#2555 = ORIENTED_EDGE ( 'NONE', *, *, #3725, .T. ) ;
#2556 = CARTESIAN_POINT ( 'NONE',  ( -73.75247735346952993, -2.336838289532098933, 0.2894348550669898490 ) ) ;
#2557 = CARTESIAN_POINT ( 'NONE',  ( 48.33192656924435937, 45.14758990363226587, 24.00000000000000000 ) ) ;
#2558 = DIRECTION ( 'NONE',  ( 1.000000000000000000, 0.000000000000000000, 0.000000000000000000 ) ) ;
#2559 = VERTEX_POINT ( 'NONE', #626 ) ;
#2560 = ORIENTED_EDGE ( 'NONE', *, *, #5570, .T. ) ;
#2561 = ORIENTED_EDGE ( 'NONE', *, *, #5379, .F. ) ;
#2562 = ORIENTED_EDGE ( 'NONE', *, *, #5599, .T. ) ;
#2563 = LINE ( 'NONE', #481, #2941 ) ;
#2564 = LINE ( 'NONE', #4338, #4220 ) ;
#2565 = DIRECTION ( 'NONE',  ( -0.8408119004400780305, -0.5413273945389649455, -0.000000000000000000 ) ) ;
#2566 = DIRECTION ( 'NONE',  ( -0.2588190451025190186, -0.9659258262890687563, 0.000000000000000000 ) ) ;
#2567 = ADVANCED_FACE ( 'NONE', ( #2744 ), #4081, .T. ) ;
#2568 = PLANE ( 'NONE',  #2969 ) ;
#2569 = CARTESIAN_POINT ( 'NONE',  ( 50.66302279688130028, 53.84735946250548722, 6.000000000000000000 ) ) ;
#2570 = EDGE_LOOP ( 'NONE', ( #3927, #3873, #4811, #1796 ) ) ;
#2571 = DIRECTION ( 'NONE',  ( 0.9659258262890675351, -0.2588190451025233485, 0.000000000000000000 ) ) ;
#2572 = CARTESIAN_POINT ( 'NONE',  ( -73.89999999998518376, 3.855823843257745969E-16, 29.60000000001479137 ) ) ;
#2573 = AXIS2_PLACEMENT_3D ( 'NONE', #106, #2702, #2810 ) ;
#2574 = FACE_OUTER_BOUND ( 'NONE', #3633, .T. ) ;
#2575 = CARTESIAN_POINT ( 'NONE',  ( 53.71503141978435991, 50.16916781820858517, 30.00000000000000000 ) ) ;
#2576 = EDGE_CURVE ( 'NONE', #492, #192, #4605, .T. ) ;
#2577 = ORIENTED_EDGE ( 'NONE', *, *, #3977, .F. ) ;
#2578 = AXIS2_PLACEMENT_3D ( 'NONE', #4468, #3181, #499 ) ;
#2579 = VERTEX_POINT ( 'NONE', #234 ) ;
#2580 = LINE ( 'NONE', #2551, #1226 ) ;
#2581 = CARTESIAN_POINT ( 'NONE',  ( 0.000000000000000000, 0.000000000000000000, 0.000000000000000000 ) ) ;
#2582 = EDGE_CURVE ( 'NONE', #3109, #3149, #1500, .T. ) ;
#2583 = AXIS2_PLACEMENT_3D ( 'NONE', #296, #4725, #5602 ) ;
#2584 = ORIENTED_EDGE ( 'NONE', *, *, #3092, .F. ) ;
#2585 = VECTOR ( 'NONE', #241, 1000.000000000000000 ) ;
#2586 = CARTESIAN_POINT ( 'NONE',  ( -73.45722173931903853, -2.507304197841635940, 0.000000000000000000 ) ) ;
#2587 = VECTOR ( 'NONE', #5100, 1000.000000000000000 ) ;
#2588 = PLANE ( 'NONE',  #2364 ) ;
#2589 = CARTESIAN_POINT ( 'NONE',  ( -69.99999999998519229, 4.503332099663913901, 6.000000000000000000 ) ) ;
#2590 = ORIENTED_EDGE ( 'NONE', *, *, #5544, .F. ) ;
#2591 = ORIENTED_EDGE ( 'NONE', *, *, #2675, .T. ) ;
#2592 = DIRECTION ( 'NONE',  ( -0.8660254037844385966, 0.5000000000000001110, 0.000000000000000000 ) ) ;
#2593 = FACE_OUTER_BOUND ( 'NONE', #1330, .T. ) ;
#2594 = DIRECTION ( 'NONE',  ( -0.4999999999999996114, -0.8660254037844388186, 0.000000000000000000 ) ) ;
#2595 = CARTESIAN_POINT ( 'NONE',  ( -46.31313801741473668, -52.68181134868736848, 6.000000000000000000 ) ) ;
#2596 = VECTOR ( 'NONE', #4402, 1000.000000000000000 ) ;
#2597 = CARTESIAN_POINT ( 'NONE',  ( -2.251666049809569081, -66.10000000000033538, 0.000000000000000000 ) ) ;
#2598 = EDGE_CURVE ( 'NONE', #4614, #1961, #1996, .T. ) ;
#2599 = AXIS2_PLACEMENT_3D ( 'NONE', #5476, #175, #1467 ) ;
#2600 = DIRECTION ( 'NONE',  ( 0.9527432661005460490, 0.3037766760303761138, 0.000000000000000000 ) ) ;
#2601 = ORIENTED_EDGE ( 'NONE', *, *, #4957, .F. ) ;
#2602 = DIRECTION ( 'NONE',  ( 0.5413273945389679431, -0.8408119004400762542, 0.000000000000000000 ) ) ;
#2603 = DIRECTION ( 'NONE',  ( 0.5000000000000000000, 0.8660254037844385966, 0.000000000000000000 ) ) ;
#2604 = DIRECTION ( 'NONE',  ( 1.000000000000000000, 0.000000000000000000, 0.000000000000000000 ) ) ;
#2605 = CARTESIAN_POINT ( 'NONE',  ( 46.31313801744470027, 52.68181134868702742, 24.00000000000000000 ) ) ;
#2606 = ORIENTED_EDGE ( 'NONE', *, *, #1870, .F. ) ;
#2607 = ORIENTED_EDGE ( 'NONE', *, *, #1593, .F. ) ;
#2608 = CARTESIAN_POINT ( 'NONE',  ( -50.65532882781822366, 46.01640966833198121, 0.000000000000000000 ) ) ;
#2609 = DIRECTION ( 'NONE',  ( -1.000000000000000000, 0.000000000000000000, 0.000000000000000000 ) ) ;
#2610 = VERTEX_POINT ( 'NONE', #3267 ) ;
#2611 = DIRECTION ( 'NONE',  ( -0.000000000000000000, -0.000000000000000000, -1.000000000000000000 ) ) ;
#2612 = CARTESIAN_POINT ( 'NONE',  ( -53.84735946246946270, -50.66302279688769516, 24.00000000000000000 ) ) ;
#2613 = CARTESIAN_POINT ( 'NONE',  ( -50.49848266487494897, -53.80327106702024054, 0.2894348550702062206 ) ) ;
#2614 = EDGE_CURVE ( 'NONE', #4063, #1542, #3698, .T. ) ;
#2615 = ORIENTED_EDGE ( 'NONE', *, *, #3599, .T. ) ;
#2616 = VERTEX_POINT ( 'NONE', #1964 ) ;
#2617 = EDGE_CURVE ( 'NONE', #1689, #1137, #3297, .T. ) ;
#2618 = LINE ( 'NONE', #3930, #1456 ) ;
#2619 = CARTESIAN_POINT ( 'NONE',  ( -65.00000000000000000, 0.000000000000000000, 30.00000000000000000 ) ) ;
#2620 = LINE ( 'NONE', #5677, #1043 ) ;
#2621 = VECTOR ( 'NONE', #1538, 1000.000000000000000 ) ;
#2622 = CARTESIAN_POINT ( 'NONE',  ( 0.000000000000000000, 0.000000000000000000, 30.00000000000000000 ) ) ;
#2623 = ADVANCED_FACE ( 'NONE', ( #4522 ), #5101, .F. ) ;
#2624 = FACE_OUTER_BOUND ( 'NONE', #395, .T. ) ;
#2625 = DIRECTION ( 'NONE',  ( -0.000000000000000000, -0.000000000000000000, 1.000000000000000000 ) ) ;
#2626 = DIRECTION ( 'NONE',  ( -0.9527432661005482695, -0.3037766760303694524, 0.000000000000000000 ) ) ;
#2627 = LINE ( 'NONE', #1673, #4621 ) ;
#2628 = DIRECTION ( 'NONE',  ( 1.000000000000000000, 0.000000000000000000, 0.000000000000000000 ) ) ;
#2629 = DIRECTION ( 'NONE',  ( 0.8884937717769024745, -0.4588886766021290642, 0.000000000000000000 ) ) ;
#2630 = ORIENTED_EDGE ( 'NONE', *, *, #236, .T. ) ;
#2631 = ORIENTED_EDGE ( 'NONE', *, *, #140, .T. ) ;
#2632 = DIRECTION ( 'NONE',  ( -0.000000000000000000, -0.000000000000000000, 1.000000000000000000 ) ) ;
#2633 = CARTESIAN_POINT ( 'NONE',  ( 53.84735946252063599, -50.66302279686647836, 29.56570484543911448 ) ) ;
#2634 = VECTOR ( 'NONE', #4320, 1000.000000000000114 ) ;
#2635 = EDGE_CURVE ( 'NONE', #2062, #2994, #3871, .T. ) ;
#2636 = ORIENTED_EDGE ( 'NONE', *, *, #5307, .F. ) ;
#2637 = CIRCLE ( 'NONE', #882, 75.00000000000001421 ) ;
#2638 = ORIENTED_EDGE ( 'NONE', *, *, #1496, .T. ) ;
#2639 = VECTOR ( 'NONE', #2130, 1000.000000000000000 ) ;
#2640 = DIRECTION ( 'NONE',  ( 0.5413273945389650565, -0.8408119004400780305, 0.000000000000000000 ) ) ;
#2641 = DIRECTION ( 'NONE',  ( -0.2588190451025234040, -0.9659258262890676461, 0.000000000000000000 ) ) ;
#2642 = CARTESIAN_POINT ( 'NONE',  ( -53.84735946249068661, 50.66302279686613730, 30.00000000000000000 ) ) ;
#2643 = EDGE_CURVE ( 'NONE', #2052, #5022, #1028, .T. ) ;
#2644 = VECTOR ( 'NONE', #2414, 1000.000000000000000 ) ;
#2645 = ORIENTED_EDGE ( 'NONE', *, *, #3111, .F. ) ;
#2646 = ORIENTED_EDGE ( 'NONE', *, *, #3392, .F. ) ;
#2647 = EDGE_CURVE ( 'NONE', #867, #2443, #2774, .T. ) ;
#2648 = EDGE_LOOP ( 'NONE', ( #3666, #4248, #4275, #5139 ) ) ;
#2649 = LINE ( 'NONE', #4420, #4336 ) ;
#2650 = CARTESIAN_POINT ( 'NONE',  ( -65.00000000000000000, 0.000000000000000000, 5.999999999999998224 ) ) ;
#2651 = PLANE ( 'NONE',  #4294 ) ;
#2652 = EDGE_CURVE ( 'NONE', #3294, #2182, #3447, .T. ) ;
#2653 = LINE ( 'NONE', #458, #4588 ) ;
#2654 = CARTESIAN_POINT ( 'NONE',  ( -2.251666049809566417, -73.90000000000034674, 29.56570484545133937 ) ) ;
#2655 = CARTESIAN_POINT ( 'NONE',  ( 42.19996407763972002, 49.43847724036326241, 5.999999999999998224 ) ) ;
#2656 = CARTESIAN_POINT ( 'NONE',  ( -53.84735946246946270, -50.66302279688769516, 6.000000000000000000 ) ) ;
#2657 = DIRECTION ( 'NONE',  ( 0.9773200680240734517, -0.2117675249829881756, -0.000000000000000000 ) ) ;
#2658 = DIRECTION ( 'NONE',  ( 0.8660254037844385966, -0.4999999999999998890, 0.000000000000000000 ) ) ;
#2659 = ORIENTED_EDGE ( 'NONE', *, *, #4462, .T. ) ;
#2660 = ORIENTED_EDGE ( 'NONE', *, *, #4326, .T. ) ;
#2661 = CARTESIAN_POINT ( 'NONE',  ( -2.422050754438098252, 73.60488503480270595, 0.1446691037085433007 ) ) ;
#2662 = LINE ( 'NONE', #2172, #672 ) ;
#2663 = AXIS2_PLACEMENT_3D ( 'NONE', #990, #5433, #2322 ) ;
#2664 = ORIENTED_EDGE ( 'NONE', *, *, #3595, .F. ) ;
#2665 = ORIENTED_EDGE ( 'NONE', *, *, #5350, .F. ) ;
#2666 = EDGE_CURVE ( 'NONE', #1979, #2293, #3451, .T. ) ;
#2667 = CARTESIAN_POINT ( 'NONE',  ( -52.68181134865099580, -46.31313801745108805, 6.000000000000000000 ) ) ;
#2668 = PLANE ( 'NONE',  #3567 ) ;
#2669 = CARTESIAN_POINT ( 'NONE',  ( 63.93782217349408370, -5.562750146222150249, 0.000000000000000000 ) ) ;
#2670 = VERTEX_POINT ( 'NONE', #1064 ) ;
#2671 = ORIENTED_EDGE ( 'NONE', *, *, #345, .F. ) ;
#2672 = ORIENTED_EDGE ( 'NONE', *, *, #4147, .F. ) ;
#2673 = CARTESIAN_POINT ( 'NONE',  ( -50.65532882781885604, 46.01640966833127067, 30.00000000000000000 ) ) ;
#2674 = CARTESIAN_POINT ( 'NONE',  ( -42.28790003631141303, 49.36328099426670235, 24.00000000000000000 ) ) ;
#2675 = EDGE_CURVE ( 'NONE', #4183, #4935, #1530, .T. ) ;
#2676 = SHAPE_DEFINITION_REPRESENTATION ( #3031, #5013 ) ;
#2677 = B_SPLINE_CURVE_WITH_KNOTS ( 'NONE', 3,
 ( #4799, #819, #1014, #2723 ),
 .UNSPECIFIED., .F., .F.,
 ( 4, 4 ),
 ( 1.626303258728256651E-19, 0.0006708321191838154899 ),
 .UNSPECIFIED. ) ;
#2678 = EDGE_LOOP ( 'NONE', ( #4062, #3794, #354, #2113 ) ) ;
#2679 = CARTESIAN_POINT ( 'NONE',  ( -73.89999999998519797, -1.501110699903144496, 29.58856297911593103 ) ) ;
#2680 = CARTESIAN_POINT ( 'NONE',  ( 3.409905495646801121, -68.10612956741699975, 24.00000000000000000 ) ) ;
#2681 = CARTESIAN_POINT ( 'NONE',  ( 64.80717161047761010, -5.003049854849138001, 30.00000000000000000 ) ) ;
#2682 = VECTOR ( 'NONE', #2278, 1000.000000000000000 ) ;
#2683 = LINE ( 'NONE', #33, #2122 ) ;
#2684 = LINE ( 'NONE', #5247, #2682 ) ;
#2685 = EDGE_CURVE ( 'NONE', #1570, #1646, #3922, .T. ) ;
#2686 = VERTEX_POINT ( 'NONE', #599 ) ;
#2687 = DIRECTION ( 'NONE',  ( 0.4588886766021321728, 0.8884937717769009202, 0.000000000000000000 ) ) ;
#2688 = CIRCLE ( 'NONE', #648, 65.00000000000000000 ) ;
#2689 = VERTEX_POINT ( 'NONE', #5540 ) ;
#2690 = PLANE ( 'NONE',  #3225 ) ;
#2691 = CARTESIAN_POINT ( 'NONE',  ( -50.66302279685133669, -53.84735946250582828, 29.56570484546027444 ) ) ;
#2692 = ORIENTED_EDGE ( 'NONE', *, *, #5544, .T. ) ;
#2693 = VERTEX_POINT ( 'NONE', #3328 ) ;
#2694 = EDGE_CURVE ( 'NONE', #956, #492, #2371, .T. ) ;
#2695 = DIRECTION ( 'NONE',  ( -0.9659258262890676461, 0.2588190451025230154, 0.000000000000000000 ) ) ;
#2696 = CARTESIAN_POINT ( 'NONE',  ( 73.60488503480790712, -2.422050754429013963, 29.85533089628656711 ) ) ;
#2697 = CARTESIAN_POINT ( 'NONE',  ( -73.89999999998519797, -2.251666049854712526, 0.4342951545348930353 ) ) ;
#2698 = EDGE_CURVE ( 'NONE', #5290, #4177, #1665, .T. ) ;
#2699 = ORIENTED_EDGE ( 'NONE', *, *, #4629, .T. ) ;
#2700 = VERTEX_POINT ( 'NONE', #4231 ) ;
#2701 = ORIENTED_EDGE ( 'NONE', *, *, #28, .F. ) ;
#2702 = DIRECTION ( 'NONE',  ( -0.9773200680240741178, 0.2117675249829847339, 0.000000000000000000 ) ) ;
#2703 = LINE ( 'NONE', #2619, #4117 ) ;
#2704 = ORIENTED_EDGE ( 'NONE', *, *, #5552, .T. ) ;
#2705 = AXIS2_PLACEMENT_3D ( 'NONE', #2494, #721, #2609 ) ;
#2706 = CARTESIAN_POINT ( 'NONE',  ( -3.158962541858369999, -67.67148362175787213, 30.00000000000000000 ) ) ;
#2707 = DIRECTION ( 'NONE',  ( 0.2588190451025233485, 0.9659258262890675351, 0.000000000000000000 ) ) ;
#2708 = ORIENTED_EDGE ( 'NONE', *, *, #3520, .T. ) ;
#2709 = CARTESIAN_POINT ( 'NONE',  ( 48.33192656924435937, 45.14758990363226587, 0.000000000000000000 ) ) ;
#2710 = DIRECTION ( 'NONE',  ( -0.000000000000000000, -0.000000000000000000, -1.000000000000000000 ) ) ;
#2711 = EDGE_CURVE ( 'NONE', #3548, #5591, #739, .T. ) ;
#2712 = VECTOR ( 'NONE', #3756, 1000.000000000000000 ) ;
#2713 = ORIENTED_EDGE ( 'NONE', *, *, #5128, .T. ) ;
#2714 = CARTESIAN_POINT ( 'NONE',  ( 0.000000000000000000, 0.000000000000000000, 5.999999999999998224 ) ) ;
#2715 = ORIENTED_EDGE ( 'NONE', *, *, #1491, .F. ) ;
#2716 = EDGE_CURVE ( 'NONE', #3236, #4012, #1591, .T. ) ;
#2717 = ORIENTED_EDGE ( 'NONE', *, *, #2914, .F. ) ;
#2718 = CARTESIAN_POINT ( 'NONE',  ( 51.54747468305824043, -49.49747468305840670, -5.000000000000004441 ) ) ;
#2719 = CARTESIAN_POINT ( 'NONE',  ( 48.33192656924435937, 45.14758990363226587, 6.000000000000000000 ) ) ;
#2720 = EDGE_LOOP ( 'NONE', ( #5255, #5118, #947, #4065 ) ) ;
#2721 = DIRECTION ( 'NONE',  ( -0.9527432661005439396, -0.3037766760303827196, 0.000000000000000000 ) ) ;
#2722 = DIRECTION ( 'NONE',  ( 0.3037766760303695079, -0.9527432661005482695, 0.000000000000000000 ) ) ;
#2723 = CARTESIAN_POINT ( 'NONE',  ( 53.71503141978436702, 50.16916781820859939, 0.000000000000000000 ) ) ;
#2724 = ADVANCED_FACE ( 'NONE', ( #1237 ), #297, .F. ) ;
#2725 = AXIS2_PLACEMENT_3D ( 'NONE', #3116, #2247, #2354 ) ;
#2726 = AXIS2_PLACEMENT_3D ( 'NONE', #1666, #801, #3459 ) ;
#2727 = ORIENTED_EDGE ( 'NONE', *, *, #1262, .T. ) ;
#2728 = EDGE_LOOP ( 'NONE', ( #217, #5054, #3338, #4744 ) ) ;
#2729 = ORIENTED_EDGE ( 'NONE', *, *, #5507, .F. ) ;
#2730 = FACE_OUTER_BOUND ( 'NONE', #670, .T. ) ;
#2731 = VECTOR ( 'NONE', #1771, 1000.000000000000114 ) ;
#2732 = DIRECTION ( 'NONE',  ( -0.5413273945389620589, 0.8408119004400799179, -0.000000000000000000 ) ) ;
#2733 = AXIS2_PLACEMENT_3D ( 'NONE', #4891, #5294, #485 ) ;
#2734 = ORIENTED_EDGE ( 'NONE', *, *, #3162, .T. ) ;
#2735 = CARTESIAN_POINT ( 'NONE',  ( 50.66302279690249577, -53.84735946248461147, 6.000000000000000000 ) ) ;
#2736 = ADVANCED_FACE ( 'NONE', ( #3355 ), #351, .T. ) ;
#2737 = LINE ( 'NONE', #3289, #2217 ) ;
#2738 = DIRECTION ( 'NONE',  ( -1.000000000000000000, 0.000000000000000000, 0.000000000000000000 ) ) ;
#2739 = CARTESIAN_POINT ( 'NONE',  ( 0.000000000000000000, 0.000000000000000000, 0.000000000000000000 ) ) ;
#2740 = ORIENTED_EDGE ( 'NONE', *, *, #618, .T. ) ;
#2741 = EDGE_LOOP ( 'NONE', ( #1795, #1858, #110, #1895, #5557, #4205, #3555, #1661 ) ) ;
#2742 = CARTESIAN_POINT ( 'NONE',  ( 64.79816327332540027, 5.118401743070238652, 30.00000000000000000 ) ) ;
#2743 = CARTESIAN_POINT ( 'NONE',  ( 2.251666049839530892, 73.90000000000000568, 6.000000000000000000 ) ) ;
#2744 = FACE_OUTER_BOUND ( 'NONE', #528, .T. ) ;
#2745 = EDGE_CURVE ( 'NONE', #5697, #712, #1151, .T. ) ;
#2746 = VECTOR ( 'NONE', #3153, 1000.000000000000000 ) ;
#2747 = ORIENTED_EDGE ( 'NONE', *, *, #10, .T. ) ;
#2748 = CARTESIAN_POINT ( 'NONE',  ( 0.000000000000000000, 0.000000000000000000, 24.00000000000000000 ) ) ;
#2749 = EDGE_CURVE ( 'NONE', #904, #55, #5004, .T. ) ;
#2750 = FACE_OUTER_BOUND ( 'NONE', #2874, .T. ) ;
#2751 = CARTESIAN_POINT ( 'NONE',  ( -46.31313801741473668, -52.68181134868736848, 24.00000000000000000 ) ) ;
#2752 = CARTESIAN_POINT ( 'NONE',  ( -49.43847724036341873, 42.19996407763954949, 0.000000000000000000 ) ) ;
#2753 = CIRCLE ( 'NONE', #2290, 65.00000000000000000 ) ;
#2754 = VERTEX_POINT ( 'NONE', #4755 ) ;
#2755 = ORIENTED_EDGE ( 'NONE', *, *, #1336, .F. ) ;
#2756 = ORIENTED_EDGE ( 'NONE', *, *, #4284, .F. ) ;
#2757 = AXIS2_PLACEMENT_3D ( 'NONE', #2286, #549, #2314 ) ;
#2758 = CARTESIAN_POINT ( 'NONE',  ( 0.000000000000000000, 0.000000000000000000, 5.999999999999998224 ) ) ;
#2759 = PLANE ( 'NONE',  #253 ) ;
#2760 = VECTOR ( 'NONE', #3089, 1000.000000000000000 ) ;
#2761 = VERTEX_POINT ( 'NONE', #2888 ) ;
#2762 = EDGE_LOOP ( 'NONE', ( #1036, #643, #659, #2957, #2274, #5308, #5581, #3840, #4784 ) ) ;
#2763 = EDGE_CURVE ( 'NONE', #1419, #24, #2543, .T. ) ;
#2764 = LINE ( 'NONE', #1867, #2359 ) ;
#2765 = DIRECTION ( 'NONE',  ( 0.000000000000000000, 0.000000000000000000, -1.000000000000000000 ) ) ;
#2766 = VECTOR ( 'NONE', #3937, 1000.000000000000227 ) ;
#2767 = DIRECTION ( 'NONE',  ( -0.000000000000000000, -0.000000000000000000, -1.000000000000000000 ) ) ;
#2768 = CARTESIAN_POINT ( 'NONE',  ( -73.89999999998518376, 2.251666049824373239, 29.56570484546604050 ) ) ;
#2769 = ADVANCED_FACE ( 'NONE', ( #2919 ), #807, .F. ) ;
#2770 = VERTEX_POINT ( 'NONE', #1179 ) ;
#2771 = VERTEX_POINT ( 'NONE', #3826 ) ;
#2772 = DIRECTION ( 'NONE',  ( -1.000000000000000000, 0.000000000000000000, 0.000000000000000000 ) ) ;
#2773 = DIRECTION ( 'NONE',  ( -0.8660254037844387076, -0.4999999999999999445, 0.000000000000000000 ) ) ;
#2774 = LINE ( 'NONE', #1936, #1038 ) ;
#2775 = EDGE_LOOP ( 'NONE', ( #5493, #732, #5460, #841, #2477, #3901, #75, #4800 ) ) ;
#2776 = CARTESIAN_POINT ( 'NONE',  ( -68.10612956742232882, -3.409905495643815510, 24.00000000000000000 ) ) ;
#2777 = ORIENTED_EDGE ( 'NONE', *, *, #1767, .F. ) ;
#2778 = LINE ( 'NONE', #2315, #3657 ) ;
#2779 = LINE ( 'NONE', #2288, #5517 ) ;
#2780 = CARTESIAN_POINT ( 'NONE',  ( 0.000000000000000000, 0.000000000000000000, 5.999999999999998224 ) ) ;
#2781 = ADVANCED_FACE ( 'NONE', ( #4348 ), #2141, .T. ) ;
#2782 = ORIENTED_EDGE ( 'NONE', *, *, #2848, .T. ) ;
#2783 = ORIENTED_EDGE ( 'NONE', *, *, #1960, .T. ) ;
#2784 = CARTESIAN_POINT ( 'NONE',  ( 73.90000000001516867, 2.251666049854370133, 24.00000000000000000 ) ) ;
#2785 = EDGE_CURVE ( 'NONE', #4994, #4845, #2111, .T. ) ;
#2786 = CARTESIAN_POINT ( 'NONE',  ( 50.16916781822430238, -53.71503141976970142, 0.000000000000000000 ) ) ;
#2787 = ORIENTED_EDGE ( 'NONE', *, *, #4357, .F. ) ;
#2788 = ORIENTED_EDGE ( 'NONE', *, *, #4889, .T. ) ;
#2789 = LINE ( 'NONE', #4071, #2819 ) ;
#2790 = CARTESIAN_POINT ( 'NONE',  ( -73.89999999998519797, -2.251666049854712526, 29.56570484546509903 ) ) ;
#2791 = DIRECTION ( 'NONE',  ( -0.2588190451025198513, 0.9659258262890686453, 0.000000000000000000 ) ) ;
#2792 = ADVANCED_FACE ( 'NONE', ( #2574 ), #3466, .F. ) ;
#2793 = LINE ( 'NONE', #3293, #1247 ) ;
#2794 = ORIENTED_EDGE ( 'NONE', *, *, #5259, .T. ) ;
#2795 = AXIS2_PLACEMENT_3D ( 'NONE', #3973, #413, #14 ) ;
#2796 = ORIENTED_EDGE ( 'NONE', *, *, #1905, .T. ) ;
#2797 = LINE ( 'NONE', #92, #742 ) ;
#2798 = DIRECTION ( 'NONE',  ( 0.000000000000000000, 0.000000000000000000, 1.000000000000000000 ) ) ;
#2799 = DIRECTION ( 'NONE',  ( 0.000000000000000000, 0.000000000000000000, 1.000000000000000000 ) ) ;
#2800 = CIRCLE ( 'NONE', #318, 65.00000000000000000 ) ;
#2801 = ORIENTED_EDGE ( 'NONE', *, *, #3879, .F. ) ;
#2802 = DIRECTION ( 'NONE',  ( -0.000000000000000000, -0.000000000000000000, 1.000000000000000000 ) ) ;
#2803 = EDGE_LOOP ( 'NONE', ( #4274, #4407, #894, #1576 ) ) ;
#2804 = CARTESIAN_POINT ( 'NONE',  ( -53.84735946246946270, -50.66302279688769516, 0.4342951545381490974 ) ) ;
#2805 = LINE ( 'NONE', #100, #3751 ) ;
#2806 = CARTESIAN_POINT ( 'NONE',  ( 49.49747468305825038, -49.49747468305840670, 6.000000000000000000 ) ) ;
#2807 = EDGE_CURVE ( 'NONE', #2869, #3189, #3856, .T. ) ;
#2808 = ORIENTED_EDGE ( 'NONE', *, *, #3626, .T. ) ;
#2809 = EDGE_LOOP ( 'NONE', ( #5204, #675, #2234, #4682 ) ) ;
#2810 = DIRECTION ( 'NONE',  ( -0.2117675249829847339, -0.9773200680240741178, 0.000000000000000000 ) ) ;
#2811 = ADVANCED_FACE ( 'NONE', ( #2948 ), #2489, .T. ) ;
#2812 = PLANE ( 'NONE',  #1068 ) ;
#2813 = DIRECTION ( 'NONE',  ( 0.9659258262890676461, -0.2588190451025234040, 0.000000000000000000 ) ) ;
#2814 = MANIFOLD_SOLID_BREP ( 'CirPattern2', #3646 ) ;
#2815 = VECTOR ( 'NONE', #1732, 1000.000000000000000 ) ;
#2816 = ADVANCED_FACE ( 'NONE', ( #3144 ), #746, .T. ) ;
#2817 = ORIENTED_EDGE ( 'NONE', *, *, #2471, .F. ) ;
#2818 = EDGE_LOOP ( 'NONE', ( #2013, #3305, #2282, #3921 ) ) ;
#2819 = VECTOR ( 'NONE', #589, 1000.000000000000000 ) ;
#2820 = DIRECTION ( 'NONE',  ( 0.2588190451025212391, -0.9659258262890680902, 0.000000000000000000 ) ) ;
#2821 = CARTESIAN_POINT ( 'NONE',  ( -73.60488503479761846, -2.422050754447652832, 29.85533089629622694 ) ) ;
#2822 = EDGE_CURVE ( 'NONE', #4651, #4649, #1297, .T. ) ;
#2823 = DIRECTION ( 'NONE',  ( -0.2117675249829745476, -0.9773200680240764493, 0.000000000000000000 ) ) ;
#2824 = VECTOR ( 'NONE', #361, 1000.000000000000000 ) ;
#2825 = DIRECTION ( 'NONE',  ( 1.000000000000000000, 0.000000000000000000, -0.000000000000000000 ) ) ;
#2826 = EDGE_LOOP ( 'NONE', ( #382, #3485, #2547, #222, #1821, #4106, #1030, #2845 ) ) ;
#2827 = DIRECTION ( 'NONE',  ( 0.000000000000000000, 0.000000000000000000, 1.000000000000000000 ) ) ;
#2828 = DIRECTION ( 'NONE',  ( 1.000000000000000000, 0.000000000000000000, 0.000000000000000000 ) ) ;
#2829 = CARTESIAN_POINT ( 'NONE',  ( 73.49999999999998579, 9.001153973733041278E-15, 30.00000000000000000 ) ) ;
#2830 = EDGE_LOOP ( 'NONE', ( #615, #2056, #4602, #951, #2836 ) ) ;
#2831 = CARTESIAN_POINT ( 'NONE',  ( 50.65532882781789681, -46.01640966833232937, 6.000000000000000000 ) ) ;
#2832 = PLANE ( 'NONE',  #4518 ) ;
#2833 = CARTESIAN_POINT ( 'NONE',  ( 0.000000000000000000, 0.000000000000000000, 0.000000000000000000 ) ) ;
#2834 = CARTESIAN_POINT ( 'NONE',  ( -66.09999999998518661, 2.251666049824376348, 0.000000000000000000 ) ) ;
#2835 = CARTESIAN_POINT ( 'NONE',  ( 68.10612956743845814, 3.409905495635485284, 6.000000000000000000 ) ) ;
#2836 = ORIENTED_EDGE ( 'NONE', *, *, #3807, .T. ) ;
#2837 = EDGE_CURVE ( 'NONE', #3339, #294, #2684, .T. ) ;
#2838 = ORIENTED_EDGE ( 'NONE', *, *, #2763, .T. ) ;
#2839 = CARTESIAN_POINT ( 'NONE',  ( -2.251666049839554429, 73.90000000000000568, 6.000000000000000000 ) ) ;
#2840 = DIRECTION ( 'NONE',  ( 1.000000000000000000, 0.000000000000000000, 0.000000000000000000 ) ) ;
#2841 = DIRECTION ( 'NONE',  ( 3.081670971768529182E-15, 1.000000000000000000, 0.000000000000000000 ) ) ;
#2842 = ORIENTED_EDGE ( 'NONE', *, *, #3388, .F. ) ;
#2843 = ORIENTED_EDGE ( 'NONE', *, *, #5259, .F. ) ;
#2844 = VECTOR ( 'NONE', #333, 1000.000000000000000 ) ;
#2845 = ORIENTED_EDGE ( 'NONE', *, *, #3824, .T. ) ;
#2846 = DIRECTION ( 'NONE',  ( 0.8660254037844385966, 0.4999999999999998890, 0.000000000000000000 ) ) ;
#2847 = CARTESIAN_POINT ( 'NONE',  ( 73.75247735348931144, 2.336838289537634950, 29.71056514491305833 ) ) ;
#2848 = EDGE_CURVE ( 'NONE', #2043, #2280, #554, .T. ) ;
#2849 = CARTESIAN_POINT ( 'NONE',  ( 73.90000000001516867, 2.251666049854370133, 0.4342951545648317535 ) ) ;
#2850 = LINE ( 'NONE', #650, #962 ) ;
#2851 = VECTOR ( 'NONE', #4640, 1000.000000000000114 ) ;
#2852 = AXIS2_PLACEMENT_3D ( 'NONE', #3763, #2426, #2828 ) ;
#2853 = ORIENTED_EDGE ( 'NONE', *, *, #304, .T. ) ;
#2854 = CARTESIAN_POINT ( 'NONE',  ( -2.251666049809566417, -73.90000000000034674, 29.56570484545133937 ) ) ;
#2855 = EDGE_CURVE ( 'NONE', #804, #1859, #5356, .T. ) ;
#2856 = CARTESIAN_POINT ( 'NONE',  ( 73.90000000001515446, -2.251666049824714744, 0.4342951545639167077 ) ) ;
#2857 = CARTESIAN_POINT ( 'NONE',  ( -2.251666049809566417, -73.90000000000034674, 0.4342951545486545828 ) ) ;
#2858 = ORIENTED_EDGE ( 'NONE', *, *, #3490, .T. ) ;
#2859 = ORIENTED_EDGE ( 'NONE', *, *, #3307, .F. ) ;
#2860 = CARTESIAN_POINT ( 'NONE',  ( 70.00000000001516298, 4.503332099693911239, 6.000000000000000000 ) ) ;
#2861 = DIRECTION ( 'NONE',  ( 0.8884937717769024745, -0.4588886766021290642, 0.000000000000000000 ) ) ;
#2862 = EDGE_LOOP ( 'NONE', ( #4257, #5633 ) ) ;
#2863 = CARTESIAN_POINT ( 'NONE',  ( 2.251666049839530892, 73.90000000000000568, 6.000000000000000000 ) ) ;
#2864 = CARTESIAN_POINT ( 'NONE',  ( 4.503332099679070666, 70.00000000000000000, 24.00000000000000000 ) ) ;
#2865 = AXIS2_PLACEMENT_3D ( 'NONE', #168, #563, #2738 ) ;
#2866 = ORIENTED_EDGE ( 'NONE', *, *, #641, .F. ) ;
#2867 = EDGE_CURVE ( 'NONE', #3109, #4636, #4921, .T. ) ;
#2868 = ORIENTED_EDGE ( 'NONE', *, *, #2643, .T. ) ;
#2869 = VERTEX_POINT ( 'NONE', #1268 ) ;
#2870 = ORIENTED_EDGE ( 'NONE', *, *, #4579, .T. ) ;
#2871 = DIRECTION ( 'NONE',  ( -0.000000000000000000, -0.000000000000000000, 1.000000000000000000 ) ) ;
#2872 = CARTESIAN_POINT ( 'NONE',  ( 65.00000000000000000, 7.960204194457797252E-15, 5.999999999999998224 ) ) ;
#2873 = DIRECTION ( 'NONE',  ( 0.4999999999999983347, -0.8660254037844395958, 0.000000000000000000 ) ) ;
#2874 = EDGE_LOOP ( 'NONE', ( #5444, #2127, #1225, #4303 ) ) ;
#2875 = EDGE_CURVE ( 'NONE', #1386, #2252, #3527, .T. ) ;
#2876 = ORIENTED_EDGE ( 'NONE', *, *, #2675, .F. ) ;
#2877 = ORIENTED_EDGE ( 'NONE', *, *, #4089, .T. ) ;
#2878 = VERTEX_POINT ( 'NONE', #1323 ) ;
#2879 = CARTESIAN_POINT ( 'NONE',  ( 0.000000000000000000, 0.000000000000000000, 0.000000000000000000 ) ) ;
#2880 = DIRECTION ( 'NONE',  ( -0.9659258262890678681, -0.2588190451025223493, -0.000000000000000000 ) ) ;
#2881 = PLANE ( 'NONE',  #5102 ) ;
#2882 = EDGE_CURVE ( 'NONE', #2021, #5125, #862, .T. ) ;
#2883 = CARTESIAN_POINT ( 'NONE',  ( -73.45722173932009014, 2.507304197810682922, 0.000000000000000000 ) ) ;
#2884 = ORIENTED_EDGE ( 'NONE', *, *, #1876, .T. ) ;
#2885 = CARTESIAN_POINT ( 'NONE',  ( 52.68181134868095938, 46.31313801745074699, 24.00000000000000000 ) ) ;
#2886 = DIRECTION ( 'NONE',  ( 0.9659258262890682012, 0.2588190451025212391, -0.000000000000000000 ) ) ;
#2887 = EDGE_CURVE ( 'NONE', #2771, #734, #1204, .T. ) ;
#2888 = CARTESIAN_POINT ( 'NONE',  ( 64.79816327332538606, 5.118401743070238652, 30.00000000000000000 ) ) ;
#2889 = EDGE_CURVE ( 'NONE', #3339, #80, #891, .T. ) ;
#2890 = ORIENTED_EDGE ( 'NONE', *, *, #3977, .T. ) ;
#2891 = CARTESIAN_POINT ( 'NONE',  ( 53.84735946252063599, -50.66302279686647836, 0.4342951545608783048 ) ) ;
#2892 = CARTESIAN_POINT ( 'NONE',  ( 70.00000000001514877, -4.503332099664255850, 0.000000000000000000 ) ) ;
#2893 = VECTOR ( 'NONE', #177, 1000.000000000000000 ) ;
#2894 = LINE ( 'NONE', #1972, #2585 ) ;
#2895 = LINE ( 'NONE', #302, #4851 ) ;
#2896 = ADVANCED_FACE ( 'NONE', ( #3939 ), #406, .F. ) ;
#2897 = ORIENTED_EDGE ( 'NONE', *, *, #1915, .T. ) ;
#2898 = ORIENTED_EDGE ( 'NONE', *, *, #2223, .T. ) ;
#2899 = ORIENTED_EDGE ( 'NONE', *, *, #2300, .T. ) ;
#2900 = CARTESIAN_POINT ( 'NONE',  ( -72.04999999999999716, 2.510525938252061860E-16, 6.000000000000000000 ) ) ;
#2901 = PLANE ( 'NONE',  #886 ) ;
#2902 = PLANE ( 'NONE',  #4868 ) ;
#2903 = EDGE_CURVE ( 'NONE', #1705, #4419, #86, .T. ) ;
#2904 = ORIENTED_EDGE ( 'NONE', *, *, #3671, .T. ) ;
#2905 = EDGE_LOOP ( 'NONE', ( #681, #3508, #609, #3151 ) ) ;
#2906 = ORIENTED_EDGE ( 'NONE', *, *, #3926, .T. ) ;
#2907 = CARTESIAN_POINT ( 'NONE',  ( 0.000000000000000000, 0.000000000000000000, 0.000000000000000000 ) ) ;
#2908 = VECTOR ( 'NONE', #4076, 1000.000000000000114 ) ;
#2909 = CARTESIAN_POINT ( 'NONE',  ( -52.68181134865099580, -46.31313801745108805, 30.00000000000000000 ) ) ;
#2910 = CARTESIAN_POINT ( 'NONE',  ( 50.66302279688130028, 53.84735946250548722, 24.00000000000000000 ) ) ;
#2911 = PLANE ( 'NONE',  #1801 ) ;
#2912 = AXIS2_PLACEMENT_3D ( 'NONE', #3576, #1049, #5352 ) ;
#2913 = VECTOR ( 'NONE', #2820, 1000.000000000000114 ) ;
#2914 = EDGE_CURVE ( 'NONE', #1641, #415, #5466, .T. ) ;
#2915 = ORIENTED_EDGE ( 'NONE', *, *, #2848, .F. ) ;
#2916 = PLANE ( 'NONE',  #3134 ) ;
#2917 = AXIS2_PLACEMENT_3D ( 'NONE', #2501, #3812, #3839 ) ;
#2918 = DIRECTION ( 'NONE',  ( -0.4999999999999983347, 0.8660254037844397068, 0.000000000000000000 ) ) ;
#2919 = FACE_OUTER_BOUND ( 'NONE', #4133, .T. ) ;
#2920 = AXIS2_PLACEMENT_3D ( 'NONE', #507, #4860, #426 ) ;
#2921 = VERTEX_POINT ( 'NONE', #1814 ) ;
#2922 = DIRECTION ( 'NONE',  ( 1.000000000000000000, 0.000000000000000000, 0.000000000000000000 ) ) ;
#2923 = CARTESIAN_POINT ( 'NONE',  ( 70.00000000000000000, 0.000000000000000000, 6.000000000000000000 ) ) ;
#2924 = DIRECTION ( 'NONE',  ( -0.000000000000000000, -0.000000000000000000, 1.000000000000000000 ) ) ;
#2925 = EDGE_CURVE ( 'NONE', #3835, #4273, #3578, .T. ) ;
#2926 = ORIENTED_EDGE ( 'NONE', *, *, #2949, .T. ) ;
#2927 = EDGE_CURVE ( 'NONE', #2761, #1053, #381, .T. ) ;
#2928 = ORIENTED_EDGE ( 'NONE', *, *, #878, .T. ) ;
#2929 = LINE ( 'NONE', #249, #363 ) ;
#2930 = CARTESIAN_POINT ( 'NONE',  ( -53.84735946249068661, 50.66302279686613730, 6.000000000000000000 ) ) ;
#2931 = FACE_OUTER_BOUND ( 'NONE', #5571, .T. ) ;
#2932 = ORIENTED_EDGE ( 'NONE', *, *, #834, .F. ) ;
#2933 = EDGE_LOOP ( 'NONE', ( #2438, #5061, #4467, #1978, #2209 ) ) ;
#2934 = VERTEX_POINT ( 'NONE', #969 ) ;
#2935 = ORIENTED_EDGE ( 'NONE', *, *, #4390, .F. ) ;
#2936 = FACE_BOUND ( 'NONE', #1652, .T. ) ;
#2937 = VERTEX_POINT ( 'NONE', #2362 ) ;
#2938 = CARTESIAN_POINT ( 'NONE',  ( 51.54747468305822622, 49.49747468305842091, -5.000000000000004441 ) ) ;
#2939 = CIRCLE ( 'NONE', #3001, 73.49999999999998579 ) ;
#2940 = CARTESIAN_POINT ( 'NONE',  ( 45.14758990364741464, -48.33192656922954455, 0.000000000000000000 ) ) ;
#2941 = VECTOR ( 'NONE', #4803, 1000.000000000000000 ) ;
#2942 = CARTESIAN_POINT ( 'NONE',  ( -69.99999999998519229, -4.503332099694253188, 24.00000000000000000 ) ) ;
#2943 = EDGE_CURVE ( 'NONE', #1933, #5527, #4131, .T. ) ;
#2944 = VECTOR ( 'NONE', #3866, 1000.000000000000227 ) ;
#2945 = ORIENTED_EDGE ( 'NONE', *, *, #2167, .T. ) ;
#2946 = CARTESIAN_POINT ( 'NONE',  ( 73.90000000001515446, -3.855825911209277351E-16, 0.4000000000151491264 ) ) ;
#2947 = DIRECTION ( 'NONE',  ( 0.2588190451025233485, 0.9659258262890675351, 0.000000000000000000 ) ) ;
#2948 = FACE_OUTER_BOUND ( 'NONE', #3516, .T. ) ;
#2949 = EDGE_CURVE ( 'NONE', #816, #331, #3337, .T. ) ;
#2950 = DIRECTION ( 'NONE',  ( -0.5413273945389737163, 0.8408119004400724794, 0.000000000000000000 ) ) ;
#2951 = AXIS2_PLACEMENT_3D ( 'NONE', #462, #3854, #1294 ) ;
#2952 = VERTEX_POINT ( 'NONE', #1086 ) ;
#2953 = CARTESIAN_POINT ( 'NONE',  ( 0.000000000000000000, 0.000000000000000000, 0.000000000000000000 ) ) ;
#2954 = DIRECTION ( 'NONE',  ( -0.8660254037844395958, -0.4999999999999983347, 0.000000000000000000 ) ) ;
#2955 = CARTESIAN_POINT ( 'NONE',  ( -50.56947335667388899, 45.74713875833199950, 24.00000000000000000 ) ) ;
#2956 = AXIS2_PLACEMENT_3D ( 'NONE', #1235, #5538, #3383 ) ;
#2957 = ORIENTED_EDGE ( 'NONE', *, *, #2822, .T. ) ;
#2958 = ORIENTED_EDGE ( 'NONE', *, *, #4424, .F. ) ;
#2959 = DIRECTION ( 'NONE',  ( -0.000000000000000000, -0.000000000000000000, -1.000000000000000000 ) ) ;
#2960 = AXIS2_PLACEMENT_3D ( 'NONE', #4485, #3630, #4074 ) ;
#2961 = CARTESIAN_POINT ( 'NONE',  ( -4.503332099649114184, -70.00000000000034106, 30.00000000000000000 ) ) ;
#2962 = DIRECTION ( 'NONE',  ( 3.081670971768529182E-15, 1.000000000000000000, 0.000000000000000000 ) ) ;
#2963 = ORIENTED_EDGE ( 'NONE', *, *, #41, .F. ) ;
#2964 = VECTOR ( 'NONE', #2566, 1000.000000000000114 ) ;
#2965 = ORIENTED_EDGE ( 'NONE', *, *, #4462, .F. ) ;
#2966 = EDGE_CURVE ( 'NONE', #467, #5371, #4546, .T. ) ;
#2967 = ORIENTED_EDGE ( 'NONE', *, *, #5707, .T. ) ;
#2968 = ORIENTED_EDGE ( 'NONE', *, *, #2966, .F. ) ;
#2969 = AXIS2_PLACEMENT_3D ( 'NONE', #373, #2134, #3934 ) ;
#2970 = DIRECTION ( 'NONE',  ( 0.000000000000000000, 0.000000000000000000, 1.000000000000000000 ) ) ;
#2971 = CARTESIAN_POINT ( 'NONE',  ( -69.99999999998519229, -4.503332099694253188, 6.000000000000000000 ) ) ;
#2972 = DIRECTION ( 'NONE',  ( -0.8660254037844389297, 0.4999999999999994449, 0.000000000000000000 ) ) ;
#2973 = CARTESIAN_POINT ( 'NONE',  ( -69.99999999998519229, -4.503332099694253188, 6.000000000000000000 ) ) ;
#2974 = EDGE_LOOP ( 'NONE', ( #5278, #4126, #2264, #97, #2906 ) ) ;
#2975 = CARTESIAN_POINT ( 'NONE',  ( 51.72446835208734939, 52.78591390729943811, 29.61142111274111599 ) ) ;
#2976 = LINE ( 'NONE', #861, #3974 ) ;
#2977 = DIRECTION ( 'NONE',  ( -0.8408119004400780305, -0.5413273945389650565, 0.000000000000000000 ) ) ;
#2978 = ADVANCED_FACE ( 'NONE', ( #3171 ), #113, .F. ) ;
#2979 = DIRECTION ( 'NONE',  ( -0.4588886766021291197, -0.8884937717769025856, 0.000000000000000000 ) ) ;
#2980 = ORIENTED_EDGE ( 'NONE', *, *, #236, .F. ) ;
#2981 = ORIENTED_EDGE ( 'NONE', *, *, #2087, .F. ) ;
#2982 = CARTESIAN_POINT ( 'NONE',  ( -49.36328099426773264, -42.28790003631022643, 30.00000000000000000 ) ) ;
#2983 = LINE ( 'NONE', #3476, #1693 ) ;
#2984 = VERTEX_POINT ( 'NONE', #1000 ) ;
#2985 = VECTOR ( 'NONE', #3124, 1000.000000000000114 ) ;
#2986 = ADVANCED_FACE ( 'NONE', ( #2422 ), #1901, .F. ) ;
#2987 = DIRECTION ( 'NONE',  ( 0.000000000000000000, 0.000000000000000000, -1.000000000000000000 ) ) ;
#2988 = PLANE ( 'NONE',  #2181 ) ;
#2989 = CYLINDRICAL_SURFACE ( 'NONE', #2917, 2.049999999999998490 ) ;
#2990 = VERTEX_POINT ( 'NONE', #1929 ) ;
#2991 = VECTOR ( 'NONE', #343, 1000.000000000000000 ) ;
#2992 = ORIENTED_EDGE ( 'NONE', *, *, #1432, .T. ) ;
#2993 = EDGE_LOOP ( 'NONE', ( #2601, #1886, #1245, #3470 ) ) ;
#2994 = VERTEX_POINT ( 'NONE', #2304 ) ;
#2995 = CARTESIAN_POINT ( 'NONE',  ( 73.90000000001516867, 2.251666049854370133, 0.4342951545648317535 ) ) ;
#2996 = CARTESIAN_POINT ( 'NONE',  ( 50.65532882781789681, -46.01640966833232937, 6.000000000000000000 ) ) ;
#2997 = CARTESIAN_POINT ( 'NONE',  ( 50.66302279688130028, 53.84735946250548722, 29.56570484543999200 ) ) ;
#2998 = CARTESIAN_POINT ( 'NONE',  ( 67.67148362175267096, -3.158962541861959572, 24.00000000000000000 ) ) ;
#2999 = EDGE_CURVE ( 'NONE', #2771, #904, #1871, .T. ) ;
#3000 = FACE_OUTER_BOUND ( 'NONE', #4857, .T. ) ;
#3001 = AXIS2_PLACEMENT_3D ( 'NONE', #4108, #4080, #598 ) ;
#3002 = ADVANCED_FACE ( 'NONE', ( #1430 ), #5440, .F. ) ;
#3003 = CARTESIAN_POINT ( 'NONE',  ( -73.45722173931903853, -2.507304197841635940, 0.000000000000000000 ) ) ;
#3004 = LINE ( 'NONE', #2108, #1154 ) ;
#3005 = FACE_OUTER_BOUND ( 'NONE', #3570, .T. ) ;
#3006 = CARTESIAN_POINT ( 'NONE',  ( -73.89999999998518376, 1.501110699882913346, 29.58856297911625788 ) ) ;
#3007 = DIRECTION ( 'NONE',  ( -0.000000000000000000, -0.000000000000000000, 1.000000000000000000 ) ) ;
#3008 = VECTOR ( 'NONE', #34, 1000.000000000000000 ) ;
#3009 = DIRECTION ( 'NONE',  ( 0.2117675249829915340, 0.9773200680240726745, 0.000000000000000000 ) ) ;
#3010 = ORIENTED_EDGE ( 'NONE', *, *, #1688, .T. ) ;
#3011 = VECTOR ( 'NONE', #3183, 1000.000000000000000 ) ;
#3012 = AXIS2_PLACEMENT_3D ( 'NONE', #1233, #4783, #375 ) ;
#3013 = ORIENTED_EDGE ( 'NONE', *, *, #4532, .T. ) ;
#3014 = DIRECTION ( 'NONE',  ( 1.000000000000000000, 0.000000000000000000, 0.000000000000000000 ) ) ;
#3015 = LINE ( 'NONE', #4732, #863 ) ;
#3016 = AXIS2_PLACEMENT_3D ( 'NONE', #827, #1722, #3055 ) ;
#3017 = ORIENTED_EDGE ( 'NONE', *, *, #1617, .T. ) ;
#3018 = CARTESIAN_POINT ( 'NONE',  ( -46.31313801741473668, -52.68181134868736848, 0.000000000000000000 ) ) ;
#3019 = CARTESIAN_POINT ( 'NONE',  ( -2.251666049809566417, -73.90000000000034674, 6.000000000000000000 ) ) ;
#3020 = CARTESIAN_POINT ( 'NONE',  ( 64.80717161047761010, -5.003049854849138001, 24.00000000000000000 ) ) ;
#3021 = EDGE_CURVE ( 'NONE', #216, #3218, #3290, .T. ) ;
#3022 = VERTEX_POINT ( 'NONE', #2849 ) ;
#3023 = ORIENTED_EDGE ( 'NONE', *, *, #3277, .T. ) ;
#3024 = CARTESIAN_POINT ( 'NONE',  ( -50.66302279685133669, -53.84735946250582828, 29.56570484546027444 ) ) ;
#3025 = CARTESIAN_POINT ( 'NONE',  ( -2.422050754438100917, 73.60488503480270595, 29.85533089629145564 ) ) ;
#3026 = CARTESIAN_POINT ( 'NONE',  ( 50.56947335667074839, -45.74713875832347298, 24.00000000000000000 ) ) ;
#3027 = AXIS2_PLACEMENT_3D ( 'NONE', #176, #4925, #4464 ) ;
#3028 = CARTESIAN_POINT ( 'NONE',  ( -50.66302279685133669, -53.84735946250582828, 24.00000000000000000 ) ) ;
#3029 = CARTESIAN_POINT ( 'NONE',  ( 46.31313801744470027, 52.68181134868702742, 30.00000000000000000 ) ) ;
#3030 = DIRECTION ( 'NONE',  ( 1.000000000000000000, 0.000000000000000000, -0.000000000000000000 ) ) ;
#3031 = PRODUCT_DEFINITION_SHAPE ( 'NONE', 'NONE',  #151 ) ;
#3032 = ORIENTED_EDGE ( 'NONE', *, *, #5668, .F. ) ;
#3033 = LINE ( 'NONE', #1755, #2032 ) ;
#3034 = DIRECTION ( 'NONE',  ( 0.4588886766021291197, 0.8884937717769025856, 0.000000000000000000 ) ) ;
#3035 = AXIS2_PLACEMENT_3D ( 'NONE', #582, #1860, #1370 ) ;
#3036 =( NAMED_UNIT ( * ) SI_UNIT ( $, .STERADIAN. ) SOLID_ANGLE_UNIT ( ) );
#3037 = PLANE ( 'NONE',  #2356 ) ;
#3038 = ORIENTED_EDGE ( 'NONE', *, *, #5624, .T. ) ;
#3039 = VECTOR ( 'NONE', #1362, 1000.000000000000000 ) ;
#3040 = EDGE_CURVE ( 'NONE', #1379, #4453, #3804, .T. ) ;
#3041 = EDGE_LOOP ( 'NONE', ( #4832, #2534, #1017, #4304, #3368, #5289, #4105, #2507, #4694 ) ) ;
#3042 = CARTESIAN_POINT ( 'NONE',  ( -50.66302279685133669, -53.84735946250582828, 24.00000000000000000 ) ) ;
#3043 = DIRECTION ( 'NONE',  ( 0.000000000000000000, 0.000000000000000000, -1.000000000000000000 ) ) ;
#3044 = VECTOR ( 'NONE', #1093, 1000.000000000000000 ) ;
#3045 = EDGE_CURVE ( 'NONE', #23, #4439, #3143, .T. ) ;
#3046 = VERTEX_POINT ( 'NONE', #139 ) ;
#3047 = CARTESIAN_POINT ( 'NONE',  ( -50.49848266487494186, -53.80327106702024054, 29.71056514492978806 ) ) ;
#3048 = AXIS2_PLACEMENT_3D ( 'NONE', #1376, #5682, #2193 ) ;
#3049 = CARTESIAN_POINT ( 'NONE',  ( 2.251666049839532668, 66.10000000000000853, 24.00000000000000000 ) ) ;
#3050 = DIRECTION ( 'NONE',  ( -0.9773200680240747840, 0.2117675249829814033, -0.000000000000000000 ) ) ;
#3051 = EDGE_CURVE ( 'NONE', #89, #1103, #592, .T. ) ;
#3052 = EDGE_LOOP ( 'NONE', ( #5388, #2411, #3943, #1612, #5017 ) ) ;
#3053 = ORIENTED_EDGE ( 'NONE', *, *, #791, .T. ) ;
#3054 = CARTESIAN_POINT ( 'NONE',  ( 50.66302279688130028, 53.84735946250548722, 30.00000000000000000 ) ) ;
#3055 = DIRECTION ( 'NONE',  ( 0.2588190451025198513, -0.9659258262890686453, 0.000000000000000000 ) ) ;
#3056 = EDGE_CURVE ( 'NONE', #975, #2183, #4628, .T. ) ;
#3057 = PLANE ( 'NONE',  #1510 ) ;
#3058 = PLANE ( 'NONE',  #1115 ) ;
#3059 = LINE ( 'NONE', #3962, #2270 ) ;
#3060 = EDGE_CURVE ( 'NONE', #2693, #1083, #5035, .T. ) ;
#3061 = CARTESIAN_POINT ( 'NONE',  ( -53.84735946249068661, 50.66302279686613730, 0.4342951545388343271 ) ) ;
#3062 = FACE_OUTER_BOUND ( 'NONE', #4519, .T. ) ;
#3063 = CARTESIAN_POINT ( 'NONE',  ( -5.003049854848913292, -64.80717161047761010, 24.00000000000000000 ) ) ;
#3064 = DIRECTION ( 'NONE',  ( 0.8408119004400780305, 0.5413273945389649455, -0.000000000000000000 ) ) ;
#3065 = DIRECTION ( 'NONE',  ( -0.000000000000000000, -0.000000000000000000, 1.000000000000000000 ) ) ;
#3066 = ORIENTED_EDGE ( 'NONE', *, *, #4733, .F. ) ;
#3067 = EDGE_CURVE ( 'NONE', #712, #1200, #2227, .T. ) ;
#3068 = ORIENTED_EDGE ( 'NONE', *, *, #178, .F. ) ;
#3069 = DIRECTION ( 'NONE',  ( -0.000000000000000000, -0.000000000000000000, -1.000000000000000000 ) ) ;
#3070 = PLANE ( 'NONE',  #5398 ) ;
#3071 = EDGE_CURVE ( 'NONE', #1835, #1419, #3604, .T. ) ;
#3072 = ORIENTED_EDGE ( 'NONE', *, *, #716, .T. ) ;
#3073 = ORIENTED_EDGE ( 'NONE', *, *, #4207, .F. ) ;
#3074 = CARTESIAN_POINT ( 'NONE',  ( -50.66302279687255350, 53.84735946248426330, 29.56570484546143973 ) ) ;
#3075 = EDGE_CURVE ( 'NONE', #1113, #1162, #2688, .T. ) ;
#3076 = CARTESIAN_POINT ( 'NONE',  ( -49.14432598361791094, -41.27740928273652798, 6.000000000000000000 ) ) ;
#3077 = LINE ( 'NONE', #2153, #1806 ) ;
#3078 = EDGE_LOOP ( 'NONE', ( #2890, #5521, #130, #66, #4474 ) ) ;
#3079 = VECTOR ( 'NONE', #242, 1000.000000000000227 ) ;
#3080 = VERTEX_POINT ( 'NONE', #1230 ) ;
#3081 = EDGE_LOOP ( 'NONE', ( #471, #479, #522, #723, #2266, #1366, #4219, #4156 ) ) ;
#3082 = LINE ( 'NONE', #3902, #3877 ) ;
#3083 = CARTESIAN_POINT ( 'NONE',  ( -64.79816327332538606, -5.118401743070238652, 5.999999999999998224 ) ) ;
#3084 = LINE ( 'NONE', #799, #771 ) ;
#3085 = AXIS2_PLACEMENT_3D ( 'NONE', #4719, #5064, #4689 ) ;
#3086 = DIRECTION ( 'NONE',  ( -0.4999999999999984457, 0.8660254037844394848, 0.000000000000000000 ) ) ;
#3087 = DIRECTION ( 'NONE',  ( -0.000000000000000000, -0.000000000000000000, 1.000000000000000000 ) ) ;
#3088 = CARTESIAN_POINT ( 'NONE',  ( -4.503332099679096423, 70.00000000000000000, 24.00000000000000000 ) ) ;
#3089 = DIRECTION ( 'NONE',  ( -0.000000000000000000, -0.000000000000000000, 1.000000000000000000 ) ) ;
#3090 = DIRECTION ( 'NONE',  ( 0.000000000000000000, 0.000000000000000000, 1.000000000000000000 ) ) ;
#3091 = CARTESIAN_POINT ( 'NONE',  ( 50.56947335666980337, -45.74713875832322429, 6.000000000000000000 ) ) ;
#3092 = EDGE_CURVE ( 'NONE', #1859, #2182, #261, .T. ) ;
#3093 = EDGE_LOOP ( 'NONE', ( #3861, #2801, #3680, #1829 ) ) ;
#3094 = VERTEX_POINT ( 'NONE', #5626 ) ;
#3095 = PLANE ( 'NONE',  #4471 ) ;
#3096 = CARTESIAN_POINT ( 'NONE',  ( -52.78591390726341359, -51.72446835209375138, 29.61142111276237543 ) ) ;
#3097 = AXIS2_PLACEMENT_3D ( 'NONE', #3724, #4190, #229 ) ;
#3098 = VERTEX_POINT ( 'NONE', #1146 ) ;
#3099 = AXIS2_PLACEMENT_3D ( 'NONE', #1545, #3397, #4272 ) ;
#3100 = EDGE_LOOP ( 'NONE', ( #3539, #4233, #1827, #2859 ) ) ;
#3101 = CIRCLE ( 'NONE', #3186, 2.049999999999996270 ) ;
#3102 = CARTESIAN_POINT ( 'NONE',  ( 63.93782217349408370, -5.562750146222150249, 24.00000000000000000 ) ) ;
#3103 = EDGE_CURVE ( 'NONE', #5309, #3236, #5121, .T. ) ;
#3104 = FACE_OUTER_BOUND ( 'NONE', #4497, .T. ) ;
#3105 = LINE ( 'NONE', #903, #243 ) ;
#3106 = VECTOR ( 'NONE', #1777, 1000.000000000000000 ) ;
#3107 = VERTEX_POINT ( 'NONE', #1119 ) ;
#3108 = VERTEX_POINT ( 'NONE', #5533 ) ;
#3109 = VERTEX_POINT ( 'NONE', #2075 ) ;
#3110 = DIRECTION ( 'NONE',  ( -0.000000000000000000, -0.000000000000000000, -1.000000000000000000 ) ) ;
#3111 = EDGE_CURVE ( 'NONE', #421, #3098, #2017, .T. ) ;
#3112 = CARTESIAN_POINT ( 'NONE',  ( 4.503332099709060010, -70.00000000000034106, 24.00000000000000000 ) ) ;
#3113 =( NAMED_UNIT ( * ) SI_UNIT ( $, .STERADIAN. ) SOLID_ANGLE_UNIT ( ) );
#3114 = ORIENTED_EDGE ( 'NONE', *, *, #3071, .T. ) ;
#3115 = CARTESIAN_POINT ( 'NONE',  ( 45.61724112703872436, -50.08468879676279073, 0.000000000000000000 ) ) ;
#3116 = CARTESIAN_POINT ( 'NONE',  ( 66.10000000001514309, -2.251666049824717408, 6.000000000000000000 ) ) ;
#3117 = CARTESIAN_POINT ( 'NONE',  ( 45.74713875834417820, 50.56947335667756249, 30.00000000000000000 ) ) ;
#3118 = DIRECTION ( 'NONE',  ( -0.000000000000000000, -0.000000000000000000, 1.000000000000000000 ) ) ;
#3119 = DIRECTION ( 'NONE',  ( -0.2588190451025190186, -0.9659258262890687563, 0.000000000000000000 ) ) ;
#3120 = EDGE_CURVE ( 'NONE', #697, #4249, #4720, .T. ) ;
#3121 = PLANE ( 'NONE',  #4582 ) ;
#3122 = ORIENTED_EDGE ( 'NONE', *, *, #2685, .F. ) ;
#3123 = DIRECTION ( 'NONE',  ( 0.000000000000000000, 0.000000000000000000, 1.000000000000000000 ) ) ;
#3124 = DIRECTION ( 'NONE',  ( 0.8660254037844385966, 0.4999999999999999445, 0.000000000000000000 ) ) ;
#3125 = EDGE_CURVE ( 'NONE', #105, #1137, #2450, .T. ) ;
#3126 = PRODUCT ( 'CentralRing', 'CentralRing', '', ( #3522 ) ) ;
#3127 = VECTOR ( 'NONE', #4706, 1000.000000000000227 ) ;
#3128 = ORIENTED_EDGE ( 'NONE', *, *, #2855, .T. ) ;
#3129 = DIRECTION ( 'NONE',  ( -0.000000000000000000, -0.000000000000000000, 1.000000000000000000 ) ) ;
#3130 = DIRECTION ( 'NONE',  ( -0.9659258262890677571, -0.2588190451025223493, 0.000000000000000000 ) ) ;
#3131 = LINE ( 'NONE', #1742, #4683 ) ;
#3132 = ORIENTED_EDGE ( 'NONE', *, *, #2460, .T. ) ;
#3133 = ORIENTED_EDGE ( 'NONE', *, *, #1856, .F. ) ;
#3134 = AXIS2_PLACEMENT_3D ( 'NONE', #4229, #2079, #5572 ) ;
#3135 = ORIENTED_EDGE ( 'NONE', *, *, #5672, .F. ) ;
#3136 = DIRECTION ( 'NONE',  ( 0.7071067811865467956, -0.7071067811865483499, 0.000000000000000000 ) ) ;
#3137 = CARTESIAN_POINT ( 'NONE',  ( -2.507304197834903103, 73.45722173931926591, 30.00000000000000000 ) ) ;
#3138 = ADVANCED_FACE ( 'NONE', ( #2510 ), #5094, .T. ) ;
#3139 = ORIENTED_EDGE ( 'NONE', *, *, #4096, .F. ) ;
#3140 = CARTESIAN_POINT ( 'NONE',  ( 45.61724112703850409, -50.08468879676195940, 24.00000000000000000 ) ) ;
#3141 = FACE_OUTER_BOUND ( 'NONE', #542, .T. ) ;
#3142 = FACE_OUTER_BOUND ( 'NONE', #2678, .T. ) ;
#3143 = CIRCLE ( 'NONE', #3894, 2.049999999999996270 ) ;
#3144 = FACE_OUTER_BOUND ( 'NONE', #1253, .T. ) ;
#3145 = B_SPLINE_CURVE_WITH_KNOTS ( 'NONE', 3,
 ( #5318, #52, #1805, #2995 ),
 .UNSPECIFIED., .F., .F.,
 ( 4, 4 ),
 ( 2.139849404117256015E-19, 0.0006708321191917609571 ),
 .UNSPECIFIED. ) ;
#3146 = EDGE_LOOP ( 'NONE', ( #340, #1818, #4466, #4639 ) ) ;
#3147 = CARTESIAN_POINT ( 'NONE',  ( -2.251666049839554429, 73.90000000000000568, 24.00000000000000000 ) ) ;
#3148 = VECTOR ( 'NONE', #1695, 1000.000000000000000 ) ;
#3149 = VERTEX_POINT ( 'NONE', #291 ) ;
#3150 = AXIS2_PLACEMENT_3D ( 'NONE', #3260, #1056, #649 ) ;
#3151 = ORIENTED_EDGE ( 'NONE', *, *, #3060, .F. ) ;
#3152 = EDGE_CURVE ( 'NONE', #5635, #4297, #1554, .T. ) ;
#3153 = DIRECTION ( 'NONE',  ( -0.000000000000000000, -0.000000000000000000, -1.000000000000000000 ) ) ;
#3154 = CARTESIAN_POINT ( 'NONE',  ( 2.251666049839532668, 66.10000000000000853, 0.000000000000000000 ) ) ;
#3155 = ORIENTED_EDGE ( 'NONE', *, *, #5201, .F. ) ;
#3156 = LINE ( 'NONE', #2776, #3039 ) ;
#3157 = B_SPLINE_CURVE_WITH_KNOTS ( 'NONE', 3,
 ( #5213, #3965, #4754, #4401 ),
 .UNSPECIFIED., .F., .F.,
 ( 4, 4 ),
 ( 0.000000000000000000, 0.004503332099679084946 ),
 .UNSPECIFIED. ) ;
#3158 = FACE_OUTER_BOUND ( 'NONE', #4292, .T. ) ;
#3159 = DIRECTION ( 'NONE',  ( 0.9527432661005471592, 0.3037766760303727276, -0.000000000000000000 ) ) ;
#3160 = ORIENTED_EDGE ( 'NONE', *, *, #5384, .F. ) ;
#3161 = ORIENTED_EDGE ( 'NONE', *, *, #2666, .F. ) ;
#3162 = EDGE_CURVE ( 'NONE', #3189, #5282, #2105, .T. ) ;
#3163 = ORIENTED_EDGE ( 'NONE', *, *, #214, .F. ) ;
#3164 = DIRECTION ( 'NONE',  ( 0.000000000000000000, 0.000000000000000000, 1.000000000000000000 ) ) ;
#3165 = CARTESIAN_POINT ( 'NONE',  ( 73.90000000001516867, 1.501110699902915568, 0.4114370209140089663 ) ) ;
#3166 = EDGE_LOOP ( 'NONE', ( #2853, #4705, #3785, #4163, #2817 ) ) ;
#3167 = VECTOR ( 'NONE', #184, 1000.000000000000000 ) ;
#3168 = LINE ( 'NONE', #2301, #337 ) ;
#3169 = DIRECTION ( 'NONE',  ( 1.000000000000000000, 0.000000000000000000, -0.000000000000000000 ) ) ;
#3170 = ADVANCED_FACE ( 'NONE', ( #3433 ), #1638, .T. ) ;
#3171 = FACE_OUTER_BOUND ( 'NONE', #153, .T. ) ;
#3172 = DIRECTION ( 'NONE',  ( 1.000000000000000000, 0.000000000000000000, 0.000000000000000000 ) ) ;
#3173 = ORIENTED_EDGE ( 'NONE', *, *, #996, .F. ) ;
#3174 = EDGE_CURVE ( 'NONE', #2239, #4090, #738, .T. ) ;
#3175 = ORIENTED_EDGE ( 'NONE', *, *, #2223, .F. ) ;
#3176 = DIRECTION ( 'NONE',  ( -0.000000000000000000, -0.000000000000000000, -1.000000000000000000 ) ) ;
#3177 = CYLINDRICAL_SURFACE ( 'NONE', #5230, 2.049999999999998490 ) ;
#3178 = FACE_OUTER_BOUND ( 'NONE', #1549, .T. ) ;
#3179 = VERTEX_POINT ( 'NONE', #4341 ) ;
#3180 = AXIS2_PLACEMENT_3D ( 'NONE', #1930, #5501, #679 ) ;
#3181 = DIRECTION ( 'NONE',  ( 0.000000000000000000, 0.000000000000000000, -1.000000000000000000 ) ) ;
#3182 = CARTESIAN_POINT ( 'NONE',  ( 4.503332099679070666, 70.00000000000000000, 24.00000000000000000 ) ) ;
#3183 = DIRECTION ( 'NONE',  ( -0.000000000000000000, -0.000000000000000000, 1.000000000000000000 ) ) ;
#3184 = LINE ( 'NONE', #4861, #2250 ) ;
#3185 = AXIS2_PLACEMENT_3D ( 'NONE', #2415, #2813, #2707 ) ;
#3186 = AXIS2_PLACEMENT_3D ( 'NONE', #5104, #2107, #1940 ) ;
#3187 = ORIENTED_EDGE ( 'NONE', *, *, #3700, .T. ) ;
#3188 = EDGE_CURVE ( 'NONE', #4245, #89, #4656, .T. ) ;
#3189 = VERTEX_POINT ( 'NONE', #5153 ) ;
#3190 = ORIENTED_EDGE ( 'NONE', *, *, #2173, .F. ) ;
#3191 = CARTESIAN_POINT ( 'NONE',  ( -2.049999999999998490, 70.00000000000000000, 6.000000000000000000 ) ) ;
#3192 = VECTOR ( 'NONE', #2179, 1000.000000000000227 ) ;
#3193 = CARTESIAN_POINT ( 'NONE',  ( 50.49848266491874682, -53.80327106699705553, 0.2894348550832616662 ) ) ;
#3194 = AXIS2_PLACEMENT_3D ( 'NONE', #3112, #3518, #5264 ) ;
#3195 = EDGE_CURVE ( 'NONE', #697, #973, #1203, .T. ) ;
#3196 = ORIENTED_EDGE ( 'NONE', *, *, #1887, .T. ) ;
#3197 = VECTOR ( 'NONE', #99, 1000.000000000000000 ) ;
#3198 = EDGE_LOOP ( 'NONE', ( #3753, #3587, #1558, #5370, #1213, #673, #171, #2357 ) ) ;
#3199 = CARTESIAN_POINT ( 'NONE',  ( 45.74713875834392951, 50.56947335667661747, 0.000000000000000000 ) ) ;
#3200 = CARTESIAN_POINT ( 'NONE',  ( 50.66302279690249577, -53.84735946248461147, 24.00000000000000000 ) ) ;
#3201 = CARTESIAN_POINT ( 'NONE',  ( 50.66302279688130028, 53.84735946250548722, 24.00000000000000000 ) ) ;
#3202 = DIRECTION ( 'NONE',  ( 0.000000000000000000, 0.000000000000000000, 1.000000000000000000 ) ) ;
#3203 = ORIENTED_EDGE ( 'NONE', *, *, #3479, .F. ) ;
#3204 = ORIENTED_EDGE ( 'NONE', *, *, #224, .F. ) ;
#3205 = LINE ( 'NONE', #5416, #5195 ) ;
#3206 = PLANE ( 'NONE',  #3027 ) ;
#3207 = ADVANCED_FACE ( 'NONE', ( #4690 ), #2881, .T. ) ;
#3208 = CARTESIAN_POINT ( 'NONE',  ( 50.49848266489724580, 53.80327106701784601, 29.71056514491627709 ) ) ;
#3209 = EDGE_CURVE ( 'NONE', #3373, #3446, #2136, .T. ) ;
#3210 = ORIENTED_EDGE ( 'NONE', *, *, #4424, .T. ) ;
#3211 = B_SPLINE_CURVE_WITH_KNOTS ( 'NONE', 3,
 ( #3682, #1048, #1515, #1486 ),
 .UNSPECIFIED., .F., .F.,
 ( 4, 4 ),
 ( 0.000000000000000000, 0.004503332099679083211 ),
 .UNSPECIFIED. ) ;
#3212 = CARTESIAN_POINT ( 'NONE',  ( -50.66302279685133669, -53.84735946250582828, 0.4342951545397207846 ) ) ;
#3213 = CARTESIAN_POINT ( 'NONE',  ( -70.00000000000000000, 0.000000000000000000, 6.000000000000000000 ) ) ;
#3214 = CARTESIAN_POINT ( 'NONE',  ( 5.003049854848462097, 64.80717161047766695, 30.00000000000000000 ) ) ;
#3215 = CARTESIAN_POINT ( 'NONE',  ( -52.78591390726340649, -51.72446835209375138, 0.3885788872376140235 ) ) ;
#3216 = VECTOR ( 'NONE', #4563, 1000.000000000000114 ) ;
#3217 = EDGE_CURVE ( 'NONE', #1300, #2070, #316, .T. ) ;
#3218 = VERTEX_POINT ( 'NONE', #2537 ) ;
#3219 = VERTEX_POINT ( 'NONE', #5651 ) ;
#3220 = EDGE_LOOP ( 'NONE', ( #3284, #2756, #5161, #4910 ) ) ;
#3221 = CONICAL_SURFACE ( 'NONE', #4056, 75.00000000000001421, 0.7853981633974447263 ) ;
#3222 = DIRECTION ( 'NONE',  ( -0.4999999999999985012, 0.8660254037844395958, 0.000000000000000000 ) ) ;
#3223 = DIRECTION ( 'NONE',  ( -0.000000000000000000, -0.000000000000000000, -1.000000000000000000 ) ) ;
#3224 = EDGE_CURVE ( 'NONE', #4417, #3080, #1988, .T. ) ;
#3225 = AXIS2_PLACEMENT_3D ( 'NONE', #3669, #3238, #5011 ) ;
#3226 = ORIENTED_EDGE ( 'NONE', *, *, #35, .T. ) ;
#3227 = VERTEX_POINT ( 'NONE', #5678 ) ;
#3228 = PLANE ( 'NONE',  #1252 ) ;
#3229 = CARTESIAN_POINT ( 'NONE',  ( -53.84735946246946270, -50.66302279688769516, 24.00000000000000000 ) ) ;
#3230 = AXIS2_PLACEMENT_3D ( 'NONE', #1957, #998, #968 ) ;
#3231 = DIRECTION ( 'NONE',  ( -0.9659258262890686453, -0.2588190451025198513, 0.000000000000000000 ) ) ;
#3232 = LINE ( 'NONE', #1524, #57 ) ;
#3233 = ORIENTED_EDGE ( 'NONE', *, *, #3864, .F. ) ;
#3234 = EDGE_CURVE ( 'NONE', #2502, #761, #1694, .T. ) ;
#3235 = VECTOR ( 'NONE', #2710, 1000.000000000000000 ) ;
#3236 = VERTEX_POINT ( 'NONE', #2132 ) ;
#3237 = PLANE ( 'NONE',  #2599 ) ;
#3238 = DIRECTION ( 'NONE',  ( 0.9659258262890687563, -0.2588190451025190186, 0.000000000000000000 ) ) ;
#3239 = DIRECTION ( 'NONE',  ( -0.4999999999999995559, -0.8660254037844389297, 0.000000000000000000 ) ) ;
#3240 = VECTOR ( 'NONE', #5299, 1000.000000000000000 ) ;
#3241 = ADVANCED_FACE ( 'NONE', ( #3906 ), #371, .F. ) ;
#3242 = VERTEX_POINT ( 'NONE', #5237 ) ;
#3243 = LINE ( 'NONE', #5016, #820 ) ;
#3244 = ORIENTED_EDGE ( 'NONE', *, *, #5182, .F. ) ;
#3245 = CARTESIAN_POINT ( 'NONE',  ( -73.89999999998519797, -2.251666049854712526, 24.00000000000000000 ) ) ;
#3246 = DIRECTION ( 'NONE',  ( -0.8660254037844389297, 0.4999999999999994449, 0.000000000000000000 ) ) ;
#3247 = DIRECTION ( 'NONE',  ( 1.000000000000000000, 0.000000000000000000, 0.000000000000000000 ) ) ;
#3248 = ADVANCED_FACE ( 'NONE', ( #652 ), #5010, .T. ) ;
#3249 = ORIENTED_EDGE ( 'NONE', *, *, #3484, .F. ) ;
#3250 = EDGE_CURVE ( 'NONE', #1386, #1368, #3205, .T. ) ;
#3251 = ORIENTED_EDGE ( 'NONE', *, *, #1045, .T. ) ;
#3252 = CARTESIAN_POINT ( 'NONE',  ( 73.90000000001516867, 2.251666049854370133, 6.000000000000000000 ) ) ;
#3253 = FACE_OUTER_BOUND ( 'NONE', #2933, .T. ) ;
#3254 = PLANE ( 'NONE',  #1343 ) ;
#3255 = ORIENTED_EDGE ( 'NONE', *, *, #2525, .F. ) ;
#3256 = EDGE_LOOP ( 'NONE', ( #3710, #4053, #3740, #4821 ) ) ;
#3257 = ORIENTED_EDGE ( 'NONE', *, *, #4261, .F. ) ;
#3258 = DIRECTION ( 'NONE',  ( 0.000000000000000000, 0.000000000000000000, 1.000000000000000000 ) ) ;
#3259 = DIRECTION ( 'NONE',  ( 0.000000000000000000, 0.000000000000000000, 1.000000000000000000 ) ) ;
#3260 = CARTESIAN_POINT ( 'NONE',  ( 0.000000000000000000, 0.000000000000000000, 24.00000000000000000 ) ) ;
#3261 = AXIS2_PLACEMENT_3D ( 'NONE', #780, #3069, #3014 ) ;
#3262 = CARTESIAN_POINT ( 'NONE',  ( 0.000000000000000000, 0.000000000000000000, 24.00000000000000000 ) ) ;
#3263 = VECTOR ( 'NONE', #1158, 1000.000000000000000 ) ;
#3264 = ORIENTED_EDGE ( 'NONE', *, *, #2554, .F. ) ;
#3265 = CARTESIAN_POINT ( 'NONE',  ( 73.45722173931842747, 2.507304197858942985, 30.00000000000000000 ) ) ;
#3266 = PLANE ( 'NONE',  #3886 ) ;
#3267 = CARTESIAN_POINT ( 'NONE',  ( 4.503332099709060010, -70.00000000000034106, 30.00000000000000000 ) ) ;
#3268 = VECTOR ( 'NONE', #4805, 1000.000000000000000 ) ;
#3269 = ADVANCED_FACE ( 'NONE', ( #4953 ), #3295, .F. ) ;
#3270 = ORIENTED_EDGE ( 'NONE', *, *, #1658, .F. ) ;
#3271 = CARTESIAN_POINT ( 'NONE',  ( 2.507304197834872017, 73.45722173931926591, 0.000000000000000000 ) ) ;
#3272 = FACE_OUTER_BOUND ( 'NONE', #3950, .T. ) ;
#3273 = DIRECTION ( 'NONE',  ( -1.000000000000000000, 0.000000000000000000, 0.000000000000000000 ) ) ;
#3274 = CARTESIAN_POINT ( 'NONE',  ( -73.89999999998519797, -2.251666049854712526, 29.56570484546509903 ) ) ;
#3275 = LINE ( 'NONE', #5020, #4385 ) ;
#3276 = ORIENTED_EDGE ( 'NONE', *, *, #5488, .T. ) ;
#3277 = EDGE_CURVE ( 'NONE', #4379, #1592, #597, .T. ) ;
#3278 = ORIENTED_EDGE ( 'NONE', *, *, #3999, .F. ) ;
#3279 = CARTESIAN_POINT ( 'NONE',  ( -45.61724112700669309, 50.08468879675466923, 30.00000000000000000 ) ) ;
#3280 = DIRECTION ( 'NONE',  ( 0.2588190451025212391, -0.9659258262890682012, 0.000000000000000000 ) ) ;
#3281 = CARTESIAN_POINT ( 'NONE',  ( 67.67148362175267096, -3.158962541861960904, 24.00000000000000000 ) ) ;
#3282 = EDGE_LOOP ( 'NONE', ( #2060, #1578, #2777, #2672, #4555, #1455, #2584, #4509 ) ) ;
#3283 = VECTOR ( 'NONE', #593, 1000.000000000000000 ) ;
#3284 = ORIENTED_EDGE ( 'NONE', *, *, #2025, .T. ) ;
#3285 = EDGE_CURVE ( 'NONE', #3624, #5511, #4136, .T. ) ;
#3286 = ORIENTED_EDGE ( 'NONE', *, *, #1121, .F. ) ;
#3287 = VECTOR ( 'NONE', #3258, 1000.000000000000000 ) ;
#3288 = CARTESIAN_POINT ( 'NONE',  ( 4.503332099709060010, -70.00000000000034106, 6.000000000000000000 ) ) ;
#3289 = CARTESIAN_POINT ( 'NONE',  ( 49.43847724036372426, -42.19996407763920843, 30.00000000000000000 ) ) ;
#3290 = LINE ( 'NONE', #4513, #1111 ) ;
#3291 = EDGE_CURVE ( 'NONE', #1172, #1965, #2797, .T. ) ;
#3292 = AXIS2_PLACEMENT_3D ( 'NONE', #4362, #5313, #4442 ) ;
#3293 = CARTESIAN_POINT ( 'NONE',  ( -5.562750146222819936, -63.93782217349402686, 6.000000000000000000 ) ) ;
#3294 = VERTEX_POINT ( 'NONE', #1527 ) ;
#3295 = CYLINDRICAL_SURFACE ( 'NONE', #928, 2.049999999999996270 ) ;
#3296 = CARTESIAN_POINT ( 'NONE',  ( 67.67148362175267096, -3.158962541861960904, 30.00000000000000000 ) ) ;
#3297 = LINE ( 'NONE', #1034, #5594 ) ;
#3298 = ADVANCED_FACE ( 'NONE', ( #4164 ), #3237, .T. ) ;
#3299 = ORIENTED_EDGE ( 'NONE', *, *, #3174, .T. ) ;
#3300 = ADVANCED_FACE ( 'NONE', ( #3696 ), #1498, .F. ) ;
#3301 = CARTESIAN_POINT ( 'NONE',  ( -5.003049854849839662, -64.80717161047755326, 30.00000000000000000 ) ) ;
#3302 = DIRECTION ( 'NONE',  ( -0.000000000000000000, -0.000000000000000000, -1.000000000000000000 ) ) ;
#3303 = DIRECTION ( 'NONE',  ( 1.000000000000000000, 0.000000000000000000, 0.000000000000000000 ) ) ;
#3304 = LINE ( 'NONE', #606, #574 ) ;
#3305 = ORIENTED_EDGE ( 'NONE', *, *, #163, .T. ) ;
#3306 = ORIENTED_EDGE ( 'NONE', *, *, #455, .T. ) ;
#3307 = EDGE_CURVE ( 'NONE', #274, #4218, #2308, .T. ) ;
#3308 = CARTESIAN_POINT ( 'NONE',  ( -41.27740928273772170, 49.14432598361691618, 30.00000000000000000 ) ) ;
#3309 = FACE_OUTER_BOUND ( 'NONE', #1924, .T. ) ;
#3310 = CARTESIAN_POINT ( 'NONE',  ( 42.28790003631038275, -49.36328099426759763, 0.000000000000000000 ) ) ;
#3311 = VECTOR ( 'NONE', #1573, 1000.000000000000000 ) ;
#3312 = ORIENTED_EDGE ( 'NONE', *, *, #3152, .F. ) ;
#3313 = VECTOR ( 'NONE', #1012, 1000.000000000000000 ) ;
#3314 = VERTEX_POINT ( 'NONE', #3265 ) ;
#3315 = ORIENTED_EDGE ( 'NONE', *, *, #1953, .F. ) ;
#3316 = EDGE_CURVE ( 'NONE', #2693, #3149, #5543, .T. ) ;
#3317 = PLANE ( 'NONE',  #4956 ) ;
#3318 = LINE ( 'NONE', #3875, #2712 ) ;
#3319 = CARTESIAN_POINT ( 'NONE',  ( 68.10612956743845814, 3.409905495635486172, 6.000000000000000000 ) ) ;
#3320 = VECTOR ( 'NONE', #5272, 1000.000000000000000 ) ;
#3321 = EDGE_CURVE ( 'NONE', #5489, #4574, #1061, .T. ) ;
#3322 = CARTESIAN_POINT ( 'NONE',  ( -4.503332099679096423, 70.00000000000000000, 0.000000000000000000 ) ) ;
#3323 = AXIS2_PLACEMENT_3D ( 'NONE', #3229, #5003, #1399 ) ;
#3324 = ADVANCED_FACE ( 'NONE', ( #4520 ), #202, .T. ) ;
#3325 = ORIENTED_EDGE ( 'NONE', *, *, #4102, .F. ) ;
#3326 = CARTESIAN_POINT ( 'NONE',  ( -52.68181134865099580, -46.31313801745108805, 24.00000000000000000 ) ) ;
#3327 = CARTESIAN_POINT ( 'NONE',  ( 50.16916781822430238, -53.71503141976970142, 0.000000000000000000 ) ) ;
#3328 = CARTESIAN_POINT ( 'NONE',  ( 49.43847724036312030, -42.19996407763989765, 0.000000000000000000 ) ) ;
#3329 = APPLICATION_CONTEXT ( 'automotive_design' ) ;
#3330 = ORIENTED_EDGE ( 'NONE', *, *, #733, .T. ) ;
#3331 = ADVANCED_FACE ( 'NONE', ( #543, #4603 ), #1875, .T. ) ;
#3332 = DIRECTION ( 'NONE',  ( -0.000000000000000000, -0.000000000000000000, -1.000000000000000000 ) ) ;
#3333 = CARTESIAN_POINT ( 'NONE',  ( 4.503332099679070666, 70.00000000000000000, 6.000000000000000000 ) ) ;
#3334 = EDGE_LOOP ( 'NONE', ( #3023, #4358, #3806, #2432 ) ) ;
#3335 = CARTESIAN_POINT ( 'NONE',  ( -64.79816327332540027, -5.118401743070238652, 30.00000000000000000 ) ) ;
#3336 = CARTESIAN_POINT ( 'NONE',  ( -50.66302279685133669, -53.84735946250582828, 0.4342951545397207846 ) ) ;
#3337 = CIRCLE ( 'NONE', #1945, 65.00000000000000000 ) ;
#3338 = ORIENTED_EDGE ( 'NONE', *, *, #655, .F. ) ;
#3339 = VERTEX_POINT ( 'NONE', #1962 ) ;
#3340 = FACE_OUTER_BOUND ( 'NONE', #3166, .T. ) ;
#3341 = CARTESIAN_POINT ( 'NONE',  ( 0.000000000000000000, 0.000000000000000000, 30.00000000000000000 ) ) ;
#3342 = CARTESIAN_POINT ( 'NONE',  ( -73.89999999998518376, 2.251666049824373239, 6.000000000000000000 ) ) ;
#3343 = EDGE_CURVE ( 'NONE', #2070, #3956, #5070, .T. ) ;
#3344 = VERTEX_POINT ( 'NONE', #2854 ) ;
#3345 = VERTEX_POINT ( 'NONE', #976 ) ;
#3346 = ORIENTED_EDGE ( 'NONE', *, *, #4985, .F. ) ;
#3347 = PLANE ( 'NONE',  #4215 ) ;
#3348 = PLANE ( 'NONE',  #3085 ) ;
#3349 = CARTESIAN_POINT ( 'NONE',  ( 5.562750146222373182, 63.93782217349406949, 6.000000000000000000 ) ) ;
#3350 = DIRECTION ( 'NONE',  ( 0.9659258262890686453, 0.2588190451025198513, 0.000000000000000000 ) ) ;
#3351 = EDGE_CURVE ( 'NONE', #3774, #5645, #4551, .T. ) ;
#3352 = ORIENTED_EDGE ( 'NONE', *, *, #3067, .F. ) ;
#3353 = PLANE ( 'NONE',  #3691 ) ;
#3354 = CARTESIAN_POINT ( 'NONE',  ( 52.68181134868095938, 46.31313801745074699, 0.000000000000000000 ) ) ;
#3355 = FACE_OUTER_BOUND ( 'NONE', #4057, .T. ) ;
#3356 = ADVANCED_FACE ( 'NONE', ( #145 ), #2832, .T. ) ;
#3357 = ORIENTED_EDGE ( 'NONE', *, *, #1794, .F. ) ;
#3358 = VECTOR ( 'NONE', #3443, 1000.000000000000000 ) ;
#3359 = LINE ( 'NONE', #629, #5365 ) ;
#3360 = CIRCLE ( 'NONE', #2705, 65.00000000000000000 ) ;
#3361 = LINE ( 'NONE', #720, #1099 ) ;
#3362 = CARTESIAN_POINT ( 'NONE',  ( 53.71503141980520013, -50.16916781818628834, 30.00000000000000000 ) ) ;
#3363 = ORIENTED_EDGE ( 'NONE', *, *, #747, .F. ) ;
#3364 = ORIENTED_EDGE ( 'NONE', *, *, #457, .F. ) ;
#3365 = CARTESIAN_POINT ( 'NONE',  ( 53.84735946249942629, 50.66302279688734700, 6.000000000000000000 ) ) ;
#3366 = FACE_OUTER_BOUND ( 'NONE', #2101, .T. ) ;
#3367 = DIRECTION ( 'NONE',  ( -0.000000000000000000, -0.000000000000000000, 1.000000000000000000 ) ) ;
#3368 = ORIENTED_EDGE ( 'NONE', *, *, #834, .T. ) ;
#3369 = EDGE_CURVE ( 'NONE', #2089, #1718, #814, .T. ) ;
#3370 = VERTEX_POINT ( 'NONE', #797 ) ;
#3371 = ORIENTED_EDGE ( 'NONE', *, *, #5331, .F. ) ;
#3372 = EDGE_LOOP ( 'NONE', ( #1687, #3635, #4715, #5580 ) ) ;
#3373 = VERTEX_POINT ( 'NONE', #1748 ) ;
#3374 = CARTESIAN_POINT ( 'NONE',  ( -53.84735946246946270, -50.66302279688769516, 6.000000000000000000 ) ) ;
#3375 = EDGE_CURVE ( 'NONE', #4994, #5022, #2128, .T. ) ;
#3376 = VECTOR ( 'NONE', #2112, 1000.000000000000000 ) ;
#3377 = CARTESIAN_POINT ( 'NONE',  ( 73.90000000001516867, 2.251666049854370133, 29.56570484543516031 ) ) ;
#3378 = DIRECTION ( 'NONE',  ( 0.2588190451025212391, -0.9659258262890680902, 0.000000000000000000 ) ) ;
#3379 = CARTESIAN_POINT ( 'NONE',  ( 0.000000000000000000, 0.000000000000000000, 30.00000000000000000 ) ) ;
#3380 = VECTOR ( 'NONE', #2625, 1000.000000000000000 ) ;
#3381 = VECTOR ( 'NONE', #603, 1000.000000000000000 ) ;
#3382 = EDGE_LOOP ( 'NONE', ( #5698, #2428 ) ) ;
#3383 = DIRECTION ( 'NONE',  ( -0.7071067811865483499, -0.7071067811865467956, 0.000000000000000000 ) ) ;
#3384 = FACE_OUTER_BOUND ( 'NONE', #4650, .T. ) ;
#3385 = CARTESIAN_POINT ( 'NONE',  ( 46.31313801746588865, -52.68181134866613746, 6.000000000000000000 ) ) ;
#3386 = VECTOR ( 'NONE', #1421, 1000.000000000000114 ) ;
#3387 = ORIENTED_EDGE ( 'NONE', *, *, #842, .T. ) ;
#3388 = EDGE_CURVE ( 'NONE', #3869, #3107, #5443, .T. ) ;
#3389 = FACE_OUTER_BOUND ( 'NONE', #1481, .T. ) ;
#3390 = CYLINDRICAL_SURFACE ( 'NONE', #4289, 2.049999999999989164 ) ;
#3391 = CARTESIAN_POINT ( 'NONE',  ( 2.422050754468600520, -73.60488503480210909, 29.85533089629104353 ) ) ;
#3392 = EDGE_CURVE ( 'NONE', #3892, #1411, #5587, .T. ) ;
#3393 = VERTEX_POINT ( 'NONE', #3024 ) ;
#3394 = ORIENTED_EDGE ( 'NONE', *, *, #1625, .F. ) ;
#3395 = DIRECTION ( 'NONE',  ( 0.2588190451025212391, -0.9659258262890680902, 0.000000000000000000 ) ) ;
#3396 = CARTESIAN_POINT ( 'NONE',  ( -3.158962541858806539, -67.67148362175863952, 6.000000000000000000 ) ) ;
#3397 = DIRECTION ( 'NONE',  ( 0.000000000000000000, 0.000000000000000000, -1.000000000000000000 ) ) ;
#3398 = ORIENTED_EDGE ( 'NONE', *, *, #414, .F. ) ;
#3399 = VERTEX_POINT ( 'NONE', #424 ) ;
#3400 = ORIENTED_EDGE ( 'NONE', *, *, #5, .T. ) ;
#3401 = ORIENTED_EDGE ( 'NONE', *, *, #392, .F. ) ;
#3402 = EDGE_CURVE ( 'NONE', #2994, #5699, #5730, .T. ) ;
#3403 = FACE_OUTER_BOUND ( 'NONE', #4938, .T. ) ;
#3404 = CARTESIAN_POINT ( 'NONE',  ( -51.54747468305824043, 49.49747468305840670, 6.000000000000000000 ) ) ;
#3405 = CARTESIAN_POINT ( 'NONE',  ( -53.84735946246946270, -50.66302279688769516, 6.000000000000000000 ) ) ;
#3406 = VECTOR ( 'NONE', #2592, 1000.000000000000000 ) ;
#3407 = CARTESIAN_POINT ( 'NONE',  ( -64.79816327332538606, -5.118401743070238652, 30.00000000000000000 ) ) ;
#3408 = CARTESIAN_POINT ( 'NONE',  ( -49.49747468305825038, 49.49747468305840670, 24.00000000000000000 ) ) ;
#3409 = CARTESIAN_POINT ( 'NONE',  ( 3.409905495646311735, -68.10612956741616131, 6.000000000000000000 ) ) ;
#3410 = FACE_OUTER_BOUND ( 'NONE', #2818, .T. ) ;
#3411 = DIRECTION ( 'NONE',  ( -1.000000000000000000, 0.000000000000000000, 0.000000000000000000 ) ) ;
#3412 = FACE_OUTER_BOUND ( 'NONE', #1572, .T. ) ;
#3413 = EDGE_CURVE ( 'NONE', #5527, #712, #2563, .T. ) ;
#3414 = AXIS2_PLACEMENT_3D ( 'NONE', #1941, #4235, #4173 ) ;
#3415 = ORIENTED_EDGE ( 'NONE', *, *, #1798, .F. ) ;
#3416 = ORIENTED_EDGE ( 'NONE', *, *, #4147, .T. ) ;
#3417 = CARTESIAN_POINT ( 'NONE',  ( -49.43847724036341873, 42.19996407763955659, 30.00000000000000000 ) ) ;
#3418 = CARTESIAN_POINT ( 'NONE',  ( 53.84735946252063599, -50.66302279686647836, 24.00000000000000000 ) ) ;
#3419 = EDGE_CURVE ( 'NONE', #216, #3534, #3082, .T. ) ;
#3420 = ORIENTED_EDGE ( 'NONE', *, *, #1508, .T. ) ;
#3421 = FACE_OUTER_BOUND ( 'NONE', #383, .T. ) ;
#3422 = AXIS2_PLACEMENT_3D ( 'NONE', #4663, #1210, #4318 ) ;
#3423 = EDGE_CURVE ( 'NONE', #880, #2319, #4774, .T. ) ;
#3424 = LINE ( 'NONE', #1219, #2644 ) ;
#3425 = LINE ( 'NONE', #4768, #2268 ) ;
#3426 = ORIENTED_EDGE ( 'NONE', *, *, #4019, .F. ) ;
#3427 = EDGE_CURVE ( 'NONE', #415, #5495, #1721, .T. ) ;
#3428 = ORIENTED_EDGE ( 'NONE', *, *, #429, .F. ) ;
#3429 = ORIENTED_EDGE ( 'NONE', *, *, #1121, .T. ) ;
#3430 = ORIENTED_EDGE ( 'NONE', *, *, #583, .T. ) ;
#3431 = DIRECTION ( 'NONE',  ( -0.9527432661005492687, -0.3037766760303661218, 0.000000000000000000 ) ) ;
#3432 = CARTESIAN_POINT ( 'NONE',  ( 2.251666049839530892, 73.90000000000000568, 6.000000000000000000 ) ) ;
#3433 = FACE_OUTER_BOUND ( 'NONE', #4481, .T. ) ;
#3434 = CARTESIAN_POINT ( 'NONE',  ( 50.66302279688130028, 53.84735946250548722, 24.00000000000000000 ) ) ;
#3435 = CARTESIAN_POINT ( 'NONE',  ( 2.251666049839530892, 73.90000000000000568, 0.4342951545492348409 ) ) ;
#3436 = DIRECTION ( 'NONE',  ( -0.000000000000000000, -0.000000000000000000, -1.000000000000000000 ) ) ;
#3437 = PLANE ( 'NONE',  #2956 ) ;
#3438 = FACE_OUTER_BOUND ( 'NONE', #4562, .T. ) ;
#3439 = DIRECTION ( 'NONE',  ( -0.9659258262890684232, 0.2588190451025205174, 0.000000000000000000 ) ) ;
#3440 = CARTESIAN_POINT ( 'NONE',  ( 65.00000000000000000, 7.960204194457797252E-15, 30.00000000000000000 ) ) ;
#3441 = ORIENTED_EDGE ( 'NONE', *, *, #2446, .F. ) ;
#3442 = ORIENTED_EDGE ( 'NONE', *, *, #4322, .F. ) ;
#3443 = DIRECTION ( 'NONE',  ( -0.000000000000000000, -0.000000000000000000, -1.000000000000000000 ) ) ;
#3444 = DIRECTION ( 'NONE',  ( -0.000000000000000000, -0.000000000000000000, 1.000000000000000000 ) ) ;
#3445 = EDGE_CURVE ( 'NONE', #662, #4110, #4429, .T. ) ;
#3446 = VERTEX_POINT ( 'NONE', #452 ) ;
#3447 = CIRCLE ( 'NONE', #2431, 73.49999999999998579 ) ;
#3448 = CARTESIAN_POINT ( 'NONE',  ( -3.158962541858807871, -67.67148362175863952, 0.000000000000000000 ) ) ;
#3449 = DIRECTION ( 'NONE',  ( 1.000000000000000000, 0.000000000000000000, 0.000000000000000000 ) ) ;
#3450 = DIRECTION ( 'NONE',  ( -0.8660254037844395958, -0.4999999999999983347, -0.000000000000000000 ) ) ;
#3451 = B_SPLINE_CURVE_WITH_KNOTS ( 'NONE', 3,
 ( #4196, #1094, #4167, #5419 ),
 .UNSPECIFIED., .F., .F.,
 ( 4, 4 ),
 ( 0.000000000000000000, 0.004503332099679083211 ),
 .UNSPECIFIED. ) ;
#3452 = VECTOR ( 'NONE', #4747, 999.9999999999998863 ) ;
#3453 = EDGE_LOOP ( 'NONE', ( #5082, #905, #388, #5031, #2796 ) ) ;
#3454 = ORIENTED_EDGE ( 'NONE', *, *, #1611, .F. ) ;
#3455 = DIRECTION ( 'NONE',  ( 1.000000000000000000, 0.000000000000000000, 0.000000000000000000 ) ) ;
#3456 = FACE_OUTER_BOUND ( 'NONE', #1075, .T. ) ;
#3457 = FACE_OUTER_BOUND ( 'NONE', #3282, .T. ) ;
#3458 = DIRECTION ( 'NONE',  ( 0.2588190451025198513, -0.9659258262890686453, 0.000000000000000000 ) ) ;
#3459 = DIRECTION ( 'NONE',  ( -0.9659258262890677571, -0.2588190451025223493, 0.000000000000000000 ) ) ;
#3460 = EDGE_CURVE ( 'NONE', #12, #823, #5172, .T. ) ;
#3461 = CIRCLE ( 'NONE', #5510, 65.00000000000000000 ) ;
#3462 = DIRECTION ( 'NONE',  ( -0.000000000000000000, -0.000000000000000000, -1.000000000000000000 ) ) ;
#3463 = VERTEX_POINT ( 'NONE', #5345 ) ;
#3464 = LINE ( 'NONE', #3493, #4441 ) ;
#3465 = CARTESIAN_POINT ( 'NONE',  ( -50.33386482372792869, 53.75916184939789133, 0.1446691037049895046 ) ) ;
#3466 = PLANE ( 'NONE',  #642 ) ;
#3467 = VECTOR ( 'NONE', #1631, 1000.000000000000000 ) ;
#3468 = AXIS2_PLACEMENT_3D ( 'NONE', #4343, #2106, #741 ) ;
#3469 = DIRECTION ( 'NONE',  ( 1.000000000000000000, 0.000000000000000000, 0.000000000000000000 ) ) ;
#3470 = ORIENTED_EDGE ( 'NONE', *, *, #2228, .F. ) ;
#3471 = VECTOR ( 'NONE', #4529, 1000.000000000000000 ) ;
#3472 = AXIS2_PLACEMENT_3D ( 'NONE', #4570, #194, #2846 ) ;
#3473 = ORIENTED_EDGE ( 'NONE', *, *, #2745, .T. ) ;
#3474 = EDGE_CURVE ( 'NONE', #3179, #3892, #5233, .T. ) ;
#3475 = PLANE ( 'NONE',  #764 ) ;
#3476 = CARTESIAN_POINT ( 'NONE',  ( 73.90000000001516867, 2.251666049854370133, 24.00000000000000000 ) ) ;
#3477 = VECTOR ( 'NONE', #2296, 1000.000000000000000 ) ;
#3478 = EDGE_LOOP ( 'NONE', ( #3506, #1803, #3068, #1223, #2291 ) ) ;
#3479 = EDGE_CURVE ( 'NONE', #3314, #2443, #2241, .T. ) ;
#3480 = CARTESIAN_POINT ( 'NONE',  ( -69.99999999998519229, 4.503332099663921895, 30.00000000000000000 ) ) ;
#3481 = CARTESIAN_POINT ( 'NONE',  ( 4.503332099709060010, -70.00000000000034106, 30.00000000000000000 ) ) ;
#3482 = CARTESIAN_POINT ( 'NONE',  ( 70.00000000000000000, 0.000000000000000000, 24.00000000000000000 ) ) ;
#3483 = VERTEX_POINT ( 'NONE', #4887 ) ;
#3484 = EDGE_CURVE ( 'NONE', #2700, #3548, #2618, .T. ) ;
#3485 = ORIENTED_EDGE ( 'NONE', *, *, #2685, .T. ) ;
#3486 = DIRECTION ( 'NONE',  ( 0.000000000000000000, 0.000000000000000000, 1.000000000000000000 ) ) ;
#3487 = DIRECTION ( 'NONE',  ( 1.000000000000000000, 0.000000000000000000, 0.000000000000000000 ) ) ;
#3488 = CARTESIAN_POINT ( 'NONE',  ( -5.562750146221928205, -63.93782217349409791, 24.00000000000000000 ) ) ;
#3489 = CARTESIAN_POINT ( 'NONE',  ( -51.72446835207860261, 52.78591390727822130, 0.3885788872375874337 ) ) ;
#3490 = EDGE_CURVE ( 'NONE', #1592, #1077, #397, .T. ) ;
#3491 = CARTESIAN_POINT ( 'NONE',  ( 68.35724183972041601, 3.280211195049038242, 24.00000000000000000 ) ) ;
#3492 = CARTESIAN_POINT ( 'NONE',  ( -50.16916781821790039, 53.71503141977566287, 30.00000000000000000 ) ) ;
#3493 = CARTESIAN_POINT ( 'NONE',  ( -5.562750146221928205, -63.93782217349409791, 30.00000000000000000 ) ) ;
#3494 = EDGE_CURVE ( 'NONE', #144, #2550, #2649, .T. ) ;
#3495 = LINE ( 'NONE', #2140, #3320 ) ;
#3496 = CIRCLE ( 'NONE', #2663, 2.049999999999998490 ) ;
#3497 = CARTESIAN_POINT ( 'NONE',  ( 4.503332099679070666, 70.00000000000000000, 30.00000000000000000 ) ) ;
#3498 = CARTESIAN_POINT ( 'NONE',  ( -67.67148362173877274, 3.158962541870899088, 6.000000000000000000 ) ) ;
#3499 = EDGE_CURVE ( 'NONE', #101, #3022, #3145, .T. ) ;
#3500 = ORIENTED_EDGE ( 'NONE', *, *, #455, .F. ) ;
#3501 = AXIS2_PLACEMENT_3D ( 'NONE', #473, #3978, #1248 ) ;
#3502 = EDGE_LOOP ( 'NONE', ( #1512, #5151, #1678, #2932 ) ) ;
#3503 = LINE ( 'NONE', #4324, #4796 ) ;
#3504 = CARTESIAN_POINT ( 'NONE',  ( -73.89999999998518376, 2.251666049824373239, 24.00000000000000000 ) ) ;
#3505 = VECTOR ( 'NONE', #2224, 1000.000000000000114 ) ;
#3506 = ORIENTED_EDGE ( 'NONE', *, *, #2614, .T. ) ;
#3507 = EDGE_CURVE ( 'NONE', #2239, #4218, #3543, .T. ) ;
#3508 = ORIENTED_EDGE ( 'NONE', *, *, #5400, .F. ) ;
#3509 = AXIS2_PLACEMENT_3D ( 'NONE', #2923, #5607, #5636 ) ;
#3510 = FACE_OUTER_BOUND ( 'NONE', #246, .T. ) ;
#3511 = VECTOR ( 'NONE', #4346, 1000.000000000000000 ) ;
#3512 = CARTESIAN_POINT ( 'NONE',  ( 50.66302279690249577, -53.84735946248461147, 29.56570484544067412 ) ) ;
#3513 = CARTESIAN_POINT ( 'NONE',  ( 53.71503141980520013, -50.16916781818628834, 30.00000000000000000 ) ) ;
#3514 = ORIENTED_EDGE ( 'NONE', *, *, #3369, .F. ) ;
#3515 = EDGE_LOOP ( 'NONE', ( #4378, #1188, #4276, #16, #1550, #3822, #439, #571, #3161, #4981, #1775, #312, #644, #2476, #4674, #938, #555, #2963, #4795, #1710 ) ) ;
#3516 = EDGE_LOOP ( 'NONE', ( #1418, #3299, #3530, #4924 ) ) ;
#3517 = CARTESIAN_POINT ( 'NONE',  ( 0.000000000000000000, -70.00000000000000000, 6.000000000000000000 ) ) ;
#3518 = DIRECTION ( 'NONE',  ( 0.8660254037844395958, 0.4999999999999985012, 0.000000000000000000 ) ) ;
#3519 = CARTESIAN_POINT ( 'NONE',  ( 50.65532882781854340, -46.01640966833162594, 24.00000000000000000 ) ) ;
#3520 = EDGE_CURVE ( 'NONE', #29, #3022, #1485, .T. ) ;
#3521 = VECTOR ( 'NONE', #3064, 1000.000000000000227 ) ;
#3522 = PRODUCT_CONTEXT ( 'NONE', #2219, 'mechanical' ) ;
#3523 = FACE_OUTER_BOUND ( 'NONE', #4000, .T. ) ;
#3524 = ORIENTED_EDGE ( 'NONE', *, *, #1052, .T. ) ;
#3525 = DIRECTION ( 'NONE',  ( 0.8660254037844389297, -0.4999999999999994449, 0.000000000000000000 ) ) ;
#3526 = CARTESIAN_POINT ( 'NONE',  ( 68.35724183972041601, 3.280211195049038242, 24.00000000000000000 ) ) ;
#3527 = LINE ( 'NONE', #5327, #3240 ) ;
#3528 = CARTESIAN_POINT ( 'NONE',  ( -47.44747468305858717, -49.49747468305806564, 6.000000000000000000 ) ) ;
#3529 = EDGE_CURVE ( 'NONE', #4273, #1641, #4911, .T. ) ;
#3530 = ORIENTED_EDGE ( 'NONE', *, *, #2257, .F. ) ;
#3531 = ORIENTED_EDGE ( 'NONE', *, *, #4510, .T. ) ;
#3532 = CARTESIAN_POINT ( 'NONE',  ( -42.19996407763937185, -49.43847724036356084, 24.00000000000000000 ) ) ;
#3533 = CARTESIAN_POINT ( 'NONE',  ( 70.00000000000000000, 0.000000000000000000, 6.000000000000000000 ) ) ;
#3534 = VERTEX_POINT ( 'NONE', #3681 ) ;
#3535 = ORIENTED_EDGE ( 'NONE', *, *, #2598, .F. ) ;
#3536 = LINE ( 'NONE', #2667, #1743 ) ;
#3537 = FACE_BOUND ( 'NONE', #5069, .T. ) ;
#3538 = CARTESIAN_POINT ( 'NONE',  ( 65.00000000000000000, 7.960204194457797252E-15, 24.00000000000000000 ) ) ;
#3539 = ORIENTED_EDGE ( 'NONE', *, *, #4554, .F. ) ;
#3540 = VECTOR ( 'NONE', #5072, 1000.000000000000000 ) ;
#3541 = ORIENTED_EDGE ( 'NONE', *, *, #696, .F. ) ;
#3542 = ORIENTED_EDGE ( 'NONE', *, *, #28, .T. ) ;
#3543 = LINE ( 'NONE', #4970, #81 ) ;
#3544 = LINE ( 'NONE', #910, #3648 ) ;
#3545 = CARTESIAN_POINT ( 'NONE',  ( 70.00000000001514877, -4.503332099664255850, 24.00000000000000000 ) ) ;
#3546 = CONICAL_SURFACE ( 'NONE', #579, 75.00000000000001421, 0.7853981633974447263 ) ;
#3547 = EDGE_CURVE ( 'NONE', #4974, #237, #3496, .T. ) ;
#3548 = VERTEX_POINT ( 'NONE', #610 ) ;
#3549 = EDGE_CURVE ( 'NONE', #1162, #3463, #5374, .T. ) ;
#3550 = CARTESIAN_POINT ( 'NONE',  ( -73.89999999998518376, 3.855823843257745969E-16, 29.60000000001479137 ) ) ;
#3551 = CARTESIAN_POINT ( 'NONE',  ( 68.10612956743845814, 3.409905495635486172, 24.00000000000000000 ) ) ;
#3552 = CARTESIAN_POINT ( 'NONE',  ( 0.000000000000000000, 0.000000000000000000, 0.000000000000000000 ) ) ;
#3553 = LINE ( 'NONE', #5326, #3505 ) ;
#3554 = DIRECTION ( 'NONE',  ( 0.8884937717769009202, -0.4588886766021321728, 0.000000000000000000 ) ) ;
#3555 = ORIENTED_EDGE ( 'NONE', *, *, #2785, .F. ) ;
#3556 = B_SPLINE_CURVE_WITH_KNOTS ( 'NONE', 3,
 ( #5512, #5545, #1535, #3702 ),
 .UNSPECIFIED., .F., .F.,
 ( 4, 4 ),
 ( 0.000000000000000000, 0.004503332099679084946 ),
 .UNSPECIFIED. ) ;
#3557 = CARTESIAN_POINT ( 'NONE',  ( -5.003049854848926614, -64.80717161047762431, 30.00000000000000000 ) ) ;
#3558 = FACE_OUTER_BOUND ( 'NONE', #1946, .T. ) ;
#3559 = CIRCLE ( 'NONE', #1991, 73.49999999999998579 ) ;
#3560 = EDGE_CURVE ( 'NONE', #973, #1386, #4093, .T. ) ;
#3561 = ORIENTED_EDGE ( 'NONE', *, *, #583, .F. ) ;
#3562 = VECTOR ( 'NONE', #2970, 1000.000000000000000 ) ;
#3563 = CARTESIAN_POINT ( 'NONE',  ( 45.61724112703850409, -50.08468879676195940, 30.00000000000000000 ) ) ;
#3564 = CARTESIAN_POINT ( 'NONE',  ( -64.80717161047761010, 5.003049854849138001, 5.999999999999998224 ) ) ;
#3565 = DIRECTION ( 'NONE',  ( -0.5000000000000001110, -0.8660254037844385966, -0.000000000000000000 ) ) ;
#3566 = ADVANCED_FACE ( 'NONE', ( #1420 ), #4538, .T. ) ;
#3567 = AXIS2_PLACEMENT_3D ( 'NONE', #5284, #2641, #4415 ) ;
#3568 = ORIENTED_EDGE ( 'NONE', *, *, #2325, .F. ) ;
#3569 = ORIENTED_EDGE ( 'NONE', *, *, #2435, .T. ) ;
#3570 = EDGE_LOOP ( 'NONE', ( #5508, #3196, #3766, #4490 ) ) ;
#3571 = CARTESIAN_POINT ( 'NONE',  ( -52.78591390728463750, 51.72446835207217930, 29.61142111276230082 ) ) ;
#3572 = CARTESIAN_POINT ( 'NONE',  ( -46.31313801743593928, 52.68181134866579640, 6.000000000000000000 ) ) ;
#3573 = EDGE_LOOP ( 'NONE', ( #809, #3946 ) ) ;
#3574 = EDGE_CURVE ( 'NONE', #1426, #3936, #621, .T. ) ;
#3575 = DIRECTION ( 'NONE',  ( -0.000000000000000000, -0.000000000000000000, -1.000000000000000000 ) ) ;
#3576 = CARTESIAN_POINT ( 'NONE',  ( 0.000000000000000000, 0.000000000000000000, 0.000000000000000000 ) ) ;
#3577 = CARTESIAN_POINT ( 'NONE',  ( -67.67148362173877274, 3.158962541870899088, 30.00000000000000000 ) ) ;
#3578 = LINE ( 'NONE', #943, #3235 ) ;
#3579 = DIRECTION ( 'NONE',  ( 0.000000000000000000, 0.000000000000000000, 1.000000000000000000 ) ) ;
#3580 = VERTEX_POINT ( 'NONE', #5402 ) ;
#3581 = VECTOR ( 'NONE', #2871, 1000.000000000000000 ) ;
#3582 = EDGE_LOOP ( 'NONE', ( #1719, #1282, #2409, #17, #3897, #1024, #3687, #1983, #2590, #3775, #2664, #2046, #3122, #124, #1779, #3865, #4890, #4149, #1747, #5673, #1005, #3814, #2120, #311, #2424, #4262, #4118, #989, #3352, #5467, #5146, #3651, #2671, #3357, #327, #3442 ) ) ;
#3583 = CARTESIAN_POINT ( 'NONE',  ( -69.99999999998519229, -4.503332099694253188, 24.00000000000000000 ) ) ;
#3584 = DIRECTION ( 'NONE',  ( 0.8660254037844394848, 0.4999999999999984457, 0.000000000000000000 ) ) ;
#3585 = ADVANCED_FACE ( 'NONE', ( #4939 ), #959, .T. ) ;
#3586 = AXIS2_PLACEMENT_3D ( 'NONE', #1006, #5389, #1407 ) ;
#3587 = ORIENTED_EDGE ( 'NONE', *, *, #1856, .T. ) ;
#3588 = LINE ( 'NONE', #1388, #1281 ) ;
#3589 = LINE ( 'NONE', #4036, #436 ) ;
#3590 = LINE ( 'NONE', #1415, #2456 ) ;
#3591 = ORIENTED_EDGE ( 'NONE', *, *, #2554, .T. ) ;
#3592 = VECTOR ( 'NONE', #301, 1000.000000000000000 ) ;
#3593 = ORIENTED_EDGE ( 'NONE', *, *, #4600, .T. ) ;
#3594 = VECTOR ( 'NONE', #5212, 1000.000000000000114 ) ;
#3595 = EDGE_CURVE ( 'NONE', #3872, #1077, #2753, .T. ) ;
#3596 = ORIENTED_EDGE ( 'NONE', *, *, #2186, .F. ) ;
#3597 = CARTESIAN_POINT ( 'NONE',  ( 50.08468879675734087, 45.61724112701814704, 30.00000000000000000 ) ) ;
#3598 = FACE_BOUND ( 'NONE', #496, .T. ) ;
#3599 = EDGE_CURVE ( 'NONE', #2040, #237, #1889, .T. ) ;
#3600 = VERTEX_POINT ( 'NONE', #3191 ) ;
#3601 = CARTESIAN_POINT ( 'NONE',  ( 73.90000000001516867, 2.251666049854370133, 29.56570484543516031 ) ) ;
#3602 = CARTESIAN_POINT ( 'NONE',  ( 0.000000000000000000, 0.000000000000000000, 1.500000000000025535 ) ) ;
#3603 = VECTOR ( 'NONE', #228, 1000.000000000000000 ) ;
#3604 = LINE ( 'NONE', #619, #5471 ) ;
#3605 = ORIENTED_EDGE ( 'NONE', *, *, #5691, .F. ) ;
#3606 = CARTESIAN_POINT ( 'NONE',  ( -68.10612956742232882, -3.409905495643814621, 30.00000000000000000 ) ) ;
#3607 = ORIENTED_EDGE ( 'NONE', *, *, #1459, .T. ) ;
#3608 = VECTOR ( 'NONE', #4806, 1000.000000000000000 ) ;
#3609 = EDGE_LOOP ( 'NONE', ( #3969, #921, #3233, #2326, #4740, #3596, #3428, #2717, #3426, #2093, #5646, #5251, #2412, #4391, #762, #4717, #2027, #1635, #1365, #2005 ) ) ;
#3610 = DIRECTION ( 'NONE',  ( -0.7071067811865516806, 0.000000000000000000, -0.7071067811865434649 ) ) ;
#3611 = CARTESIAN_POINT ( 'NONE',  ( -50.16916781819523408, -53.71503141979683704, 30.00000000000000000 ) ) ;
#3612 = DIRECTION ( 'NONE',  ( -0.000000000000000000, -0.000000000000000000, 1.000000000000000000 ) ) ;
#3613 = ORIENTED_EDGE ( 'NONE', *, *, #986, .F. ) ;
#3614 = ORIENTED_EDGE ( 'NONE', *, *, #3413, .T. ) ;
#3615 = EDGE_CURVE ( 'NONE', #394, #1859, #3652, .T. ) ;
#3616 = CARTESIAN_POINT ( 'NONE',  ( -50.16916781821790750, 53.71503141977566287, 0.000000000000000000 ) ) ;
#3617 = LINE ( 'NONE', #4963, #420 ) ;
#3618 = DIRECTION ( 'NONE',  ( -0.5413273945389737163, 0.8408119004400723684, 0.000000000000000000 ) ) ;
#3619 = ORIENTED_EDGE ( 'NONE', *, *, #1170, .T. ) ;
#3620 = EDGE_LOOP ( 'NONE', ( #2358, #3346, #4606, #4434, #4987, #5728, #2368, #3716 ) ) ;
#3621 = VERTEX_POINT ( 'NONE', #2784 ) ;
#3622 = DIRECTION ( 'NONE',  ( -0.8884937717769024745, 0.4588886766021290642, 0.000000000000000000 ) ) ;
#3623 = CARTESIAN_POINT ( 'NONE',  ( -51.54747468305824043, 49.49747468305840670, 24.00000000000000000 ) ) ;
#3624 = VERTEX_POINT ( 'NONE', #3597 ) ;
#3625 = ORIENTED_EDGE ( 'NONE', *, *, #244, .T. ) ;
#3626 = EDGE_CURVE ( 'NONE', #1519, #2125, #159, .T. ) ;
#3627 = CIRCLE ( 'NONE', #5124, 2.049999999999989164 ) ;
#3628 = DIRECTION ( 'NONE',  ( -0.000000000000000000, -0.000000000000000000, 1.000000000000000000 ) ) ;
#3629 = PLANE ( 'NONE',  #4722 ) ;
#3630 = DIRECTION ( 'NONE',  ( 0.000000000000000000, 0.000000000000000000, 1.000000000000000000 ) ) ;
#3631 = ADVANCED_FACE ( 'NONE', ( #2730 ), #5023, .T. ) ;
#3632 = CARTESIAN_POINT ( 'NONE',  ( -73.89999999998519797, -2.251666049854712526, 24.00000000000000000 ) ) ;
#3633 = EDGE_LOOP ( 'NONE', ( #595, #215, #4526, #4846, #1112 ) ) ;
#3634 = ADVANCED_FACE ( 'NONE', ( #4591 ), #2381, .T. ) ;
#3635 = ORIENTED_EDGE ( 'NONE', *, *, #5281, .T. ) ;
#3636 = DIRECTION ( 'NONE',  ( 1.000000000000000000, 0.000000000000000000, 0.000000000000000000 ) ) ;
#3637 = CARTESIAN_POINT ( 'NONE',  ( 2.422050754438078268, 73.60488503480269173, 29.85533089629145209 ) ) ;
#3638 = CARTESIAN_POINT ( 'NONE',  ( 50.66302279688130028, 53.84735946250548722, 29.56570484543999200 ) ) ;
#3639 = ORIENTED_EDGE ( 'NONE', *, *, #4904, .F. ) ;
#3640 = ADVANCED_FACE ( 'NONE', ( #506 ), #2267, .F. ) ;
#3641 = CARTESIAN_POINT ( 'NONE',  ( -49.43847724036341873, 42.19996407763954949, 5.999999999999998224 ) ) ;
#3642 = EDGE_LOOP ( 'NONE', ( #3625, #2454, #3278, #4475 ) ) ;
#3643 = DIRECTION ( 'NONE',  ( -0.000000000000000000, -0.000000000000000000, 1.000000000000000000 ) ) ;
#3644 = LINE ( 'NONE', #2347, #1716 ) ;
#3645 = CARTESIAN_POINT ( 'NONE',  ( 73.90000000001515446, -2.251666049824714744, 24.00000000000000000 ) ) ;
#3646 = CLOSED_SHELL ( 'NONE', ( #283, #4025, #3248, #961, #5414, #2978, #5065, #3300, #5528, #1341, #769, #946, #2395, #2467, #5541, #3170, #1192, #5225, #4405, #272, #1938, #1035, #2520, #849, #104, #2811, #2516, #5648, #136, #3982, #2012, #1126, #3848, #3138, #992, #1686, #3585, #2452, #1998, #3207, #1864, #5479, #4862, #5734, #5130, #2769, #4712, #5030, #2623, #3269, #4035, #326, #2118, #4707, #4050, #5604, #3798, #1589, #2385, #4387, #5576, #3914, #1585, #3002, #5618, #5718, #1783, #4951, #1144, #3241, #1823, #2896, #740, #1712, #1372, #5520, #1758, #5108, #4232, #4496, #4607, #4581, #3640, #934, #4876, #2442, #4353, #5450, #3788, #2792, #4934, #4508, #1216, #4094, #290, #4332, #1514, #2344, #5024, #4820, #1724, #2243, #3859, #4670, #3634, #922, #4748, #1412, #321, #4377, #5036, #1010, #172, #4947, #4765, #2567, #1442, #1288, #2320, #2736, #1571, #4698, #4536, #4452, #873, #4130, #5713, #2816, #95, #3566, #3331, #2028, #942, #2200, #1848, #3951, #3801, #5338, #2475, #5430, #1475, #1197, #2143, #4922, #2986, #586, #4781, #1772, #2724, #3961, #5346, #524, #3908, #1739, #2392, #624, #4885, #5409, #3631, #5099, #2781, #3298, #1651, #4458, #3324, #4254, #5357, #3356 ) ) ;
#3647 = EDGE_CURVE ( 'NONE', #3971, #686, #4506, .T. ) ;
#3648 = VECTOR ( 'NONE', #2242, 1000.000000000000000 ) ;
#3649 = ORIENTED_EDGE ( 'NONE', *, *, #4326, .F. ) ;
#3650 = EDGE_LOOP ( 'NONE', ( #5038, #3160, #4685, #1761, #2321, #2665, #1817, #1954 ) ) ;
#3651 = ORIENTED_EDGE ( 'NONE', *, *, #3291, .F. ) ;
#3652 = LINE ( 'NONE', #936, #907 ) ;
#3653 = LINE ( 'NONE', #1454, #3386 ) ;
#3654 = CIRCLE ( 'NONE', #150, 75.00000000000001421 ) ;
#3655 = EDGE_CURVE ( 'NONE', #4574, #492, #268, .T. ) ;
#3656 = ORIENTED_EDGE ( 'NONE', *, *, #716, .F. ) ;
#3657 = VECTOR ( 'NONE', #954, 1000.000000000000114 ) ;
#3658 = ORIENTED_EDGE ( 'NONE', *, *, #1977, .F. ) ;
#3659 = DIRECTION ( 'NONE',  ( -0.000000000000000000, -0.000000000000000000, -1.000000000000000000 ) ) ;
#3660 = PLANE ( 'NONE',  #3323 ) ;
#3661 = DIRECTION ( 'NONE',  ( -0.000000000000000000, -0.000000000000000000, 1.000000000000000000 ) ) ;
#3662 = EDGE_CURVE ( 'NONE', #1509, #1490, #5553, .T. ) ;
#3663 = FACE_BOUND ( 'NONE', #1327, .T. ) ;
#3664 = ORIENTED_EDGE ( 'NONE', *, *, #4532, .F. ) ;
#3665 = EDGE_CURVE ( 'NONE', #912, #4649, #5583, .T. ) ;
#3666 = ORIENTED_EDGE ( 'NONE', *, *, #205, .T. ) ;
#3667 = DIRECTION ( 'NONE',  ( -0.5413273945389561748, 0.8408119004400836927, 0.000000000000000000 ) ) ;
#3668 = UNCERTAINTY_MEASURE_WITH_UNIT (LENGTH_MEASURE( 1.000000000000000082E-05 ), #4815, 'distance_accuracy_value', 'NONE');
#3669 = CARTESIAN_POINT ( 'NONE',  ( -52.68181134865099580, -46.31313801745108805, 6.000000000000000000 ) ) ;
#3670 = CARTESIAN_POINT ( 'NONE',  ( 2.251666049869518904, -73.90000000000034674, 0.4342951545504786792 ) ) ;
#3671 = EDGE_CURVE ( 'NONE', #3534, #2878, #5523, .T. ) ;
#3672 = VERTEX_POINT ( 'NONE', #3279 ) ;
#3673 = DIRECTION ( 'NONE',  ( -0.000000000000000000, -0.000000000000000000, 1.000000000000000000 ) ) ;
#3674 = ORIENTED_EDGE ( 'NONE', *, *, #3343, .F. ) ;
#3675 = CYLINDRICAL_SURFACE ( 'NONE', #702, 2.049999999999989164 ) ;
#3676 = CARTESIAN_POINT ( 'NONE',  ( 73.90000000001515446, -2.251666049824714744, 0.4342951545639167077 ) ) ;
#3677 = FACE_OUTER_BOUND ( 'NONE', #5392, .T. ) ;
#3678 = AXIS2_PLACEMENT_3D ( 'NONE', #1690, #5291, #1285 ) ;
#3679 = ORIENTED_EDGE ( 'NONE', *, *, #3507, .F. ) ;
#3680 = ORIENTED_EDGE ( 'NONE', *, *, #1597, .F. ) ;
#3681 = CARTESIAN_POINT ( 'NONE',  ( 53.84735946249942629, 50.66302279688734700, 6.000000000000000000 ) ) ;
#3682 = CARTESIAN_POINT ( 'NONE',  ( 50.66302279690249577, -53.84735946248461147, 29.56570484544067412 ) ) ;
#3683 = DIRECTION ( 'NONE',  ( 0.000000000000000000, 0.000000000000000000, -1.000000000000000000 ) ) ;
#3684 = ORIENTED_EDGE ( 'NONE', *, *, #2289, .F. ) ;
#3685 = VECTOR ( 'NONE', #1536, 1000.000000000000000 ) ;
#3686 = ORIENTED_EDGE ( 'NONE', *, *, #4166, .F. ) ;
#3687 = ORIENTED_EDGE ( 'NONE', *, *, #353, .F. ) ;
#3688 = LINE ( 'NONE', #5469, #3287 ) ;
#3689 = EDGE_CURVE ( 'NONE', #2921, #1979, #258, .T. ) ;
#3690 = FACE_OUTER_BOUND ( 'NONE', #3609, .T. ) ;
#3691 = AXIS2_PLACEMENT_3D ( 'NONE', #713, #4258, #5098 ) ;
#3692 = DIRECTION ( 'NONE',  ( 0.9659258262890684232, -0.2588190451025205174, 0.000000000000000000 ) ) ;
#3693 = DIRECTION ( 'NONE',  ( 0.000000000000000000, 0.000000000000000000, -1.000000000000000000 ) ) ;
#3694 = VECTOR ( 'NONE', #776, 1000.000000000000114 ) ;
#3695 = ORIENTED_EDGE ( 'NONE', *, *, #2999, .T. ) ;
#3696 = FACE_OUTER_BOUND ( 'NONE', #1774, .T. ) ;
#3697 = CARTESIAN_POINT ( 'NONE',  ( 3.158962541874487329, 67.67148362173355736, 6.000000000000000000 ) ) ;
#3698 = LINE ( 'NONE', #2427, #2245 ) ;
#3699 = B_SPLINE_CURVE_WITH_KNOTS ( 'NONE', 3,
 ( #5045, #688, #1128, #2891 ),
 .UNSPECIFIED., .F., .F.,
 ( 4, 4 ),
 ( 8.861340470988750676E-19, 0.0006708321191856812934 ),
 .UNSPECIFIED. ) ;
#3700 = EDGE_CURVE ( 'NONE', #5156, #4413, #1647, .T. ) ;
#3701 = ORIENTED_EDGE ( 'NONE', *, *, #2228, .T. ) ;
#3702 = CARTESIAN_POINT ( 'NONE',  ( 2.251666049839530892, 73.90000000000000568, 0.4342951545492348409 ) ) ;
#3703 = CARTESIAN_POINT ( 'NONE',  ( -50.56947335667295818, 45.74713875833175081, 6.000000000000000000 ) ) ;
#3704 = EDGE_CURVE ( 'NONE', #3672, #284, #2929, .T. ) ;
#3705 = CARTESIAN_POINT ( 'NONE',  ( 49.14432598361762672, 41.27740928273686905, 0.000000000000000000 ) ) ;
#3706 = PLANE ( 'NONE',  #1528 ) ;
#3707 = CARTESIAN_POINT ( 'NONE',  ( 46.01640966833215174, 50.65532882781805313, 6.000000000000000000 ) ) ;
#3708 = EDGE_CURVE ( 'NONE', #187, #1659, #1980, .T. ) ;
#3709 = EDGE_LOOP ( 'NONE', ( #1916, #4120, #5097, #706, #3686, #665, #3888, #2876 ) ) ;
#3710 = ORIENTED_EDGE ( 'NONE', *, *, #1304, .T. ) ;
#3711 = ORIENTED_EDGE ( 'NONE', *, *, #791, .F. ) ;
#3712 = DIRECTION ( 'NONE',  ( 0.4999999999999996114, 0.8660254037844388186, 0.000000000000000000 ) ) ;
#3713 = DIRECTION ( 'NONE',  ( -1.000000000000000000, 0.000000000000000000, 0.000000000000000000 ) ) ;
#3714 = CARTESIAN_POINT ( 'NONE',  ( -64.80717161047761010, 5.003049854849138001, 30.00000000000000000 ) ) ;
#3715 = VERTEX_POINT ( 'NONE', #1543 ) ;
#3716 = ORIENTED_EDGE ( 'NONE', *, *, #3898, .F. ) ;
#3717 = EDGE_LOOP ( 'NONE', ( #4472, #2066 ) ) ;
#3718 = EDGE_CURVE ( 'NONE', #853, #3393, #2499, .T. ) ;
#3719 = PLANE ( 'NONE',  #427 ) ;
#3720 = ORIENTED_EDGE ( 'NONE', *, *, #3402, .T. ) ;
#3721 = DIRECTION ( 'NONE',  ( 0.9659258262890678681, 0.2588190451025223493, 0.000000000000000000 ) ) ;
#3722 = DIRECTION ( 'NONE',  ( 0.7071067811865483499, 0.7071067811865467956, 0.000000000000000000 ) ) ;
#3723 = VECTOR ( 'NONE', #844, 1000.000000000000000 ) ;
#3724 = CARTESIAN_POINT ( 'NONE',  ( 0.000000000000000000, 0.000000000000000000, 0.000000000000000000 ) ) ;
#3725 = EDGE_CURVE ( 'NONE', #267, #695, #1600, .T. ) ;
#3726 = AXIS2_PLACEMENT_3D ( 'NONE', #5427, #4992, #3247 ) ;
#3727 = ORIENTED_EDGE ( 'NONE', *, *, #5634, .F. ) ;
#3728 = DIRECTION ( 'NONE',  ( -0.000000000000000000, -0.000000000000000000, 1.000000000000000000 ) ) ;
#3729 = PLANE ( 'NONE',  #726 ) ;
#3730 = CARTESIAN_POINT ( 'NONE',  ( -41.27740928273772170, 49.14432598361691618, 24.00000000000000000 ) ) ;
#3731 = VECTOR ( 'NONE', #4777, 1000.000000000000227 ) ;
#3732 = ORIENTED_EDGE ( 'NONE', *, *, #2647, .F. ) ;
#3733 = ORIENTED_EDGE ( 'NONE', *, *, #3479, .T. ) ;
#3734 = LINE ( 'NONE', #5075, #4498 ) ;
#3735 = LINE ( 'NONE', #1129, #2394 ) ;
#3736 = PLANE ( 'NONE',  #1525 ) ;
#3737 = LINE ( 'NONE', #1273, #4932 ) ;
#3738 = DIRECTION ( 'NONE',  ( -0.8660254037844395958, -0.4999999999999983347, -0.000000000000000000 ) ) ;
#3739 = EDGE_CURVE ( 'NONE', #3098, #5620, #2439, .T. ) ;
#3740 = ORIENTED_EDGE ( 'NONE', *, *, #3744, .F. ) ;
#3741 = ORIENTED_EDGE ( 'NONE', *, *, #1667, .T. ) ;
#3742 = ORIENTED_EDGE ( 'NONE', *, *, #407, .T. ) ;
#3743 = CARTESIAN_POINT ( 'NONE',  ( -63.93782217349408370, 5.562750146222150249, 30.00000000000000000 ) ) ;
#3744 = EDGE_CURVE ( 'NONE', #2299, #2436, #756, .T. ) ;
#3745 = CARTESIAN_POINT ( 'NONE',  ( 73.90000000001515446, -2.251666049824714744, 29.56570484543607691 ) ) ;
#3746 = CARTESIAN_POINT ( 'NONE',  ( -47.44747468305826033, 49.49747468305840670, -5.000000000000004441 ) ) ;
#3747 = ORIENTED_EDGE ( 'NONE', *, *, #1539, .T. ) ;
#3748 = AXIS2_PLACEMENT_3D ( 'NONE', #4345, #5269, #376 ) ;
#3749 = CIRCLE ( 'NONE', #5696, 2.049999999999989164 ) ;
#3750 = ORIENTED_EDGE ( 'NONE', *, *, #3560, .F. ) ;
#3751 = VECTOR ( 'NONE', #1446, 1000.000000000000114 ) ;
#3752 = ORIENTED_EDGE ( 'NONE', *, *, #69, .T. ) ;
#3753 = ORIENTED_EDGE ( 'NONE', *, *, #1270, .T. ) ;
#3754 = AXIS2_PLACEMENT_3D ( 'NONE', #1662, #259, #2045 ) ;
#3755 = FACE_OUTER_BOUND ( 'NONE', #309, .T. ) ;
#3756 = DIRECTION ( 'NONE',  ( -0.000000000000000000, -0.000000000000000000, -1.000000000000000000 ) ) ;
#3757 = CARTESIAN_POINT ( 'NONE',  ( -52.68181134867221971, 46.31313801742953729, 6.000000000000000000 ) ) ;
#3758 = VECTOR ( 'NONE', #2152, 1000.000000000000227 ) ;
#3759 = EDGE_CURVE ( 'NONE', #1039, #4791, #4298, .T. ) ;
#3760 = DIRECTION ( 'NONE',  ( 0.5413273945389561748, -0.8408119004400836927, -0.000000000000000000 ) ) ;
#3761 = VERTEX_POINT ( 'NONE', #2900 ) ;
#3762 = DIRECTION ( 'NONE',  ( 0.5000000000000000000, 0.8660254037844385966, 0.000000000000000000 ) ) ;
#3763 = CARTESIAN_POINT ( 'NONE',  ( 0.000000000000000000, 70.00000000000000000, 24.00000000000000000 ) ) ;
#3764 = CARTESIAN_POINT ( 'NONE',  ( 0.000000000000000000, 0.000000000000000000, 0.000000000000000000 ) ) ;
#3765 = B_SPLINE_CURVE_WITH_KNOTS ( 'NONE', 3,
 ( #1700, #3006, #1267, #2572 ),
 .UNSPECIFIED., .F., .F.,
 ( 4, 4 ),
 ( 0.000000000000000000, 0.002251666049824365377 ),
 .UNSPECIFIED. ) ;
#3766 = ORIENTED_EDGE ( 'NONE', *, *, #1181, .F. ) ;
#3767 = DIRECTION ( 'NONE',  ( 0.000000000000000000, -0.000000000000000000, 1.000000000000000000 ) ) ;
#3768 = CARTESIAN_POINT ( 'NONE',  ( 41.27740928273738064, -49.14432598361720039, 24.00000000000000000 ) ) ;
#3769 = CARTESIAN_POINT ( 'NONE',  ( -5.003049854848913292, -64.80717161047761010, 30.00000000000000000 ) ) ;
#3770 = DIRECTION ( 'NONE',  ( -0.000000000000000000, -0.000000000000000000, 1.000000000000000000 ) ) ;
#3771 = EDGE_CURVE ( 'NONE', #3600, #2040, #5074, .T. ) ;
#3772 = ORIENTED_EDGE ( 'NONE', *, *, #4261, .T. ) ;
#3773 = B_SPLINE_CURVE_WITH_KNOTS ( 'NONE', 3,
 ( #2276, #83, #833, #3601 ),
 .UNSPECIFIED., .F., .F.,
 ( 4, 4 ),
 ( 0.002251666049824716225, 0.004503332099679084946 ),
 .UNSPECIFIED. ) ;
#3774 = VERTEX_POINT ( 'NONE', #666 ) ;
#3775 = ORIENTED_EDGE ( 'NONE', *, *, #4282, .T. ) ;
#3776 = CARTESIAN_POINT ( 'NONE',  ( -50.66302279685133669, -53.84735946250582828, 24.00000000000000000 ) ) ;
#3777 = CARTESIAN_POINT ( 'NONE',  ( -53.84735946246946270, -50.66302279688769516, 29.56570484546184474 ) ) ;
#3778 = PLANE ( 'NONE',  #4306 ) ;
#3779 = VECTOR ( 'NONE', #881, 1000.000000000000114 ) ;
#3780 = VERTEX_POINT ( 'NONE', #2839 ) ;
#3781 = EDGE_CURVE ( 'NONE', #5261, #3672, #4210, .T. ) ;
#3782 = ORIENTED_EDGE ( 'NONE', *, *, #5, .F. ) ;
#3783 = VECTOR ( 'NONE', #5283, 1000.000000000000114 ) ;
#3784 = EDGE_LOOP ( 'NONE', ( #703, #1984, #2870, #4238 ) ) ;
#3785 = ORIENTED_EDGE ( 'NONE', *, *, #4184, .T. ) ;
#3786 = PLANE ( 'NONE',  #3754 ) ;
#3787 = CARTESIAN_POINT ( 'NONE',  ( 53.84735946249942629, 50.66302279688734700, 6.000000000000000000 ) ) ;
#3788 = ADVANCED_FACE ( 'NONE', ( #3340 ), #3810, .F. ) ;
#3789 = CARTESIAN_POINT ( 'NONE',  ( 5.003049854849377809, 64.80717161047758168, 30.00000000000000000 ) ) ;
#3790 = VECTOR ( 'NONE', #4785, 1000.000000000000000 ) ;
#3791 = CARTESIAN_POINT ( 'NONE',  ( 53.84735946252063599, -50.66302279686647836, 24.00000000000000000 ) ) ;
#3792 = AXIS2_PLACEMENT_3D ( 'NONE', #751, #5515, #2090 ) ;
#3793 = AXIS2_PLACEMENT_3D ( 'NONE', #4286, #320, #1642 ) ;
#3794 = ORIENTED_EDGE ( 'NONE', *, *, #3392, .T. ) ;
#3795 = CARTESIAN_POINT ( 'NONE',  ( 42.19996407763902369, 49.43847724036384506, 24.00000000000000000 ) ) ;
#3796 = FACE_OUTER_BOUND ( 'NONE', #2648, .T. ) ;
#3797 = DIRECTION ( 'NONE',  ( 0.8660254037844385966, 0.4999999999999999445, 0.000000000000000000 ) ) ;
#3798 = ADVANCED_FACE ( 'NONE', ( #2470 ), #5612, .F. ) ;
#3799 = ORIENTED_EDGE ( 'NONE', *, *, #1246, .T. ) ;
#3800 = DIRECTION ( 'NONE',  ( 0.2588190451025194627, 0.9659258262890686453, 0.000000000000000000 ) ) ;
#3801 = ADVANCED_FACE ( 'NONE', ( #1163 ), #1278, .F. ) ;
#3802 = DIRECTION ( 'NONE',  ( 0.000000000000000000, 0.000000000000000000, 1.000000000000000000 ) ) ;
#3803 = DIRECTION ( 'NONE',  ( 1.000000000000000000, 0.000000000000000000, 0.000000000000000000 ) ) ;
#3804 = CIRCLE ( 'NONE', #2865, 65.00000000000000000 ) ;
#3805 = ORIENTED_EDGE ( 'NONE', *, *, #2373, .F. ) ;
#3806 = ORIENTED_EDGE ( 'NONE', *, *, #1640, .F. ) ;
#3807 = EDGE_CURVE ( 'NONE', #3816, #1046, #5640, .T. ) ;
#3808 = EDGE_LOOP ( 'NONE', ( #3416, #22, #3135, #115 ) ) ;
#3809 = ORIENTED_EDGE ( 'NONE', *, *, #3103, .F. ) ;
#3810 = PLANE ( 'NONE',  #2208 ) ;
#3811 = CARTESIAN_POINT ( 'NONE',  ( -49.36328099426715710, -42.28790003631090144, 30.00000000000000000 ) ) ;
#3812 = DIRECTION ( 'NONE',  ( -0.000000000000000000, -0.000000000000000000, 1.000000000000000000 ) ) ;
#3813 = VERTEX_POINT ( 'NONE', #5693 ) ;
#3814 = ORIENTED_EDGE ( 'NONE', *, *, #244, .F. ) ;
#3815 = VERTEX_POINT ( 'NONE', #360 ) ;
#3816 = VERTEX_POINT ( 'NONE', #4827 ) ;
#3817 = CARTESIAN_POINT ( 'NONE',  ( 2.251666049869518904, -73.90000000000034674, 29.56570484544951327 ) ) ;
#3818 = LINE ( 'NONE', #4251, #952 ) ;
#3819 = DIRECTION ( 'NONE',  ( -0.000000000000000000, -0.000000000000000000, -1.000000000000000000 ) ) ;
#3820 =( LENGTH_UNIT ( ) NAMED_UNIT ( * ) SI_UNIT ( .MILLI., .METRE. ) );
#3821 = EDGE_CURVE ( 'NONE', #3393, #975, #180, .T. ) ;
#3822 = ORIENTED_EDGE ( 'NONE', *, *, #3499, .F. ) ;
#3823 = FACE_OUTER_BOUND ( 'NONE', #1843, .T. ) ;
#3824 = EDGE_CURVE ( 'NONE', #5495, #2984, #18, .T. ) ;
#3825 = LINE ( 'NONE', #714, #90 ) ;
#3826 = CARTESIAN_POINT ( 'NONE',  ( -42.19996407763937185, -49.43847724036356084, 30.00000000000000000 ) ) ;
#3827 = VECTOR ( 'NONE', #1131, 1000.000000000000000 ) ;
#3828 = VERTEX_POINT ( 'NONE', #3480 ) ;
#3829 = EDGE_CURVE ( 'NONE', #480, #105, #1333, .T. ) ;
#3830 = CARTESIAN_POINT ( 'NONE',  ( -5.118401743070922549, 64.79816327332532921, 24.00000000000000000 ) ) ;
#3831 = VECTOR ( 'NONE', #2160, 1000.000000000000000 ) ;
#3832 = DIRECTION ( 'NONE',  ( -0.000000000000000000, -0.000000000000000000, -1.000000000000000000 ) ) ;
#3833 = CARTESIAN_POINT ( 'NONE',  ( 53.75916184942971654, -50.33386482370482895, 29.85533089628757253 ) ) ;
#3834 = PRODUCT_RELATED_PRODUCT_CATEGORY ( 'part', '', ( #3126 ) ) ;
#3835 = VERTEX_POINT ( 'NONE', #3893 ) ;
#3836 = ORIENTED_EDGE ( 'NONE', *, *, #1016, .T. ) ;
#3837 = CARTESIAN_POINT ( 'NONE',  ( 2.251666049869518904, -73.90000000000034674, 24.00000000000000000 ) ) ;
#3838 = DIRECTION ( 'NONE',  ( 0.8884937717769041399, -0.4588886766021260666, -0.000000000000000000 ) ) ;
#3839 = DIRECTION ( 'NONE',  ( 1.000000000000000000, 0.000000000000000000, 0.000000000000000000 ) ) ;
#3840 = ORIENTED_EDGE ( 'NONE', *, *, #4915, .F. ) ;
#3841 = ORIENTED_EDGE ( 'NONE', *, *, #4019, .T. ) ;
#3842 = ORIENTED_EDGE ( 'NONE', *, *, #4928, .F. ) ;
#3843 = EDGE_LOOP ( 'NONE', ( #4524, #1435, #1122, #2198 ) ) ;
#3844 = DIRECTION ( 'NONE',  ( 0.8660254037844385966, -0.4999999999999999445, 0.000000000000000000 ) ) ;
#3845 = VECTOR ( 'NONE', #1645, 999.9999999999998863 ) ;
#3846 = CARTESIAN_POINT ( 'NONE',  ( 0.000000000000000000, 0.000000000000000000, 30.00000000000000000 ) ) ;
#3847 = DIRECTION ( 'NONE',  ( 1.000000000000000000, 0.000000000000000000, 0.000000000000000000 ) ) ;
#3848 = ADVANCED_FACE ( 'NONE', ( #3510 ), #4328, .F. ) ;
#3849 = DIRECTION ( 'NONE',  ( -0.000000000000000000, -0.000000000000000000, 1.000000000000000000 ) ) ;
#3850 = VECTOR ( 'NONE', #348, 1000.000000000000227 ) ;
#3851 = VECTOR ( 'NONE', #3086, 1000.000000000000227 ) ;
#3852 = ORIENTED_EDGE ( 'NONE', *, *, #4339, .T. ) ;
#3853 = LINE ( 'NONE', #1208, #372 ) ;
#3854 = DIRECTION ( 'NONE',  ( -0.9659258262890676461, 0.2588190451025234040, 0.000000000000000000 ) ) ;
#3855 = EDGE_CURVE ( 'NONE', #2319, #187, #4246, .T. ) ;
#3856 = LINE ( 'NONE', #715, #3694 ) ;
#3857 = VECTOR ( 'NONE', #1714, 1000.000000000000114 ) ;
#3858 = CARTESIAN_POINT ( 'NONE',  ( 53.84735946252063599, -50.66302279686647836, 6.000000000000000000 ) ) ;
#3859 = ADVANCED_FACE ( 'NONE', ( #785, #5667 ), #5256, .T. ) ;
#3860 = ORIENTED_EDGE ( 'NONE', *, *, #2460, .F. ) ;
#3861 = ORIENTED_EDGE ( 'NONE', *, *, #2083, .T. ) ;
#3862 = FACE_OUTER_BOUND ( 'NONE', #1443, .T. ) ;
#3863 = CARTESIAN_POINT ( 'NONE',  ( -45.14758990361746527, 48.33192656922920349, 24.00000000000000000 ) ) ;
#3864 = EDGE_CURVE ( 'NONE', #4110, #4996, #5229, .T. ) ;
#3865 = ORIENTED_EDGE ( 'NONE', *, *, #821, .T. ) ;
#3866 = DIRECTION ( 'NONE',  ( 0.8408119004400780305, 0.5413273945389649455, 0.000000000000000000 ) ) ;
#3867 = DIRECTION ( 'NONE',  ( -0.8408119004400800289, -0.5413273945389620589, 0.000000000000000000 ) ) ;
#3868 = LINE ( 'NONE', #2441, #5328 ) ;
#3869 = VERTEX_POINT ( 'NONE', #1769 ) ;
#3870 = ORIENTED_EDGE ( 'NONE', *, *, #396, .T. ) ;
#3871 = B_SPLINE_CURVE_WITH_KNOTS ( 'NONE', 3,
 ( #3638, #3208, #5506, #1008 ),
 .UNSPECIFIED., .F., .F.,
 ( 4, 4 ),
 ( 0.000000000000000000, 0.0006708321191842760590 ),
 .UNSPECIFIED. ) ;
#3872 = VERTEX_POINT ( 'NONE', #1307 ) ;
#3873 = ORIENTED_EDGE ( 'NONE', *, *, #1254, .T. ) ;
#3874 = DIRECTION ( 'NONE',  ( 1.000000000000000000, 0.000000000000000000, 0.000000000000000000 ) ) ;
#3875 = CARTESIAN_POINT ( 'NONE',  ( 70.00000000001516298, 4.503332099693911239, 6.000000000000000000 ) ) ;
#3876 = CARTESIAN_POINT ( 'NONE',  ( 0.000000000000000000, 0.000000000000000000, 30.00000000000000000 ) ) ;
#3877 = VECTOR ( 'NONE', #4833, 1000.000000000000000 ) ;
#3878 = DIRECTION ( 'NONE',  ( 1.000000000000000000, 0.000000000000000000, 0.000000000000000000 ) ) ;
#3879 = EDGE_CURVE ( 'NONE', #4822, #5360, #416, .T. ) ;
#3880 = CARTESIAN_POINT ( 'NONE',  ( -53.84735946249068661, 50.66302279686613730, 6.000000000000000000 ) ) ;
#3881 = LINE ( 'NONE', #319, #4403 ) ;
#3882 = CARTESIAN_POINT ( 'NONE',  ( -46.31313801743593928, 52.68181134866579640, 6.000000000000000000 ) ) ;
#3883 = DIRECTION ( 'NONE',  ( -0.000000000000000000, -0.000000000000000000, 1.000000000000000000 ) ) ;
#3884 = FILL_AREA_STYLE ('',( #4288 ) ) ;
#3885 = DIRECTION ( 'NONE',  ( 1.000000000000000000, 0.000000000000000000, 0.000000000000000000 ) ) ;
#3886 = AXIS2_PLACEMENT_3D ( 'NONE', #1150, #2398, #2918 ) ;
#3887 = ORIENTED_EDGE ( 'NONE', *, *, #4227, .T. ) ;
#3888 = ORIENTED_EDGE ( 'NONE', *, *, #680, .F. ) ;
#3889 = CARTESIAN_POINT ( 'NONE',  ( 0.000000000000000000, 0.000000000000000000, 0.000000000000000000 ) ) ;
#3890 = CARTESIAN_POINT ( 'NONE',  ( 46.31313801744470027, 52.68181134868702742, 24.00000000000000000 ) ) ;
#3891 = EDGE_CURVE ( 'NONE', #1835, #3815, #3952, .T. ) ;
#3892 = VERTEX_POINT ( 'NONE', #3074 ) ;
#3893 = CARTESIAN_POINT ( 'NONE',  ( -4.503332099649107079, -70.00000000000034106, 6.000000000000000000 ) ) ;
#3894 = AXIS2_PLACEMENT_3D ( 'NONE', #5500, #5005, #2330 ) ;
#3895 = CARTESIAN_POINT ( 'NONE',  ( 50.33386482374216797, -53.75916184939404019, 29.85533089628809478 ) ) ;
#3896 = DIRECTION ( 'NONE',  ( 0.000000000000000000, -0.000000000000000000, -1.000000000000000000 ) ) ;
#3897 = ORIENTED_EDGE ( 'NONE', *, *, #3316, .F. ) ;
#3898 = EDGE_CURVE ( 'NONE', #466, #1300, #3536, .T. ) ;
#3899 = AXIS2_PLACEMENT_3D ( 'NONE', #3028, #3458, #1260 ) ;
#3900 = VERTEX_POINT ( 'NONE', #3448 ) ;
#3901 = ORIENTED_EDGE ( 'NONE', *, *, #1367, .T. ) ;
#3902 = CARTESIAN_POINT ( 'NONE',  ( 52.68181134868095938, 46.31313801745074699, 6.000000000000000000 ) ) ;
#3903 = B_SPLINE_CURVE_WITH_KNOTS ( 'NONE', 3,
 ( #3676, #551, #1883, #576 ),
 .UNSPECIFIED., .F., .F.,
 ( 4, 4 ),
 ( 1.084202172485504434E-19, 0.0006708321191902419899 ),
 .UNSPECIFIED. ) ;
#3904 = CARTESIAN_POINT ( 'NONE',  ( 42.19996407763972002, 49.43847724036326241, 0.000000000000000000 ) ) ;
#3905 = DIRECTION ( 'NONE',  ( 0.000000000000000000, 0.000000000000000000, -1.000000000000000000 ) ) ;
#3906 = FACE_OUTER_BOUND ( 'NONE', #4596, .T. ) ;
#3907 = DIRECTION ( 'NONE',  ( -0.4999999999999995559, -0.8660254037844389297, -0.000000000000000000 ) ) ;
#3908 = ADVANCED_FACE ( 'NONE', ( #5226 ), #4359, .T. ) ;
#3909 = FACE_OUTER_BOUND ( 'NONE', #5244, .T. ) ;
#3910 = ORIENTED_EDGE ( 'NONE', *, *, #5215, .T. ) ;
#3911 = CARTESIAN_POINT ( 'NONE',  ( -2.049999999999997158, -70.00000000000000000, 6.000000000000000000 ) ) ;
#3912 = CARTESIAN_POINT ( 'NONE',  ( 3.158962541874053009, 67.67148362173280418, 24.00000000000000000 ) ) ;
#3913 = CARTESIAN_POINT ( 'NONE',  ( 70.00000000001514877, -4.503332099664255850, 0.000000000000000000 ) ) ;
#3914 = ADVANCED_FACE ( 'NONE', ( #3421 ), #5197, .F. ) ;
#3915 = LINE ( 'NONE', #4818, #3376 ) ;
#3916 = VERTEX_POINT ( 'NONE', #2150 ) ;
#3917 = ORIENTED_EDGE ( 'NONE', *, *, #3051, .F. ) ;
#3918 = LINE ( 'NONE', #4355, #3358 ) ;
#3919 = DIRECTION ( 'NONE',  ( -1.000000000000000000, 0.000000000000000000, 0.000000000000000000 ) ) ;
#3920 = EDGE_CURVE ( 'NONE', #2559, #4352, #1881, .T. ) ;
#3921 = ORIENTED_EDGE ( 'NONE', *, *, #2647, .T. ) ;
#3922 = CIRCLE ( 'NONE', #408, 65.00000000000000000 ) ;
#3923 = CARTESIAN_POINT ( 'NONE',  ( -73.60488503479763267, -2.422050754447651499, 0.1446691037037688976 ) ) ;
#3924 = FACE_OUTER_BOUND ( 'NONE', #4331, .T. ) ;
#3925 = DIRECTION ( 'NONE',  ( -0.5000000000000001110, -0.8660254037844385966, 0.000000000000000000 ) ) ;
#3926 = EDGE_CURVE ( 'NONE', #5519, #131, #2345, .T. ) ;
#3927 = ORIENTED_EDGE ( 'NONE', *, *, #1491, .T. ) ;
#3928 = EDGE_CURVE ( 'NONE', #5600, #2700, #46, .T. ) ;
#3929 = ORIENTED_EDGE ( 'NONE', *, *, #4836, .F. ) ;
#3930 = CARTESIAN_POINT ( 'NONE',  ( -3.280211195048799766, 68.35724183972043022, 0.000000000000000000 ) ) ;
#3931 = CARTESIAN_POINT ( 'NONE',  ( 67.67148362175267096, -3.158962541861960904, 6.000000000000000000 ) ) ;
#3932 = FACE_OUTER_BOUND ( 'NONE', #4742, .T. ) ;
#3933 = EDGE_CURVE ( 'NONE', #5661, #438, #456, .T. ) ;
#3934 = DIRECTION ( 'NONE',  ( 0.2588190451025194072, 0.9659258262890686453, 0.000000000000000000 ) ) ;
#3935 = CARTESIAN_POINT ( 'NONE',  ( 49.36328099426744132, 42.28790003631056038, 0.000000000000000000 ) ) ;
#3936 = VERTEX_POINT ( 'NONE', #3641 ) ;
#3937 = DIRECTION ( 'NONE',  ( -0.4999999999999984457, 0.8660254037844394848, 0.000000000000000000 ) ) ;
#3938 = LINE ( 'NONE', #4842, #5271 ) ;
#3939 = FACE_OUTER_BOUND ( 'NONE', #3991, .T. ) ;
#3940 = CIRCLE ( 'NONE', #5701, 2.049999999999989164 ) ;
#3941 = VECTOR ( 'NONE', #2479, 1000.000000000000227 ) ;
#3942 = CARTESIAN_POINT ( 'NONE',  ( 53.75916184940874842, 50.33386482372664972, 29.85533089628795977 ) ) ;
#3943 = ORIENTED_EDGE ( 'NONE', *, *, #358, .T. ) ;
#3944 = AXIS2_PLACEMENT_3D ( 'NONE', #1185, #1649, #3303 ) ;
#3945 = AXIS2_PLACEMENT_3D ( 'NONE', #1862, #4507, #4998 ) ;
#3946 = ORIENTED_EDGE ( 'NONE', *, *, #4741, .T. ) ;
#3947 = CARTESIAN_POINT ( 'NONE',  ( 73.90000000001515446, -2.251666049824714744, 6.000000000000000000 ) ) ;
#3948 = CARTESIAN_POINT ( 'NONE',  ( 70.00000000001516298, 4.503332099693911239, 30.00000000000000000 ) ) ;
#3949 = VECTOR ( 'NONE', #1824, 1000.000000000000000 ) ;
#3950 = EDGE_LOOP ( 'NONE', ( #4335, #2868, #1338, #2156 ) ) ;
#3951 = ADVANCED_FACE ( 'NONE', ( #71 ), #2294, .T. ) ;
#3952 = LINE ( 'NONE', #1740, #3783 ) ;
#3953 = LINE ( 'NONE', #3049, #517 ) ;
#3954 = CARTESIAN_POINT ( 'NONE',  ( 50.66302279690249577, -53.84735946248461147, 6.000000000000000000 ) ) ;
#3955 = ORIENTED_EDGE ( 'NONE', *, *, #2077, .T. ) ;
#3956 = VERTEX_POINT ( 'NONE', #3212 ) ;
#3957 = CARTESIAN_POINT ( 'NONE',  ( -53.84735946249068661, 50.66302279686613730, 29.56570484546115907 ) ) ;
#3958 = DIRECTION ( 'NONE',  ( 0.000000000000000000, 0.000000000000000000, 1.000000000000000000 ) ) ;
#3959 = DIRECTION ( 'NONE',  ( 0.7071067811865450192, 0.000000000000000000, 0.7071067811865500152 ) ) ;
#3960 = EDGE_CURVE ( 'NONE', #3219, #1660, #1797, .T. ) ;
#3961 = ADVANCED_FACE ( 'NONE', ( #4084 ), #2259, .F. ) ;
#3962 = CARTESIAN_POINT ( 'NONE',  ( -2.251666049809569081, -66.10000000000033538, 6.000000000000000000 ) ) ;
#3963 = CARTESIAN_POINT ( 'NONE',  ( -53.75916184940426490, 50.33386482372127801, 0.1446691037050810147 ) ) ;
#3964 = LINE ( 'NONE', #4812, #2766 ) ;
#3965 = CARTESIAN_POINT ( 'NONE',  ( -0.7505553499165195097, -73.90000000000034674, 29.61142111275177768 ) ) ;
#3966 = VECTOR ( 'NONE', #5700, 1000.000000000000000 ) ;
#3967 = SURFACE_SIDE_STYLE ('',( #1674 ) ) ;
#3968 = DIRECTION ( 'NONE',  ( 0.4999999999999996114, 0.8660254037844388186, 0.000000000000000000 ) ) ;
#3969 = ORIENTED_EDGE ( 'NONE', *, *, #4942, .F. ) ;
#3970 = AXIS2_PLACEMENT_3D ( 'NONE', #4797, #2205, #1653 ) ;
#3971 = VERTEX_POINT ( 'NONE', #3563 ) ;
#3972 = CARTESIAN_POINT ( 'NONE',  ( 64.79816327332538606, 5.118401743070238652, 24.00000000000000000 ) ) ;
#3973 = CARTESIAN_POINT ( 'NONE',  ( 0.000000000000000000, 0.000000000000000000, 0.000000000000000000 ) ) ;
#3974 = VECTOR ( 'NONE', #5683, 1000.000000000000000 ) ;
#3975 = B_SPLINE_CURVE_WITH_KNOTS ( 'NONE', 3,
 ( #3435, #5210, #4199, #3271 ),
 .UNSPECIFIED., .F., .F.,
 ( 4, 4 ),
 ( 0.000000000000000000, 0.0006708321191676022222 ),
 .UNSPECIFIED. ) ;
#3976 = ORIENTED_EDGE ( 'NONE', *, *, #4679, .T. ) ;
#3977 = EDGE_CURVE ( 'NONE', #3774, #4996, #3588, .T. ) ;
#3978 = DIRECTION ( 'NONE',  ( -0.5413273945389650565, 0.8408119004400780305, 0.000000000000000000 ) ) ;
#3979 = CIRCLE ( 'NONE', #5183, 65.00000000000000000 ) ;
#3980 = CARTESIAN_POINT ( 'NONE',  ( -51.54747468305824043, 49.49747468305840670, -5.000000000000004441 ) ) ;
#3981 = DIRECTION ( 'NONE',  ( 1.000000000000000000, 0.000000000000000000, 0.000000000000000000 ) ) ;
#3982 = ADVANCED_FACE ( 'NONE', ( #5367 ), #4988, .F. ) ;
#3983 = ORIENTED_EDGE ( 'NONE', *, *, #2420, .F. ) ;
#3984 = ORIENTED_EDGE ( 'NONE', *, *, #3547, .F. ) ;
#3985 = AXIS2_PLACEMENT_3D ( 'NONE', #3385, #2055, #3439 ) ;
#3986 = ORIENTED_EDGE ( 'NONE', *, *, #2363, .F. ) ;
#3987 = CARTESIAN_POINT ( 'NONE',  ( -46.01640966833250701, -50.65532882781774759, 6.000000000000000000 ) ) ;
#3988 = FACE_OUTER_BOUND ( 'NONE', #2445, .T. ) ;
#3989 = DIRECTION ( 'NONE',  ( -0.8408119004400762542, -0.5413273945389679431, 0.000000000000000000 ) ) ;
#3990 = VECTOR ( 'NONE', #4252, 1000.000000000000000 ) ;
#3991 = EDGE_LOOP ( 'NONE', ( #4433, #567, #338, #4792, #3128 ) ) ;
#3992 = DIRECTION ( 'NONE',  ( -0.9659258262890676461, 0.2588190451025230154, 0.000000000000000000 ) ) ;
#3993 = DIRECTION ( 'NONE',  ( -0.7071067811865483499, -0.7071067811865467956, -0.000000000000000000 ) ) ;
#3994 = DIRECTION ( 'NONE',  ( -0.9659258262890682012, -0.2588190451025212391, 0.000000000000000000 ) ) ;
#3995 = DIRECTION ( 'NONE',  ( 0.000000000000000000, 0.000000000000000000, -1.000000000000000000 ) ) ;
#3996 = EDGE_CURVE ( 'NONE', #871, #3179, #123, .T. ) ;
#3997 = CARTESIAN_POINT ( 'NONE',  ( -2.049999999999997158, -70.00000000000000000, -5.000000000000004441 ) ) ;
#3998 = ORIENTED_EDGE ( 'NONE', *, *, #3021, .T. ) ;
#3999 = EDGE_CURVE ( 'NONE', #5480, #2754, #3156, .T. ) ;
#4000 = EDGE_LOOP ( 'NONE', ( #1966, #3473, #1851, #5276, #3752, #134, #1081, #5422 ) ) ;
#4001 = CARTESIAN_POINT ( 'NONE',  ( 49.36328099426685156, 42.28790003631124961, 30.00000000000000000 ) ) ;
#4002 = CARTESIAN_POINT ( 'NONE',  ( 70.00000000001514877, -4.503332099664255850, 30.00000000000000000 ) ) ;
#4003 = ORIENTED_EDGE ( 'NONE', *, *, #3103, .T. ) ;
#4004 = FACE_BOUND ( 'NONE', #5674, .T. ) ;
#4005 = CARTESIAN_POINT ( 'NONE',  ( 49.49747468305825038, -49.49747468305840670, -5.000000000000004441 ) ) ;
#4006 = DIRECTION ( 'NONE',  ( -0.000000000000000000, -0.000000000000000000, -1.000000000000000000 ) ) ;
#4007 = VECTOR ( 'NONE', #1679, 1000.000000000000227 ) ;
#4008 = EDGE_CURVE ( 'NONE', #3600, #4974, #4929, .T. ) ;
#4009 = ORIENTED_EDGE ( 'NONE', *, *, #1405, .F. ) ;
#4010 = VECTOR ( 'NONE', #1303, 1000.000000000000000 ) ;
#4011 = ORIENTED_EDGE ( 'NONE', *, *, #5215, .F. ) ;
#4012 = VERTEX_POINT ( 'NONE', #3616 ) ;
#4013 = CARTESIAN_POINT ( 'NONE',  ( 3.280211195048322370, -68.35724183972044443, 6.000000000000000000 ) ) ;
#4014 = DIRECTION ( 'NONE',  ( 0.8660254037844385966, -0.4999999999999999445, 0.000000000000000000 ) ) ;
#4015 = VECTOR ( 'NONE', #4965, 1000.000000000000114 ) ;
#4016 =( LENGTH_UNIT ( ) NAMED_UNIT ( * ) SI_UNIT ( .MILLI., .METRE. ) );
#4017 = ORIENTED_EDGE ( 'NONE', *, *, #3494, .T. ) ;
#4018 = DIRECTION ( 'NONE',  ( 0.000000000000000000, 0.000000000000000000, 1.000000000000000000 ) ) ;
#4019 = EDGE_CURVE ( 'NONE', #5022, #1641, #4816, .T. ) ;
#4020 = DIRECTION ( 'NONE',  ( 1.000000000000000000, 0.000000000000000000, 0.000000000000000000 ) ) ;
#4021 = LINE ( 'NONE', #4373, #4819 ) ;
#4022 = DIRECTION ( 'NONE',  ( -0.000000000000000000, -0.000000000000000000, -1.000000000000000000 ) ) ;
#4023 = CARTESIAN_POINT ( 'NONE',  ( -4.503332099649107079, -70.00000000000034106, 6.000000000000000000 ) ) ;
#4024 = ORIENTED_EDGE ( 'NONE', *, *, #41, .T. ) ;
#4025 = ADVANCED_FACE ( 'NONE', ( #4556 ), #3221, .T. ) ;
#4026 = ORIENTED_EDGE ( 'NONE', *, *, #2151, .T. ) ;
#4027 = CARTESIAN_POINT ( 'NONE',  ( 66.10000000001514309, -2.251666049824717408, 0.000000000000000000 ) ) ;
#4028 = DIRECTION ( 'NONE',  ( 0.9659258262890676461, -0.2588190451025229599, 0.000000000000000000 ) ) ;
#4029 = AXIS2_PLACEMENT_3D ( 'NONE', #1057, #4601, #2393 ) ;
#4030 = EDGE_CURVE ( 'NONE', #1648, #2937, #3243, .T. ) ;
#4031 = VECTOR ( 'NONE', #3450, 1000.000000000000114 ) ;
#4032 = ORIENTED_EDGE ( 'NONE', *, *, #4446, .F. ) ;
#4033 = AXIS2_PLACEMENT_3D ( 'NONE', #2879, #4745, #5150 ) ;
#4034 = CARTESIAN_POINT ( 'NONE',  ( 70.00000000001514877, -4.503332099664255850, 24.00000000000000000 ) ) ;
#4035 = ADVANCED_FACE ( 'NONE', ( #4583 ), #2235, .F. ) ;
#4036 = CARTESIAN_POINT ( 'NONE',  ( -41.27740928273703958, 49.14432598361749172, 6.000000000000000000 ) ) ;
#4037 = LINE ( 'NONE', #2751, #4217 ) ;
#4038 = VECTOR ( 'NONE', #475, 1000.000000000000227 ) ;
#4039 = EDGE_LOOP ( 'NONE', ( #2729, #3514, #3072, #4488 ) ) ;
#4040 = ORIENTED_EDGE ( 'NONE', *, *, #3321, .F. ) ;
#4041 = ORIENTED_EDGE ( 'NONE', *, *, #2367, .T. ) ;
#4042 = CARTESIAN_POINT ( 'NONE',  ( -2.251666049809566417, -73.90000000000034674, 24.00000000000000000 ) ) ;
#4043 = FACE_BOUND ( 'NONE', #5611, .T. ) ;
#4044 = ORIENTED_EDGE ( 'NONE', *, *, #1139, .T. ) ;
#4045 = CARTESIAN_POINT ( 'NONE',  ( -42.19996407764005397, -49.43847724036298530, 30.00000000000000000 ) ) ;
#4046 = CARTESIAN_POINT ( 'NONE',  ( 50.66302279688130028, 53.84735946250548722, 6.000000000000000000 ) ) ;
#4047 = DIRECTION ( 'NONE',  ( -0.2588190451025194072, -0.9659258262890686453, 0.000000000000000000 ) ) ;
#4048 = EDGE_LOOP ( 'NONE', ( #2491, #3276, #2631, #4003 ) ) ;
#4049 = PLANE ( 'NONE',  #1616 ) ;
#4050 = ADVANCED_FACE ( 'NONE', ( #1852, #4004 ), #5394, .T. ) ;
#4051 = VERTEX_POINT ( 'NONE', #4141 ) ;
#4052 = VECTOR ( 'NONE', #1313, 1000.000000000000114 ) ;
#4053 = ORIENTED_EDGE ( 'NONE', *, *, #4807, .T. ) ;
#4054 = CARTESIAN_POINT ( 'NONE',  ( -68.10612956742232882, -3.409905495643814621, 6.000000000000000000 ) ) ;
#4055 = CARTESIAN_POINT ( 'NONE',  ( 0.000000000000000000, 0.000000000000000000, 30.00000000000000000 ) ) ;
#4056 = AXIS2_PLACEMENT_3D ( 'NONE', #573, #3673, #1474 ) ;
#4057 = EDGE_LOOP ( 'NONE', ( #3852, #1618, #3917, #4179, #2474 ) ) ;
#4058 = CARTESIAN_POINT ( 'NONE',  ( 49.49747468305823617, 49.49747468305842091, -5.000000000000004441 ) ) ;
#4059 = CARTESIAN_POINT ( 'NONE',  ( 73.75247735348965250, -2.336838289507777500, 29.71056514491367651 ) ) ;
#4060 = FACE_OUTER_BOUND ( 'NONE', #508, .T. ) ;
#4061 = VECTOR ( 'NONE', #4667, 1000.000000000000000 ) ;
#4062 = ORIENTED_EDGE ( 'NONE', *, *, #3474, .T. ) ;
#4063 = VERTEX_POINT ( 'NONE', #2001 ) ;
#4064 = CIRCLE ( 'NONE', #4478, 2.049999999999989164 ) ;
#4065 = ORIENTED_EDGE ( 'NONE', *, *, #3209, .F. ) ;
#4066 = CARTESIAN_POINT ( 'NONE',  ( -69.99999999998519229, -4.503332099694253188, 6.000000000000000000 ) ) ;
#4067 = EDGE_CURVE ( 'NONE', #4077, #3370, #387, .T. ) ;
#4068 = FACE_OUTER_BOUND ( 'NONE', #1356, .T. ) ;
#4069 = VERTEX_POINT ( 'NONE', #803 ) ;
#4070 = EDGE_CURVE ( 'NONE', #4439, #23, #3101, .T. ) ;
#4071 = CARTESIAN_POINT ( 'NONE',  ( 50.08468879675817931, 45.61724112701837441, 6.000000000000000000 ) ) ;
#4072 = FACE_OUTER_BOUND ( 'NONE', #3256, .T. ) ;
#4073 = AXIS2_PLACEMENT_3D ( 'NONE', #4599, #3661, #5410 ) ;
#4074 = DIRECTION ( 'NONE',  ( 1.000000000000000000, 0.000000000000000000, 0.000000000000000000 ) ) ;
#4075 = EDGE_CURVE ( 'NONE', #2878, #1979, #628, .T. ) ;
#4076 = DIRECTION ( 'NONE',  ( -0.9527432661005439396, -0.3037766760303827196, 0.000000000000000000 ) ) ;
#4077 = VERTEX_POINT ( 'NONE', #2137 ) ;
#4078 = VERTEX_POINT ( 'NONE', #4666 ) ;
#4079 = CARTESIAN_POINT ( 'NONE',  ( -5.562750146222819936, -63.93782217349402686, 6.000000000000000000 ) ) ;
#4080 = DIRECTION ( 'NONE',  ( 0.000000000000000000, 0.000000000000000000, 1.000000000000000000 ) ) ;
#4081 = PLANE ( 'NONE',  #315 ) ;
#4082 = EDGE_CURVE ( 'NONE', #3483, #3108, #3556, .T. ) ;
#4083 = EDGE_LOOP ( 'NONE', ( #4333, #2229, #5582, #4516 ) ) ;
#4084 = FACE_OUTER_BOUND ( 'NONE', #1579, .T. ) ;
#4085 = ORIENTED_EDGE ( 'NONE', *, *, #5115, .F. ) ;
#4086 = DIRECTION ( 'NONE',  ( -0.9773200680240747840, 0.2117675249829814033, -0.000000000000000000 ) ) ;
#4087 = LINE ( 'NONE', #2261, #513 ) ;
#4088 = DIRECTION ( 'NONE',  ( -1.000000000000000000, 0.000000000000000000, 0.000000000000000000 ) ) ;
#4089 = EDGE_CURVE ( 'NONE', #76, #4077, #3699, .T. ) ;
#4090 = VERTEX_POINT ( 'NONE', #2463 ) ;
#4091 = ORIENTED_EDGE ( 'NONE', *, *, #810, .T. ) ;
#4092 = ORIENTED_EDGE ( 'NONE', *, *, #4687, .T. ) ;
#4093 = LINE ( 'NONE', #530, #173 ) ;
#4094 = ADVANCED_FACE ( 'NONE', ( #3909 ), #5481, .F. ) ;
#4095 = CARTESIAN_POINT ( 'NONE',  ( -45.74713875831119481, -50.56947335666662013, 30.00000000000000000 ) ) ;
#4096 = EDGE_CURVE ( 'NONE', #4170, #2670, #1070, .T. ) ;
#4097 = ORIENTED_EDGE ( 'NONE', *, *, #1159, .T. ) ;
#4098 = ORIENTED_EDGE ( 'NONE', *, *, #1266, .F. ) ;
#4099 = AXIS2_PLACEMENT_3D ( 'NONE', #752, #4296, #1680 ) ;
#4100 = DIRECTION ( 'NONE',  ( 0.8660254037844387076, 0.4999999999999998335, 0.000000000000000000 ) ) ;
#4101 = DIRECTION ( 'NONE',  ( 0.7071067811865467956, -0.7071067811865483499, 0.000000000000000000 ) ) ;
#4102 = EDGE_CURVE ( 'NONE', #4352, #1083, #5654, .T. ) ;
#4103 = DIRECTION ( 'NONE',  ( 1.000000000000000000, 0.000000000000000000, 0.000000000000000000 ) ) ;
#4104 = CARTESIAN_POINT ( 'NONE',  ( -45.61724112700691336, 50.08468879675550767, 6.000000000000000000 ) ) ;
#4105 = ORIENTED_EDGE ( 'NONE', *, *, #2103, .T. ) ;
#4106 = ORIENTED_EDGE ( 'NONE', *, *, #2914, .T. ) ;
#4107 = DIRECTION ( 'NONE',  ( 0.8660254037844385966, -0.4999999999999999445, 0.000000000000000000 ) ) ;
#4108 = CARTESIAN_POINT ( 'NONE',  ( 0.000000000000000000, 0.000000000000000000, 30.00000000000000000 ) ) ;
#4109 = DIRECTION ( 'NONE',  ( -0.000000000000000000, -0.000000000000000000, 1.000000000000000000 ) ) ;
#4110 = VERTEX_POINT ( 'NONE', #3003 ) ;
#4111 = CIRCLE ( 'NONE', #1059, 73.50000000000000000 ) ;
#4112 = CARTESIAN_POINT ( 'NONE',  ( 46.01640966833145541, 50.65532882781869972, 24.00000000000000000 ) ) ;
#4113 = CARTESIAN_POINT ( 'NONE',  ( 46.31313801746588865, -52.68181134866613746, 24.00000000000000000 ) ) ;
#4114 = LINE ( 'NONE', #3214, #62 ) ;
#4115 = DIRECTION ( 'NONE',  ( -0.000000000000000000, -0.000000000000000000, 1.000000000000000000 ) ) ;
#4116 = CIRCLE ( 'NONE', #1425, 2.049999999999989164 ) ;
#4117 = VECTOR ( 'NONE', #1749, 1000.000000000000000 ) ;
#4118 = ORIENTED_EDGE ( 'NONE', *, *, #2887, .T. ) ;
#4119 = EDGE_CURVE ( 'NONE', #3108, #5415, #3975, .T. ) ;
#4120 = ORIENTED_EDGE ( 'NONE', *, *, #2887, .F. ) ;
#4121 = DIRECTION ( 'NONE',  ( -0.9659258262890678681, -0.2588190451025223493, 0.000000000000000000 ) ) ;
#4122 = CARTESIAN_POINT ( 'NONE',  ( 73.90000000001516867, 2.251666049854370133, 0.4342951545648317535 ) ) ;
#4123 = LINE ( 'NONE', #612, #509 ) ;
#4124 = CIRCLE ( 'NONE', #5248, 73.50000000000000000 ) ;
#4125 = ORIENTED_EDGE ( 'NONE', *, *, #422, .F. ) ;
#4126 = ORIENTED_EDGE ( 'NONE', *, *, #5201, .T. ) ;
#4127 = ORIENTED_EDGE ( 'NONE', *, *, #4166, .T. ) ;
#4128 = DIRECTION ( 'NONE',  ( -0.8660254037844385966, 0.4999999999999998890, 0.000000000000000000 ) ) ;
#4129 = CARTESIAN_POINT ( 'NONE',  ( -49.49747468305825038, 49.49747468305840670, 6.000000000000000000 ) ) ;
#4130 = ADVANCED_FACE ( 'NONE', ( #2402 ), #4344, .T. ) ;
#4131 = LINE ( 'NONE', #1027, #470 ) ;
#4132 = CARTESIAN_POINT ( 'NONE',  ( -73.89999999998518376, 2.251666049824373239, 0.4342951545339545638 ) ) ;
#4133 = EDGE_LOOP ( 'NONE', ( #2935, #3860, #3387, #5717 ) ) ;
#4134 = EDGE_CURVE ( 'NONE', #201, #2299, #4172, .T. ) ;
#4135 = EDGE_LOOP ( 'NONE', ( #4193, #450, #2645, #1745, #3441, #5062, #5475, #811 ) ) ;
#4136 = LINE ( 'NONE', #623, #197 ) ;
#4137 = EDGE_CURVE ( 'NONE', #3872, #1646, #1697, .T. ) ;
#4138 = DIRECTION ( 'NONE',  ( 1.000000000000000000, 0.000000000000000000, 0.000000000000000000 ) ) ;
#4139 = CARTESIAN_POINT ( 'NONE',  ( -4.503332099649107079, -70.00000000000034106, 6.000000000000000000 ) ) ;
#4140 = ORIENTED_EDGE ( 'NONE', *, *, #3700, .F. ) ;
#4141 = CARTESIAN_POINT ( 'NONE',  ( 46.31313801746588865, -52.68181134866613746, 6.000000000000000000 ) ) ;
#4142 = DIRECTION ( 'NONE',  ( -0.2588190451025205174, -0.9659258262890684232, 0.000000000000000000 ) ) ;
#4143 = DIRECTION ( 'NONE',  ( 0.2588190451025212391, -0.9659258262890680902, 0.000000000000000000 ) ) ;
#4144 = CARTESIAN_POINT ( 'NONE',  ( -2.251666049839554429, 73.90000000000000568, 6.000000000000000000 ) ) ;
#4145 = VECTOR ( 'NONE', #3395, 1000.000000000000114 ) ;
#4146 = ORIENTED_EDGE ( 'NONE', *, *, #300, .T. ) ;
#4147 = EDGE_CURVE ( 'NONE', #3046, #5480, #5243, .T. ) ;
#4148 = ORIENTED_EDGE ( 'NONE', *, *, #3891, .T. ) ;
#4149 = ORIENTED_EDGE ( 'NONE', *, *, #671, .T. ) ;
#4150 = CARTESIAN_POINT ( 'NONE',  ( -50.66302279687255350, 53.84735946248426330, 6.000000000000000000 ) ) ;
#4151 = CARTESIAN_POINT ( 'NONE',  ( 0.000000000000000000, 0.000000000000000000, 30.00000000000000000 ) ) ;
#4152 = DIRECTION ( 'NONE',  ( -0.8660254037844385966, -0.4999999999999999445, -0.000000000000000000 ) ) ;
#4153 = ORIENTED_EDGE ( 'NONE', *, *, #4904, .T. ) ;
#4154 = EDGE_CURVE ( 'NONE', #5211, #5143, #3734, .T. ) ;
#4155 = CIRCLE ( 'NONE', #2852, 2.049999999999998490 ) ;
#4156 = ORIENTED_EDGE ( 'NONE', *, *, #1459, .F. ) ;
#4157 = VERTEX_POINT ( 'NONE', #2860 ) ;
#4158 = DIRECTION ( 'NONE',  ( 0.000000000000000000, 0.000000000000000000, -1.000000000000000000 ) ) ;
#4159 = LINE ( 'NONE', #941, #5459 ) ;
#4160 = DIRECTION ( 'NONE',  ( 0.000000000000000000, 0.000000000000000000, -1.000000000000000000 ) ) ;
#4161 = PLANE ( 'NONE',  #4776 ) ;
#4162 = VECTOR ( 'NONE', #2458, 1000.000000000000227 ) ;
#4163 = ORIENTED_EDGE ( 'NONE', *, *, #5081, .F. ) ;
#4164 = FACE_OUTER_BOUND ( 'NONE', #3100, .T. ) ;
#4165 = CARTESIAN_POINT ( 'NONE',  ( 46.31313801744470027, 52.68181134868702742, 0.000000000000000000 ) ) ;
#4166 = EDGE_CURVE ( 'NONE', #975, #1039, #4637, .T. ) ;
#4167 = CARTESIAN_POINT ( 'NONE',  ( 52.78591390729338428, 51.72446835209339611, 0.3885788872587883636 ) ) ;
#4168 = VECTOR ( 'NONE', #2827, 1000.000000000000000 ) ;
#4169 = EDGE_CURVE ( 'NONE', #3813, #3835, #3059, .T. ) ;
#4170 = VERTEX_POINT ( 'NONE', #1836 ) ;
#4171 = ORIENTED_EDGE ( 'NONE', *, *, #5447, .T. ) ;
#4172 = LINE ( 'NONE', #209, #5241 ) ;
#4173 = DIRECTION ( 'NONE',  ( -0.9659258262890676461, 0.2588190451025229599, 0.000000000000000000 ) ) ;
#4174 = FACE_OUTER_BOUND ( 'NONE', #4366, .T. ) ;
#4175 = DIRECTION ( 'NONE',  ( 0.000000000000000000, 0.000000000000000000, 1.000000000000000000 ) ) ;
#4176 = CARTESIAN_POINT ( 'NONE',  ( -46.31313801743593928, 52.68181134866579640, 24.00000000000000000 ) ) ;
#4177 = VERTEX_POINT ( 'NONE', #30 ) ;
#4178 = ORIENTED_EDGE ( 'NONE', *, *, #4284, .T. ) ;
#4179 = ORIENTED_EDGE ( 'NONE', *, *, #4566, .F. ) ;
#4180 = CARTESIAN_POINT ( 'NONE',  ( 50.49848266489725290, 53.80327106701785311, 0.2894348550837223533 ) ) ;
#4181 = DIRECTION ( 'NONE',  ( -0.2588190451025198513, 0.9659258262890686453, 0.000000000000000000 ) ) ;
#4182 = PLANE ( 'NONE',  #5144 ) ;
#4183 = VERTEX_POINT ( 'NONE', #2706 ) ;
#4184 = EDGE_CURVE ( 'NONE', #5489, #613, #1619, .T. ) ;
#4185 = ORIENTED_EDGE ( 'NONE', *, *, #1861, .F. ) ;
#4186 = ORIENTED_EDGE ( 'NONE', *, *, #4192, .T. ) ;
#4187 = DIRECTION ( 'NONE',  ( -0.000000000000000000, -0.000000000000000000, 1.000000000000000000 ) ) ;
#4188 = CARTESIAN_POINT ( 'NONE',  ( 49.36328099426744132, 42.28790003631056749, 30.00000000000000000 ) ) ;
#4189 = CARTESIAN_POINT ( 'NONE',  ( -42.19996407763938606, -49.43847724036356794, 30.00000000000000000 ) ) ;
#4190 = DIRECTION ( 'NONE',  ( 0.000000000000000000, 0.000000000000000000, 1.000000000000000000 ) ) ;
#4191 = VECTOR ( 'NONE', #4763, 1000.000000000000000 ) ;
#4192 = EDGE_CURVE ( 'NONE', #4791, #2771, #1782, .T. ) ;
#4193 = ORIENTED_EDGE ( 'NONE', *, *, #4430, .F. ) ;
#4194 = DIRECTION ( 'NONE',  ( -0.2588190451025233485, -0.9659258262890675351, -0.000000000000000000 ) ) ;
#4195 = DIRECTION ( 'NONE',  ( 0.4999999999999999445, -0.8660254037844385966, 0.000000000000000000 ) ) ;
#4196 = CARTESIAN_POINT ( 'NONE',  ( 50.66302279688130028, 53.84735946250548722, 0.4342951545600048924 ) ) ;
#4197 = VECTOR ( 'NONE', #5593, 1000.000000000000000 ) ;
#4198 = ORIENTED_EDGE ( 'NONE', *, *, #169, .F. ) ;
#4199 = CARTESIAN_POINT ( 'NONE',  ( 2.422050754438075160, 73.60488503480270595, 0.1446691037085486298 ) ) ;
#4200 = DIRECTION ( 'NONE',  ( 0.2117675249829712170, 0.9773200680240770044, 0.000000000000000000 ) ) ;
#4201 = CARTESIAN_POINT ( 'NONE',  ( 2.049999999999997158, -70.00000000000000000, -5.000000000000004441 ) ) ;
#4202 = LINE ( 'NONE', #4669, #3079 ) ;
#4203 = EDGE_CURVE ( 'NONE', #1570, #1526, #4455, .T. ) ;
#4204 = ORIENTED_EDGE ( 'NONE', *, *, #3996, .T. ) ;
#4205 = ORIENTED_EDGE ( 'NONE', *, *, #1232, .F. ) ;
#4206 = CIRCLE ( 'NONE', #3468, 2.049999999999996270 ) ;
#4207 = EDGE_CURVE ( 'NONE', #1490, #5697, #1753, .T. ) ;
#4208 = VERTEX_POINT ( 'NONE', #3935 ) ;
#4209 = ORIENTED_EDGE ( 'NONE', *, *, #4510, .F. ) ;
#4210 = LINE ( 'NONE', #3308, #3311 ) ;
#4211 = DIRECTION ( 'NONE',  ( 0.000000000000000000, 0.000000000000000000, 1.000000000000000000 ) ) ;
#4212 = CARTESIAN_POINT ( 'NONE',  ( -2.507304197834903103, 73.45722173931926591, 30.00000000000000000 ) ) ;
#4213 = ORIENTED_EDGE ( 'NONE', *, *, #1816, .F. ) ;
#4214 = VECTOR ( 'NONE', #701, 1000.000000000000000 ) ;
#4215 = AXIS2_PLACEMENT_3D ( 'NONE', #2447, #5119, #1143 ) ;
#4216 = ORIENTED_EDGE ( 'NONE', *, *, #2666, .T. ) ;
#4217 = VECTOR ( 'NONE', #155, 1000.000000000000000 ) ;
#4218 = VERTEX_POINT ( 'NONE', #4839 ) ;
#4219 = ORIENTED_EDGE ( 'NONE', *, *, #195, .F. ) ;
#4220 = VECTOR ( 'NONE', #5091, 1000.000000000000000 ) ;
#4221 = FACE_OUTER_BOUND ( 'NONE', #2905, .T. ) ;
#4222 = ORIENTED_EDGE ( 'NONE', *, *, #2151, .F. ) ;
#4223 = DIRECTION ( 'NONE',  ( -0.000000000000000000, -0.000000000000000000, 1.000000000000000000 ) ) ;
#4224 = CARTESIAN_POINT ( 'NONE',  ( -66.09999999998518661, 2.251666049824376348, 24.00000000000000000 ) ) ;
#4225 = VECTOR ( 'NONE', #3643, 1000.000000000000000 ) ;
#4226 = FACE_OUTER_BOUND ( 'NONE', #729, .T. ) ;
#4227 = EDGE_CURVE ( 'NONE', #1659, #3828, #4864, .T. ) ;
#4228 = ORIENTED_EDGE ( 'NONE', *, *, #35, .F. ) ;
#4229 = CARTESIAN_POINT ( 'NONE',  ( 63.93782217349408370, -5.562750146222150249, 24.00000000000000000 ) ) ;
#4230 = LINE ( 'NONE', #3354, #5087 ) ;
#4231 = CARTESIAN_POINT ( 'NONE',  ( -3.409905495632501449, 68.10612956744380142, 0.000000000000000000 ) ) ;
#4232 = ADVANCED_FACE ( 'NONE', ( #3523, #2163 ), #1398, .T. ) ;
#4233 = ORIENTED_EDGE ( 'NONE', *, *, #3174, .F. ) ;
#4234 = CARTESIAN_POINT ( 'NONE',  ( 73.90000000001516867, 2.251666049854370133, 24.00000000000000000 ) ) ;
#4235 = DIRECTION ( 'NONE',  ( 0.2588190451025230154, 0.9659258262890677571, 0.000000000000000000 ) ) ;
#4236 = CARTESIAN_POINT ( 'NONE',  ( -53.80327106700519835, 50.49848266489010484, 29.71056514493037781 ) ) ;
#4237 = CARTESIAN_POINT ( 'NONE',  ( -53.84735946246946270, -50.66302279688769516, 0.4342951545381490974 ) ) ;
#4238 = ORIENTED_EDGE ( 'NONE', *, *, #4203, .F. ) ;
#4239 = ORIENTED_EDGE ( 'NONE', *, *, #1726, .T. ) ;
#4240 = VERTEX_POINT ( 'NONE', #1291 ) ;
#4241 = CARTESIAN_POINT ( 'NONE',  ( 50.16916781820220450, 53.71503141979033558, 0.000000000000000000 ) ) ;
#4242 = CARTESIAN_POINT ( 'NONE',  ( 2.251666049869518904, -73.90000000000034674, 6.000000000000000000 ) ) ;
#4243 = DIRECTION ( 'NONE',  ( 1.000000000000000000, -3.081670971768529182E-15, 0.000000000000000000 ) ) ;
#4244 = VECTOR ( 'NONE', #5169, 1000.000000000000114 ) ;
#4245 = VERTEX_POINT ( 'NONE', #3115 ) ;
#4246 = CIRCLE ( 'NONE', #999, 65.00000000000000000 ) ;
#4247 = EDGE_CURVE ( 'NONE', #1509, #4445, #2246, .T. ) ;
#4248 = ORIENTED_EDGE ( 'NONE', *, *, #2311, .T. ) ;
#4249 = VERTEX_POINT ( 'NONE', #4482 ) ;
#4250 = CARTESIAN_POINT ( 'NONE',  ( 52.68181134868095938, 46.31313801745074699, 24.00000000000000000 ) ) ;
#4251 = CARTESIAN_POINT ( 'NONE',  ( -48.33192656921439578, -45.14758990363260693, 6.000000000000000000 ) ) ;
#4252 = DIRECTION ( 'NONE',  ( -0.000000000000000000, -0.000000000000000000, -1.000000000000000000 ) ) ;
#4253 = AXIS2_PLACEMENT_3D ( 'NONE', #5546, #299, #1565 ) ;
#4254 = ADVANCED_FACE ( 'NONE', ( #2624 ), #431, .T. ) ;
#4255 = CARTESIAN_POINT ( 'NONE',  ( -64.80717161047761010, 5.003049854849152212, 30.00000000000000000 ) ) ;
#4256 = CIRCLE ( 'NONE', #2496, 73.50000000000000000 ) ;
#4257 = ORIENTED_EDGE ( 'NONE', *, *, #54, .T. ) ;
#4258 = DIRECTION ( 'NONE',  ( -0.9659258262890676461, 0.2588190451025234040, 0.000000000000000000 ) ) ;
#4259 = CARTESIAN_POINT ( 'NONE',  ( -46.31313801741473668, -52.68181134868736848, 24.00000000000000000 ) ) ;
#4260 = DIRECTION ( 'NONE',  ( 0.8660254037844397068, 0.4999999999999983347, 0.000000000000000000 ) ) ;
#4261 = EDGE_CURVE ( 'NONE', #1109, #5000, #4425, .T. ) ;
#4262 = ORIENTED_EDGE ( 'NONE', *, *, #2999, .F. ) ;
#4263 = CARTESIAN_POINT ( 'NONE',  ( 2.251666049839530892, 73.90000000000000568, 6.000000000000000000 ) ) ;
#4264 = DIRECTION ( 'NONE',  ( 0.5000000000000000000, 0.8660254037844385966, 0.000000000000000000 ) ) ;
#4265 = FACE_OUTER_BOUND ( 'NONE', #1603, .T. ) ;
#4266 = STYLED_ITEM ( 'NONE', ( #2225 ), #2814 ) ;
#4267 = ORIENTED_EDGE ( 'NONE', *, *, #2363, .T. ) ;
#4268 = ORIENTED_EDGE ( 'NONE', *, *, #1953, .T. ) ;
#4269 = EDGE_CURVE ( 'NONE', #4413, #5156, #1345, .T. ) ;
#4270 = DIRECTION ( 'NONE',  ( -3.081670971768528393E-15, -1.000000000000000000, 0.000000000000000000 ) ) ;
#4271 = LINE ( 'NONE', #2930, #1626 ) ;
#4272 = DIRECTION ( 'NONE',  ( -1.000000000000000000, 0.000000000000000000, 0.000000000000000000 ) ) ;
#4273 = VERTEX_POINT ( 'NONE', #5381 ) ;
#4274 = ORIENTED_EDGE ( 'NONE', *, *, #564, .T. ) ;
#4275 = ORIENTED_EDGE ( 'NONE', *, *, #3928, .F. ) ;
#4276 = ORIENTED_EDGE ( 'NONE', *, *, #4687, .F. ) ;
#4277 = B_SPLINE_CURVE_WITH_KNOTS ( 'NONE', 3,
 ( #4881, #2124, #4416, #4363 ),
 .UNSPECIFIED., .F., .F.,
 ( 4, 4 ),
 ( 2.324148402694531227E-18, 0.0006708321191696266445 ),
 .UNSPECIFIED. ) ;
#4278 = EDGE_CURVE ( 'NONE', #3916, #3971, #1319, .T. ) ;
#4279 = FACE_OUTER_BOUND ( 'NONE', #963, .T. ) ;
#4280 = FACE_OUTER_BOUND ( 'NONE', #4135, .T. ) ;
#4281 = DIRECTION ( 'NONE',  ( 1.000000000000000000, 0.000000000000000000, -0.000000000000000000 ) ) ;
#4282 = EDGE_CURVE ( 'NONE', #2550, #1077, #2653, .T. ) ;
#4283 = DIRECTION ( 'NONE',  ( 0.000000000000000000, 0.000000000000000000, 1.000000000000000000 ) ) ;
#4284 = EDGE_CURVE ( 'NONE', #3580, #816, #4918, .T. ) ;
#4285 = CARTESIAN_POINT ( 'NONE',  ( -53.71503141978199380, 50.16916781821112181, 30.00000000000000000 ) ) ;
#4286 = CARTESIAN_POINT ( 'NONE',  ( -2.251666049839554429, 73.90000000000000568, 24.00000000000000000 ) ) ;
#4287 = DIRECTION ( 'NONE',  ( 0.2588190451025194627, 0.9659258262890686453, 0.000000000000000000 ) ) ;
#4288 = FILL_AREA_STYLE_COLOUR ( '', #4828 ) ;
#4289 = AXIS2_PLACEMENT_3D ( 'NONE', #1214, #631, #2405 ) ;
#4290 = VECTOR ( 'NONE', #520, 1000.000000000000114 ) ;
#4291 = CARTESIAN_POINT ( 'NONE',  ( -50.66302279687255350, 53.84735946248426330, 24.00000000000000000 ) ) ;
#4292 = EDGE_LOOP ( 'NONE', ( #5191, #276, #1168, #1489 ) ) ;
#4293 = DIRECTION ( 'NONE',  ( -0.000000000000000000, 0.000000000000000000, 1.000000000000000000 ) ) ;
#4294 = AXIS2_PLACEMENT_3D ( 'NONE', #3488, #3989, #4530 ) ;
#4295 = CARTESIAN_POINT ( 'NONE',  ( 46.31313801746588865, -52.68181134866613746, 30.00000000000000000 ) ) ;
#4296 = DIRECTION ( 'NONE',  ( 0.000000000000000000, 1.000000000000000000, 0.000000000000000000 ) ) ;
#4297 = VERTEX_POINT ( 'NONE', #510 ) ;
#4298 = LINE ( 'NONE', #5055, #2844 ) ;
#4299 = DIRECTION ( 'NONE',  ( 1.000000000000000000, 0.000000000000000000, -0.000000000000000000 ) ) ;
#4300 = LINE ( 'NONE', #5614, #1990 ) ;
#4301 = ORIENTED_EDGE ( 'NONE', *, *, #4989, .T. ) ;
#4302 = EDGE_CURVE ( 'NONE', #956, #157, #3773, .T. ) ;
#4303 = ORIENTED_EDGE ( 'NONE', *, *, #4435, .F. ) ;
#4304 = ORIENTED_EDGE ( 'NONE', *, *, #2098, .T. ) ;
#4305 = ORIENTED_EDGE ( 'NONE', *, *, #2325, .T. ) ;
#4306 = AXIS2_PLACEMENT_3D ( 'NONE', #3342, #1136, #280 ) ;
#4307 = CARTESIAN_POINT ( 'NONE',  ( -2.507304197834896886, 73.45722173931926591, 0.000000000000000000 ) ) ;
#4308 = VECTOR ( 'NONE', #3065, 1000.000000000000000 ) ;
#4309 = CARTESIAN_POINT ( 'NONE',  ( 73.45722173931842747, 2.507304197858942985, 30.00000000000000000 ) ) ;
#4310 = DIRECTION ( 'NONE',  ( -0.9659258262890682012, -0.2588190451025212391, 0.000000000000000000 ) ) ;
#4311 = FACE_OUTER_BOUND ( 'NONE', #2372, .T. ) ;
#4312 = CIRCLE ( 'NONE', #2548, 2.049999999999996270 ) ;
#4313 = AXIS2_PLACEMENT_3D ( 'NONE', #2191, #3575, #5351 ) ;
#4314 = EDGE_CURVE ( 'NONE', #448, #1850, #402, .T. ) ;
#4315 = EDGE_LOOP ( 'NONE', ( #4937, #4153, #1476, #135 ) ) ;
#4316 = CARTESIAN_POINT ( 'NONE',  ( 46.31313801744470027, 52.68181134868702742, 6.000000000000000000 ) ) ;
#4317 = PLANE ( 'NONE',  #2951 ) ;
#4318 = DIRECTION ( 'NONE',  ( 0.2117675249829712170, 0.9773200680240770044, 0.000000000000000000 ) ) ;
#4319 = CIRCLE ( 'NONE', #430, 2.049999999999989164 ) ;
#4320 = DIRECTION ( 'NONE',  ( -0.8660254037844389297, 0.4999999999999994449, 0.000000000000000000 ) ) ;
#4321 = EDGE_LOOP ( 'NONE', ( #1091, #286, #580, #3535 ) ) ;
#4322 = EDGE_CURVE ( 'NONE', #480, #1689, #966, .T. ) ;
#4323 = ORIENTED_EDGE ( 'NONE', *, *, #4976, .F. ) ;
#4324 = CARTESIAN_POINT ( 'NONE',  ( 4.503332099709060010, -70.00000000000034106, 24.00000000000000000 ) ) ;
#4325 = DIRECTION ( 'NONE',  ( -0.2588190451025212391, 0.9659258262890682012, 0.000000000000000000 ) ) ;
#4326 = EDGE_CURVE ( 'NONE', #880, #2307, #3168, .T. ) ;
#4327 = VERTEX_POINT ( 'NONE', #3199 ) ;
#4328 = PLANE ( 'NONE',  #3970 ) ;
#4329 = CARTESIAN_POINT ( 'NONE',  ( 50.16916781822428817, -53.71503141976969431, 30.00000000000000000 ) ) ;
#4330 = FACE_OUTER_BOUND ( 'NONE', #870, .T. ) ;
#4331 = EDGE_LOOP ( 'NONE', ( #3400, #2660, #3394, #1393 ) ) ;
#4332 = ADVANCED_FACE ( 'NONE', ( #1492 ), #5498, .F. ) ;
#4333 = ORIENTED_EDGE ( 'NONE', *, *, #3343, .T. ) ;
#4334 = ORIENTED_EDGE ( 'NONE', *, *, #909, .F. ) ;
#4335 = ORIENTED_EDGE ( 'NONE', *, *, #5295, .T. ) ;
#4336 = VECTOR ( 'NONE', #25, 1000.000000000000227 ) ;
#4337 = DIRECTION ( 'NONE',  ( 0.3037766760303861058, -0.9527432661005429404, 0.000000000000000000 ) ) ;
#4338 = CARTESIAN_POINT ( 'NONE',  ( 52.68181134870217619, -46.31313801742987835, 24.00000000000000000 ) ) ;
#4339 = EDGE_CURVE ( 'NONE', #467, #3370, #4975, .T. ) ;
#4340 = CARTESIAN_POINT ( 'NONE',  ( -5.562750146222819936, -63.93782217349402686, 0.000000000000000000 ) ) ;
#4341 = CARTESIAN_POINT ( 'NONE',  ( -50.66302279687255350, 53.84735946248426330, 24.00000000000000000 ) ) ;
#4342 = AXIS2_PLACEMENT_3D ( 'NONE', #2748, #4905, #927 ) ;
#4343 = CARTESIAN_POINT ( 'NONE',  ( -49.49747468305858433, -49.49747468305806564, 24.00000000000000000 ) ) ;
#4344 = PLANE ( 'NONE',  #3012 ) ;
#4345 = CARTESIAN_POINT ( 'NONE',  ( -49.49747468305858433, -49.49747468305806564, 6.000000000000000000 ) ) ;
#4346 = DIRECTION ( 'NONE',  ( -0.000000000000000000, -0.000000000000000000, 1.000000000000000000 ) ) ;
#4347 = CARTESIAN_POINT ( 'NONE',  ( -50.16916781821790750, 53.71503141977566287, 0.000000000000000000 ) ) ;
#4348 = FACE_OUTER_BOUND ( 'NONE', #607, .T. ) ;
#4349 = VECTOR ( 'NONE', #4264, 1000.000000000000227 ) ;
#4350 = CARTESIAN_POINT ( 'NONE',  ( 45.61724112703873146, -50.08468879676279073, 6.000000000000000000 ) ) ;
#4351 = VECTOR ( 'NONE', #5126, 1000.000000000000000 ) ;
#4352 = VERTEX_POINT ( 'NONE', #1428 ) ;
#4353 = ADVANCED_FACE ( 'NONE', ( #2360 ), #3719, .F. ) ;
#4354 = VERTEX_POINT ( 'NONE', #225 ) ;
#4355 = CARTESIAN_POINT ( 'NONE',  ( -52.68181134867221971, 46.31313801742953729, 6.000000000000000000 ) ) ;
#4356 = LINE ( 'NONE', #1707, #3263 ) ;
#4357 = EDGE_CURVE ( 'NONE', #958, #695, #2789, .T. ) ;
#4358 = ORIENTED_EDGE ( 'NONE', *, *, #1317, .T. ) ;
#4359 = PLANE ( 'NONE',  #2020 ) ;
#4360 = AXIS2_PLACEMENT_3D ( 'NONE', #266, #2024, #3411 ) ;
#4361 = EDGE_CURVE ( 'NONE', #4967, #1648, #1054, .T. ) ;
#4362 = CARTESIAN_POINT ( 'NONE',  ( 0.000000000000000000, 0.000000000000000000, 6.000000000000000000 ) ) ;
#4363 = CARTESIAN_POINT ( 'NONE',  ( 2.251666049869518904, -73.90000000000034674, 0.4342951545504786792 ) ) ;
#4364 = VECTOR ( 'NONE', #2972, 1000.000000000000114 ) ;
#4365 = ORIENTED_EDGE ( 'NONE', *, *, #1816, .T. ) ;
#4366 = EDGE_LOOP ( 'NONE', ( #4017, #2692, #4091, #1607, #2417, #2788, #4769, #753 ) ) ;
#4367 = DIRECTION ( 'NONE',  ( -0.4588886766021321728, -0.8884937717769009202, 0.000000000000000000 ) ) ;
#4368 = CARTESIAN_POINT ( 'NONE',  ( -3.158962541858370443, -67.67148362175787213, 24.00000000000000000 ) ) ;
#4369 = LINE ( 'NONE', #4340, #4569 ) ;
#4370 = CARTESIAN_POINT ( 'NONE',  ( -64.79816327332538606, -5.118401743070238652, 24.00000000000000000 ) ) ;
#4371 = CARTESIAN_POINT ( 'NONE',  ( -66.09999999998518661, 2.251666049824376348, 30.00000000000000000 ) ) ;
#4372 = LINE ( 'NONE', #4723, #5417 ) ;
#4373 = CARTESIAN_POINT ( 'NONE',  ( -63.93782217349408370, 5.562750146222150249, 0.000000000000000000 ) ) ;
#4374 = LINE ( 'NONE', #378, #4531 ) ;
#4375 = DIRECTION ( 'NONE',  ( 0.4999999999999983347, -0.8660254037844395958, 0.000000000000000000 ) ) ;
#4376 = PLANE ( 'NONE',  #5138 ) ;
#4377 = ADVANCED_FACE ( 'NONE', ( #3755 ), #646, .T. ) ;
#4378 = ORIENTED_EDGE ( 'NONE', *, *, #1087, .F. ) ;
#4379 = VERTEX_POINT ( 'NONE', #3288 ) ;
#4380 = DIRECTION ( 'NONE',  ( -0.000000000000000000, -0.000000000000000000, 1.000000000000000000 ) ) ;
#4381 = CARTESIAN_POINT ( 'NONE',  ( 47.44747468305824611, 49.49747468305842091, 24.00000000000000000 ) ) ;
#4382 = VECTOR ( 'NONE', #4762, 1000.000000000000000 ) ;
#4383 = B_SPLINE_CURVE_WITH_KNOTS ( 'NONE', 3,
 ( #5246, #5298, #3465, #4347 ),
 .UNSPECIFIED., .F., .F.,
 ( 4, 4 ),
 ( 0.000000000000000000, 0.0006708321191510847274 ),
 .UNSPECIFIED. ) ;
#4384 = ORIENTED_EDGE ( 'NONE', *, *, #1331, .T. ) ;
#4385 = VECTOR ( 'NONE', #3770, 1000.000000000000000 ) ;
#4386 = DIRECTION ( 'NONE',  ( 1.000000000000000000, 0.000000000000000000, 0.000000000000000000 ) ) ;
#4387 = ADVANCED_FACE ( 'NONE', ( #2419 ), #3228, .F. ) ;
#4388 = DIRECTION ( 'NONE',  ( 1.000000000000000000, 0.000000000000000000, 0.000000000000000000 ) ) ;
#4389 = LINE ( 'NONE', #2669, #3192 ) ;
#4390 = EDGE_CURVE ( 'NONE', #566, #36, #1927, .T. ) ;
#4391 = ORIENTED_EDGE ( 'NONE', *, *, #4067, .F. ) ;
#4392 = ORIENTED_EDGE ( 'NONE', *, *, #4957, .T. ) ;
#4393 = CARTESIAN_POINT ( 'NONE',  ( 73.90000000001516867, 2.251666049854370133, 30.00000000000000000 ) ) ;
#4394 = DIRECTION ( 'NONE',  ( -0.000000000000000000, -0.000000000000000000, -1.000000000000000000 ) ) ;
#4395 = CARTESIAN_POINT ( 'NONE',  ( 64.79816327332540027, 5.118401743070238652, 30.00000000000000000 ) ) ;
#4396 = VECTOR ( 'NONE', #2226, 1000.000000000000000 ) ;
#4397 = B_SPLINE_CURVE_WITH_KNOTS ( 'NONE', 3,
 ( #4132, #1989, #292, #2883 ),
 .UNSPECIFIED., .F., .F.,
 ( 4, 4 ),
 ( 0.000000000000000000, 0.0006708321191439331130 ),
 .UNSPECIFIED. ) ;
#4398 = DIRECTION ( 'NONE',  ( 0.000000000000000000, 0.000000000000000000, 1.000000000000000000 ) ) ;
#4399 = ORIENTED_EDGE ( 'NONE', *, *, #2373, .T. ) ;
#4400 = CARTESIAN_POINT ( 'NONE',  ( -4.503332099649107079, -70.00000000000034106, 24.00000000000000000 ) ) ;
#4401 = CARTESIAN_POINT ( 'NONE',  ( 2.251666049869518904, -73.90000000000034674, 29.56570484544951327 ) ) ;
#4402 = DIRECTION ( 'NONE',  ( -0.4999999999999998890, 0.8660254037844387076, 0.000000000000000000 ) ) ;
#4403 = VECTOR ( 'NONE', #432, 1000.000000000000114 ) ;
#4404 = VECTOR ( 'NONE', #3844, 1000.000000000000114 ) ;
#4405 = ADVANCED_FACE ( 'NONE', ( #5531 ), #1986, .T. ) ;
#4406 = DIRECTION ( 'NONE',  ( 0.000000000000000000, 0.000000000000000000, 1.000000000000000000 ) ) ;
#4407 = ORIENTED_EDGE ( 'NONE', *, *, #4067, .T. ) ;
#4408 = CIRCLE ( 'NONE', #1902, 73.50000000000000000 ) ;
#4409 = ORIENTED_EDGE ( 'NONE', *, *, #3120, .T. ) ;
#4410 = LINE ( 'NONE', #4001, #5068 ) ;
#4411 = CARTESIAN_POINT ( 'NONE',  ( 70.00000000001516298, 4.503332099693911239, 24.00000000000000000 ) ) ;
#4412 = EDGE_CURVE ( 'NONE', #1705, #3219, #2764, .T. ) ;
#4413 = VERTEX_POINT ( 'NONE', #4543 ) ;
#4414 = CARTESIAN_POINT ( 'NONE',  ( -50.16916781819523408, -53.71503141979683704, 30.00000000000000000 ) ) ;
#4415 = DIRECTION ( 'NONE',  ( 0.9659258262890675351, -0.2588190451025233485, 0.000000000000000000 ) ) ;
#4416 = CARTESIAN_POINT ( 'NONE',  ( 2.336838289549974856, -73.75247735347934963, 0.2894348550773705453 ) ) ;
#4417 = VERTEX_POINT ( 'NONE', #561 ) ;
#4418 = VERTEX_POINT ( 'NONE', #137 ) ;
#4419 = VERTEX_POINT ( 'NONE', #4597 ) ;
#4420 = CARTESIAN_POINT ( 'NONE',  ( 3.280211195048322370, -68.35724183972044443, 0.000000000000000000 ) ) ;
#4421 = B_SPLINE_CURVE_WITH_KNOTS ( 'NONE', 3,
 ( #459, #4618, #1487, #2654 ),
 .UNSPECIFIED., .F., .F.,
 ( 4, 4 ),
 ( 4.336808689942017255E-19, 0.0006708321191666241634 ),
 .UNSPECIFIED. ) ;
#4422 = PLANE ( 'NONE',  #1896 ) ;
#4423 = FACE_OUTER_BOUND ( 'NONE', #1952, .T. ) ;
#4424 = EDGE_CURVE ( 'NONE', #5231, #1379, #616, .T. ) ;
#4425 = LINE ( 'NONE', #5709, #5329 ) ;
#4426 = LINE ( 'NONE', #2220, #4680 ) ;
#4427 = PLANE ( 'NONE',  #465 ) ;
#4428 = LINE ( 'NONE', #1787, #824 ) ;
#4429 = CIRCLE ( 'NONE', #5643, 73.50000000000000000 ) ;
#4430 = EDGE_CURVE ( 'NONE', #5620, #4927, #5002, .T. ) ;
#4431 = DIRECTION ( 'NONE',  ( -0.9659258262890687563, 0.2588190451025190186, 0.000000000000000000 ) ) ;
#4432 = DIRECTION ( 'NONE',  ( 1.000000000000000000, 0.000000000000000000, 0.000000000000000000 ) ) ;
#4433 = ORIENTED_EDGE ( 'NONE', *, *, #3092, .T. ) ;
#4434 = ORIENTED_EDGE ( 'NONE', *, *, #4579, .F. ) ;
#4435 = EDGE_CURVE ( 'NONE', #4486, #1704, #3688, .T. ) ;
#4436 = DIRECTION ( 'NONE',  ( 0.000000000000000000, 0.000000000000000000, 1.000000000000000000 ) ) ;
#4437 = DIRECTION ( 'NONE',  ( -0.8660254037844395958, -0.4999999999999983347, 0.000000000000000000 ) ) ;
#4438 = CIRCLE ( 'NONE', #4813, 65.00000000000000000 ) ;
#4439 = VERTEX_POINT ( 'NONE', #1201 ) ;
#4440 = CARTESIAN_POINT ( 'NONE',  ( -50.66302279685133669, -53.84735946250582828, 29.56570484546027444 ) ) ;
#4441 = VECTOR ( 'NONE', #2602, 1000.000000000000114 ) ;
#4442 = DIRECTION ( 'NONE',  ( 1.000000000000000000, 0.000000000000000000, 0.000000000000000000 ) ) ;
#4443 = LINE ( 'NONE', #1250, #5051 ) ;
#4444 = ORIENTED_EDGE ( 'NONE', *, *, #2541, .F. ) ;
#4445 = VERTEX_POINT ( 'NONE', #3817 ) ;
#4446 = EDGE_CURVE ( 'NONE', #4849, #935, #4775, .T. ) ;
#4447 = AXIS2_PLACEMENT_3D ( 'NONE', #1295, #2196, #1378 ) ;
#4448 = EDGE_LOOP ( 'NONE', ( #87, #1264, #3306, #518, #2838, #4943, #5522, #3772 ) ) ;
#4449 = DIRECTION ( 'NONE',  ( -1.000000000000000000, 0.000000000000000000, 0.000000000000000000 ) ) ;
#4450 = PLANE ( 'NONE',  #3194 ) ;
#4451 = VECTOR ( 'NONE', #1583, 1000.000000000000114 ) ;
#4452 = ADVANCED_FACE ( 'NONE', ( #5564 ), #3317, .T. ) ;
#4453 = VERTEX_POINT ( 'NONE', #2508 ) ;
#4454 = AXIS2_PLACEMENT_3D ( 'NONE', #4972, #5348, #5733 ) ;
#4455 = LINE ( 'NONE', #4045, #514 ) ;
#4456 = DIRECTION ( 'NONE',  ( 0.000000000000000000, 0.000000000000000000, -1.000000000000000000 ) ) ;
#4457 = DIRECTION ( 'NONE',  ( -0.9773200680240734517, 0.2117675249829881756, 0.000000000000000000 ) ) ;
#4458 = ADVANCED_FACE ( 'NONE', ( #4221 ), #313, .T. ) ;
#4459 = DIRECTION ( 'NONE',  ( -0.9527432661005439396, -0.3037766760303827196, 0.000000000000000000 ) ) ;
#4460 = SURFACE_STYLE_USAGE ( .BOTH. , #3967 ) ;
#4461 = CARTESIAN_POINT ( 'NONE',  ( 47.44747468305824611, 49.49747468305842091, 6.000000000000000000 ) ) ;
#4462 = EDGE_CURVE ( 'NONE', #1519, #3098, #2564, .T. ) ;
#4463 = VERTEX_POINT ( 'NONE', #4307 ) ;
#4464 = DIRECTION ( 'NONE',  ( -0.2588190451025212391, 0.9659258262890682012, 0.000000000000000000 ) ) ;
#4465 = DIRECTION ( 'NONE',  ( -1.000000000000000000, 0.000000000000000000, 0.000000000000000000 ) ) ;
#4466 = ORIENTED_EDGE ( 'NONE', *, *, #3665, .T. ) ;
#4467 = ORIENTED_EDGE ( 'NONE', *, *, #392, .T. ) ;
#4468 = CARTESIAN_POINT ( 'NONE',  ( 0.000000000000000000, 0.000000000000000000, 30.00000000000000000 ) ) ;
#4469 = LINE ( 'NONE', #3705, #5714 ) ;
#4470 = CARTESIAN_POINT ( 'NONE',  ( -2.251666049809566417, -73.90000000000034674, 24.00000000000000000 ) ) ;
#4471 = AXIS2_PLACEMENT_3D ( 'NONE', #3889, #4436, #1706 ) ;
#4472 = ORIENTED_EDGE ( 'NONE', *, *, #374, .T. ) ;
#4473 = AXIS2_PLACEMENT_3D ( 'NONE', #469, #5305, #94 ) ;
#4474 = ORIENTED_EDGE ( 'NONE', *, *, #4915, .T. ) ;
#4475 = ORIENTED_EDGE ( 'NONE', *, *, #1767, .T. ) ;
#4476 = DIRECTION ( 'NONE',  ( 0.7071067811865483499, 0.7071067811865467956, 0.000000000000000000 ) ) ;
#4477 = DIRECTION ( 'NONE',  ( -0.2588190451025186856, -0.9659258262890688673, 0.000000000000000000 ) ) ;
#4478 = AXIS2_PLACEMENT_3D ( 'NONE', #4129, #1928, #512 ) ;
#4479 = EDGE_CURVE ( 'NONE', #760, #1105, #1171, .T. ) ;
#4480 = B_SPLINE_CURVE_WITH_KNOTS ( 'NONE', 3,
 ( #2487, #232, #2975, #774 ),
 .UNSPECIFIED., .F., .F.,
 ( 4, 4 ),
 ( 0.000000000000000000, 0.004503332099679083211 ),
 .UNSPECIFIED. ) ;
#4481 = EDGE_LOOP ( 'NONE', ( #3133, #4917, #5029, #4550 ) ) ;
#4482 = CARTESIAN_POINT ( 'NONE',  ( 5.003049854849377809, 64.80717161047758168, 0.000000000000000000 ) ) ;
#4483 = DIRECTION ( 'NONE',  ( -1.000000000000000000, 0.000000000000000000, 0.000000000000000000 ) ) ;
#4484 = FACE_BOUND ( 'NONE', #724, .T. ) ;
#4485 = CARTESIAN_POINT ( 'NONE',  ( 0.000000000000000000, 0.000000000000000000, 30.00000000000000000 ) ) ;
#4486 = VERTEX_POINT ( 'NONE', #3904 ) ;
#4487 = DIRECTION ( 'NONE',  ( 0.4999999999999999445, -0.8660254037844385966, 0.000000000000000000 ) ) ;
#4488 = ORIENTED_EDGE ( 'NONE', *, *, #4269, .F. ) ;
#4489 = EDGE_CURVE ( 'NONE', #1300, #2119, #5206, .T. ) ;
#4490 = ORIENTED_EDGE ( 'NONE', *, *, #2342, .T. ) ;
#4491 = VECTOR ( 'NONE', #4152, 1000.000000000000114 ) ;
#4492 = DIRECTION ( 'NONE',  ( 0.000000000000000000, -0.000000000000000000, -1.000000000000000000 ) ) ;
#4493 = PLANE ( 'NONE',  #2161 ) ;
#4494 = VECTOR ( 'NONE', #4487, 1000.000000000000114 ) ;
#4495 = VECTOR ( 'NONE', #4143, 1000.000000000000114 ) ;
#4496 = ADVANCED_FACE ( 'NONE', ( #4279 ), #2073, .F. ) ;
#4497 = EDGE_LOOP ( 'NONE', ( #3711, #5117, #5315, #1044 ) ) ;
#4498 = VECTOR ( 'NONE', #1097, 1000.000000000000000 ) ;
#4499 = CARTESIAN_POINT ( 'NONE',  ( -2.336838289489624021, -73.75247735348004596, 0.2894348550761556838 ) ) ;
#4500 = CARTESIAN_POINT ( 'NONE',  ( 2.507304197865659834, -73.45722173931820009, 30.00000000000000000 ) ) ;
#4501 = CARTESIAN_POINT ( 'NONE',  ( -45.61724112700669309, 50.08468879675466923, 24.00000000000000000 ) ) ;
#4502 = AXIS2_PLACEMENT_3D ( 'NONE', #937, #5319, #2159 ) ;
#4503 = ORIENTED_EDGE ( 'NONE', *, *, #3560, .T. ) ;
#4504 = ORIENTED_EDGE ( 'NONE', *, *, #4620, .F. ) ;
#4505 = ORIENTED_EDGE ( 'NONE', *, *, #5534, .F. ) ;
#4506 = LINE ( 'NONE', #1190, #4145 ) ;
#4507 = DIRECTION ( 'NONE',  ( -0.000000000000000000, -0.000000000000000000, 1.000000000000000000 ) ) ;
#4508 = ADVANCED_FACE ( 'NONE', ( #3403 ), #3786, .F. ) ;
#4509 = ORIENTED_EDGE ( 'NONE', *, *, #3615, .F. ) ;
#4510 = EDGE_CURVE ( 'NONE', #2307, #2175, #1581, .T. ) ;
#4511 = DIRECTION ( 'NONE',  ( 0.4999999999999999445, 0.8660254037844387076, -0.000000000000000000 ) ) ;
#4512 = CARTESIAN_POINT ( 'NONE',  ( -69.99999999998519229, 4.503332099663913901, 0.000000000000000000 ) ) ;
#4513 = CARTESIAN_POINT ( 'NONE',  ( 52.68181134868095938, 46.31313801745074699, 6.000000000000000000 ) ) ;
#4514 = AXIS2_PLACEMENT_3D ( 'NONE', #2743, #4552, #4492 ) ;
#4515 = CARTESIAN_POINT ( 'NONE',  ( -50.65532882781885604, 46.01640966833127067, 24.00000000000000000 ) ) ;
#4516 = ORIENTED_EDGE ( 'NONE', *, *, #3217, .T. ) ;
#4517 = EDGE_CURVE ( 'NONE', #4069, #2952, #4782, .T. ) ;
#4518 = AXIS2_PLACEMENT_3D ( 'NONE', #3987, #1342, #5675 ) ;
#4519 = EDGE_LOOP ( 'NONE', ( #3561, #2100, #2126, #795 ) ) ;
#4520 = FACE_OUTER_BOUND ( 'NONE', #5666, .T. ) ;
#4521 = DIRECTION ( 'NONE',  ( -0.000000000000000000, -0.000000000000000000, 1.000000000000000000 ) ) ;
#4522 = FACE_OUTER_BOUND ( 'NONE', #128, .T. ) ;
#4523 = AXIS2_PLACEMENT_3D ( 'NONE', #1218, #389, #4766 ) ;
#4524 = ORIENTED_EDGE ( 'NONE', *, *, #5563, .F. ) ;
#4525 = EDGE_CURVE ( 'NONE', #4542, #2869, #4653, .T. ) ;
#4526 = ORIENTED_EDGE ( 'NONE', *, *, #304, .F. ) ;
#4527 = DIRECTION ( 'NONE',  ( 0.4999999999999983347, -0.8660254037844395958, 0.000000000000000000 ) ) ;
#4528 = DIRECTION ( 'NONE',  ( 0.000000000000000000, 0.000000000000000000, 1.000000000000000000 ) ) ;
#4529 = DIRECTION ( 'NONE',  ( 0.000000000000000000, 0.000000000000000000, 1.000000000000000000 ) ) ;
#4530 = DIRECTION ( 'NONE',  ( 0.5413273945389679431, -0.8408119004400762542, 0.000000000000000000 ) ) ;
#4531 = VECTOR ( 'NONE', #2603, 1000.000000000000227 ) ;
#4532 = EDGE_CURVE ( 'NONE', #2770, #5429, #1531, .T. ) ;
#4533 = B_SPLINE_CURVE_WITH_KNOTS ( 'NONE', 3,
 ( #920, #1815, #1001, #2768 ),
 .UNSPECIFIED., .F., .F.,
 ( 4, 4 ),
 ( 4.336808689942017255E-19, 0.0006708321191439538212 ),
 .UNSPECIFIED. ) ;
#4534 = ORIENTED_EDGE ( 'NONE', *, *, #4075, .T. ) ;
#4535 = AXIS2_PLACEMENT_3D ( 'NONE', #5711, #1265, #4457 ) ;
#4536 = ADVANCED_FACE ( 'NONE', ( #2936, #4718 ), #3347, .T. ) ;
#4537 = ORIENTED_EDGE ( 'NONE', *, *, #3996, .F. ) ;
#4538 = PLANE ( 'NONE',  #3035 ) ;
#4539 = DIRECTION ( 'NONE',  ( -0.9773200680240756721, 0.2117675249829779616, 0.000000000000000000 ) ) ;
#4540 = EDGE_LOOP ( 'NONE', ( #2967, #2533, #5341, #852, #4148 ) ) ;
#4541 = EDGE_CURVE ( 'NONE', #2192, #900, #4681, .T. ) ;
#4542 = VERTEX_POINT ( 'NONE', #4688 ) ;
#4543 = CARTESIAN_POINT ( 'NONE',  ( -2.049999999999997158, -70.00000000000000000, 24.00000000000000000 ) ) ;
#4544 = DIRECTION ( 'NONE',  ( -0.000000000000000000, -0.000000000000000000, -1.000000000000000000 ) ) ;
#4545 = AXIS2_PLACEMENT_3D ( 'NONE', #5187, #5658, #2977 ) ;
#4546 = LINE ( 'NONE', #4978, #191 ) ;
#4547 = CARTESIAN_POINT ( 'NONE',  ( 2.507304197834872017, 73.45722173931926591, 0.000000000000000000 ) ) ;
#4548 = AXIS2_PLACEMENT_3D ( 'NONE', #4750, #770, #3878 ) ;
#4549 = VERTEX_POINT ( 'NONE', #707 ) ;
#4550 = ORIENTED_EDGE ( 'NONE', *, *, #330, .T. ) ;
#4551 = LINE ( 'NONE', #568, #718 ) ;
#4552 = DIRECTION ( 'NONE',  ( 0.000000000000000000, -1.000000000000000000, 0.000000000000000000 ) ) ;
#4553 = CARTESIAN_POINT ( 'NONE',  ( 0.7505553499765090786, -73.90000000000034674, 0.3885788872488221135 ) ) ;
#4554 = EDGE_CURVE ( 'NONE', #4090, #274, #736, .T. ) ;
#4555 = ORIENTED_EDGE ( 'NONE', *, *, #4635, .F. ) ;
#4556 = FACE_OUTER_BOUND ( 'NONE', #3515, .T. ) ;
#4557 = CARTESIAN_POINT ( 'NONE',  ( 2.251666049839530892, 73.90000000000000568, 24.00000000000000000 ) ) ;
#4558 = CARTESIAN_POINT ( 'NONE',  ( -73.89999999998518376, 2.251666049824373239, 29.56570484546604050 ) ) ;
#4559 = DIRECTION ( 'NONE',  ( 0.8660254037844389297, -0.4999999999999995559, 0.000000000000000000 ) ) ;
#4560 = ORIENTED_EDGE ( 'NONE', *, *, #2253, .F. ) ;
#4561 = EDGE_CURVE ( 'NONE', #4699, #226, #5015, .T. ) ;
#4562 = EDGE_LOOP ( 'NONE', ( #4883, #3870, #4771, #5196, #1532 ) ) ;
#4563 = DIRECTION ( 'NONE',  ( 0.4999999999999999445, -0.8660254037844385966, 0.000000000000000000 ) ) ;
#4564 = FACE_OUTER_BOUND ( 'NONE', #1857, .T. ) ;
#4565 = VECTOR ( 'NONE', #3444, 1000.000000000000000 ) ;
#4566 = EDGE_CURVE ( 'NONE', #4051, #89, #288, .T. ) ;
#4567 = ORIENTED_EDGE ( 'NONE', *, *, #2036, .F. ) ;
#4568 = EDGE_LOOP ( 'NONE', ( #993, #627 ) ) ;
#4569 = VECTOR ( 'NONE', #4835, 1000.000000000000000 ) ;
#4570 = CARTESIAN_POINT ( 'NONE',  ( 70.00000000001514877, -4.503332099664255850, 24.00000000000000000 ) ) ;
#4571 = CARTESIAN_POINT ( 'NONE',  ( 0.000000000000000000, 0.000000000000000000, 5.999999999999998224 ) ) ;
#4572 = CARTESIAN_POINT ( 'NONE',  ( 0.000000000000000000, 0.000000000000000000, 24.00000000000000000 ) ) ;
#4573 = FACE_OUTER_BOUND ( 'NONE', #2993, .T. ) ;
#4574 = VERTEX_POINT ( 'NONE', #5731 ) ;
#4575 = ORIENTED_EDGE ( 'NONE', *, *, #1472, .F. ) ;
#4576 = CARTESIAN_POINT ( 'NONE',  ( 0.000000000000000000, -70.00000000000000000, -5.000000000000004441 ) ) ;
#4577 = LINE ( 'NONE', #2718, #5342 ) ;
#4578 = DIRECTION ( 'NONE',  ( 1.000000000000000000, 0.000000000000000000, 0.000000000000000000 ) ) ;
#4579 = EDGE_CURVE ( 'NONE', #761, #1526, #3544, .T. ) ;
#4580 = ORIENTED_EDGE ( 'NONE', *, *, #3549, .T. ) ;
#4581 = ADVANCED_FACE ( 'NONE', ( #2593 ), #4422, .F. ) ;
#4582 = AXIS2_PLACEMENT_3D ( 'NONE', #65, #3554, #2687 ) ;
#4583 = FACE_OUTER_BOUND ( 'NONE', #1023, .T. ) ;
#4584 = CARTESIAN_POINT ( 'NONE',  ( -53.75916184938319731, -50.33386482374344695, 0.1446691037048574713 ) ) ;
#4585 = DIRECTION ( 'NONE',  ( 0.9527432661005450498, 0.3037766760303794999, 0.000000000000000000 ) ) ;
#4586 = DIRECTION ( 'NONE',  ( -0.2588190451025197958, 0.9659258262890685343, 0.000000000000000000 ) ) ;
#4587 = VECTOR ( 'NONE', #2039, 1000.000000000000000 ) ;
#4588 = VECTOR ( 'NONE', #1727, 1000.000000000000000 ) ;
#4589 = ORIENTED_EDGE ( 'NONE', *, *, #2541, .T. ) ;
#4590 = ORIENTED_EDGE ( 'NONE', *, *, #2211, .T. ) ;
#4591 = FACE_OUTER_BOUND ( 'NONE', #1239, .T. ) ;
#4592 = CARTESIAN_POINT ( 'NONE',  ( -53.84735946249068661, 50.66302279686613730, 24.00000000000000000 ) ) ;
#4593 = CARTESIAN_POINT ( 'NONE',  ( -53.84735946246946270, -50.66302279688769516, 6.000000000000000000 ) ) ;
#4594 = VECTOR ( 'NONE', #3958, 1000.000000000000000 ) ;
#4595 = ORIENTED_EDGE ( 'NONE', *, *, #5056, .F. ) ;
#4596 = EDGE_LOOP ( 'NONE', ( #423, #2505, #4127, #3175, #5647 ) ) ;
#4597 = CARTESIAN_POINT ( 'NONE',  ( -3.409905495632990835, 68.10612956744465407, 24.00000000000000000 ) ) ;
#4598 = DIRECTION ( 'NONE',  ( 0.7071067811865483499, 0.7071067811865467956, 0.000000000000000000 ) ) ;
#4599 = CARTESIAN_POINT ( 'NONE',  ( -49.49747468305858433, -49.49747468305806564, -5.000000000000004441 ) ) ;
#4600 = EDGE_CURVE ( 'NONE', #438, #4651, #2703, .T. ) ;
#4601 = DIRECTION ( 'NONE',  ( 0.8660254037844388186, -0.4999999999999996114, 0.000000000000000000 ) ) ;
#4602 = ORIENTED_EDGE ( 'NONE', *, *, #4075, .F. ) ;
#4603 = FACE_OUTER_BOUND ( 'NONE', #906, .T. ) ;
#4604 = CARTESIAN_POINT ( 'NONE',  ( 5.003049854848462097, 64.80717161047765273, 30.00000000000000000 ) ) ;
#4605 = LINE ( 'NONE', #2310, #2333 ) ;
#4606 = ORIENTED_EDGE ( 'NONE', *, *, #1762, .T. ) ;
#4607 = ADVANCED_FACE ( 'NONE', ( #883 ), #4450, .F. ) ;
#4608 = DIRECTION ( 'NONE',  ( 0.5000000000000001110, 0.8660254037844385966, 0.000000000000000000 ) ) ;
#4609 = CARTESIAN_POINT ( 'NONE',  ( -50.66302279687255350, 53.84735946248426330, 6.000000000000000000 ) ) ;
#4610 = DIRECTION ( 'NONE',  ( 1.000000000000000000, 0.000000000000000000, -0.000000000000000000 ) ) ;
#4611 = DIRECTION ( 'NONE',  ( -0.000000000000000000, -0.000000000000000000, -1.000000000000000000 ) ) ;
#4612 = PLANE ( 'NONE',  #950 ) ;
#4613 = VECTOR ( 'NONE', #5461, 1000.000000000000114 ) ;
#4614 = VERTEX_POINT ( 'NONE', #2674 ) ;
#4615 = ORIENTED_EDGE ( 'NONE', *, *, #1539, .F. ) ;
#4616 = CARTESIAN_POINT ( 'NONE',  ( -73.89999999998518376, 2.251666049824373239, 24.00000000000000000 ) ) ;
#4617 = PLANE ( 'NONE',  #1433 ) ;
#4618 = CARTESIAN_POINT ( 'NONE',  ( -2.422050754407845563, -73.60488503480351596, 29.85533089629164749 ) ) ;
#4619 = VECTOR ( 'NONE', #4611, 1000.000000000000000 ) ;
#4620 = EDGE_CURVE ( 'NONE', #1802, #394, #5292, .T. ) ;
#4621 = VECTOR ( 'NONE', #4867, 1000.000000000000114 ) ;
#4622 = ORIENTED_EDGE ( 'NONE', *, *, #5182, .T. ) ;
#4623 = ORIENTED_EDGE ( 'NONE', *, *, #345, .T. ) ;
#4624 = CARTESIAN_POINT ( 'NONE',  ( -69.99999999998519229, -4.503332099694253188, 24.00000000000000000 ) ) ;
#4625 = CARTESIAN_POINT ( 'NONE',  ( 45.74713875834417820, 50.56947335667756960, 24.00000000000000000 ) ) ;
#4626 = CARTESIAN_POINT ( 'NONE',  ( 49.43847724036312741, -42.19996407763989055, 30.00000000000000000 ) ) ;
#4627 = DIRECTION ( 'NONE',  ( -1.000000000000000000, 0.000000000000000000, 0.000000000000000000 ) ) ;
#4628 = CIRCLE ( 'NONE', #2133, 73.49999999999998579 ) ;
#4629 = EDGE_CURVE ( 'NONE', #2040, #3600, #2553, .T. ) ;
#4630 = ORIENTED_EDGE ( 'NONE', *, *, #680, .T. ) ;
#4631 = CARTESIAN_POINT ( 'NONE',  ( -49.49747468305858433, -49.49747468305806564, -5.000000000000004441 ) ) ;
#4632 = FACE_OUTER_BOUND ( 'NONE', #3372, .T. ) ;
#4633 = CARTESIAN_POINT ( 'NONE',  ( 64.80717161047761010, -5.003049854849152212, 30.00000000000000000 ) ) ;
#4634 = VECTOR ( 'NONE', #678, 1000.000000000000000 ) ;
#4635 = EDGE_CURVE ( 'NONE', #3294, #3046, #1344, .T. ) ;
#4636 = VERTEX_POINT ( 'NONE', #3931 ) ;
#4637 = LINE ( 'NONE', #2429, #5145 ) ;
#4638 = LINE ( 'NONE', #2029, #1191 ) ;
#4639 = ORIENTED_EDGE ( 'NONE', *, *, #671, .F. ) ;
#4640 = DIRECTION ( 'NONE',  ( 0.4999999999999999445, -0.8660254037844385966, 0.000000000000000000 ) ) ;
#4641 = CARTESIAN_POINT ( 'NONE',  ( -42.28790003631140593, 49.36328099426671656, 30.00000000000000000 ) ) ;
#4642 = EDGE_LOOP ( 'NONE', ( #1484, #4643, #5526, #3325, #5042, #4222, #2968, #1424 ) ) ;
#4643 = ORIENTED_EDGE ( 'NONE', *, *, #2889, .F. ) ;
#4644 = VERTEX_POINT ( 'NONE', #1314 ) ;
#4645 = ORIENTED_EDGE ( 'NONE', *, *, #1270, .F. ) ;
#4646 = DIRECTION ( 'NONE',  ( 0.5000000000000000000, 0.8660254037844385966, 0.000000000000000000 ) ) ;
#4647 = CARTESIAN_POINT ( 'NONE',  ( -73.89999999998519797, -2.251666049854712526, 24.00000000000000000 ) ) ;
#4648 = DIRECTION ( 'NONE',  ( -0.000000000000000000, -0.000000000000000000, 1.000000000000000000 ) ) ;
#4649 = VERTEX_POINT ( 'NONE', #3083 ) ;
#4650 = EDGE_LOOP ( 'NONE', ( #4770, #4772, #1634, #2898 ) ) ;
#4651 = VERTEX_POINT ( 'NONE', #2650 ) ;
#4652 = ORIENTED_EDGE ( 'NONE', *, *, #3547, .T. ) ;
#4653 = LINE ( 'NONE', #4250, #5518 ) ;
#4654 = EDGE_CURVE ( 'NONE', #5692, #4871, #2092, .T. ) ;
#4655 = CARTESIAN_POINT ( 'NONE',  ( 3.409905495646801565, -68.10612956741699975, 30.00000000000000000 ) ) ;
#4656 = LINE ( 'NONE', #2940, #4914 ) ;
#4657 = B_SPLINE_CURVE_WITH_KNOTS ( 'NONE', 3,
 ( #4793, #2661, #2116, #468 ),
 .UNSPECIFIED., .F., .F.,
 ( 4, 4 ),
 ( 2.139849404117315478E-19, 0.0006708321191676036317 ),
 .UNSPECIFIED. ) ;
#4658 = FACE_OUTER_BOUND ( 'NONE', #2155, .T. ) ;
#4659 = AXIS2_PLACEMENT_3D ( 'NONE', #2581, #845, #2031 ) ;
#4660 = ORIENTED_EDGE ( 'NONE', *, *, #2576, .F. ) ;
#4661 = DIRECTION ( 'NONE',  ( 1.000000000000000000, 0.000000000000000000, -0.000000000000000000 ) ) ;
#4662 = CARTESIAN_POINT ( 'NONE',  ( -53.84735946249068661, 50.66302279686613730, 24.00000000000000000 ) ) ;
#4663 = CARTESIAN_POINT ( 'NONE',  ( 49.14432598361705118, 41.27740928273755827, 24.00000000000000000 ) ) ;
#4664 = EDGE_LOOP ( 'NONE', ( #4801, #2638, #3605, #640 ) ) ;
#4665 = EDGE_CURVE ( 'NONE', #5560, #101, #4124, .T. ) ;
#4666 = CARTESIAN_POINT ( 'NONE',  ( -49.36328099426772553, -42.28790003631021932, 5.999999999999998224 ) ) ;
#4667 = DIRECTION ( 'NONE',  ( 0.000000000000000000, 0.000000000000000000, -1.000000000000000000 ) ) ;
#4668 = FACE_BOUND ( 'NONE', #3382, .T. ) ;
#4669 = CARTESIAN_POINT ( 'NONE',  ( -50.65532882781822366, 46.01640966833198121, 6.000000000000000000 ) ) ;
#4670 = ADVANCED_FACE ( 'NONE', ( #3988 ), #4912, .T. ) ;
#4671 = ORIENTED_EDGE ( 'NONE', *, *, #3574, .F. ) ;
#4672 = ORIENTED_EDGE ( 'NONE', *, *, #69, .F. ) ;
#4673 = VECTOR ( 'NONE', #3273, 1000.000000000000000 ) ;
#4674 = ORIENTED_EDGE ( 'NONE', *, *, #1367, .F. ) ;
#4675 = VERTEX_POINT ( 'NONE', #1286 ) ;
#4676 = DIRECTION ( 'NONE',  ( -1.000000000000000000, 3.081670971768528393E-15, 0.000000000000000000 ) ) ;
#4677 = DIRECTION ( 'NONE',  ( -0.000000000000000000, -0.000000000000000000, -1.000000000000000000 ) ) ;
#4678 = CARTESIAN_POINT ( 'NONE',  ( 49.36328099426744132, 42.28790003631056038, 5.999999999999998224 ) ) ;
#4679 = EDGE_CURVE ( 'NONE', #560, #4183, #5702, .T. ) ;
#4680 = VECTOR ( 'NONE', #3993, 999.9999999999998863 ) ;
#4681 = CIRCLE ( 'NONE', #5420, 65.00000000000000000 ) ;
#4682 = ORIENTED_EDGE ( 'NONE', *, *, #1066, .F. ) ;
#4683 = VECTOR ( 'NONE', #3925, 1000.000000000000000 ) ;
#4684 = ORIENTED_EDGE ( 'NONE', *, *, #1401, .T. ) ;
#4685 = ORIENTED_EDGE ( 'NONE', *, *, #3402, .F. ) ;
#4686 = VECTOR ( 'NONE', #26, 1000.000000000000000 ) ;
#4687 = EDGE_CURVE ( 'NONE', #192, #1360, #3654, .T. ) ;
#4688 = CARTESIAN_POINT ( 'NONE',  ( 52.68181134868095938, 46.31313801745074699, 24.00000000000000000 ) ) ;
#4689 = DIRECTION ( 'NONE',  ( 1.000000000000000000, 0.000000000000000000, -0.000000000000000000 ) ) ;
#4690 = FACE_OUTER_BOUND ( 'NONE', #5366, .T. ) ;
#4691 = AXIS2_PLACEMENT_3D ( 'NONE', #4113, #4142, #5453 ) ;
#4692 = CARTESIAN_POINT ( 'NONE',  ( 5.118401743070467802, -64.79816327332537185, 30.00000000000000000 ) ) ;
#4693 = EDGE_CURVE ( 'NONE', #3780, #3483, #4834, .T. ) ;
#4694 = ORIENTED_EDGE ( 'NONE', *, *, #4446, .T. ) ;
#4695 = FACE_OUTER_BOUND ( 'NONE', #2803, .T. ) ;
#4696 = CARTESIAN_POINT ( 'NONE',  ( -50.66302279687255350, 53.84735946248426330, 0.4342951545385532741 ) ) ;
#4697 = CARTESIAN_POINT ( 'NONE',  ( 70.00000000000000000, 0.000000000000000000, -5.000000000000004441 ) ) ;
#4698 = ADVANCED_FACE ( 'NONE', ( #3456 ), #4804, .T. ) ;
#4699 = VERTEX_POINT ( 'NONE', #398 ) ;
#4700 = PLANE ( 'NONE',  #3414 ) ;
#4701 = CARTESIAN_POINT ( 'NONE',  ( 5.003049854849377809, 64.80717161047758168, 5.999999999999998224 ) ) ;
#4702 = LINE ( 'NONE', #5280, #4290 ) ;
#4703 = EDGE_CURVE ( 'NONE', #101, #70, #133, .T. ) ;
#4704 = EDGE_LOOP ( 'NONE', ( #2350, #3531, #221, #5176, #2740, #4204, #622, #1082 ) ) ;
#4705 = ORIENTED_EDGE ( 'NONE', *, *, #1187, .T. ) ;
#4706 = DIRECTION ( 'NONE',  ( -0.8408119004400780305, -0.5413273945389649455, 0.000000000000000000 ) ) ;
#4707 = ADVANCED_FACE ( 'NONE', ( #160 ), #107, .T. ) ;
#4708 = DIRECTION ( 'NONE',  ( 0.000000000000000000, 0.000000000000000000, 1.000000000000000000 ) ) ;
#4709 = FACE_OUTER_BOUND ( 'NONE', #3334, .T. ) ;
#4710 = VECTOR ( 'NONE', #556, 1000.000000000000000 ) ;
#4711 = ORIENTED_EDGE ( 'NONE', *, *, #4302, .F. ) ;
#4712 = ADVANCED_FACE ( 'NONE', ( #4068 ), #960, .F. ) ;
#4713 = ORIENTED_EDGE ( 'NONE', *, *, #892, .F. ) ;
#4714 = VECTOR ( 'NONE', #4527, 1000.000000000000114 ) ;
#4715 = ORIENTED_EDGE ( 'NONE', *, *, #591, .T. ) ;
#4716 = ORIENTED_EDGE ( 'NONE', *, *, #10, .F. ) ;
#4717 = ORIENTED_EDGE ( 'NONE', *, *, #5465, .F. ) ;
#4718 = FACE_OUTER_BOUND ( 'NONE', #4773, .T. ) ;
#4719 = CARTESIAN_POINT ( 'NONE',  ( 0.000000000000000000, 0.000000000000000000, 30.00000000000000000 ) ) ;
#4720 = LINE ( 'NONE', #3789, #1389 ) ;
#4721 = VECTOR ( 'NONE', #5105, 1000.000000000000000 ) ;
#4722 = AXIS2_PLACEMENT_3D ( 'NONE', #5439, #5499, #1460 ) ;
#4723 = CARTESIAN_POINT ( 'NONE',  ( -52.68181134867221971, 46.31313801742953729, 30.00000000000000000 ) ) ;
#4724 = FACE_OUTER_BOUND ( 'NONE', #3052, .T. ) ;
#4725 = DIRECTION ( 'NONE',  ( 0.000000000000000000, -0.000000000000000000, -1.000000000000000000 ) ) ;
#4726 = CARTESIAN_POINT ( 'NONE',  ( 70.00000000001516298, 4.503332099693911239, 6.000000000000000000 ) ) ;
#4727 = LINE ( 'NONE', #3440, #235 ) ;
#4728 = AXIS2_PLACEMENT_3D ( 'NONE', #435, #4431, #3119 ) ;
#4729 = EDGE_LOOP ( 'NONE', ( #5174, #2189, #1773, #3264 ) ) ;
#4730 = CARTESIAN_POINT ( 'NONE',  ( -69.99999999998519229, 4.503332099663913901, 6.000000000000000000 ) ) ;
#4731 = CARTESIAN_POINT ( 'NONE',  ( 73.90000000001515446, -2.251666049824714744, 29.56570484543607691 ) ) ;
#4732 = CARTESIAN_POINT ( 'NONE',  ( 42.19996407763903079, 49.43847724036385216, 30.00000000000000000 ) ) ;
#4733 = EDGE_CURVE ( 'NONE', #4249, #2934, #584, .T. ) ;
#4734 = VECTOR ( 'NONE', #5595, 1000.000000000000114 ) ;
#4735 = ORIENTED_EDGE ( 'NONE', *, *, #3824, .F. ) ;
#4736 = ORIENTED_EDGE ( 'NONE', *, *, #2504, .T. ) ;
#4737 = DIRECTION ( 'NONE',  ( -0.9659258262890676461, 0.2588190451025230154, 0.000000000000000000 ) ) ;
#4738 = DIRECTION ( 'NONE',  ( 0.2588190451025212391, -0.9659258262890680902, 0.000000000000000000 ) ) ;
#4739 = CARTESIAN_POINT ( 'NONE',  ( -46.31313801741473668, -52.68181134868736848, 6.000000000000000000 ) ) ;
#4740 = ORIENTED_EDGE ( 'NONE', *, *, #5155, .F. ) ;
#4741 = EDGE_CURVE ( 'NONE', #2011, #1142, #4319, .T. ) ;
#4742 = EDGE_LOOP ( 'NONE', ( #1271, #3741, #5359, #5413 ) ) ;
#4743 = VERTEX_POINT ( 'NONE', #3623 ) ;
#4744 = ORIENTED_EDGE ( 'NONE', *, *, #2051, .T. ) ;
#4745 = DIRECTION ( 'NONE',  ( -0.000000000000000000, -0.000000000000000000, -1.000000000000000000 ) ) ;
#4746 = B_SPLINE_CURVE_WITH_KNOTS ( 'NONE', 3,
 ( #4122, #3165, #1920, #79 ),
 .UNSPECIFIED., .F., .F.,
 ( 4, 4 ),
 ( 0.000000000000000000, 0.002251666049854377395 ),
 .UNSPECIFIED. ) ;
#4747 = DIRECTION ( 'NONE',  ( 0.9773200680240764493, -0.2117675249829745476, 0.000000000000000000 ) ) ;
#4748 = ADVANCED_FACE ( 'NONE', ( #3598, #611 ), #4617, .T. ) ;
#4749 = DIRECTION ( 'NONE',  ( 0.2588190451025224048, -0.9659258262890678681, 0.000000000000000000 ) ) ;
#4750 = CARTESIAN_POINT ( 'NONE',  ( 0.000000000000000000, 0.000000000000000000, 6.000000000000000000 ) ) ;
#4751 = EDGE_CURVE ( 'NONE', #448, #4063, #3653, .T. ) ;
#4752 = EDGE_LOOP ( 'NONE', ( #3038, #1438, #5688, #3929, #3591 ) ) ;
#4753 = CARTESIAN_POINT ( 'NONE',  ( 50.66302279688130028, 53.84735946250548722, 0.000000000000000000 ) ) ;
#4754 = CARTESIAN_POINT ( 'NONE',  ( 0.7505553499765078573, -73.90000000000034674, 29.61142111275116307 ) ) ;
#4755 = CARTESIAN_POINT ( 'NONE',  ( -68.10612956742232882, -3.409905495643814621, 24.00000000000000000 ) ) ;
#4756 = VECTOR ( 'NONE', #4109, 1000.000000000000000 ) ;
#4757 = LINE ( 'NONE', #4291, #3845 ) ;
#4758 = ORIENTED_EDGE ( 'NONE', *, *, #5167, .F. ) ;
#4759 = ORIENTED_EDGE ( 'NONE', *, *, #3111, .T. ) ;
#4760 = VECTOR ( 'NONE', #4088, 1000.000000000000000 ) ;
#4761 = EDGE_CURVE ( 'NONE', #3370, #1103, #5092, .T. ) ;
#4762 = DIRECTION ( 'NONE',  ( 0.000000000000000000, 0.000000000000000000, 1.000000000000000000 ) ) ;
#4763 = DIRECTION ( 'NONE',  ( 0.000000000000000000, 0.000000000000000000, -1.000000000000000000 ) ) ;
#4764 = ORIENTED_EDGE ( 'NONE', *, *, #3599, .F. ) ;
#4765 = ADVANCED_FACE ( 'NONE', ( #4043, #4971 ), #5025, .T. ) ;
#4766 = DIRECTION ( 'NONE',  ( 0.9659258262890677571, 0.2588190451025223493, 0.000000000000000000 ) ) ;
#4767 = DIRECTION ( 'NONE',  ( -0.000000000000000000, 0.000000000000000000, 1.000000000000000000 ) ) ;
#4768 = CARTESIAN_POINT ( 'NONE',  ( -52.68181134865099580, -46.31313801745108805, 6.000000000000000000 ) ) ;
#4769 = ORIENTED_EDGE ( 'NONE', *, *, #730, .T. ) ;
#4770 = ORIENTED_EDGE ( 'NONE', *, *, #3759, .T. ) ;
#4771 = ORIENTED_EDGE ( 'NONE', *, *, #5295, .F. ) ;
#4772 = ORIENTED_EDGE ( 'NONE', *, *, #1349, .T. ) ;
#4773 = EDGE_LOOP ( 'NONE', ( #2285, #1326, #1141, #4590, #3679, #3364, #4098, #5288, #367 ) ) ;
#4774 = LINE ( 'NONE', #2673, #1183 ) ;
#4775 = LINE ( 'NONE', #1551, #4404 ) ;
#4776 = AXIS2_PLACEMENT_3D ( 'NONE', #199, #1959, #5067 ) ;
#4777 = DIRECTION ( 'NONE',  ( -0.3037766760303793889, 0.9527432661005449388, 0.000000000000000000 ) ) ;
#4778 = DIRECTION ( 'NONE',  ( -0.000000000000000000, -0.000000000000000000, -1.000000000000000000 ) ) ;
#4779 = CARTESIAN_POINT ( 'NONE',  ( 3.409905495646801565, -68.10612956741699975, 24.00000000000000000 ) ) ;
#4780 = VECTOR ( 'NONE', #3050, 1000.000000000000227 ) ;
#4781 = ADVANCED_FACE ( 'NONE', ( #4564 ), #2759, .F. ) ;
#4782 = CIRCLE ( 'NONE', #4033, 73.50000000000000000 ) ;
#4783 = DIRECTION ( 'NONE',  ( -0.5000000000000001110, -0.8660254037844385966, 0.000000000000000000 ) ) ;
#4784 = ORIENTED_EDGE ( 'NONE', *, *, #4751, .F. ) ;
#4785 = DIRECTION ( 'NONE',  ( -0.9659258262890688673, 0.2588190451025186301, 0.000000000000000000 ) ) ;
#4786 = EDGE_CURVE ( 'NONE', #3022, #1809, #4746, .T. ) ;
#4787 = LINE ( 'NONE', #806, #4901 ) ;
#4788 = DIRECTION ( 'NONE',  ( 1.000000000000000000, 0.000000000000000000, 0.000000000000000000 ) ) ;
#4789 = AXIS2_PLACEMENT_3D ( 'NONE', #1249, #1279, #4388 ) ;
#4790 = DIRECTION ( 'NONE',  ( 0.000000000000000000, 0.000000000000000000, 1.000000000000000000 ) ) ;
#4791 = VERTEX_POINT ( 'NONE', #4095 ) ;
#4792 = ORIENTED_EDGE ( 'NONE', *, *, #1508, .F. ) ;
#4793 = CARTESIAN_POINT ( 'NONE',  ( -2.507304197834896886, 73.45722173931926591, 0.000000000000000000 ) ) ;
#4794 = FACE_OUTER_BOUND ( 'NONE', #3198, .T. ) ;
#4795 = ORIENTED_EDGE ( 'NONE', *, *, #4517, .F. ) ;
#4796 = VECTOR ( 'NONE', #2632, 1000.000000000000000 ) ;
#4797 = CARTESIAN_POINT ( 'NONE',  ( 0.000000000000000000, 0.000000000000000000, 0.000000000000000000 ) ) ;
#4798 = DIRECTION ( 'NONE',  ( -0.9659258262890686453, -0.2588190451025198513, 0.000000000000000000 ) ) ;
#4799 = CARTESIAN_POINT ( 'NONE',  ( 53.84735946249942629, 50.66302279688734700, 0.4342951545597290575 ) ) ;
#4800 = ORIENTED_EDGE ( 'NONE', *, *, #3928, .T. ) ;
#4801 = ORIENTED_EDGE ( 'NONE', *, *, #5242, .T. ) ;
#4802 = VECTOR ( 'NONE', #1949, 1000.000000000000227 ) ;
#4803 = DIRECTION ( 'NONE',  ( -0.000000000000000000, -0.000000000000000000, -1.000000000000000000 ) ) ;
#4804 = PLANE ( 'NONE',  #3016 ) ;
#4805 = DIRECTION ( 'NONE',  ( -0.000000000000000000, -0.000000000000000000, 1.000000000000000000 ) ) ;
#4806 = DIRECTION ( 'NONE',  ( 0.2588190451025233485, 0.9659258262890675351, 0.000000000000000000 ) ) ;
#4807 = EDGE_CURVE ( 'NONE', #4675, #2436, #3211, .T. ) ;
#4808 = AXIS2_PLACEMENT_3D ( 'NONE', #4058, #3129, #4961 ) ;
#4809 = FACE_OUTER_BOUND ( 'NONE', #3709, .T. ) ;
#4810 = CARTESIAN_POINT ( 'NONE',  ( 0.000000000000000000, 0.000000000000000000, 24.00000000000000000 ) ) ;
#4811 = ORIENTED_EDGE ( 'NONE', *, *, #1170, .F. ) ;
#4812 = CARTESIAN_POINT ( 'NONE',  ( 4.503332099709060010, -70.00000000000034106, 0.000000000000000000 ) ) ;
#4813 = AXIS2_PLACEMENT_3D ( 'NONE', #1033, #2798, #4138 ) ;
#4814 = FACE_OUTER_BOUND ( 'NONE', #5671, .T. ) ;
#4815 =( LENGTH_UNIT ( ) NAMED_UNIT ( * ) SI_UNIT ( .MILLI., .METRE. ) );
#4816 = B_SPLINE_CURVE_WITH_KNOTS ( 'NONE', 3,
 ( #1911, #4499, #152, #1413 ),
 .UNSPECIFIED., .F., .F.,
 ( 4, 4 ),
 ( 1.626303258728256651E-19, 0.0006708321191666026962 ),
 .UNSPECIFIED. ) ;
#4817 = AXIS2_PLACEMENT_3D ( 'NONE', #1537, #3802, #328 ) ;
#4818 = CARTESIAN_POINT ( 'NONE',  ( 2.251666049869518904, -73.90000000000034674, 6.000000000000000000 ) ) ;
#4819 = VECTOR ( 'NONE', #5270, 1000.000000000000227 ) ;
#4820 = ADVANCED_FACE ( 'NONE', ( #3253 ), #2812, .F. ) ;
#4821 = ORIENTED_EDGE ( 'NONE', *, *, #4134, .F. ) ;
#4822 = VERTEX_POINT ( 'NONE', #5376 ) ;
#4823 = CARTESIAN_POINT ( 'NONE',  ( 70.00000000001516298, 4.503332099693911239, 24.00000000000000000 ) ) ;
#4824 = CARTESIAN_POINT ( 'NONE',  ( 53.80327106703290951, -50.49848266488206150, 29.71056514491569089 ) ) ;
#4825 = EDGE_CURVE ( 'NONE', #3314, #5458, #5332, .T. ) ;
#4826 = ORIENTED_EDGE ( 'NONE', *, *, #1675, .T. ) ;
#4827 = CARTESIAN_POINT ( 'NONE',  ( 46.31313801744470027, 52.68181134868702742, 6.000000000000000000 ) ) ;
#4828 = COLOUR_RGB ( '',0.7921568627450980005, 0.8196078431372548767, 0.9333333333333333481 ) ;
#4829 = FACE_OUTER_BOUND ( 'NONE', #1605, .T. ) ;
#4830 = DIRECTION ( 'NONE',  ( 0.8660254037844394848, 0.4999999999999984457, 0.000000000000000000 ) ) ;
#4831 = ORIENTED_EDGE ( 'NONE', *, *, #250, .F. ) ;
#4832 = ORIENTED_EDGE ( 'NONE', *, *, #5672, .T. ) ;
#4833 = DIRECTION ( 'NONE',  ( 0.2588190451025194627, 0.9659258262890686453, 0.000000000000000000 ) ) ;
#4834 = LINE ( 'NONE', #1691, #3106 ) ;
#4835 = DIRECTION ( 'NONE',  ( 0.5413273945389561748, -0.8408119004400836927, -0.000000000000000000 ) ) ;
#4836 = EDGE_CURVE ( 'NONE', #5116, #201, #638, .T. ) ;
#4837 = DIRECTION ( 'NONE',  ( 0.000000000000000000, 0.000000000000000000, 1.000000000000000000 ) ) ;
#4838 = EDGE_CURVE ( 'NONE', #4170, #4417, #4271, .T. ) ;
#4839 = CARTESIAN_POINT ( 'NONE',  ( 64.79816327332538606, 5.118401743070238652, 5.999999999999998224 ) ) ;
#4840 = DIRECTION ( 'NONE',  ( -0.5000000000000001110, -0.8660254037844385966, 0.000000000000000000 ) ) ;
#4841 = PLANE ( 'NONE',  #2303 ) ;
#4842 = CARTESIAN_POINT ( 'NONE',  ( 45.74713875834392951, 50.56947335667661747, 6.000000000000000000 ) ) ;
#4843 = DIRECTION ( 'NONE',  ( 0.000000000000000000, 0.000000000000000000, 1.000000000000000000 ) ) ;
#4844 = LINE ( 'NONE', #4350, #4949 ) ;
#4845 = VERTEX_POINT ( 'NONE', #4242 ) ;
#4846 = ORIENTED_EDGE ( 'NONE', *, *, #2103, .F. ) ;
#4847 = CARTESIAN_POINT ( 'NONE',  ( -46.31313801743593928, 52.68181134866579640, 24.00000000000000000 ) ) ;
#4848 = CARTESIAN_POINT ( 'NONE',  ( -41.27740928273772170, 49.14432598361691618, 24.00000000000000000 ) ) ;
#4849 = VERTEX_POINT ( 'NONE', #4647 ) ;
#4850 = ORIENTED_EDGE ( 'NONE', *, *, #5331, .T. ) ;
#4851 = VECTOR ( 'NONE', #2924, 1000.000000000000000 ) ;
#4852 = DIRECTION ( 'NONE',  ( -0.2588190451025190186, -0.9659258262890687563, -0.000000000000000000 ) ) ;
#4853 = CARTESIAN_POINT ( 'NONE',  ( 0.000000000000000000, 0.000000000000000000, 30.00000000000000000 ) ) ;
#4854 = LINE ( 'NONE', #930, #970 ) ;
#4855 = EDGE_CURVE ( 'NONE', #735, #956, #393, .T. ) ;
#4856 = ORIENTED_EDGE ( 'NONE', *, *, #4665, .T. ) ;
#4857 = EDGE_LOOP ( 'NONE', ( #4384, #651, #2327, #1546, #3747 ) ) ;
#4858 = ORIENTED_EDGE ( 'NONE', *, *, #3056, .F. ) ;
#4859 = CARTESIAN_POINT ( 'NONE',  ( -50.66302279685133669, -53.84735946250582828, 0.000000000000000000 ) ) ;
#4860 = DIRECTION ( 'NONE',  ( 0.000000000000000000, 0.000000000000000000, 1.000000000000000000 ) ) ;
#4861 = CARTESIAN_POINT ( 'NONE',  ( 45.14758990364741464, -48.33192656922954455, 24.00000000000000000 ) ) ;
#4862 = ADVANCED_FACE ( 'NONE', ( #2528 ), #2440, .T. ) ;
#4863 = AXIS2_PLACEMENT_3D ( 'NONE', #5535, #1556, #262 ) ;
#4864 = LINE ( 'NONE', #4371, #5052 ) ;
#4865 = FACE_OUTER_BOUND ( 'NONE', #5406, .T. ) ;
#4866 = FACE_OUTER_BOUND ( 'NONE', #4729, .T. ) ;
#4867 = DIRECTION ( 'NONE',  ( -0.2117675249829915618, -0.9773200680240726745, -0.000000000000000000 ) ) ;
#4868 = AXIS2_PLACEMENT_3D ( 'NONE', #1165, #2473, #668 ) ;
#4869 = VECTOR ( 'NONE', #2600, 1000.000000000000114 ) ;
#4870 = FACE_OUTER_BOUND ( 'NONE', #3843, .T. ) ;
#4871 = VERTEX_POINT ( 'NONE', #3811 ) ;
#4872 = AXIS2_PLACEMENT_3D ( 'NONE', #2064, #3838, #1107 ) ;
#4873 = ORIENTED_EDGE ( 'NONE', *, *, #5081, .T. ) ;
#4874 = DIRECTION ( 'NONE',  ( -0.9659258262890678681, -0.2588190451025223493, 0.000000000000000000 ) ) ;
#4875 = LINE ( 'NONE', #5362, #2341 ) ;
#4876 = ADVANCED_FACE ( 'NONE', ( #251, #5584 ), #2988, .T. ) ;
#4877 = ORIENTED_EDGE ( 'NONE', *, *, #3307, .T. ) ;
#4878 = ORIENTED_EDGE ( 'NONE', *, *, #4184, .F. ) ;
#4879 = DIRECTION ( 'NONE',  ( 1.000000000000000000, 0.000000000000000000, 0.000000000000000000 ) ) ;
#4880 = DIRECTION ( 'NONE',  ( -0.2588190451025224048, 0.9659258262890678681, 0.000000000000000000 ) ) ;
#4881 = CARTESIAN_POINT ( 'NONE',  ( 2.507304197865660722, -73.45722173931820009, 0.000000000000000000 ) ) ;
#4882 = EDGE_CURVE ( 'NONE', #3109, #4884, #2459, .T. ) ;
#4883 = ORIENTED_EDGE ( 'NONE', *, *, #730, .F. ) ;
#4884 = VERTEX_POINT ( 'NONE', #2872 ) ;
#4885 = ADVANCED_FACE ( 'NONE', ( #3366 ), #1164, .T. ) ;
#4886 = ORIENTED_EDGE ( 'NONE', *, *, #419, .T. ) ;
#4887 = CARTESIAN_POINT ( 'NONE',  ( -2.251666049839554429, 73.90000000000000568, 0.4342951545492348409 ) ) ;
#4888 = CARTESIAN_POINT ( 'NONE',  ( -2.251666049839554429, 73.90000000000000568, 29.56570484545076027 ) ) ;
#4889 = EDGE_CURVE ( 'NONE', #1103, #2616, #4408, .T. ) ;
#4890 = ORIENTED_EDGE ( 'NONE', *, *, #4541, .F. ) ;
#4891 = CARTESIAN_POINT ( 'NONE',  ( 3.280211195048322370, -68.35724183972044443, 6.000000000000000000 ) ) ;
#4892 = CARTESIAN_POINT ( 'NONE',  ( 70.00000000001516298, 4.503332099693911239, 0.000000000000000000 ) ) ;
#4893 = LINE ( 'NONE', #4400, #1751 ) ;
#4894 = CARTESIAN_POINT ( 'NONE',  ( 3.409905495646310403, -68.10612956741616131, 6.000000000000000000 ) ) ;
#4895 = AXIS2_PLACEMENT_3D ( 'NONE', #725, #2959, #1106 ) ;
#4896 = CARTESIAN_POINT ( 'NONE',  ( -4.503332099679096423, 70.00000000000000000, 24.00000000000000000 ) ) ;
#4897 = CARTESIAN_POINT ( 'NONE',  ( 49.49747468305823617, 49.49747468305842091, -5.000000000000004441 ) ) ;
#4898 = ORIENTED_EDGE ( 'NONE', *, *, #1887, .F. ) ;
#4899 = CARTESIAN_POINT ( 'NONE',  ( 2.507304197834880899, 73.45722173931925170, 30.00000000000000000 ) ) ;
#4900 = FACE_OUTER_BOUND ( 'NONE', #2826, .T. ) ;
#4901 = VECTOR ( 'NONE', #3883, 1000.000000000000000 ) ;
#4902 = ORIENTED_EDGE ( 'NONE', *, *, #5122, .T. ) ;
#4903 = ORIENTED_EDGE ( 'NONE', *, *, #4825, .T. ) ;
#4904 = EDGE_CURVE ( 'NONE', #3900, #3813, #1655, .T. ) ;
#4905 = DIRECTION ( 'NONE',  ( 0.000000000000000000, 0.000000000000000000, -1.000000000000000000 ) ) ;
#4906 = CARTESIAN_POINT ( 'NONE',  ( 73.45722173931946486, -2.507304197828681414, 30.00000000000000000 ) ) ;
#4907 = LINE ( 'NONE', #2642, #2731 ) ;
#4908 = ORIENTED_EDGE ( 'NONE', *, *, #5457, .T. ) ;
#4909 = ORIENTED_EDGE ( 'NONE', *, *, #1401, .F. ) ;
#4910 = ORIENTED_EDGE ( 'NONE', *, *, #5056, .T. ) ;
#4911 = LINE ( 'NONE', #188, #3216 ) ;
#4912 = PLANE ( 'NONE',  #1717 ) ;
#4913 =( GEOMETRIC_REPRESENTATION_CONTEXT ( 3 ) GLOBAL_UNCERTAINTY_ASSIGNED_CONTEXT ( ( #1468 ) ) GLOBAL_UNIT_ASSIGNED_CONTEXT ( ( #3820, #5154, #3113 ) ) REPRESENTATION_CONTEXT ( 'NONE', 'WORKASPACE' ) );
#4914 = VECTOR ( 'NONE', #3378, 1000.000000000000114 ) ;
#4915 = EDGE_CURVE ( 'NONE', #4063, #3774, #5641, .T. ) ;
#4916 = APPLICATION_PROTOCOL_DEFINITION ( 'draft international standard', 'automotive_design', 1998, #2219 ) ;
#4917 = ORIENTED_EDGE ( 'NONE', *, *, #4479, .T. ) ;
#4918 = LINE ( 'NONE', #3491, #1065 ) ;
#4919 = CARTESIAN_POINT ( 'NONE',  ( 0.000000000000000000, 0.000000000000000000, 1.500000000000025535 ) ) ;
#4920 = LINE ( 'NONE', #1521, #1196 ) ;
#4921 = LINE ( 'NONE', #488, #3521 ) ;
#4922 = ADVANCED_FACE ( 'NONE', ( #5141 ), #307, .F. ) ;
#4923 = PLANE ( 'NONE',  #332 ) ;
#4924 = ORIENTED_EDGE ( 'NONE', *, *, #1905, .F. ) ;
#4925 = DIRECTION ( 'NONE',  ( 0.9659258262890682012, 0.2588190451025212391, -0.000000000000000000 ) ) ;
#4926 = DIRECTION ( 'NONE',  ( 0.4999999999999996114, 0.8660254037844388186, 0.000000000000000000 ) ) ;
#4927 = VERTEX_POINT ( 'NONE', #5613 ) ;
#4928 = EDGE_CURVE ( 'NONE', #2182, #3345, #5502, .T. ) ;
#4929 = LINE ( 'NONE', #98, #273 ) ;
#4930 = CARTESIAN_POINT ( 'NONE',  ( -0.7505553499465259515, 73.90000000000000568, 29.61142111275180255 ) ) ;
#4931 = LINE ( 'NONE', #2834, #2180 ) ;
#4932 = VECTOR ( 'NONE', #412, 1000.000000000000227 ) ;
#4933 = B_SPLINE_CURVE_WITH_KNOTS ( 'NONE', 3,
 ( #4899, #3637, #146, #1908 ),
 .UNSPECIFIED., .F., .F.,
 ( 4, 4 ),
 ( 4.336808689942017736E-19, 0.0006708321191676170758 ),
 .UNSPECIFIED. ) ;
#4934 = ADVANCED_FACE ( 'NONE', ( #3309, #700 ), #1630, .T. ) ;
#4935 = VERTEX_POINT ( 'NONE', #2961 ) ;
#4936 = AXIS2_PLACEMENT_3D ( 'NONE', #147, #119, #1441 ) ;
#4937 = ORIENTED_EDGE ( 'NONE', *, *, #5660, .F. ) ;
#4938 = EDGE_LOOP ( 'NONE', ( #4560, #5547, #4886, #1011 ) ) ;
#4939 = FACE_OUTER_BOUND ( 'NONE', #1217, .T. ) ;
#4940 = DIRECTION ( 'NONE',  ( -1.000000000000000000, 0.000000000000000000, 0.000000000000000000 ) ) ;
#4941 = AXIS2_PLACEMENT_3D ( 'NONE', #1228, #5236, #2594 ) ;
#4942 = EDGE_CURVE ( 'NONE', #2033, #1360, #3424, .T. ) ;
#4943 = ORIENTED_EDGE ( 'NONE', *, *, #5465, .T. ) ;
#4944 = CARTESIAN_POINT ( 'NONE',  ( -2.251666049809569081, -66.10000000000033538, 6.000000000000000000 ) ) ;
#4945 = CARTESIAN_POINT ( 'NONE',  ( -68.35724183972041601, -3.280211195049038242, 30.00000000000000000 ) ) ;
#4946 = DIRECTION ( 'NONE',  ( 0.9773200680240764493, -0.2117675249829745476, 0.000000000000000000 ) ) ;
#4947 = ADVANCED_FACE ( 'NONE', ( #1135 ), #2901, .T. ) ;
#4948 = FACE_OUTER_BOUND ( 'NONE', #967, .T. ) ;
#4949 = VECTOR ( 'NONE', #4790, 1000.000000000000000 ) ;
#4950 = ORIENTED_EDGE ( 'NONE', *, *, #250, .T. ) ;
#4951 = ADVANCED_FACE ( 'NONE', ( #3104 ), #2588, .F. ) ;
#4952 = VERTEX_POINT ( 'NONE', #2612 ) ;
#4953 = FACE_OUTER_BOUND ( 'NONE', #2720, .T. ) ;
#4954 = LINE ( 'NONE', #4027, #1522 ) ;
#4955 = CARTESIAN_POINT ( 'NONE',  ( -66.09999999998518661, 2.251666049824376348, 24.00000000000000000 ) ) ;
#4956 = AXIS2_PLACEMENT_3D ( 'NONE', #2015, #798, #765 ) ;
#4957 = EDGE_CURVE ( 'NONE', #1189, #5211, #3953, .T. ) ;
#4958 = AXIS2_PLACEMENT_3D ( 'NONE', #5725, #1280, #5285 ) ;
#4959 = VERTEX_POINT ( 'NONE', #786 ) ;
#4960 = AXIS2_PLACEMENT_3D ( 'NONE', #575, #2722, #2260 ) ;
#4961 = DIRECTION ( 'NONE',  ( 1.000000000000000000, 0.000000000000000000, 0.000000000000000000 ) ) ;
#4962 = B_SPLINE_CURVE_WITH_KNOTS ( 'NONE', 3,
 ( #3377, #2847, #1552, #4309 ),
 .UNSPECIFIED., .F., .F.,
 ( 4, 4 ),
 ( 0.000000000000000000, 0.0006708321191917735338 ),
 .UNSPECIFIED. ) ;
#4963 = CARTESIAN_POINT ( 'NONE',  ( -72.04999999999999716, 2.510525938252065804E-16, -5.000000000000004441 ) ) ;
#4964 = DIRECTION ( 'NONE',  ( -0.8884937717769073595, 0.4588886766021197938, 0.000000000000000000 ) ) ;
#4965 = DIRECTION ( 'NONE',  ( -0.8660254037844385966, -0.4999999999999999445, 0.000000000000000000 ) ) ;
#4966 = AXIS2_PLACEMENT_3D ( 'NONE', #5057, #1079, #2840 ) ;
#4967 = VERTEX_POINT ( 'NONE', #1363 ) ;
#4968 = VERTEX_POINT ( 'NONE', #3564 ) ;
#4969 = ORIENTED_EDGE ( 'NONE', *, *, #2882, .T. ) ;
#4970 = CARTESIAN_POINT ( 'NONE',  ( 68.35724183972041601, 3.280211195049038242, 6.000000000000000000 ) ) ;
#4971 = FACE_OUTER_BOUND ( 'NONE', #2741, .T. ) ;
#4972 = CARTESIAN_POINT ( 'NONE',  ( 0.000000000000000000, 0.000000000000000000, 0.000000000000000000 ) ) ;
#4973 = ORIENTED_EDGE ( 'NONE', *, *, #4733, .T. ) ;
#4974 = VERTEX_POINT ( 'NONE', #1799 ) ;
#4975 = LINE ( 'NONE', #2735, #2088 ) ;
#4976 = EDGE_CURVE ( 'NONE', #5687, #4675, #5224, .T. ) ;
#4977 = CARTESIAN_POINT ( 'NONE',  ( 73.90000000001515446, -3.855825911209277351E-16, 0.4000000000151491264 ) ) ;
#4978 = CARTESIAN_POINT ( 'NONE',  ( 50.66302279690249577, -53.84735946248461147, 6.000000000000000000 ) ) ;
#4979 = LINE ( 'NONE', #4104, #4396 ) ;
#4980 = AXIS2_PLACEMENT_3D ( 'NONE', #699, #306, #1078 ) ;
#4981 = ORIENTED_EDGE ( 'NONE', *, *, #3689, .F. ) ;
#4982 = CARTESIAN_POINT ( 'NONE',  ( -73.49999999999998579, 0.000000000000000000, 30.00000000000000000 ) ) ;
#4983 = CARTESIAN_POINT ( 'NONE',  ( 0.000000000000000000, 0.000000000000000000, 30.00000000000000000 ) ) ;
#4984 = DIRECTION ( 'NONE',  ( 0.8660254037844387076, 0.4999999999999999445, -0.000000000000000000 ) ) ;
#4985 = EDGE_CURVE ( 'NONE', #4078, #1105, #390, .T. ) ;
#4986 = VECTOR ( 'NONE', #523, 1000.000000000000114 ) ;
#4987 = ORIENTED_EDGE ( 'NONE', *, *, #3234, .F. ) ;
#4988 = PLANE ( 'NONE',  #2757 ) ;
#4989 = EDGE_CURVE ( 'NONE', #2011, #4743, #5669, .T. ) ;
#4990 = FACE_OUTER_BOUND ( 'NONE', #4752, .T. ) ;
#4991 = FACE_OUTER_BOUND ( 'NONE', #5301, .T. ) ;
#4992 = DIRECTION ( 'NONE',  ( 0.000000000000000000, 0.000000000000000000, 1.000000000000000000 ) ) ;
#4993 = VECTOR ( 'NONE', #1590, 1000.000000000000000 ) ;
#4994 = VERTEX_POINT ( 'NONE', #3019 ) ;
#4995 = AXIS2_PLACEMENT_3D ( 'NONE', #4571, #112, #1055 ) ;
#4996 = VERTEX_POINT ( 'NONE', #2206 ) ;
#4997 = DIRECTION ( 'NONE',  ( 1.000000000000000000, 0.000000000000000000, 0.000000000000000000 ) ) ;
#4998 = DIRECTION ( 'NONE',  ( 1.000000000000000000, 0.000000000000000000, 0.000000000000000000 ) ) ;
#4999 = ORIENTED_EDGE ( 'NONE', *, *, #2837, .F. ) ;
#5000 = VERTEX_POINT ( 'NONE', #1308 ) ;
#5001 = EDGE_CURVE ( 'NONE', #421, #4240, #5059, .T. ) ;
#5002 = LINE ( 'NONE', #1458, #971 ) ;
#5003 = DIRECTION ( 'NONE',  ( -0.7071067811865483499, -0.7071067811865467956, 0.000000000000000000 ) ) ;
#5004 = CIRCLE ( 'NONE', #4360, 65.00000000000000000 ) ;
#5005 = DIRECTION ( 'NONE',  ( -0.000000000000000000, -0.000000000000000000, -1.000000000000000000 ) ) ;
#5006 = PLANE ( 'NONE',  #685 ) ;
#5007 = EDGE_CURVE ( 'NONE', #4549, #4542, #818, .T. ) ;
#5008 = ORIENTED_EDGE ( 'NONE', *, *, #3120, .F. ) ;
#5009 = ORIENTED_EDGE ( 'NONE', *, *, #3898, .T. ) ;
#5010 = CYLINDRICAL_SURFACE ( 'NONE', #1206, 75.00000000000001421 ) ;
#5011 = DIRECTION ( 'NONE',  ( 0.2588190451025190186, 0.9659258262890687563, 0.000000000000000000 ) ) ;
#5012 = CARTESIAN_POINT ( 'NONE',  ( 46.31313801746588865, -52.68181134866613746, 24.00000000000000000 ) ) ;
#5013 = ADVANCED_BREP_SHAPE_REPRESENTATION ( 'CentralRing', ( #2814, #4454 ), #4913 ) ;
#5014 = ORIENTED_EDGE ( 'NONE', *, *, #5167, .T. ) ;
#5015 = B_SPLINE_CURVE_WITH_KNOTS ( 'NONE', 3,
 ( #4888, #53, #3025, #3137 ),
 .UNSPECIFIED., .F., .F.,
 ( 4, 4 ),
 ( 0.000000000000000000, 0.0006708321191676082937 ),
 .UNSPECIFIED. ) ;
#5016 = CARTESIAN_POINT ( 'NONE',  ( -52.68181134867221971, 46.31313801742953729, 24.00000000000000000 ) ) ;
#5017 = ORIENTED_EDGE ( 'NONE', *, *, #43, .F. ) ;
#5018 = DIRECTION ( 'NONE',  ( -1.000000000000000000, 0.000000000000000000, 0.000000000000000000 ) ) ;
#5019 = DIRECTION ( 'NONE',  ( 0.2588190451025212391, -0.9659258262890680902, 0.000000000000000000 ) ) ;
#5020 = CARTESIAN_POINT ( 'NONE',  ( -46.31313801741473668, -52.68181134868736848, 24.00000000000000000 ) ) ;
#5021 = ORIENTED_EDGE ( 'NONE', *, *, #2289, .T. ) ;
#5022 = VERTEX_POINT ( 'NONE', #902 ) ;
#5023 = PLANE ( 'NONE',  #2573 ) ;
#5024 = ADVANCED_FACE ( 'NONE', ( #3924 ), #2668, .F. ) ;
#5025 = PLANE ( 'NONE',  #1160 ) ;
#5026 = CARTESIAN_POINT ( 'NONE',  ( 45.61724112703872436, -50.08468879676279073, 6.000000000000000000 ) ) ;
#5027 = ORIENTED_EDGE ( 'NONE', *, *, #2694, .F. ) ;
#5028 = CIRCLE ( 'NONE', #1229, 65.00000000000000000 ) ;
#5029 = ORIENTED_EDGE ( 'NONE', *, *, #1923, .T. ) ;
#5030 = ADVANCED_FACE ( 'NONE', ( #5339 ), #417, .F. ) ;
#5031 = ORIENTED_EDGE ( 'NONE', *, *, #1266, .T. ) ;
#5032 = VECTOR ( 'NONE', #1173, 1000.000000000000000 ) ;
#5033 = DIRECTION ( 'NONE',  ( -0.000000000000000000, -0.000000000000000000, -1.000000000000000000 ) ) ;
#5034 = LINE ( 'NONE', #4945, #9 ) ;
#5035 = LINE ( 'NONE', #4626, #1947 ) ;
#5036 = ADVANCED_FACE ( 'NONE', ( #3537, #1741 ), #1334, .T. ) ;
#5037 = PLANE ( 'NONE',  #4029 ) ;
#5038 = ORIENTED_EDGE ( 'NONE', *, *, #1310, .F. ) ;
#5039 = DIRECTION ( 'NONE',  ( 0.000000000000000000, 0.000000000000000000, 1.000000000000000000 ) ) ;
#5040 = CARTESIAN_POINT ( 'NONE',  ( -46.31313801741473668, -52.68181134868736848, 30.00000000000000000 ) ) ;
#5041 = CARTESIAN_POINT ( 'NONE',  ( -0.7505553499165201758, -73.90000000000034674, 0.3885788872482107137 ) ) ;
#5042 = ORIENTED_EDGE ( 'NONE', *, *, #3920, .F. ) ;
#5043 = VECTOR ( 'NONE', #4840, 1000.000000000000000 ) ;
#5044 = AXIS2_PLACEMENT_3D ( 'NONE', #5441, #2019, #4627 ) ;
#5045 = CARTESIAN_POINT ( 'NONE',  ( 53.71503141980519302, -50.16916781818630255, 0.000000000000000000 ) ) ;
#5046 = DIRECTION ( 'NONE',  ( 0.000000000000000000, 1.000000000000000000, 0.000000000000000000 ) ) ;
#5047 = LINE ( 'NONE', #1072, #4308 ) ;
#5048 = LINE ( 'NONE', #1073, #5706 ) ;
#5049 = CARTESIAN_POINT ( 'NONE',  ( -64.79816327332538606, -5.118401743070238652, 0.000000000000000000 ) ) ;
#5050 = EDGE_CURVE ( 'NONE', #2610, #1933, #1683, .T. ) ;
#5051 = VECTOR ( 'NONE', #3565, 1000.000000000000000 ) ;
#5052 = VECTOR ( 'NONE', #58, 1000.000000000000114 ) ;
#5053 = ORIENTED_EDGE ( 'NONE', *, *, #4855, .F. ) ;
#5054 = ORIENTED_EDGE ( 'NONE', *, *, #4082, .T. ) ;
#5055 = CARTESIAN_POINT ( 'NONE',  ( -46.31313801741473668, -52.68181134868736848, 30.00000000000000000 ) ) ;
#5056 = EDGE_CURVE ( 'NONE', #2014, #2761, #850, .T. ) ;
#5057 = CARTESIAN_POINT ( 'NONE',  ( 0.000000000000000000, 0.000000000000000000, 30.00000000000000000 ) ) ;
#5058 = LINE ( 'NONE', #3551, #1244 ) ;
#5059 = CIRCLE ( 'NONE', #1348, 73.49999999999998579 ) ;
#5060 = EDGE_CURVE ( 'NONE', #5527, #1965, #1256, .T. ) ;
#5061 = ORIENTED_EDGE ( 'NONE', *, *, #692, .T. ) ;
#5062 = ORIENTED_EDGE ( 'NONE', *, *, #419, .F. ) ;
#5063 = DIRECTION ( 'NONE',  ( -0.4999999999999998335, 0.8660254037844387076, 0.000000000000000000 ) ) ;
#5064 = DIRECTION ( 'NONE',  ( 0.000000000000000000, 0.000000000000000000, 1.000000000000000000 ) ) ;
#5065 = ADVANCED_FACE ( 'NONE', ( #4829 ), #2178, .F. ) ;
#5066 = CARTESIAN_POINT ( 'NONE',  ( 0.000000000000000000, 0.000000000000000000, 30.00000000000000000 ) ) ;
#5067 = DIRECTION ( 'NONE',  ( -0.7071067811865460184, 0.7071067811865490160, 0.000000000000000000 ) ) ;
#5068 = VECTOR ( 'NONE', #2201, 1000.000000000000000 ) ;
#5069 = EDGE_LOOP ( 'NONE', ( #704, #3542 ) ) ;
#5070 = LINE ( 'NONE', #1092, #5262 ) ;
#5071 = CARTESIAN_POINT ( 'NONE',  ( -47.44747468305826033, 49.49747468305840670, 6.000000000000000000 ) ) ;
#5072 = DIRECTION ( 'NONE',  ( -0.9773200680240778926, 0.2117675249829678030, 0.000000000000000000 ) ) ;
#5073 = EDGE_LOOP ( 'NONE', ( #2146, #5609, #484, #77, #4392, #449, #1373, #815 ) ) ;
#5074 = CIRCLE ( 'NONE', #4980, 2.049999999999998490 ) ;
#5075 = CARTESIAN_POINT ( 'NONE',  ( 4.503332099679070666, 70.00000000000000000, 24.00000000000000000 ) ) ;
#5076 = DIRECTION ( 'NONE',  ( 0.9773200680240764493, -0.2117675249829745476, 0.000000000000000000 ) ) ;
#5077 = CARTESIAN_POINT ( 'NONE',  ( -69.99999999998519229, 4.503332099663913901, 24.00000000000000000 ) ) ;
#5078 = DIRECTION ( 'NONE',  ( -0.000000000000000000, -0.000000000000000000, 1.000000000000000000 ) ) ;
#5079 = VECTOR ( 'NONE', #2695, 1000.000000000000114 ) ;
#5080 = ORIENTED_EDGE ( 'NONE', *, *, #828, .F. ) ;
#5081 = EDGE_CURVE ( 'NONE', #4849, #613, #1477, .T. ) ;
#5082 = ORIENTED_EDGE ( 'NONE', *, *, #4703, .F. ) ;
#5083 = DIRECTION ( 'NONE',  ( -0.2588190451025212391, 0.9659258262890680902, 0.000000000000000000 ) ) ;
#5084 = CARTESIAN_POINT ( 'NONE',  ( -50.66302279685133669, -53.84735946250582828, 6.000000000000000000 ) ) ;
#5085 = CARTESIAN_POINT ( 'NONE',  ( 2.049999999999998490, 70.00000000000000000, 24.00000000000000000 ) ) ;
#5086 = ORIENTED_EDGE ( 'NONE', *, *, #2943, .F. ) ;
#5087 = VECTOR ( 'NONE', #4287, 1000.000000000000000 ) ;
#5088 = ORIENTED_EDGE ( 'NONE', *, *, #3021, .F. ) ;
#5089 = ORIENTED_EDGE ( 'NONE', *, *, #3162, .F. ) ;
#5090 = ORIENTED_EDGE ( 'NONE', *, *, #429, .T. ) ;
#5091 = DIRECTION ( 'NONE',  ( -0.000000000000000000, -0.000000000000000000, 1.000000000000000000 ) ) ;
#5092 = B_SPLINE_CURVE_WITH_KNOTS ( 'NONE', 3,
 ( #1022, #3193, #5434, #2786 ),
 .UNSPECIFIED., .F., .F.,
 ( 4, 4 ),
 ( 0.000000000000000000, 0.0006708321191831086985 ),
 .UNSPECIFIED. ) ;
#5093 = CARTESIAN_POINT ( 'NONE',  ( 50.65532882781789681, -46.01640966833232937, 0.000000000000000000 ) ) ;
#5094 = PLANE ( 'NONE',  #1669 ) ;
#5095 = FACE_OUTER_BOUND ( 'NONE', #4664, .T. ) ;
#5096 = VECTOR ( 'NONE', #4375, 1000.000000000000114 ) ;
#5097 = ORIENTED_EDGE ( 'NONE', *, *, #4192, .F. ) ;
#5098 = DIRECTION ( 'NONE',  ( -0.2588190451025233485, -0.9659258262890675351, 0.000000000000000000 ) ) ;
#5099 = ADVANCED_FACE ( 'NONE', ( #2750 ), #5483, .T. ) ;
#5100 = DIRECTION ( 'NONE',  ( -0.000000000000000000, -0.000000000000000000, 1.000000000000000000 ) ) ;
#5101 = CYLINDRICAL_SURFACE ( 'NONE', #4936, 2.049999999999989164 ) ;
#5102 = AXIS2_PLACEMENT_3D ( 'NONE', #3876, #709, #4281 ) ;
#5103 = ORIENTED_EDGE ( 'NONE', *, *, #2889, .T. ) ;
#5104 = CARTESIAN_POINT ( 'NONE',  ( -70.00000000000000000, 0.000000000000000000, 24.00000000000000000 ) ) ;
#5105 = DIRECTION ( 'NONE',  ( 0.000000000000000000, 0.000000000000000000, -1.000000000000000000 ) ) ;
#5106 = LINE ( 'NONE', #1567, #4349 ) ;
#5107 = PLANE ( 'NONE',  #1781 ) ;
#5108 = ADVANCED_FACE ( 'NONE', ( #4990 ), #983, .F. ) ;
#5109 = EDGE_LOOP ( 'NONE', ( #4334, #5442, #44, #248, #2071 ) ) ;
#5110 = ORIENTED_EDGE ( 'NONE', *, *, #4247, .T. ) ;
#5111 = DIRECTION ( 'NONE',  ( 0.8884937717769024745, -0.4588886766021290642, 0.000000000000000000 ) ) ;
#5112 = CARTESIAN_POINT ( 'NONE',  ( 0.000000000000000000, 0.000000000000000000, 24.00000000000000000 ) ) ;
#5113 = LINE ( 'NONE', #5585, #1709 ) ;
#5114 = EDGE_LOOP ( 'NONE', ( #5373, #42, #2615, #3984 ) ) ;
#5115 = EDGE_CURVE ( 'NONE', #3548, #559, #5425, .T. ) ;
#5116 = VERTEX_POINT ( 'NONE', #2346 ) ;
#5117 = ORIENTED_EDGE ( 'NONE', *, *, #4620, .T. ) ;
#5118 = ORIENTED_EDGE ( 'NONE', *, *, #2698, .F. ) ;
#5119 = DIRECTION ( 'NONE',  ( 0.000000000000000000, 0.000000000000000000, -1.000000000000000000 ) ) ;
#5120 = CARTESIAN_POINT ( 'NONE',  ( -45.61724112700691336, 50.08468879675550056, 0.000000000000000000 ) ) ;
#5121 = LINE ( 'NONE', #344, #3990 ) ;
#5122 = EDGE_CURVE ( 'NONE', #3242, #3761, #1437, .T. ) ;
#5123 = DIRECTION ( 'NONE',  ( 0.8660254037844389297, -0.4999999999999995559, 0.000000000000000000 ) ) ;
#5124 = AXIS2_PLACEMENT_3D ( 'NONE', #2806, #4115, #2004 ) ;
#5125 = VERTEX_POINT ( 'NONE', #5368 ) ;
#5126 = DIRECTION ( 'NONE',  ( -0.000000000000000000, -0.000000000000000000, 1.000000000000000000 ) ) ;
#5127 = CARTESIAN_POINT ( 'NONE',  ( -73.89999999998518376, 9.435722452876597630E-15, 0.3999999999852009158 ) ) ;
#5128 = EDGE_CURVE ( 'NONE', #1426, #3227, #3589, .T. ) ;
#5129 = DIRECTION ( 'NONE',  ( 0.000000000000000000, 0.000000000000000000, 1.000000000000000000 ) ) ;
#5130 = ADVANCED_FACE ( 'NONE', ( #3158 ), #3675, .F. ) ;
#5131 = PRODUCT_DEFINITION_CONTEXT ( 'detailed design', #3329, 'design' ) ;
#5132 = ORIENTED_EDGE ( 'NONE', *, *, #5727, .T. ) ;
#5133 = CYLINDRICAL_SURFACE ( 'NONE', #1004, 2.049999999999996270 ) ;
#5134 = CARTESIAN_POINT ( 'NONE',  ( -53.71503141978199380, 50.16916781821112181, 30.00000000000000000 ) ) ;
#5135 = FACE_OUTER_BOUND ( 'NONE', #4642, .T. ) ;
#5136 = EDGE_CURVE ( 'NONE', #4419, #1379, #2778, .T. ) ;
#5137 = VERTEX_POINT ( 'NONE', #4500 ) ;
#5138 = AXIS2_PLACEMENT_3D ( 'NONE', #748, #2517, #3009 ) ;
#5139 = ORIENTED_EDGE ( 'NONE', *, *, #5277, .F. ) ;
#5140 = CARTESIAN_POINT ( 'NONE',  ( -4.503332099679096423, 70.00000000000000000, 24.00000000000000000 ) ) ;
#5141 = FACE_OUTER_BOUND ( 'NONE', #601, .T. ) ;
#5142 = DIRECTION ( 'NONE',  ( 0.000000000000000000, 0.000000000000000000, -1.000000000000000000 ) ) ;
#5143 = VERTEX_POINT ( 'NONE', #4557 ) ;
#5144 = AXIS2_PLACEMENT_3D ( 'NONE', #4593, #2383, #220 ) ;
#5145 = VECTOR ( 'NONE', #657, 1000.000000000000114 ) ;
#5146 = ORIENTED_EDGE ( 'NONE', *, *, #5060, .T. ) ;
#5147 = ORIENTED_EDGE ( 'NONE', *, *, #1974, .F. ) ;
#5148 = ORIENTED_EDGE ( 'NONE', *, *, #3781, .F. ) ;
#5149 = VECTOR ( 'NONE', #757, 1000.000000000000000 ) ;
#5150 = DIRECTION ( 'NONE',  ( 1.000000000000000000, 0.000000000000000000, 0.000000000000000000 ) ) ;
#5151 = ORIENTED_EDGE ( 'NONE', *, *, #3708, .T. ) ;
#5152 = CARTESIAN_POINT ( 'NONE',  ( 41.27740928273738064, -49.14432598361720039, 30.00000000000000000 ) ) ;
#5153 = CARTESIAN_POINT ( 'NONE',  ( 50.66302279688130028, 53.84735946250548722, 24.00000000000000000 ) ) ;
#5154 =( NAMED_UNIT ( * ) PLANE_ANGLE_UNIT ( ) SI_UNIT ( $, .RADIAN. ) );
#5155 = EDGE_CURVE ( 'NONE', #2119, #662, #1970, .T. ) ;
#5156 = VERTEX_POINT ( 'NONE', #5395 ) ;
#5157 = CARTESIAN_POINT ( 'NONE',  ( -73.89999999998518376, 2.251666049824373239, 0.4342951545339545638 ) ) ;
#5158 = LINE ( 'NONE', #1614, #96 ) ;
#5159 = DIRECTION ( 'NONE',  ( -1.000000000000000000, 0.000000000000000000, 0.000000000000000000 ) ) ;
#5160 = B_SPLINE_CURVE_WITH_KNOTS ( 'NONE', 3,
 ( #4906, #2696, #4059, #500 ),
 .UNSPECIFIED., .F., .F.,
 ( 4, 4 ),
 ( 3.705370968959021185E-18, 0.0006708321191902568434 ),
 .UNSPECIFIED. ) ;
#5161 = ORIENTED_EDGE ( 'NONE', *, *, #163, .F. ) ;
#5162 = CARTESIAN_POINT ( 'NONE',  ( -75.00000000000001421, 0.000000000000000000, 1.500000000000025535 ) ) ;
#5163 = CARTESIAN_POINT ( 'NONE',  ( -53.75916184940425779, 50.33386482372127091, 29.85533089629491954 ) ) ;
#5164 = CARTESIAN_POINT ( 'NONE',  ( 0.000000000000000000, 0.000000000000000000, 6.000000000000000000 ) ) ;
#5165 = EDGE_CURVE ( 'NONE', #3094, #662, #1912, .T. ) ;
#5166 = ORIENTED_EDGE ( 'NONE', *, *, #1416, .T. ) ;
#5167 = EDGE_CURVE ( 'NONE', #2386, #559, #2375, .T. ) ;
#5168 = ORIENTED_EDGE ( 'NONE', *, *, #578, .F. ) ;
#5169 = DIRECTION ( 'NONE',  ( -0.7071067811865460184, 0.7071067811865490160, 0.000000000000000000 ) ) ;
#5170 = CARTESIAN_POINT ( 'NONE',  ( -53.80327106698405970, -50.49848266491196824, 29.71056514493083256 ) ) ;
#5171 = LINE ( 'NONE', #2010, #1620 ) ;
#5172 = CIRCLE ( 'NONE', #1369, 73.49999999999998579 ) ;
#5173 = ORIENTED_EDGE ( 'NONE', *, *, #120, .T. ) ;
#5174 = ORIENTED_EDGE ( 'NONE', *, *, #2129, .F. ) ;
#5175 = ORIENTED_EDGE ( 'NONE', *, *, #821, .F. ) ;
#5176 = ORIENTED_EDGE ( 'NONE', *, *, #2598, .T. ) ;
#5177 = DIRECTION ( 'NONE',  ( 0.3037766760303861058, -0.9527432661005429404, 0.000000000000000000 ) ) ;
#5178 = DIRECTION ( 'NONE',  ( -0.000000000000000000, -0.000000000000000000, 1.000000000000000000 ) ) ;
#5179 = DIRECTION ( 'NONE',  ( 0.2588190451025212391, -0.9659258262890682012, 0.000000000000000000 ) ) ;
#5180 = VECTOR ( 'NONE', #1209, 1000.000000000000000 ) ;
#5181 = CARTESIAN_POINT ( 'NONE',  ( -5.562750146221928205, -63.93782217349409791, 24.00000000000000000 ) ) ;
#5182 = EDGE_CURVE ( 'NONE', #1563, #4699, #1766, .T. ) ;
#5183 = AXIS2_PLACEMENT_3D ( 'NONE', #5408, #3259, #2361 ) ;
#5184 = DIRECTION ( 'NONE',  ( 1.000000000000000000, 0.000000000000000000, 0.000000000000000000 ) ) ;
#5185 = CARTESIAN_POINT ( 'NONE',  ( 2.251666049869518904, -73.90000000000034674, 30.00000000000000000 ) ) ;
#5186 = DIRECTION ( 'NONE',  ( 0.000000000000000000, 0.000000000000000000, -1.000000000000000000 ) ) ;
#5187 = CARTESIAN_POINT ( 'NONE',  ( 63.93782217349408370, -5.562750146222150249, 6.000000000000000000 ) ) ;
#5188 = EDGE_CURVE ( 'NONE', #4208, #958, #4469, .T. ) ;
#5189 = CARTESIAN_POINT ( 'NONE',  ( -50.33386482372792159, 53.75916184939790554, 29.85533089629500836 ) ) ;
#5190 = AXIS2_PLACEMENT_3D ( 'NONE', #5684, #5631, #5159 ) ;
#5191 = ORIENTED_EDGE ( 'NONE', *, *, #4989, .F. ) ;
#5192 = ORIENTED_EDGE ( 'NONE', *, *, #4137, .F. ) ;
#5193 = CARTESIAN_POINT ( 'NONE',  ( 52.68181134870217619, -46.31313801742987835, 6.000000000000000000 ) ) ;
#5194 = LINE ( 'NONE', #3890, #4565 ) ;
#5195 = VECTOR ( 'NONE', #2369, 1000.000000000000000 ) ;
#5196 = ORIENTED_EDGE ( 'NONE', *, *, #1232, .T. ) ;
#5197 = PLANE ( 'NONE',  #4523 ) ;
#5198 = CARTESIAN_POINT ( 'NONE',  ( 0.000000000000000000, 0.000000000000000000, 0.000000000000000000 ) ) ;
#5199 = LINE ( 'NONE', #5556, #4214 ) ;
#5200 = EDGE_LOOP ( 'NONE', ( #3017, #5173, #4973, #1221, #2213, #4826, #208, #3619 ) ) ;
#5201 = EDGE_CURVE ( 'NONE', #4240, #735, #5160, .T. ) ;
#5202 = VERTEX_POINT ( 'NONE', #550 ) ;
#5203 = EDGE_CURVE ( 'NONE', #4418, #3107, #1505, .T. ) ;
#5204 = ORIENTED_EDGE ( 'NONE', *, *, #2292, .T. ) ;
#5205 = VERTEX_POINT ( 'NONE', #1854 ) ;
#5206 = LINE ( 'NONE', #3374, #2639 ) ;
#5207 = FACE_OUTER_BOUND ( 'NONE', #5639, .T. ) ;
#5208 = DIRECTION ( 'NONE',  ( 0.000000000000000000, 0.000000000000000000, -1.000000000000000000 ) ) ;
#5209 = FACE_BOUND ( 'NONE', #866, .T. ) ;
#5210 = CARTESIAN_POINT ( 'NONE',  ( 2.336838289519721723, 73.75247735347947753, 0.2894348550765454831 ) ) ;
#5211 = VERTEX_POINT ( 'NONE', #3182 ) ;
#5212 = DIRECTION ( 'NONE',  ( -0.2588190451025190186, -0.9659258262890687563, 0.000000000000000000 ) ) ;
#5213 = CARTESIAN_POINT ( 'NONE',  ( -2.251666049809566417, -73.90000000000034674, 29.56570484545133937 ) ) ;
#5214 = CARTESIAN_POINT ( 'NONE',  ( 0.000000000000000000, 0.000000000000000000, 0.000000000000000000 ) ) ;
#5215 = EDGE_CURVE ( 'NONE', #3761, #23, #3617, .T. ) ;
#5216 = VECTOR ( 'NONE', #2340, 1000.000000000000000 ) ;
#5217 = DIRECTION ( 'NONE',  ( 0.8408119004400724794, 0.5413273945389737163, 0.000000000000000000 ) ) ;
#5218 = EDGE_LOOP ( 'NONE', ( #5086, #1866, #2170, #4850, #1272, #5586, #3315, #698 ) ) ;
#5219 = ORIENTED_EDGE ( 'NONE', *, *, #1744, .F. ) ;
#5220 = VECTOR ( 'NONE', #2104, 1000.000000000000114 ) ;
#5221 = CARTESIAN_POINT ( 'NONE',  ( -52.68181134867221971, 46.31313801742953729, 0.000000000000000000 ) ) ;
#5222 = PLANE ( 'NONE',  #767 ) ;
#5223 = ORIENTED_EDGE ( 'NONE', *, *, #1977, .T. ) ;
#5224 = B_SPLINE_CURVE_WITH_KNOTS ( 'NONE', 3,
 ( #4329, #3895, #5257, #3512 ),
 .UNSPECIFIED., .F., .F.,
 ( 4, 4 ),
 ( 0.000000000000000000, 0.0006708321191831266963 ),
 .UNSPECIFIED. ) ;
#5225 = ADVANCED_FACE ( 'NONE', ( #4174 ), #3736, .F. ) ;
#5226 = FACE_OUTER_BOUND ( 'NONE', #3093, .T. ) ;
#5227 = DIRECTION ( 'NONE',  ( 0.000000000000000000, 0.000000000000000000, 1.000000000000000000 ) ) ;
#5228 = CARTESIAN_POINT ( 'NONE',  ( -52.68181134865099580, -46.31313801745108805, 6.000000000000000000 ) ) ;
#5229 = B_SPLINE_CURVE_WITH_KNOTS ( 'NONE', 3,
 ( #2586, #3923, #2556, #1682 ),
 .UNSPECIFIED., .F., .F.,
 ( 4, 4 ),
 ( 1.462002193875713073E-18, 0.0006708321191454860158 ),
 .UNSPECIFIED. ) ;
#5230 = AXIS2_PLACEMENT_3D ( 'NONE', #93, #2255, #1846 ) ;
#5231 = VERTEX_POINT ( 'NONE', #211 ) ;
#5232 = ORIENTED_EDGE ( 'NONE', *, *, #4836, .T. ) ;
#5233 = LINE ( 'NONE', #908, #1275 ) ;
#5234 = DIRECTION ( 'NONE',  ( 0.5000000000000000000, 0.8660254037844385966, 0.000000000000000000 ) ) ;
#5235 = VECTOR ( 'NONE', #1639, 1000.000000000000114 ) ;
#5236 = DIRECTION ( 'NONE',  ( -0.8660254037844388186, 0.4999999999999996114, 0.000000000000000000 ) ) ;
#5237 = CARTESIAN_POINT ( 'NONE',  ( -67.95000000000001705, 0.000000000000000000, 6.000000000000000000 ) ) ;
#5238 = EDGE_CURVE ( 'NONE', #5143, #5399, #1971, .T. ) ;
#5239 = LINE ( 'NONE', #5181, #5235 ) ;
#5240 = CIRCLE ( 'NONE', #4958, 65.00000000000000000 ) ;
#5241 = VECTOR ( 'NONE', #5680, 1000.000000000000000 ) ;
#5242 = EDGE_CURVE ( 'NONE', #2869, #4644, #5047, .T. ) ;
#5243 = LINE ( 'NONE', #1967, #1621 ) ;
#5244 = EDGE_LOOP ( 'NONE', ( #3330, #5333, #3733, #3732, #3568 ) ) ;
#5245 = CARTESIAN_POINT ( 'NONE',  ( -69.99999999998519229, -4.503332099694253188, 24.00000000000000000 ) ) ;
#5246 = CARTESIAN_POINT ( 'NONE',  ( -50.66302279687255350, 53.84735946248426330, 0.4342951545385532741 ) ) ;
#5247 = CARTESIAN_POINT ( 'NONE',  ( 42.28790003631038275, -49.36328099426759763, 30.00000000000000000 ) ) ;
#5248 = AXIS2_PLACEMENT_3D ( 'NONE', #453, #2215, #856 ) ;
#5249 = LINE ( 'NONE', #5632, #2815 ) ;
#5250 = ORIENTED_EDGE ( 'NONE', *, *, #521, .F. ) ;
#5251 = ORIENTED_EDGE ( 'NONE', *, *, #4889, .F. ) ;
#5252 = CARTESIAN_POINT ( 'NONE',  ( 41.27740928273669851, -49.14432598361777593, 0.000000000000000000 ) ) ;
#5253 = DIRECTION ( 'NONE',  ( -0.8660254037844385966, 0.5000000000000001110, 0.000000000000000000 ) ) ;
#5254 = B_SPLINE_CURVE_WITH_KNOTS ( 'NONE', 3,
 ( #48, #851, #2613, #21 ),
 .UNSPECIFIED., .F., .F.,
 ( 4, 4 ),
 ( 1.772268094197680802E-18, 0.0006708321191529767686 ),
 .UNSPECIFIED. ) ;
#5255 = ORIENTED_EDGE ( 'NONE', *, *, #1246, .F. ) ;
#5256 = PLANE ( 'NONE',  #5266 ) ;
#5257 = CARTESIAN_POINT ( 'NONE',  ( 50.49848266491873972, -53.80327106699705553, 29.71056514491672473 ) ) ;
#5258 = DIRECTION ( 'NONE',  ( 1.000000000000000000, 0.000000000000000000, 0.000000000000000000 ) ) ;
#5259 = EDGE_CURVE ( 'NONE', #11, #3892, #1834, .T. ) ;
#5260 = ORIENTED_EDGE ( 'NONE', *, *, #2483, .F. ) ;
#5261 = VERTEX_POINT ( 'NONE', #839 ) ;
#5262 = VECTOR ( 'NONE', #3176, 1000.000000000000000 ) ;
#5263 = CARTESIAN_POINT ( 'NONE',  ( -2.251666049809566417, -73.90000000000034674, 6.000000000000000000 ) ) ;
#5264 = DIRECTION ( 'NONE',  ( -0.4999999999999984457, 0.8660254037844394848, 0.000000000000000000 ) ) ;
#5265 = DIRECTION ( 'NONE',  ( -1.000000000000000000, 0.000000000000000000, 0.000000000000000000 ) ) ;
#5266 = AXIS2_PLACEMENT_3D ( 'NONE', #848, #2987, #4386 ) ;
#5267 = DIRECTION ( 'NONE',  ( 0.9659258262890684232, -0.2588190451025205174, 0.000000000000000000 ) ) ;
#5268 = CARTESIAN_POINT ( 'NONE',  ( -69.99999999998519229, 4.503332099663913901, 6.000000000000000000 ) ) ;
#5269 = DIRECTION ( 'NONE',  ( -0.000000000000000000, -0.000000000000000000, 1.000000000000000000 ) ) ;
#5270 = DIRECTION ( 'NONE',  ( -0.8408119004400780305, -0.5413273945389649455, -0.000000000000000000 ) ) ;
#5271 = VECTOR ( 'NONE', #5186, 1000.000000000000000 ) ;
#5272 = DIRECTION ( 'NONE',  ( -0.2588190451025233485, -0.9659258262890675351, 0.000000000000000000 ) ) ;
#5273 = VECTOR ( 'NONE', #3832, 1000.000000000000000 ) ;
#5274 = CARTESIAN_POINT ( 'NONE',  ( 53.84735946249942629, 50.66302279688734700, 29.56570484544026556 ) ) ;
#5275 = AXIS2_PLACEMENT_3D ( 'NONE', #3200, #4101, #4598 ) ;
#5276 = ORIENTED_EDGE ( 'NONE', *, *, #5638, .T. ) ;
#5277 = EDGE_CURVE ( 'NONE', #1873, #5600, #777, .T. ) ;
#5278 = ORIENTED_EDGE ( 'NONE', *, *, #2446, .T. ) ;
#5279 = DIRECTION ( 'NONE',  ( -0.8408119004400780305, -0.5413273945389649455, 0.000000000000000000 ) ) ;
#5280 = CARTESIAN_POINT ( 'NONE',  ( -69.99999999998519229, 4.503332099663913901, 30.00000000000000000 ) ) ;
#5281 = EDGE_CURVE ( 'NONE', #4245, #80, #4844, .T. ) ;
#5282 = VERTEX_POINT ( 'NONE', #2605 ) ;
#5283 = DIRECTION ( 'NONE',  ( 0.8660254037844385966, 0.4999999999999999445, 0.000000000000000000 ) ) ;
#5284 = CARTESIAN_POINT ( 'NONE',  ( -52.68181134867221971, 46.31313801742953729, 24.00000000000000000 ) ) ;
#5285 = DIRECTION ( 'NONE',  ( -1.000000000000000000, 0.000000000000000000, 0.000000000000000000 ) ) ;
#5286 = EDGE_CURVE ( 'NONE', #36, #3715, #594, .T. ) ;
#5287 =( GEOMETRIC_REPRESENTATION_CONTEXT ( 3 ) GLOBAL_UNCERTAINTY_ASSIGNED_CONTEXT ( ( #2337 ) ) GLOBAL_UNIT_ASSIGNED_CONTEXT ( ( #4016, #1752, #1863 ) ) REPRESENTATION_CONTEXT ( 'NONE', 'WORKASPACE' ) );
#5288 = ORIENTED_EDGE ( 'NONE', *, *, #300, .F. ) ;
#5289 = ORIENTED_EDGE ( 'NONE', *, *, #3152, .T. ) ;
#5290 = VERTEX_POINT ( 'NONE', #3528 ) ;
#5291 = DIRECTION ( 'NONE',  ( -0.000000000000000000, -0.000000000000000000, -1.000000000000000000 ) ) ;
#5292 = LINE ( 'NONE', #1258, #4594 ) ;
#5293 = LINE ( 'NONE', #3545, #1324 ) ;
#5294 = DIRECTION ( 'NONE',  ( -0.8884937717768978116, 0.4588886766021384456, 0.000000000000000000 ) ) ;
#5295 = EDGE_CURVE ( 'NONE', #4845, #2052, #3915, .T. ) ;
#5296 = PLANE ( 'NONE',  #3185 ) ;
#5297 = CARTESIAN_POINT ( 'NONE',  ( -66.09999999998518661, 2.251666049824376348, 6.000000000000000000 ) ) ;
#5298 = CARTESIAN_POINT ( 'NONE',  ( -50.49848266489664894, 53.80327106699881057, 0.2894348550694274547 ) ) ;
#5299 = DIRECTION ( 'NONE',  ( -0.000000000000000000, -0.000000000000000000, -1.000000000000000000 ) ) ;
#5300 = DIRECTION ( 'NONE',  ( 1.000000000000000000, 0.000000000000000000, -0.000000000000000000 ) ) ;
#5301 = EDGE_LOOP ( 'NONE', ( #1114, #247, #2351, #1060 ) ) ;
#5302 = EDGE_CURVE ( 'NONE', #5635, #1659, #1180, .T. ) ;
#5303 = EDGE_LOOP ( 'NONE', ( #5615, #186, #3251, #5605, #5468, #5662, #773, #2734 ) ) ;
#5304 = LINE ( 'NONE', #2608, #4007 ) ;
#5305 = DIRECTION ( 'NONE',  ( 0.000000000000000000, 0.000000000000000000, 1.000000000000000000 ) ) ;
#5306 = VECTOR ( 'NONE', #4437, 1000.000000000000114 ) ;
#5307 = EDGE_CURVE ( 'NONE', #4574, #1360, #5249, .T. ) ;
#5308 = ORIENTED_EDGE ( 'NONE', *, *, #2435, .F. ) ;
#5309 = VERTEX_POINT ( 'NONE', #352 ) ;
#5310 = AXIS2_PLACEMENT_3D ( 'NONE', #885, #454, #2317 ) ;
#5311 = DIRECTION ( 'NONE',  ( 0.8408119004400780305, 0.5413273945389650565, 0.000000000000000000 ) ) ;
#5312 = EDGE_CURVE ( 'NONE', #331, #4884, #4727, .T. ) ;
#5313 = DIRECTION ( 'NONE',  ( 0.000000000000000000, 0.000000000000000000, -1.000000000000000000 ) ) ;
#5314 = CARTESIAN_POINT ( 'NONE',  ( -73.89999999998519797, -1.501110699903140944, 0.4114370208840537058 ) ) ;
#5315 = ORIENTED_EDGE ( 'NONE', *, *, #3615, .T. ) ;
#5316 = ORIENTED_EDGE ( 'NONE', *, *, #1003, .F. ) ;
#5317 = ORIENTED_EDGE ( 'NONE', *, *, #1416, .F. ) ;
#5318 = CARTESIAN_POINT ( 'NONE',  ( 73.45722173931844168, 2.507304197858934991, 0.000000000000000000 ) ) ;
#5319 = DIRECTION ( 'NONE',  ( -0.000000000000000000, -0.000000000000000000, 1.000000000000000000 ) ) ;
#5320 = DIRECTION ( 'NONE',  ( 0.8660254037844385966, 0.4999999999999999445, 0.000000000000000000 ) ) ;
#5321 = EDGE_LOOP ( 'NONE', ( #165, #497, #4645, #5175 ) ) ;
#5322 = VECTOR ( 'NONE', #2168, 1000.000000000000000 ) ;
#5323 = CARTESIAN_POINT ( 'NONE',  ( 4.503332099709060010, -70.00000000000034106, 24.00000000000000000 ) ) ;
#5324 = CARTESIAN_POINT ( 'NONE',  ( 49.49747468305825038, -49.49747468305840670, 6.000000000000000000 ) ) ;
#5325 = DIRECTION ( 'NONE',  ( -0.000000000000000000, -0.000000000000000000, 1.000000000000000000 ) ) ;
#5326 = CARTESIAN_POINT ( 'NONE',  ( 53.84735946252063599, -50.66302279686647836, 0.000000000000000000 ) ) ;
#5327 = CARTESIAN_POINT ( 'NONE',  ( 4.503332099679070666, 70.00000000000000000, 6.000000000000000000 ) ) ;
#5328 = VECTOR ( 'NONE', #5642, 1000.000000000000000 ) ;
#5329 = VECTOR ( 'NONE', #3992, 1000.000000000000114 ) ;
#5330 = DIRECTION ( 'NONE',  ( 0.000000000000000000, 0.000000000000000000, -1.000000000000000000 ) ) ;
#5331 = EDGE_CURVE ( 'NONE', #5137, #5687, #3559, .T. ) ;
#5332 = CIRCLE ( 'NONE', #4966, 73.49999999999998579 ) ;
#5333 = ORIENTED_EDGE ( 'NONE', *, *, #1861, .T. ) ;
#5334 = LINE ( 'NONE', #13, #2334 ) ;
#5335 = DIRECTION ( 'NONE',  ( -0.8660254037844389297, 0.4999999999999994449, 0.000000000000000000 ) ) ;
#5336 = ORIENTED_EDGE ( 'NONE', *, *, #5400, .T. ) ;
#5337 = CARTESIAN_POINT ( 'NONE',  ( -46.31313801743593928, 52.68181134866579640, 24.00000000000000000 ) ) ;
#5338 = ADVANCED_FACE ( 'NONE', ( #1269 ), #1296, .F. ) ;
#5339 = FACE_OUTER_BOUND ( 'NONE', #4039, .T. ) ;
#5340 = DIRECTION ( 'NONE',  ( 0.9527432661005460490, 0.3037766760303761138, 0.000000000000000000 ) ) ;
#5341 = ORIENTED_EDGE ( 'NONE', *, *, #2763, .F. ) ;
#5342 = VECTOR ( 'NONE', #4521, 1000.000000000000000 ) ;
#5343 = ORIENTED_EDGE ( 'NONE', *, *, #3291, .T. ) ;
#5344 = ORIENTED_EDGE ( 'NONE', *, *, #4855, .T. ) ;
#5345 = CARTESIAN_POINT ( 'NONE',  ( 3.158962541874053009, 67.67148362173280418, 30.00000000000000000 ) ) ;
#5346 = ADVANCED_FACE ( 'NONE', ( #3412 ), #3037, .F. ) ;
#5347 = DIRECTION ( 'NONE',  ( 0.9659258262890688673, -0.2588190451025186856, 0.000000000000000000 ) ) ;
#5348 = DIRECTION ( 'NONE',  ( 0.000000000000000000, 0.000000000000000000, 1.000000000000000000 ) ) ;
#5349 = ORIENTED_EDGE ( 'NONE', *, *, #502, .T. ) ;
#5350 = EDGE_CURVE ( 'NONE', #3463, #2021, #437, .T. ) ;
#5351 = DIRECTION ( 'NONE',  ( 1.000000000000000000, 0.000000000000000000, 0.000000000000000000 ) ) ;
#5352 = DIRECTION ( 'NONE',  ( 1.000000000000000000, 0.000000000000000000, 0.000000000000000000 ) ) ;
#5353 = ORIENTED_EDGE ( 'NONE', *, *, #2582, .F. ) ;
#5354 = DIRECTION ( 'NONE',  ( -0.7071067811865483499, -0.7071067811865467956, 0.000000000000000000 ) ) ;
#5355 = VECTOR ( 'NONE', #2527, 1000.000000000000000 ) ;
#5356 = LINE ( 'NONE', #463, #1849 ) ;
#5357 = ADVANCED_FACE ( 'NONE', ( #8 ), #4376, .T. ) ;
#5358 = FACE_OUTER_BOUND ( 'NONE', #2437, .T. ) ;
#5359 = ORIENTED_EDGE ( 'NONE', *, *, #4679, .F. ) ;
#5360 = VERTEX_POINT ( 'NONE', #3498 ) ;
#5361 = DIRECTION ( 'NONE',  ( -1.000000000000000000, 0.000000000000000000, 0.000000000000000000 ) ) ;
#5362 = CARTESIAN_POINT ( 'NONE',  ( 2.251666049839530892, 73.90000000000000568, 24.00000000000000000 ) ) ;
#5363 = EDGE_CURVE ( 'NONE', #3179, #4967, #4757, .T. ) ;
#5364 = VECTOR ( 'NONE', #4175, 1000.000000000000000 ) ;
#5365 = VECTOR ( 'NONE', #4200, 1000.000000000000227 ) ;
#5366 = EDGE_LOOP ( 'NONE', ( #4595, #162, #3203, #4903, #2469, #1976, #2755, #5401 ) ) ;
#5367 = FACE_OUTER_BOUND ( 'NONE', #2775, .T. ) ;
#5368 = CARTESIAN_POINT ( 'NONE',  ( 2.507304197834880899, 73.45722173931925170, 30.00000000000000000 ) ) ;
#5369 = CARTESIAN_POINT ( 'NONE',  ( 75.00000000000001421, 9.184850993605150311E-15, 28.49999999999998579 ) ) ;
#5370 = ORIENTED_EDGE ( 'NONE', *, *, #3445, .T. ) ;
#5371 = VERTEX_POINT ( 'NONE', #3858 ) ;
#5372 = AXIS2_PLACEMENT_3D ( 'NONE', #3201, #2791, #3231 ) ;
#5373 = ORIENTED_EDGE ( 'NONE', *, *, #4008, .F. ) ;
#5374 = LINE ( 'NONE', #1047, #4802 ) ;
#5375 = EDGE_CURVE ( 'NONE', #5360, #448, #2546, .T. ) ;
#5376 = CARTESIAN_POINT ( 'NONE',  ( -67.67148362173877274, 3.158962541870899088, 0.000000000000000000 ) ) ;
#5377 = VECTOR ( 'NONE', #830, 1000.000000000000000 ) ;
#5378 = SURFACE_SIDE_STYLE ('',( #532 ) ) ;
#5379 = EDGE_CURVE ( 'NONE', #5458, #4644, #932, .T. ) ;
#5380 = ORIENTED_EDGE ( 'NONE', *, *, #5488, .F. ) ;
#5381 = CARTESIAN_POINT ( 'NONE',  ( -4.503332099649107079, -70.00000000000034106, 0.000000000000000000 ) ) ;
#5382 = ORIENTED_EDGE ( 'NONE', *, *, #802, .T. ) ;
#5383 = LINE ( 'NONE', #4046, #1937 ) ;
#5384 = EDGE_CURVE ( 'NONE', #5699, #1681, #1676, .T. ) ;
#5385 = DIRECTION ( 'NONE',  ( 1.000000000000000000, 0.000000000000000000, 0.000000000000000000 ) ) ;
#5386 = CARTESIAN_POINT ( 'NONE',  ( 46.01640966833145541, 50.65532882781869972, 24.00000000000000000 ) ) ;
#5387 = VERTEX_POINT ( 'NONE', #1380 ) ;
#5388 = ORIENTED_EDGE ( 'NONE', *, *, #2036, .T. ) ;
#5389 = DIRECTION ( 'NONE',  ( 0.000000000000000000, 0.000000000000000000, -1.000000000000000000 ) ) ;
#5390 = DIRECTION ( 'NONE',  ( 0.4999999999999998890, -0.8660254037844385966, 0.000000000000000000 ) ) ;
#5391 = CARTESIAN_POINT ( 'NONE',  ( -46.31313801741473668, -52.68181134868736848, 6.000000000000000000 ) ) ;
#5392 = EDGE_LOOP ( 'NONE', ( #4239, #2794, #359, #4537, #2897 ) ) ;
#5393 = ORIENTED_EDGE ( 'NONE', *, *, #1316, .F. ) ;
#5394 = PLANE ( 'NONE',  #1557 ) ;
#5395 = CARTESIAN_POINT ( 'NONE',  ( 2.049999999999997158, -70.00000000000000000, 24.00000000000000000 ) ) ;
#5396 = CARTESIAN_POINT ( 'NONE',  ( -3.280211195049754558, 68.35724183972038759, 24.00000000000000000 ) ) ;
#5397 = ORIENTED_EDGE ( 'NONE', *, *, #5534, .T. ) ;
#5398 = AXIS2_PLACEMENT_3D ( 'NONE', #4848, #39, #1329 ) ;
#5399 = VERTEX_POINT ( 'NONE', #3147 ) ;
#5400 = EDGE_CURVE ( 'NONE', #4352, #5000, #1355, .T. ) ;
#5401 = ORIENTED_EDGE ( 'NONE', *, *, #2927, .F. ) ;
#5402 = CARTESIAN_POINT ( 'NONE',  ( 68.10612956743845814, 3.409905495635485284, 24.00000000000000000 ) ) ;
#5403 = DIRECTION ( 'NONE',  ( -0.000000000000000000, -0.000000000000000000, 1.000000000000000000 ) ) ;
#5404 = FILL_AREA_STYLE_COLOUR ( '', #200 ) ;
#5405 = ORIENTED_EDGE ( 'NONE', *, *, #5155, .T. ) ;
#5406 = EDGE_LOOP ( 'NONE', ( #1698, #4044, #2704, #3114 ) ) ;
#5407 = DIRECTION ( 'NONE',  ( 0.000000000000000000, 0.000000000000000000, 1.000000000000000000 ) ) ;
#5408 = CARTESIAN_POINT ( 'NONE',  ( 0.000000000000000000, 0.000000000000000000, 0.000000000000000000 ) ) ;
#5409 = ADVANCED_FACE ( 'NONE', ( #1903 ), #3121, .T. ) ;
#5410 = DIRECTION ( 'NONE',  ( 1.000000000000000000, 0.000000000000000000, 0.000000000000000000 ) ) ;
#5411 = DIRECTION ( 'NONE',  ( 1.000000000000000000, 0.000000000000000000, 0.000000000000000000 ) ) ;
#5412 = VECTOR ( 'NONE', #1211, 1000.000000000000000 ) ;
#5413 = ORIENTED_EDGE ( 'NONE', *, *, #5638, .F. ) ;
#5414 = ADVANCED_FACE ( 'NONE', ( #4870 ), #538, .F. ) ;
#5415 = VERTEX_POINT ( 'NONE', #4547 ) ;
#5416 = CARTESIAN_POINT ( 'NONE',  ( 4.503332099679070666, 70.00000000000000000, 6.000000000000000000 ) ) ;
#5417 = VECTOR ( 'NONE', #1728, 1000.000000000000000 ) ;
#5418 = FACE_OUTER_BOUND ( 'NONE', #614, .T. ) ;
#5419 = CARTESIAN_POINT ( 'NONE',  ( 53.84735946249942629, 50.66302279688734700, 0.4342951545597290575 ) ) ;
#5420 = AXIS2_PLACEMENT_3D ( 'NONE', #2907, #2102, #3874 ) ;
#5421 = VECTOR ( 'NONE', #2030, 1000.000000000000000 ) ;
#5422 = ORIENTED_EDGE ( 'NONE', *, *, #3662, .T. ) ;
#5423 = AXIS2_PLACEMENT_3D ( 'NONE', #727, #3867, #2095 ) ;
#5424 = DIRECTION ( 'NONE',  ( -0.000000000000000000, -0.000000000000000000, -1.000000000000000000 ) ) ;
#5425 = LINE ( 'NONE', #1013, #2184 ) ;
#5426 = CARTESIAN_POINT ( 'NONE',  ( 67.95000000000001705, 2.510525938252061860E-16, 6.000000000000000000 ) ) ;
#5427 = CARTESIAN_POINT ( 'NONE',  ( 0.000000000000000000, 0.000000000000000000, 30.00000000000000000 ) ) ;
#5428 = AXIS2_PLACEMENT_3D ( 'NONE', #3213, #125, #5018 ) ;
#5429 = VERTEX_POINT ( 'NONE', #4461 ) ;
#5430 = ADVANCED_FACE ( 'NONE', ( #5358 ), #4923, .F. ) ;
#5431 = ORIENTED_EDGE ( 'NONE', *, *, #1960, .F. ) ;
#5432 = EDGE_LOOP ( 'NONE', ( #3187, #2204 ) ) ;
#5433 = DIRECTION ( 'NONE',  ( -0.000000000000000000, 0.000000000000000000, -1.000000000000000000 ) ) ;
#5434 = CARTESIAN_POINT ( 'NONE',  ( 50.33386482374217508, -53.75916184939404019, 0.1446691037119038903 ) ) ;
#5435 = EDGE_CURVE ( 'NONE', #4968, #4651, #876, .T. ) ;
#5436 = EDGE_LOOP ( 'NONE', ( #256, #1926, #847, #981 ) ) ;
#5437 = ORIENTED_EDGE ( 'NONE', *, *, #3662, .F. ) ;
#5438 = CARTESIAN_POINT ( 'NONE',  ( 64.80717161047761010, -5.003049854849152212, 30.00000000000000000 ) ) ;
#5439 = CARTESIAN_POINT ( 'NONE',  ( -68.35724183972041601, -3.280211195049038242, 6.000000000000000000 ) ) ;
#5440 = PLANE ( 'NONE',  #5372 ) ;
#5441 = CARTESIAN_POINT ( 'NONE',  ( 0.000000000000000000, 0.000000000000000000, 30.00000000000000000 ) ) ;
#5442 = ORIENTED_EDGE ( 'NONE', *, *, #898, .T. ) ;
#5443 = CIRCLE ( 'NONE', #3678, 2.049999999999989164 ) ;
#5444 = ORIENTED_EDGE ( 'NONE', *, *, #1617, .F. ) ;
#5445 = DIRECTION ( 'NONE',  ( -0.000000000000000000, -0.000000000000000000, 1.000000000000000000 ) ) ;
#5446 = FACE_OUTER_BOUND ( 'NONE', #1095, .T. ) ;
#5447 = EDGE_CURVE ( 'NONE', #3835, #4994, #944, .T. ) ;
#5448 = CARTESIAN_POINT ( 'NONE',  ( 0.000000000000000000, 0.000000000000000000, 30.00000000000000000 ) ) ;
#5449 = AXIS2_PLACEMENT_3D ( 'NONE', #5140, #1629, #637 ) ;
#5450 = ADVANCED_FACE ( 'NONE', ( #4948 ), #490, .F. ) ;
#5451 = ORIENTED_EDGE ( 'NONE', *, *, #195, .T. ) ;
#5452 = DIRECTION ( 'NONE',  ( -0.000000000000000000, -0.000000000000000000, 1.000000000000000000 ) ) ;
#5453 = DIRECTION ( 'NONE',  ( 0.9659258262890684232, -0.2588190451025205174, 0.000000000000000000 ) ) ;
#5454 = DIRECTION ( 'NONE',  ( -0.3037766760303794444, 0.9527432661005449388, 0.000000000000000000 ) ) ;
#5455 = FACE_OUTER_BOUND ( 'NONE', #5109, .T. ) ;
#5456 = CIRCLE ( 'NONE', #5652, 2.049999999999989164 ) ;
#5457 = EDGE_CURVE ( 'NONE', #912, #5387, #515, .T. ) ;
#5458 = VERTEX_POINT ( 'NONE', #972 ) ;
#5459 = VECTOR ( 'NONE', #2765, 1000.000000000000000 ) ;
#5460 = ORIENTED_EDGE ( 'NONE', *, *, #414, .T. ) ;
#5461 = DIRECTION ( 'NONE',  ( -0.9659258262890676461, 0.2588190451025230154, 0.000000000000000000 ) ) ;
#5462 = DIRECTION ( 'NONE',  ( 0.000000000000000000, 0.000000000000000000, -1.000000000000000000 ) ) ;
#5463 = CARTESIAN_POINT ( 'NONE',  ( -69.99999999998519229, 4.503332099663913901, 0.000000000000000000 ) ) ;
#5464 = EDGE_LOOP ( 'NONE', ( #877, #879, #2980, #1394 ) ) ;
#5465 = EDGE_CURVE ( 'NONE', #24, #76, #4111, .T. ) ;
#5466 = CIRCLE ( 'NONE', #103, 73.50000000000000000 ) ;
#5467 = ORIENTED_EDGE ( 'NONE', *, *, #3413, .F. ) ;
#5468 = ORIENTED_EDGE ( 'NONE', *, *, #5007, .T. ) ;
#5469 = CARTESIAN_POINT ( 'NONE',  ( 42.19996407763972712, 49.43847724036326952, 30.00000000000000000 ) ) ;
#5470 = DIRECTION ( 'NONE',  ( -0.000000000000000000, -0.000000000000000000, 1.000000000000000000 ) ) ;
#5471 = VECTOR ( 'NONE', #198, 1000.000000000000000 ) ;
#5472 = DIRECTION ( 'NONE',  ( 0.000000000000000000, 0.000000000000000000, 1.000000000000000000 ) ) ;
#5473 = DIRECTION ( 'NONE',  ( -0.2588190451025198513, 0.9659258262890686453, 0.000000000000000000 ) ) ;
#5474 = EDGE_CURVE ( 'NONE', #823, #529, #4533, .T. ) ;
#5475 = ORIENTED_EDGE ( 'NONE', *, *, #2617, .F. ) ;
#5476 = CARTESIAN_POINT ( 'NONE',  ( 68.35724183972041601, 3.280211195049038242, 6.000000000000000000 ) ) ;
#5477 = DIRECTION ( 'NONE',  ( -0.2588190451025212391, 0.9659258262890682012, 0.000000000000000000 ) ) ;
#5478 = DIRECTION ( 'NONE',  ( 1.000000000000000000, 0.000000000000000000, 0.000000000000000000 ) ) ;
#5479 = ADVANCED_FACE ( 'NONE', ( #2331 ), #4049, .T. ) ;
#5480 = VERTEX_POINT ( 'NONE', #3606 ) ;
#5481 = PLANE ( 'NONE',  #148 ) ;
#5482 = PLANE ( 'NONE',  #461 ) ;
#5483 = PLANE ( 'NONE',  #4960 ) ;
#5484 = PLANE ( 'NONE',  #1251 ) ;
#5485 = DIRECTION ( 'NONE',  ( 0.8660254037844385966, -0.5000000000000001110, 0.000000000000000000 ) ) ;
#5486 = EDGE_CURVE ( 'NONE', #5202, #1548, #1842, .T. ) ;
#5487 = ORIENTED_EDGE ( 'NONE', *, *, #2129, .T. ) ;
#5488 = EDGE_CURVE ( 'NONE', #1948, #3227, #4979, .T. ) ;
#5489 = VERTEX_POINT ( 'NONE', #141 ) ;
#5490 = DIRECTION ( 'NONE',  ( 1.000000000000000000, 0.000000000000000000, 0.000000000000000000 ) ) ;
#5491 = DIRECTION ( 'NONE',  ( 0.000000000000000000, 0.000000000000000000, -1.000000000000000000 ) ) ;
#5492 = DIRECTION ( 'NONE',  ( -0.7071067811865490160, -0.7071067811865460184, 0.000000000000000000 ) ) ;
#5493 = ORIENTED_EDGE ( 'NONE', *, *, #3484, .T. ) ;
#5494 = AXIS2_PLACEMENT_3D ( 'NONE', #5637, #1186, #3919 ) ;
#5495 = VERTEX_POINT ( 'NONE', #1325 ) ;
#5496 = ORIENTED_EDGE ( 'NONE', *, *, #5203, .F. ) ;
#5497 = VECTOR ( 'NONE', #4586, 1000.000000000000114 ) ;
#5498 = PLANE ( 'NONE',  #3472 ) ;
#5499 = DIRECTION ( 'NONE',  ( 0.4588886766021291197, 0.8884937717769025856, -0.000000000000000000 ) ) ;
#5500 = CARTESIAN_POINT ( 'NONE',  ( -70.00000000000000000, 0.000000000000000000, 24.00000000000000000 ) ) ;
#5501 = DIRECTION ( 'NONE',  ( 0.000000000000000000, 0.000000000000000000, 1.000000000000000000 ) ) ;
#5502 = B_SPLINE_CURVE_WITH_KNOTS ( 'NONE', 3,
 ( #1574, #2009, #5170, #3777 ),
 .UNSPECIFIED., .F., .F.,
 ( 4, 4 ),
 ( 0.000000000000000000, 0.0006708321191503880190 ),
 .UNSPECIFIED. ) ;
#5503 = ORIENTED_EDGE ( 'NONE', *, *, #608, .T. ) ;
#5504 = DIRECTION ( 'NONE',  ( 0.9659258262890678681, 0.2588190451025223493, 0.000000000000000000 ) ) ;
#5505 = CARTESIAN_POINT ( 'NONE',  ( -50.08468879676052410, -45.61724112702736988, 6.000000000000000000 ) ) ;
#5506 = CARTESIAN_POINT ( 'NONE',  ( 50.33386482372037563, 53.75916184941475962, 29.85533089628787451 ) ) ;
#5507 = EDGE_CURVE ( 'NONE', #1718, #4413, #464, .T. ) ;
#5508 = ORIENTED_EDGE ( 'NONE', *, *, #5384, .T. ) ;
#5509 = CIRCLE ( 'NONE', #2912, 65.00000000000000000 ) ;
#5510 = AXIS2_PLACEMENT_3D ( 'NONE', #3379, #4283, #5653 ) ;
#5511 = VERTEX_POINT ( 'NONE', #1789 ) ;
#5512 = CARTESIAN_POINT ( 'NONE',  ( -2.251666049839554429, 73.90000000000000568, 0.4342951545492348409 ) ) ;
#5513 = CARTESIAN_POINT ( 'NONE',  ( -53.84735946249068661, 50.66302279686613730, 29.56570484546115907 ) ) ;
#5514 = CARTESIAN_POINT ( 'NONE',  ( 2.251666049839530892, 73.90000000000000568, 24.00000000000000000 ) ) ;
#5515 = DIRECTION ( 'NONE',  ( 0.000000000000000000, 0.000000000000000000, -1.000000000000000000 ) ) ;
#5516 = LINE ( 'NONE', #3645, #1969 ) ;
#5517 = VECTOR ( 'NONE', #3618, 1000.000000000000227 ) ;
#5518 = VECTOR ( 'NONE', #2535, 1000.000000000000000 ) ;
#5519 = VERTEX_POINT ( 'NONE', #170 ) ;
#5520 = ADVANCED_FACE ( 'NONE', ( #1120 ), #2911, .F. ) ;
#5521 = ORIENTED_EDGE ( 'NONE', *, *, #401, .T. ) ;
#5522 = ORIENTED_EDGE ( 'NONE', *, *, #1316, .T. ) ;
#5523 = LINE ( 'NONE', #3365, #4244 ) ;
#5524 = CARTESIAN_POINT ( 'NONE',  ( 0.000000000000000000, 0.000000000000000000, 24.00000000000000000 ) ) ;
#5525 = CARTESIAN_POINT ( 'NONE',  ( 0.000000000000000000, 0.000000000000000000, 28.49999999999998579 ) ) ;
#5526 = ORIENTED_EDGE ( 'NONE', *, *, #353, .T. ) ;
#5527 = VERTEX_POINT ( 'NONE', #4692 ) ;
#5528 = ADVANCED_FACE ( 'NONE', ( #4226 ), #2423, .F. ) ;
#5529 = ORIENTED_EDGE ( 'NONE', *, *, #3423, .T. ) ;
#5530 = EDGE_LOOP ( 'NONE', ( #116, #527, #792, #3454 ) ) ;
#5531 = FACE_OUTER_BOUND ( 'NONE', #4315, .T. ) ;
#5532 = LINE ( 'NONE', #766, #5032 ) ;
#5533 = CARTESIAN_POINT ( 'NONE',  ( 2.251666049839530892, 73.90000000000000568, 0.4342951545492348409 ) ) ;
#5534 = EDGE_CURVE ( 'NONE', #267, #1704, #1892, .T. ) ;
#5535 = CARTESIAN_POINT ( 'NONE',  ( -70.00000000000000000, 0.000000000000000000, -5.000000000000004441 ) ) ;
#5536 = VECTOR ( 'NONE', #384, 1000.000000000000000 ) ;
#5537 = ORIENTED_EDGE ( 'NONE', *, *, #2051, .F. ) ;
#5538 = DIRECTION ( 'NONE',  ( -0.7071067811865467956, 0.7071067811865483499, 0.000000000000000000 ) ) ;
#5539 = CARTESIAN_POINT ( 'NONE',  ( 46.31313801744470027, 52.68181134868702742, 0.000000000000000000 ) ) ;
#5540 = CARTESIAN_POINT ( 'NONE',  ( 45.74713875834392951, 50.56947335667661747, 6.000000000000000000 ) ) ;
#5541 = ADVANCED_FACE ( 'NONE', ( #4658 ), #5568, .F. ) ;
#5542 = ORIENTED_EDGE ( 'NONE', *, *, #254, .F. ) ;
#5543 = CIRCLE ( 'NONE', #2018, 65.00000000000000000 ) ;
#5544 = EDGE_CURVE ( 'NONE', #2550, #294, #5610, .T. ) ;
#5545 = CARTESIAN_POINT ( 'NONE',  ( -0.7505553499465263956, 73.90000000000000568, 0.3885788872481855671 ) ) ;
#5546 = CARTESIAN_POINT ( 'NONE',  ( 0.000000000000000000, 0.000000000000000000, 30.00000000000000000 ) ) ;
#5547 = ORIENTED_EDGE ( 'NONE', *, *, #3125, .T. ) ;
#5548 = PLANE ( 'NONE',  #4817 ) ;
#5549 = DIRECTION ( 'NONE',  ( 0.2588190451025186856, 0.9659258262890688673, 0.000000000000000000 ) ) ;
#5550 = ORIENTED_EDGE ( 'NONE', *, *, #986, .T. ) ;
#5551 = EDGE_LOOP ( 'NONE', ( #5080, #1385, #2099, #3541 ) ) ;
#5552 = EDGE_CURVE ( 'NONE', #4636, #1835, #3232, .T. ) ;
#5553 = LINE ( 'NONE', #3837, #994 ) ;
#5554 = CIRCLE ( 'NONE', #4253, 73.49999999999998579 ) ;
#5555 = CARTESIAN_POINT ( 'NONE',  ( 73.90000000001515446, -1.501110699883138277, 29.58856297908629429 ) ) ;
#5556 = CARTESIAN_POINT ( 'NONE',  ( -42.28790003631072381, 49.36328099426730631, 30.00000000000000000 ) ) ;
#5557 = ORIENTED_EDGE ( 'NONE', *, *, #3277, .F. ) ;
#5558 = VECTOR ( 'NONE', #2626, 1000.000000000000000 ) ;
#5559 = ORIENTED_EDGE ( 'NONE', *, *, #3655, .T. ) ;
#5560 = VERTEX_POINT ( 'NONE', #1495 ) ;
#5561 = EDGE_LOOP ( 'NONE', ( #37, #207, #2401, #899, #3429, #4856, #656, #2444 ) ) ;
#5562 = ORIENTED_EDGE ( 'NONE', *, *, #865, .F. ) ;
#5563 = EDGE_CURVE ( 'NONE', #5429, #2770, #3749, .T. ) ;
#5564 = FACE_OUTER_BOUND ( 'NONE', #4540, .T. ) ;
#5565 = DIRECTION ( 'NONE',  ( -0.000000000000000000, -0.000000000000000000, -1.000000000000000000 ) ) ;
#5566 = CARTESIAN_POINT ( 'NONE',  ( -48.33192656921439578, -45.14758990363260693, 6.000000000000000000 ) ) ;
#5567 = EDGE_CURVE ( 'NONE', #4968, #2280, #1147, .T. ) ;
#5568 = CYLINDRICAL_SURFACE ( 'NONE', #5044, 65.00000000000000000 ) ;
#5569 = VECTOR ( 'NONE', #3797, 1000.000000000000114 ) ;
#5570 = EDGE_CURVE ( 'NONE', #5620, #2125, #1463, .T. ) ;
#5571 = EDGE_LOOP ( 'NONE', ( #1955, #5344, #1002, #2388, #1904 ) ) ;
#5572 = DIRECTION ( 'NONE',  ( 0.8408119004400780305, 0.5413273945389650565, 0.000000000000000000 ) ) ;
#5573 = CARTESIAN_POINT ( 'NONE',  ( 46.31313801746588865, -52.68181134866613746, 6.000000000000000000 ) ) ;
#5574 = DIRECTION ( 'NONE',  ( -0.9659258262890688673, 0.2588190451025186301, 0.000000000000000000 ) ) ;
#5575 = ORIENTED_EDGE ( 'NONE', *, *, #5238, .F. ) ;
#5576 = ADVANCED_FACE ( 'NONE', ( #2365, #3663 ), #5006, .T. ) ;
#5577 = FACE_OUTER_BOUND ( 'NONE', #5436, .T. ) ;
#5578 = LINE ( 'NONE', #3335, #5364 ) ;
#5579 = CARTESIAN_POINT ( 'NONE',  ( -41.27740928273703958, 49.14432598361749172, 6.000000000000000000 ) ) ;
#5580 = ORIENTED_EDGE ( 'NONE', *, *, #4566, .T. ) ;
#5581 = ORIENTED_EDGE ( 'NONE', *, *, #3351, .F. ) ;
#5582 = ORIENTED_EDGE ( 'NONE', *, *, #4489, .F. ) ;
#5583 = LINE ( 'NONE', #1134, #2482 ) ;
#5584 = FACE_BOUND ( 'NONE', #2210, .T. ) ;
#5585 = CARTESIAN_POINT ( 'NONE',  ( 50.08468879675734087, 45.61724112701815415, 24.00000000000000000 ) ) ;
#5586 = ORIENTED_EDGE ( 'NONE', *, *, #3647, .F. ) ;
#5587 = B_SPLINE_CURVE_WITH_KNOTS ( 'NONE', 3,
 ( #1257, #2185, #3571, #3957 ),
 .UNSPECIFIED., .F., .F.,
 ( 4, 4 ),
 ( 0.000000000000000000, 0.004503332099679078007 ),
 .UNSPECIFIED. ) ;
#5588 = EDGE_CURVE ( 'NONE', #1542, #4069, #4397, .T. ) ;
#5589 = ORIENTED_EDGE ( 'NONE', *, *, #2495, .T. ) ;
#5590 = ORIENTED_EDGE ( 'NONE', *, *, #618, .F. ) ;
#5591 = VERTEX_POINT ( 'NONE', #1029 ) ;
#5592 = CARTESIAN_POINT ( 'NONE',  ( 49.49747468305823617, 49.49747468305842091, 6.000000000000000000 ) ) ;
#5593 = DIRECTION ( 'NONE',  ( -0.000000000000000000, -0.000000000000000000, -1.000000000000000000 ) ) ;
#5594 = VECTOR ( 'NONE', #2399, 1000.000000000000227 ) ;
#5595 = DIRECTION ( 'NONE',  ( -0.2588190451025197958, 0.9659258262890685343, 0.000000000000000000 ) ) ;
#5596 = DIRECTION ( 'NONE',  ( 1.000000000000000000, 0.000000000000000000, -0.000000000000000000 ) ) ;
#5597 = AXIS2_PLACEMENT_3D ( 'NONE', #977, #2283, #2309 ) ;
#5598 = VECTOR ( 'NONE', #4926, 1000.000000000000114 ) ;
#5599 = EDGE_CURVE ( 'NONE', #3872, #3813, #2793, .T. ) ;
#5600 = VERTEX_POINT ( 'NONE', #3322 ) ;
#5601 = CARTESIAN_POINT ( 'NONE',  ( -42.19996407764005397, -49.43847724036298530, 0.000000000000000000 ) ) ;
#5602 = DIRECTION ( 'NONE',  ( -1.000000000000000000, 0.000000000000000000, 0.000000000000000000 ) ) ;
#5603 = CARTESIAN_POINT ( 'NONE',  ( -2.251666049809566417, -73.90000000000034674, 6.000000000000000000 ) ) ;
#5604 = ADVANCED_FACE ( 'NONE', ( #4573 ), #5037, .F. ) ;
#5605 = ORIENTED_EDGE ( 'NONE', *, *, #772, .T. ) ;
#5606 = DIRECTION ( 'NONE',  ( 0.4999999999999999445, -0.8660254037844387076, 0.000000000000000000 ) ) ;
#5607 = DIRECTION ( 'NONE',  ( -0.000000000000000000, -0.000000000000000000, 1.000000000000000000 ) ) ;
#5608 = LINE ( 'NONE', #2552, #4191 ) ;
#5609 = ORIENTED_EDGE ( 'NONE', *, *, #5136, .T. ) ;
#5610 = CIRCLE ( 'NONE', #3097, 65.00000000000000000 ) ;
#5611 = EDGE_LOOP ( 'NONE', ( #263, #2783 ) ) ;
#5612 = PLANE ( 'NONE',  #5449 ) ;
#5613 = CARTESIAN_POINT ( 'NONE',  ( 49.43847724036371005, -42.19996407763920843, 30.00000000000000000 ) ) ;
#5614 = CARTESIAN_POINT ( 'NONE',  ( -4.503332099679096423, 70.00000000000000000, 6.000000000000000000 ) ) ;
#5615 = ORIENTED_EDGE ( 'NONE', *, *, #1181, .T. ) ;
#5616 = AXIS2_PLACEMENT_3D ( 'NONE', #1575, #4243, #2962 ) ;
#5617 = VECTOR ( 'NONE', #3332, 1000.000000000000000 ) ;
#5618 = ADVANCED_FACE ( 'NONE', ( #5095 ), #4161, .F. ) ;
#5619 = ORIENTED_EDGE ( 'NONE', *, *, #855, .F. ) ;
#5620 = VERTEX_POINT ( 'NONE', #1089 ) ;
#5621 = ORIENTED_EDGE ( 'NONE', *, *, #3351, .T. ) ;
#5622 = VECTOR ( 'NONE', #1981, 1000.000000000000000 ) ;
#5623 = CARTESIAN_POINT ( 'NONE',  ( -2.251666049809569081, -66.10000000000033538, 24.00000000000000000 ) ) ;
#5624 = EDGE_CURVE ( 'NONE', #686, #5687, #2850, .T. ) ;
#5625 = DIRECTION ( 'NONE',  ( 1.000000000000000000, 0.000000000000000000, -0.000000000000000000 ) ) ;
#5626 = CARTESIAN_POINT ( 'NONE',  ( -52.68181134865099580, -46.31313801745108805, 0.000000000000000000 ) ) ;
#5627 = LINE ( 'NONE', #2942, #1708 ) ;
#5628 = CARTESIAN_POINT ( 'NONE',  ( 73.45722173931947907, -2.507304197828682302, 0.000000000000000000 ) ) ;
#5629 = LINE ( 'NONE', #4753, #547 ) ;
#5630 = DIRECTION ( 'NONE',  ( -0.8884937717769024745, 0.4588886766021290642, 0.000000000000000000 ) ) ;
#5631 = DIRECTION ( 'NONE',  ( -0.000000000000000000, -0.000000000000000000, 1.000000000000000000 ) ) ;
#5632 = CARTESIAN_POINT ( 'NONE',  ( -75.00000000000001421, 0.000000000000000000, 30.00000000000000000 ) ) ;
#5633 = ORIENTED_EDGE ( 'NONE', *, *, #634, .T. ) ;
#5634 = EDGE_CURVE ( 'NONE', #5231, #5261, #3461, .T. ) ;
#5635 = VERTEX_POINT ( 'NONE', #2162 ) ;
#5636 = DIRECTION ( 'NONE',  ( -1.000000000000000000, 0.000000000000000000, 0.000000000000000000 ) ) ;
#5637 = CARTESIAN_POINT ( 'NONE',  ( -70.00000000000000000, 0.000000000000000000, 6.000000000000000000 ) ) ;
#5638 = EDGE_CURVE ( 'NONE', #1200, #560, #5239, .T. ) ;
#5639 = EDGE_LOOP ( 'NONE', ( #1763, #548, #4125, #355, #411 ) ) ;
#5640 = LINE ( 'NONE', #2121, #2485 ) ;
#5641 = LINE ( 'NONE', #2500, #602 ) ;
#5642 = DIRECTION ( 'NONE',  ( -0.000000000000000000, -0.000000000000000000, 1.000000000000000000 ) ) ;
#5643 = AXIS2_PLACEMENT_3D ( 'NONE', #2214, #3110, #368 ) ;
#5644 = ORIENTED_EDGE ( 'NONE', *, *, #5136, .F. ) ;
#5645 = VERTEX_POINT ( 'NONE', #2973 ) ;
#5646 = ORIENTED_EDGE ( 'NONE', *, *, #396, .F. ) ;
#5647 = ORIENTED_EDGE ( 'NONE', *, *, #2167, .F. ) ;
#5648 = ADVANCED_FACE ( 'NONE', ( #4311 ), #317, .T. ) ;
#5649 = CARTESIAN_POINT ( 'NONE',  ( 68.35724183972041601, 3.280211195049038242, 0.000000000000000000 ) ) ;
#5650 = DIRECTION ( 'NONE',  ( 0.000000000000000000, 0.000000000000000000, 1.000000000000000000 ) ) ;
#5651 = CARTESIAN_POINT ( 'NONE',  ( -4.503332099679096423, 70.00000000000000000, 30.00000000000000000 ) ) ;
#5652 = AXIS2_PLACEMENT_3D ( 'NONE', #1098, #3302, #689 ) ;
#5653 = DIRECTION ( 'NONE',  ( 1.000000000000000000, 0.000000000000000000, 0.000000000000000000 ) ) ;
#5654 = LINE ( 'NONE', #2831, #884 ) ;
#5655 = CARTESIAN_POINT ( 'NONE',  ( 67.95000000000001705, 2.510525938252061860E-16, 24.00000000000000000 ) ) ;
#5656 = LINE ( 'NONE', #4316, #1562 ) ;
#5657 = LINE ( 'NONE', #5712, #5180 ) ;
#5658 = DIRECTION ( 'NONE',  ( -0.5413273945389650565, 0.8408119004400780305, 0.000000000000000000 ) ) ;
#5659 = DIRECTION ( 'NONE',  ( -0.000000000000000000, -0.000000000000000000, -1.000000000000000000 ) ) ;
#5660 = EDGE_CURVE ( 'NONE', #3900, #4273, #2050, .T. ) ;
#5661 = VERTEX_POINT ( 'NONE', #4370 ) ;
#5662 = ORIENTED_EDGE ( 'NONE', *, *, #4525, .T. ) ;
#5663 = DIRECTION ( 'NONE',  ( 0.9773200680240734517, -0.2117675249829881756, -0.000000000000000000 ) ) ;
#5664 = DIRECTION ( 'NONE',  ( -0.000000000000000000, -0.000000000000000000, -1.000000000000000000 ) ) ;
#5665 = VECTOR ( 'NONE', #768, 999.9999999999998863 ) ;
#5666 = EDGE_LOOP ( 'NONE', ( #2562, #3639, #2981, #5192 ) ) ;
#5667 = FACE_OUTER_BOUND ( 'NONE', #3081, .T. ) ;
#5668 = EDGE_CURVE ( 'NONE', #3446, #3373, #4206, .T. ) ;
#5669 = LINE ( 'NONE', #3980, #1810 ) ;
#5670 = DIRECTION ( 'NONE',  ( 0.8660254037844389297, -0.4999999999999995559, 0.000000000000000000 ) ) ;
#5671 = EDGE_LOOP ( 'NONE', ( #1153, #1541, #4735, #3163 ) ) ;
#5672 = EDGE_CURVE ( 'NONE', #935, #2754, #5627, .T. ) ;
#5673 = ORIENTED_EDGE ( 'NONE', *, *, #4600, .F. ) ;
#5674 = EDGE_LOOP ( 'NONE', ( #3524, #4652 ) ) ;
#5675 = DIRECTION ( 'NONE',  ( -0.9527432661005502679, -0.3037766760303628466, 0.000000000000000000 ) ) ;
#5676 = DIRECTION ( 'NONE',  ( -0.000000000000000000, -0.000000000000000000, 1.000000000000000000 ) ) ;
#5677 = CARTESIAN_POINT ( 'NONE',  ( 75.00000000000001421, 0.000000000000000000, 1.500000000000025535 ) ) ;
#5678 = CARTESIAN_POINT ( 'NONE',  ( -45.61724112700691336, 50.08468879675550056, 6.000000000000000000 ) ) ;
#5679 = CARTESIAN_POINT ( 'NONE',  ( -45.74713875831093901, -50.56947335666568222, 6.000000000000000000 ) ) ;
#5680 = DIRECTION ( 'NONE',  ( 0.7071067811865483499, 0.7071067811865467956, 0.000000000000000000 ) ) ;
#5681 = DIRECTION ( 'NONE',  ( -0.4999999999999995559, -0.8660254037844389297, 0.000000000000000000 ) ) ;
#5682 = DIRECTION ( 'NONE',  ( -0.000000000000000000, -0.000000000000000000, -1.000000000000000000 ) ) ;
#5683 = DIRECTION ( 'NONE',  ( -0.8660254037844385966, 0.5000000000000001110, 0.000000000000000000 ) ) ;
#5684 = CARTESIAN_POINT ( 'NONE',  ( -49.49747468305858433, -49.49747468305806564, 6.000000000000000000 ) ) ;
#5685 = VECTOR ( 'NONE', #3239, 1000.000000000000000 ) ;
#5686 = CARTESIAN_POINT ( 'NONE',  ( -50.66302279687255350, 53.84735946248426330, 29.56570484546143973 ) ) ;
#5687 = VERTEX_POINT ( 'NONE', #1261 ) ;
#5688 = ORIENTED_EDGE ( 'NONE', *, *, #1304, .F. ) ;
#5689 = LINE ( 'NONE', #2982, #2157 ) ;
#5690 = CARTESIAN_POINT ( 'NONE',  ( -49.43847724036400137, 42.19996407763886026, 30.00000000000000000 ) ) ;
#5691 = EDGE_CURVE ( 'NONE', #3189, #2062, #2076, .T. ) ;
#5692 = VERTEX_POINT ( 'NONE', #3407 ) ;
#5693 = CARTESIAN_POINT ( 'NONE',  ( -3.158962541858807871, -67.67148362175863952, 6.000000000000000000 ) ) ;
#5694 = CARTESIAN_POINT ( 'NONE',  ( -48.33192656921439578, -45.14758990363260693, 24.00000000000000000 ) ) ;
#5695 = CARTESIAN_POINT ( 'NONE',  ( -41.27740928273703958, 49.14432598361749172, 0.000000000000000000 ) ) ;
#5696 = AXIS2_PLACEMENT_3D ( 'NONE', #710, #1584, #2484 ) ;
#5697 = VERTEX_POINT ( 'NONE', #4779 ) ;
#5698 = ORIENTED_EDGE ( 'NONE', *, *, #3388, .T. ) ;
#5699 = VERTEX_POINT ( 'NONE', #3029 ) ;
#5700 = DIRECTION ( 'NONE',  ( -0.000000000000000000, -0.000000000000000000, -1.000000000000000000 ) ) ;
#5701 = AXIS2_PLACEMENT_3D ( 'NONE', #3408, #3436, #5184 ) ;
#5702 = LINE ( 'NONE', #4368, #4686 ) ;
#5703 = AXIS2_PLACEMENT_3D ( 'NONE', #2996, #3431, #1116 ) ;
#5704 = CARTESIAN_POINT ( 'NONE',  ( 0.000000000000000000, 0.000000000000000000, 30.00000000000000000 ) ) ;
#5705 = LINE ( 'NONE', #5679, #3148 ) ;
#5706 = VECTOR ( 'NONE', #501, 1000.000000000000114 ) ;
#5707 = EDGE_CURVE ( 'NONE', #3815, #1050, #1205, .T. ) ;
#5708 = VECTOR ( 'NONE', #2732, 1000.000000000000000 ) ;
#5709 = CARTESIAN_POINT ( 'NONE',  ( 52.68181134870217619, -46.31313801742987835, 0.000000000000000000 ) ) ;
#5710 = EDGE_LOOP ( 'NONE', ( #5590, #1628, #2396, #2461 ) ) ;
#5711 = CARTESIAN_POINT ( 'NONE',  ( 41.27740928273669851, -49.14432598361777593, 6.000000000000000000 ) ) ;
#5712 = CARTESIAN_POINT ( 'NONE',  ( -49.36328099426714999, -42.28790003631090855, 30.00000000000000000 ) ) ;
#5713 = ADVANCED_FACE ( 'NONE', ( #5209, #1231 ), #400, .T. ) ;
#5714 = VECTOR ( 'NONE', #2287, 999.9999999999998863 ) ;
#5715 = CARTESIAN_POINT ( 'NONE',  ( 53.80327106701182061, 50.49848266490341331, 29.71056514491645828 ) ) ;
#5716 = VERTEX_POINT ( 'NONE', #2511 ) ;
#5717 = ORIENTED_EDGE ( 'NONE', *, *, #5286, .F. ) ;
#5718 = ADVANCED_FACE ( 'NONE', ( #3000 ), #2568, .F. ) ;
#5719 = DIRECTION ( 'NONE',  ( -1.000000000000000000, 3.081670971768529182E-15, 0.000000000000000000 ) ) ;
#5720 = DIRECTION ( 'NONE',  ( -0.000000000000000000, -0.000000000000000000, 1.000000000000000000 ) ) ;
#5721 = ORIENTED_EDGE ( 'NONE', *, *, #3040, .F. ) ;
#5722 = EDGE_CURVE ( 'NONE', #761, #2984, #5705, .T. ) ;
#5723 = CARTESIAN_POINT ( 'NONE',  ( 0.000000000000000000, 0.000000000000000000, 30.00000000000000000 ) ) ;
#5724 = DIRECTION ( 'NONE',  ( 0.4999999999999996114, 0.8660254037844388186, 0.000000000000000000 ) ) ;
#5725 = CARTESIAN_POINT ( 'NONE',  ( 0.000000000000000000, 0.000000000000000000, 24.00000000000000000 ) ) ;
#5726 = ORIENTED_EDGE ( 'NONE', *, *, #2195, .F. ) ;
#5727 = EDGE_CURVE ( 'NONE', #2670, #1132, #1897, .T. ) ;
#5728 = ORIENTED_EDGE ( 'NONE', *, *, #1159, .F. ) ;
#5729 = AXIS2_PLACEMENT_3D ( 'NONE', #3517, #1776, #4449 ) ;
#5730 = LINE ( 'NONE', #3054, #4052 ) ;
#5731 = CARTESIAN_POINT ( 'NONE',  ( -75.00000000000001421, 0.000000000000000000, 28.49999999999998579 ) ) ;
#5732 = PLANE ( 'NONE',  #4941 ) ;
#5733 = DIRECTION ( 'NONE',  ( 1.000000000000000000, 0.000000000000000000, 0.000000000000000000 ) ) ;
#5734 = ADVANCED_FACE ( 'NONE', ( #4809 ), #3058, .T. ) ;
ENDSEC;
END-ISO-10303-21;
